artId,namees,precio,bianhao,Visibilidad en el cat?ogo,categoria,Publicado,usercode,imageUrl
1000009874,PLUMA Y PAPEL EN ROLLO,0.3,8666661105373,visible,ROLLO DE COLOR,1,10537,1000009874.jpg
1000009830,ROLLOS DE COLOR,0.41,8666661105311,visible,ROLLO DE COLOR,1,10531,1000009830.jpg
1000009831,ROLLOS DE COLOR,0.41,8666661105311,visible,ROLLO DE COLOR,1,10531-1,1000009831.jpg
1000009840,ROLLOS DE COLOR,0.41,8666661105311,visible,ROLLO DE COLOR,1,10531-2,1000009840.jpg
1000009832,ROLLOS DE COLOR,0.41,8666661105311,visible,ROLLO DE COLOR,1,10531-3,1000009832.jpg
1000009833,ROLLOS DE COLOR,0.41,8666661105311,visible,ROLLO DE COLOR,1,10531-4,1000009833.jpg
1000009841,ROLLOS DE COLOR,0.41,8666661105311,visible,ROLLO DE COLOR,1,10531-5,1000009841.jpg
1000009834,ROLLOS DE COLOR,0.41,8666661105311,visible,ROLLO DE COLOR,1,10531-6,1000009834.jpg
1000009835,ROLLOS DE COLOR,0.41,8666661105311,visible,ROLLO DE COLOR,1,10531-7,1000009835.jpg
1000009842,ROLLOS DE COLOR,0.41,8666661105311,visible,ROLLO DE COLOR,1,10531-8,1000009842.jpg
1000009836,ROLLOS DE COLOR,0.41,8666661105311,visible,ROLLO DE COLOR,1,10531-9,1000009836.jpg
1000009837,ROLLOS DE COLOR,0.41,8666661105311,visible,ROLLO DE COLOR,1,10531-10,1000009837.jpg
1000009838,ROLLOS DE COLOR,0.41,8666661105311,visible,ROLLO DE COLOR,1,10531-11,1000009838.jpg
1000009839,ROLLOS DE COLOR,0.41,8666661105311,visible,ROLLO DE COLOR,1,10531-12,1000009839.jpg
1000009843,ROLLOS DE COLOR,0.41,8666661105311,visible,ROLLO DE COLOR,1,10531-13,1000009843.jpg
1000009844,ROLLOS DE COLOR,0.47,8666661105328,visible,ROLLO DE COLOR,1,10532,1000009844.jpg
1000009845,ROLLOS DE COLOR,0.47,8666661105328,visible,ROLLO DE COLOR,1,10532-1,1000009845.jpg
1000009846,ROLLOS DE COLOR,0.47,8666661105328,visible,ROLLO DE COLOR,1,10532-2,1000009846.jpg
1000009847,ROLLOS DE COLOR,0.47,8666661105328,visible,ROLLO DE COLOR,1,10532-3,1000009847.jpg
1000009848,ROLLOS DE COLOR,0.47,8666661105328,visible,ROLLO DE COLOR,1,10532-4,1000009848.jpg
1000009849,ROLLOS DE COLOR,0.47,8666661105328,visible,ROLLO DE COLOR,1,10532-5,1000009849.jpg
1000009850,ROLLOS DE COLOR,0.47,8666661105328,visible,ROLLO DE COLOR,1,10532-6,1000009850.jpg
1000009851,ROLLOS DE COLOR,0.47,8666661105328,visible,ROLLO DE COLOR,1,10532-7,1000009851.jpg
1000009852,ROLLOS DE COLOR,0.47,8666661105328,visible,ROLLO DE COLOR,1,10532-8,1000009852.jpg
1000009853,ROLLOS DE COLOR,0.47,8666661105328,visible,ROLLO DE COLOR,1,10532-9,1000009853.jpg
1000009854,ROLLOS DE COLOR,0.47,8666661105328,visible,ROLLO DE COLOR,1,10532-10,1000009854.jpg
1000009855,ROLLOS DE COLOR,0.47,8666661105328,visible,ROLLO DE COLOR,1,10532-11,1000009855.jpg
1000009856,ROLLOS DE COLOR,0.47,8666661105328,visible,ROLLO DE COLOR,1,10532-12,1000009856.jpg
1000009857,ROLLOS DE COLOR,0.51,8666661105335,visible,ROLLO DE COLOR,1,10533,1000009857.jpg
1000009858,ROLLOS DE COLOR,0.51,8666661105335,visible,ROLLO DE COLOR,1,10533-1,1000009858.jpg
1000009860,ROLLOS DE COLOR,0.51,8666661105335,visible,ROLLO DE COLOR,1,10533-2,1000009860.jpg
1000009859,ROLLOS DE COLOR,0.51,8666661105335,visible,ROLLO DE COLOR,1,10533-3,1000009859.jpg
1000009861,ROLLOS DE COLOR,0.51,8666661105335,visible,ROLLO DE COLOR,1,10533-4,1000009861.jpg
1000009862,ROLLOS DE COLOR,0.51,8666661105335,visible,ROLLO DE COLOR,1,10533-5,1000009862.jpg
1000009863,ROLLOS DE COLOR,0.51,8666661105335,visible,ROLLO DE COLOR,1,10533-6,1000009863.jpg
1000009864,ROLLOS DE COLOR,0.51,8666661105335,visible,ROLLO DE COLOR,1,10533-7,1000009864.jpg
1000009865,ROLLOS DE COLOR,0.51,8666661105335,visible,ROLLO DE COLOR,1,10533-8,1000009865.jpg
1000009866,ROLLOS DE COLOR,0.51,8666661105335,visible,ROLLO DE COLOR,1,10533-9,1000009866.jpg
1000009867,ROLLOS DE COLOR,0.51,8666661105335,visible,ROLLO DE COLOR,1,10533-10,1000009867.jpg
1000009868,ROLLOS DE COLOR,0.51,8666661105335,visible,ROLLO DE COLOR,1,10533-11,1000009868.jpg
1000009869,ROLLOS DE COLOR,0.51,8666661105335,visible,ROLLO DE COLOR,1,10533-12,1000009869.jpg
1000009870,ROLLOS DE COLOR,0.51,8666661105335,visible,ROLLO DE COLOR,1,10533-14,1000009870.jpg
1000044366,PAJARO CON PINZA,0.99,8666662030599,visible,ROLLO DE COLOR,1,203059,1000044366.jpg
1000044367,PAJARO CON PINZA,1.1,8666662030605,visible,ROLLO DE COLOR,1,203060,1000044367.jpg
1000044368,PAJARO CON PINZA,0.99,8666662030612,visible,ROLLO DE COLOR,1,203061,1000044368.jpg
1000044369,PAJARO CON PINZA,1.14,8666662030629,visible,ROLLO DE COLOR,1,203062,1000044369.jpg
1000044370,PAJARO CON PINZA,0.89,8666662030636,visible,ROLLO DE COLOR,1,203063,1000044370.jpg
1000044371,PAJARO CON PINZA,0.99,8666662030643,visible,ROLLO DE COLOR,1,203064,1000044371.jpg
1000044372,PAJARO CON PINZA,0.99,8666662030650,visible,ROLLO DE COLOR,1,203065,1000044372.jpg
1000044373,PAJARO CON PINZA,0.99,8666662030667,visible,ROLLO DE COLOR,1,203066,1000044373.jpg
1000044374,PAJARO CON PINZA,0.89,8666662030674,visible,ROLLO DE COLOR,1,203067,1000044374.jpg
1000044375,PAJARO CON PINZA,0.99,8666662030681,visible,ROLLO DE COLOR,1,203068,1000044375.jpg
1000044376,PAJARO CON PINZA,0.89,8666662030698,visible,ROLLO DE COLOR,1,203069,1000044376.jpg
1000025239,PINZA DE MARIPOSA,1.2,8666661911295,visible,ROLLO DE COLOR,1,91129-1,1000025239.jpg
1000025240,PINZA DE MARIPOSA,1.2,8666661911295,visible,ROLLO DE COLOR,1,91129-2,1000025240.jpg
1000025241,PINZA DE MARIPOSA,1.2,8666661911295,visible,ROLLO DE COLOR,1,91129-3,1000025241.jpg
1000025238,PINZA DE MARIPOSA,4.14,8666661911301,visible,ROLLO DE COLOR,1,91130-1,1000025238.jpg
1000025242,PINZA DE MARIPOSA,4.14,8666661911301,visible,ROLLO DE COLOR,1,91130-2,1000025242.jpg
1000025243,PINZA DE MARIPOSA,4.14,8666661911301,visible,ROLLO DE COLOR,1,91130-3,1000025243.jpg
1000021738,PINZA DE MAERA,0.6,8666661950171,visible,ROLLO DE COLOR,1,95017,1000021738.jpg
1000021737,PINZA DE MADERA,0.6,8666661950164,visible,ROLLO DE COLOR,1,95016,1000021737.jpg
1000021739,PINZA DE MAERA,0.6,8666661950188,visible,ROLLO DE COLOR,1,95018-1,1000021739.jpg
1000021736,PINZA DE MADERA,0.6,8666661950195,visible,ROLLO DE COLOR,1,95019,1000021736.jpg
1000046558,"MINI PINZAS DE MADERA 2,5CM 50PC",0.65,8666662043209,visible,ROLLO DE COLOR,1,204320,1000046558.jpg
1000046559,"MINI PINZAS DE MADERA 3,0CM 35PC",0.65,8666662043216,visible,ROLLO DE COLOR,1,204321,1000046559.jpg
1000046560,"MINI PINZAS DE MADERA 3,5CM 25PC",0.65,8666662043223,visible,ROLLO DE COLOR,1,204322,1000046560.jpg
1000046561,"MINI PINZAS DE MADERA 4,8CM 20PC",0.65,8666662043230,visible,ROLLO DE COLOR,1,204323,1000046561.jpg
1000020189,MINI PINZA DE MADERA,0.6,866666100075,visible,ROLLO DE COLOR,1,00075-4,1000020189.jpg
1000024806,MINI PINZA ROJO,0.41,866666190567,visible,ROLLO DE COLOR,1,90567-1,1000024806.jpg
1000025195,MINI PINZAS DE MADERA,0.41,8666661905683,visible,ROLLO DE COLOR,1,90568-1,1000025195.jpg
1000025201,MINI PINZAS DE MADERA,0.41,8666661905690,visible,ROLLO DE COLOR,1,90569-1,1000025201.jpg
1000025207,MINI PINZAS DE MADERA,0.41,8666661905706,visible,ROLLO DE COLOR,1,90570-1,1000025207.jpg
1000025158,MINI PINZAS DE MADERA,0.41,8666661905676,visible,ROLLO DE COLOR,1,90567-2,1000025158.jpg
1000025196,MINI PINZAS DE MADERA,0.41,8666661905683,visible,ROLLO DE COLOR,1,90568-2,1000025196.jpg
1000025202,MINI PINZAS DE MADERA,0.41,8666661905690,visible,ROLLO DE COLOR,1,90569-2,1000025202.jpg
1000025208,MINI PINZAS DE MADERA,0.41,8666661905706,visible,ROLLO DE COLOR,1,90570-2,1000025208.jpg
1000025159,MINI PINZAS DE MADERA,0.41,8666661905676,visible,ROLLO DE COLOR,1,905678-3,1000025159.jpg
1000025197,MINI PINZAS DE MADERA,0.41,8666661905683,visible,ROLLO DE COLOR,1,90568-3,1000025197.jpg
1000025203,MINI PINZAS DE MADERA,0.41,8666661905690,visible,ROLLO DE COLOR,1,90569-3,1000025203.jpg
1000025209,MINI PINZAS DE MADERA,0.41,8666661905706,visible,ROLLO DE COLOR,1,90570-3,1000025209.jpg
1000025160,MINI PINZAS DE MADERA,0.41,8666661905676,visible,ROLLO DE COLOR,1,90567-4,1000025160.jpg
1000025198,MINI PINZAS DE MADERA,0.41,8666661905683,visible,ROLLO DE COLOR,1,90568-4,1000025198.jpg
1000025204,MINI PINZAS DE MADERA,0.41,8666661905690,visible,ROLLO DE COLOR,1,90569-4,1000025204.jpg
1000025210,MINI PINZAS DE MADERA,0.41,8666661905706,visible,ROLLO DE COLOR,1,90570-4,1000025210.jpg
1000025161,MINI PINZAS DE MADERA,0.41,8666661905676,visible,ROLLO DE COLOR,1,90567-5,1000025161.jpg
1000025199,MINI PINZAS DE MADERA,0.41,8666661905683,visible,ROLLO DE COLOR,1,90568-5,1000025199.jpg
1000025222,PINZA DE MADERA FUCIA,0.41,90569-5,visible,ROLLO DE COLOR,1,90569-5,1000025222.jpg
1000025211,MINI PINZAS DE MADERA,0.41,8666661905706,visible,ROLLO DE COLOR,1,90570-5,1000025211.jpg
1000025162,MINI PINZAS DE MADERA,0.41,8666661905676,visible,ROLLO DE COLOR,1,90567-6,1000025162.jpg
1000025200,MINI PINZAS DE MADERA,0.41,8666661905683,visible,ROLLO DE COLOR,1,90568-6,1000025200.jpg
1000025205,MINI PINZAS DE MADERA,0.41,8666661905690,visible,ROLLO DE COLOR,1,90569-6,1000025205.jpg
1000025212,MINI PINZAS DE MADERA,0.41,8666661905706,visible,ROLLO DE COLOR,1,90570-6,1000025212.jpg
1000025163,PINZA DE MADERA NEGRO,0.41,8666661905676,visible,ROLLO DE COLOR,1,90567-7,1000025163.jpg
1000025218,PINZA DE MADERA NEGRA,0.41,90568-7,visible,ROLLO DE COLOR,1,90568-7,1000025218.jpg
1000025206,MINI PINZAS DE MADERA,0.41,8666661905690,visible,ROLLO DE COLOR,1,90569-7,1000025206.jpg
1000025226,PINZA DE MADERA NEGRA,0.41,90570-7,visible,ROLLO DE COLOR,1,90570-7,1000025226.jpg
1000025165,PINZA DE MADERA AZUL MARINO,0.41,866666cm1905676,visible,ROLLO DE COLOR,1,90567-8,1000025165.jpg
1000025219,PINZA DE MADERA AZUL MARINO,0.41,90568-8,visible,ROLLO DE COLOR,1,90568-8,1000025219.jpg
1000025223,PINZA DE MADERA AZUL MARINO,0.41,90569-8,visible,ROLLO DE COLOR,1,90569-8,1000025223.jpg
1000025227,PINZA DE MADERA AZUL MARINO,0.41,90570-8,visible,ROLLO DE COLOR,1,90570-8,1000025227.jpg
1000025166,PINZA DE MADERA ORO,0.41,8666661905676,visible,ROLLO DE COLOR,1,90567-9,1000025166.jpg
1000025220,PINZA DE MADERA ORO,0.41,90568-9,visible,ROLLO DE COLOR,1,90568-9,1000025220.jpg
1000025224,PINZA DE MADERA ORO,0.41,90569-9,visible,ROLLO DE COLOR,1,90569-9,1000025224.jpg
1000025228,PINZA DE MADERA ORO,0.41,90570-9,visible,ROLLO DE COLOR,1,90570-9,1000025228.jpg
1000025164,PINZA DE MADERA PLATA,0.41,8666661905676,visible,ROLLO DE COLOR,1,90567-10,1000025164.jpg
1000025217,PINZA DE MADERA PLATA,0.41,90568-10,visible,ROLLO DE COLOR,1,90568-10,1000025217.jpg
1000025221,PINZA DE MADERA PLATA,0.41,90569-10,visible,ROLLO DE COLOR,1,90569-10,1000025221.jpg
1000025225,PINZA DE MADERA PLATA,0.41,90570-10,visible,ROLLO DE COLOR,1,90570-10,1000025225.jpg
1000020205,,0.36,00076-23,visible,ROLLO DE COLOR,1,00076-23,1000020205.jpg
1000020204,,0.36,00076-22,visible,ROLLO DE COLOR,1,00076-22,1000020204.jpg
1000020203,,0.36,00076-21,visible,ROLLO DE COLOR,1,00076-21,1000020203.jpg
1000010164,ACCESORIOS PARA COMUNION,0.51,8666661087266,visible,ROLLO DE COLOR,1,08726,1000010164.jpg
1000010163,ACCESORIOS PARA COMUNION,0.44,8666661087259,visible,ROLLO DE COLOR,1,08725,1000010163.jpg
1000040104,PINZA DE MADERA,0.0,,visible,PINZA DE MADERA,1,??_20240418145403,1000040104.jpg
1000046905,PINZA DE PIZARRA,0.81,8666662042820,visible,PINZA DE MADERA,1,204282,1000046905.jpg
1000046906,PINZA DE PIZARRA,1.26,8666662042837,visible,PINZA DE MADERA,1,204283,1000046906.jpg
1000046907,PINZA DE PIZARRA,1.83,8666662042844,visible,PINZA DE MADERA,1,204284,1000046907.jpg
1000046908,PINZA DE PIZARRA,0.66,8666662042851,visible,PINZA DE MADERA,1,204285,1000046908.jpg
1000046909,PINZA DE PIZARRA CASA,1.04,8666662042868,visible,PINZA DE MADERA,1,204286,1000046909.jpg
1000046910,PINZA DE PIZARRA ESTRELLA,1.04,8666662042875,visible,PINZA DE MADERA,1,204287,1000046910.jpg
1000046911,PINZA DE PIZARRA CORAZON,1.04,8666662042882,visible,PINZA DE MADERA,1,204288,1000046911.jpg
1000046912,PINZA DE PIZARRA BORDE,1.04,8666662042899,visible,PINZA DE MADERA,1,204289,1000046912.jpg
1000046913,PINZA DE PIZARRA NUBE,1.04,8666662042905,visible,PINZA DE MADERA,1,204290,1000046913.jpg
1000046914,PINZA DE PIZARRA CUADRADO,1.04,8666662042912,visible,PINZA DE MADERA,1,204291,1000046914.jpg
1000044529,PINZA DE MADERA ,0.61,8666662042363,visible,PINZA DE MADERA,1,204236,1000044529.jpg
1000044530,PINZA DE MADERA ,0.61,8666662042370,visible,PINZA DE MADERA,1,204237,1000044530.jpg
1000044531,PINZA DE MADERA ,0.61,8666662042387,visible,PINZA DE MADERA,1,204238,1000044531.jpg
1000044532,PINZA DE MADERA ,0.61,8666662042394,visible,PINZA DE MADERA,1,204239,1000044532.jpg
1000044533,PINZA DE MADERA ,0.61,8666662042400,visible,PINZA DE MADERA,1,204240,1000044533.jpg
1000044534,PINZA DE MADERA ,0.61,8666662042417,visible,PINZA DE MADERA,1,204241,1000044534.jpg
1000044535,PINZA DE MADERA ,0.61,8666662042424,visible,PINZA DE MADERA,1,204242,1000044535.jpg
1000044536,PINZA DE MADERA ,0.61,8666662042431,visible,PINZA DE MADERA,1,204243,1000044536.jpg
1000044537,PINZA DE MADERA ,0.61,8666662042448,visible,PINZA DE MADERA,1,204244,1000044537.jpg
1000044538,PINZA DE MADERA ,0.61,8666662042455,visible,PINZA DE MADERA,1,204245,1000044538.jpg
1000044539,PINZA DE MADERA ,0.61,8666662042462,visible,PINZA DE MADERA,1,204246,1000044539.jpg
1000044540,PINZA DE MADERA ,0.61,8666662042479,visible,PINZA DE MADERA,1,204247,1000044540.jpg
1000043266,PINZA DE MADERA,0.61,8666662057008,visible,PINZA DE MADERA,1,205700,1000043266.jpg
1000043267,PINZA DE MADERA,0.61,8666662057015,visible,PINZA DE MADERA,1,205701,1000043267.jpg
1000043268,PINZA DE MADERA,0.61,8666662057022,visible,PINZA DE MADERA,1,205702,1000043268.jpg
1000043269,PINZA DE MADERA,0.61,8666662057039,visible,PINZA DE MADERA,1,205703,1000043269.jpg
1000043270,PINZA DE MADERA,0.61,8666662057046,visible,PINZA DE MADERA,1,205704,1000043270.jpg
1000043271,PINZA DE MADERA,0.61,8666662057053,visible,PINZA DE MADERA,1,205705,1000043271.jpg
1000043272,PINZA DE MADERA,0.61,8666662057060,visible,PINZA DE MADERA,1,205706,1000043272.jpg
1000043273,PINZA DE MADERA,0.61,8666662057077,visible,PINZA DE MADERA,1,205707,1000043273.jpg
1000043274,PINZA DE MADERA,0.61,8666662057084,visible,PINZA DE MADERA,1,205708,1000043274.jpg
1000043275,PINZA DE MADERA,0.61,8666662057091,visible,PINZA DE MADERA,1,205709,1000043275.jpg
1000043276,PINZA DE MADERA,0.61,8666662057107,visible,PINZA DE MADERA,1,205710,1000043276.jpg
1000043277,PINZA DE MADERA,0.61,8666662057114,visible,PINZA DE MADERA,1,205711,1000043277.jpg
1000043278,PINZA DE MADERA,0.61,8666662057121,visible,PINZA DE MADERA,1,205712,1000043278.jpg
1000043279,PINZA DE MADERA,0.61,8666662057138,visible,PINZA DE MADERA,1,205713,1000043279.jpg
1000043280,PINZA DE MADERA,0.61,8666662057145,visible,PINZA DE MADERA,1,205714,1000043280.jpg
1000043281,PINZA DE MADERA,0.61,8666662057152,visible,PINZA DE MADERA,1,205715,1000043281.jpg
1000043282,PINZA DE MADERA,0.61,8666662057169,visible,PINZA DE MADERA,1,205716,1000043282.jpg
1000043283,PINZA DE MADERA,0.61,8666662057176,visible,PINZA DE MADERA,1,205717,1000043283.jpg
1000043284,PINZA DE MADERA,0.61,8666662057183,visible,PINZA DE MADERA,1,205718,1000043284.jpg
1000043285,PINZA DE MADERA,0.61,8666662057190,visible,PINZA DE MADERA,1,205719,1000043285.jpg
1000043286,PINZA DE MADERA,0.68,8666662057206,visible,PINZA DE MADERA,1,205720,1000043286.jpg
1000043287,PINZA DE MADERA,0.68,8666662057213,visible,PINZA DE MADERA,1,205721,1000043287.jpg
1000043288,PINZA DE MADERA,0.68,8666662057220,visible,PINZA DE MADERA,1,205722,1000043288.jpg
1000043289,PINZA DE MADERA,0.68,8666662057237,visible,PINZA DE MADERA,1,205723,1000043289.jpg
1000043290,PINZA DE MADERA,0.68,8666662057244,visible,PINZA DE MADERA,1,205724,1000043290.jpg
1000043291,PINZA DE MADERA,0.68,8666662057251,visible,PINZA DE MADERA,1,205725,1000043291.jpg
1000043292,PINZA DE MADERA,0.68,8666662057268,visible,PINZA DE MADERA,1,205726,1000043292.jpg
1000043293,PINZA DE MADERA,0.68,8666662057275,visible,PINZA DE MADERA,1,205727,1000043293.jpg
1000043294,PINZA DE MADERA,0.68,8666662057282,visible,PINZA DE MADERA,1,205728,1000043294.jpg
1000043295,PINZA DE MADERA,0.68,8666662057299,visible,PINZA DE MADERA,1,205729,1000043295.jpg
1000046460,POLIPROPILENO PLASTONDA A3(297*420mm),0.81,8666662103415,visible,PINZA DE MADERA,1,210341,1000046460.jpg
1000046461,POLIPROPILENO PLASTONDA A4(210*297mm),0.51,8666662103422,visible,PINZA DE MADERA,1,210342,1000046461.jpg
1000046462,POLIPROPILENO PLASTONDA 3*200*300mm,0.51,8666662103439,visible,PINZA DE MADERA,1,210343,1000046462.jpg
1000046463,POLIPROPILENO PLASTONDA 3*300*400mm,0.81,8666662103446,visible,PINZA DE MADERA,1,210344,1000046463.jpg
1000046464,POLIPROPILENO PLASTONDA 3*400*500mm,1.35,8666662103453,visible,PINZA DE MADERA,1,210345,1000046464.jpg
1000046465,POLIPROPILENO PLASTONDA 3*400*600mm,1.52,8666662103460,visible,PINZA DE MADERA,1,210346,1000046465.jpg
1000046466,POLIPROPILENO PLASTONDA 3*500*700mm,2.09,8666662103477,visible,PINZA DE MADERA,1,210347,1000046466.jpg
1000046467,POLIPROPILENO PLASTONDA 3*600*900mm,3.09,8666662103484,visible,PINZA DE MADERA,1,210348,1000046467.jpg
1000046292,[40216] CARTON PLUMA A4 NEGRO,0.5,8435621402162,visible,PINZA DE MADERA,1,402162,1000046292.jpg
1000046294,[40220] CARTON PLUMA A3 NEGRO,0.99,8435621402209,visible,PINZA DE MADERA,1,402209,1000046294.jpg
1000046299,[43495] CARTON PLUMA 40X60 NEGRO,1.2,8435621434958,visible,PINZA DE MADERA,1,434958,1000046299.jpg
1000046296,[40224] CARTON PLUMA 50X70CM NEGRO,1.67,8435621402247,visible,PINZA DE MADERA,1,402247,1000046296.jpg
1000046301,[43499] CARTON PLUMA 60X90 NEGRO,2.57,8435621434996,visible,PINZA DE MADERA,1,434996,1000046301.jpg
1000046298,[43493] CARTON PLUMA 40X60 BLANCO,1.06,8435621434934,visible,PINZA DE MADERA,1,434934,1000046298.jpg
1000046295,[40222] CARTON PLUMA 50X70CM BLANCO,1.42,8435621402223,visible,PINZA DE MADERA,1,402223,1000046295.jpg
1000046300,[43497] CARTON PLUMA 60X90 BLANCO,2.29,8435621434972,visible,PINZA DE MADERA,1,434972,1000046300.jpg
1000043958,POLIESTIRENO PLACA DE VIDRIO SINT?ICO,0.39,8666662100315,visible,PINZA DE MADERA,1,210031,1000043958.jpg
1000043959,POLIESTIRENO PLACA DE VIDRIO SINT?ICO,0.45,8666662100322,visible,PINZA DE MADERA,1,210032,1000043959.jpg
1000043960,POLIESTIRENO PLACA DE VIDRIO SINT?ICO,0.5,8666662100339,visible,PINZA DE MADERA,1,210033,1000043960.jpg
1000043961,POLIESTIRENO PLACA DE VIDRIO SINT?ICO,0.55,8666662100346,visible,PINZA DE MADERA,1,210034,1000043961.jpg
1000043962,POLIESTIRENO PLACA DE VIDRIO SINT?ICO,0.59,8666662100353,visible,PINZA DE MADERA,1,210035,1000043962.jpg
1000043963,POLIESTIRENO PLACA DE VIDRIO SINT?ICO,0.93,8666662100360,visible,PINZA DE MADERA,1,210036,1000043963.jpg
1000043964,POLIESTIRENO PLACA DE VIDRIO SINT?ICO,1.18,8666662100377,visible,PINZA DE MADERA,1,210037,1000043964.jpg
1000043965,POLIESTIRENO PLACA DE VIDRIO SINT?ICO,0.8,8666662100421,visible,PINZA DE MADERA,1,210042,1000043965.jpg
1000043966,POLIESTIRENO PLACA DE VIDRIO SINT?ICO,1.12,8666662100438,visible,PINZA DE MADERA,1,210043,1000043966.jpg
1000043967,POLIESTIRENO PLACA DE VIDRIO SINT?ICO,1.77,8666662100445,visible,PINZA DE MADERA,1,210044,1000043967.jpg
1000043116,POLIESTIRENO PLACA DE VIDRIO SINT?TICO,0.45,8666662019037,visible,PINZA DE MADERA,1,201903,1000043116.jpg
1000043117,POLIESTIRENO PLACA DE VIDRIO SINT?TICO,0.49,8666662019044,visible,PINZA DE MADERA,1,201904-1,1000043117.jpg
1000043118,POLIESTIRENO PLACA DE VIDRIO SINT?ICO,0.53,8666662019051,visible,PINZA DE MADERA,1,201905,1000043118.jpg
1000043119,POLIESTIRENO PLACA DE VIDRIO SINT?TICO,0.6,8666662019068,visible,PINZA DE MADERA,1,201906,1000043119.jpg
1000043120,POLIESTIRENO PLACA DE VIDRIO SINT?TICO,0.68,8666662019075,visible,PINZA DE MADERA,1,201907,1000043120.jpg
1000043121,POLIESTIRENO PLACA DE VIDRIO SINT?ICO,0.95,8666662019082,visible,PINZA DE MADERA,1,201908,1000043121.jpg
1000043122,POLIESTIRENO PLACA DE VIDRIO SINT?TICO,1.14,8666662019099,visible,PINZA DE MADERA,1,201909,1000043122.jpg
1000043123,POLIESTIRENO PLACA DE VIDRIO SINT?ICO,1.62,8666662019105,visible,PINZA DE MADERA,1,201910,1000043123.jpg
1000043124,POLIESTIRENO PLACA DE VIDRIO SINT?TICO,2.25,8666662019112,visible,PINZA DE MADERA,1,201911-1,1000043124.jpg
1000043125,POLIESTIRENO PLACA DE VIDRIO SINT?TICO,2.88,8666662019129,visible,PINZA DE MADERA,1,201912,1000043125.jpg
1000043126,POLIESTIRENO PLACA DE VIDRIO SINT?TICO,4.14,8666662019136,visible,PINZA DE MADERA,1,201913,1000043126.jpg
1000043127,POLIESTIRENO PLACA DE VIDRIO SINT?TICO,0.95,8666662019143,visible,PINZA DE MADERA,1,201914,1000043127.jpg
1000043128,POLIESTIRENO PLACA DE VIDRIO SINT?TICO,1.14,8666662019174,visible,PINZA DE MADERA,1,201917,1000043128.jpg
1000043129,POLIESTIRENO PLACA DE VIDRIO SINT?TICO,2.36,8666662019181,visible,PINZA DE MADERA,1,201918,1000043129.jpg
1000043130,POLIESTIRENO PLACA DE VIDRIO SINT?TICO,3.93,8666662019198,visible,PINZA DE MADERA,1,201919,1000043130.jpg
1000043131,POLIESTIRENO PLACA DE VIDRIO SINT?TICO,4.98,8666662019211,visible,PINZA DE MADERA,1,201921,1000043131.jpg
1000043132,POLIESTIRENO PLACA DE VIDRIO SINT?TICO,6.03,8666662019228,visible,PINZA DE MADERA,1,201922,1000043132.jpg
1000043133,POLIESTIRENO PLACA DE VIDRIO SINT?TICO,4.19,8666662019235,visible,PINZA DE MADERA,1,201923,1000043133.jpg
1000043134,POLIESTIRENO PLACA DE VIDRIO SINT?TICO,5.19,8666662019242,visible,PINZA DE MADERA,1,201924,1000043134.jpg
1000043875,ABALORIOS,0.48,8666662007393,visible,PINZA DE MADERA,1,200739,1000043875.jpg
1000043876,ABALORIOS,0.48,8666662007409,visible,PINZA DE MADERA,1,200740,1000043876.jpg
1000043877,ABALORIOS,0.48,8666662007416,visible,PINZA DE MADERA,1,200741,1000043877.jpg
1000043878,ABALORIOS,0.48,8666662007423,visible,PINZA DE MADERA,1,200742,1000043878.jpg
1000043879,ABALORIOS,0.48,8666662007430,visible,PINZA DE MADERA,1,200743,1000043879.jpg
1000043880,ABALORIOS,0.48,8666662007447,visible,PINZA DE MADERA,1,200744,1000043880.jpg
1000043881,ABALORIOS,0.48,8666662007454,visible,PINZA DE MADERA,1,200745,1000043881.jpg
1000043882,ABALORIOS,0.48,8666662007461,visible,PINZA DE MADERA,1,200746,1000043882.jpg
1000043883,ABALORIOS,0.48,8666662007478,visible,PINZA DE MADERA,1,200747,1000043883.jpg
1000043884,ABALORIOS,0.48,8666662007485,visible,PINZA DE MADERA,1,200748,1000043884.jpg
1000043885,ABALORIOS,0.48,8666662007492,visible,PINZA DE MADERA,1,200749,1000043885.jpg
1000043886,ABALORIOS,0.48,8666662007508,visible,PINZA DE MADERA,1,200750,1000043886.jpg
1000043887,ABALORIOS,0.48,8666662007515,visible,PINZA DE MADERA,1,200751,1000043887.jpg
1000043888,ABALORIOS,0.48,8666662007522,visible,PINZA DE MADERA,1,200752,1000043888.jpg
1000043889,ABALORIOS,0.48,8666662007539,visible,PINZA DE MADERA,1,200753,1000043889.jpg
1000043890,ABALORIOS,0.48,8666662007546,visible,PINZA DE MADERA,1,200754,1000043890.jpg
1000043891,ABALORIOS,0.48,8666662007553,visible,PINZA DE MADERA,1,200755,1000043891.jpg
1000043892,ABALORIOS,0.48,8666662007560,visible,PINZA DE MADERA,1,200756,1000043892.jpg
1000043893,ABALORIOS,0.48,8666662007577,visible,PINZA DE MADERA,1,200757,1000043893.jpg
1000043894,ABALORIOS,0.48,8666662007584,visible,PINZA DE MADERA,1,200758,1000043894.jpg
1000043895,ABALORIOS,0.48,8666662007591,visible,PINZA DE MADERA,1,200759,1000043895.jpg
1000043860,ABALORIOS,0.48,8666662007119,visible,PINZA DE MADERA,1,200711,1000043860.jpg
1000043861,ABALORIOS,0.48,8666662007126,visible,PINZA DE MADERA,1,200712-1,1000043861.jpg
1000043862,ABALORIOS,0.48,8666662007133,visible,PINZA DE MADERA,1,200713,1000043862.jpg
1000043863,ABALORIOS,0.48,8666662007270,visible,PINZA DE MADERA,1,200727,1000043863.jpg
1000043864,ABALORIOS,0.48,8666662007287,visible,PINZA DE MADERA,1,200728,1000043864.jpg
1000043865,ABALORIOS,0.48,8666662007294,visible,PINZA DE MADERA,1,200729,1000043865.jpg
1000043866,ABALORIOS,0.48,8666662007300,visible,PINZA DE MADERA,1,200730,1000043866.jpg
1000043867,ABALORIOS,0.48,8666662007317,visible,PINZA DE MADERA,1,200731,1000043867.jpg
1000043868,ABALORIOS,0.48,8666662007324,visible,PINZA DE MADERA,1,200732,1000043868.jpg
1000043869,ABALORIOS,0.48,8666662007331,visible,PINZA DE MADERA,1,200733,1000043869.jpg
1000043870,ABALORIOS,0.48,8666662007348,visible,PINZA DE MADERA,1,200734,1000043870.jpg
1000043871,ABALORIOS,0.48,8666662007355,visible,PINZA DE MADERA,1,200735,1000043871.jpg
1000043872,ABALORIOS,0.48,8666662007362,visible,PINZA DE MADERA,1,200736,1000043872.jpg
1000043873,ABALORIOS,0.48,8666662007379,visible,PINZA DE MADERA,1,200737,1000043873.jpg
1000043874,ABALORIOS,0.48,8666662007386,visible,PINZA DE MADERA,1,200738,1000043874.jpg
1000043917,ABALORIOS,0.48,8666662007812,visible,PINZA DE MADERA,1,200781-1,1000043917.jpg
1000043918,ABALORIOS,0.48,8666662007829,visible,PINZA DE MADERA,1,200782,1000043918.jpg
1000043919,ABALORIOS,0.48,8666662007836,visible,PINZA DE MADERA,1,200783,1000043919.jpg
1000043920,ABALORIOS,0.48,8666662007843,visible,PINZA DE MADERA,1,200784,1000043920.jpg
1000043921,ABALORIOS,0.48,8666662007850,visible,PINZA DE MADERA,1,200785,1000043921.jpg
1000043922,ABALORIOS,0.48,8666662007867,visible,PINZA DE MADERA,1,200786,1000043922.jpg
1000043923,ABALORIOS,0.48,8666662007874,visible,PINZA DE MADERA,1,200787,1000043923.jpg
1000043924,ABALORIOS,0.48,8666662007881,visible,PINZA DE MADERA,1,200788,1000043924.jpg
1000043925,ABALORIOS,0.48,8666662007898,visible,PINZA DE MADERA,1,200789,1000043925.jpg
1000043926,ABALORIOS,0.48,8666662007904,visible,PINZA DE MADERA,1,200790,1000043926.jpg
1000043927,ABALORIOS,0.48,8666662007911,visible,PINZA DE MADERA,1,200791,1000043927.jpg
1000043928,ABALORIOS,0.48,8666662007928,visible,PINZA DE MADERA,1,200792,1000043928.jpg
1000043929,ABALORIOS,0.48,8666662007935,visible,PINZA DE MADERA,1,200793,1000043929.jpg
1000043930,ABALORIOS,0.48,8666662007942,visible,PINZA DE MADERA,1,200794,1000043930.jpg
1000043931,ABALORIOS,0.48,8666662007959,visible,PINZA DE MADERA,1,200795-1,1000043931.jpg
1000043896,ABALORIOS,0.48,8666662007607,visible,PINZA DE MADERA,1,200760,1000043896.jpg
1000043897,ABALORIOS,0.48,8666662007614,visible,PINZA DE MADERA,1,200761,1000043897.jpg
1000043898,ABALORIOS,0.48,8666662007621,visible,PINZA DE MADERA,1,200762,1000043898.jpg
1000043899,ABALORIOS,0.48,8666662007638,visible,PINZA DE MADERA,1,200763,1000043899.jpg
1000043900,ABALORIOS,0.48,8666662007645,visible,PINZA DE MADERA,1,200764,1000043900.jpg
1000043901,ABALORIOS,0.48,8666662007652,visible,PINZA DE MADERA,1,200765,1000043901.jpg
1000043902,ABALORIOS,0.48,8666662007669,visible,PINZA DE MADERA,1,200766,1000043902.jpg
1000043903,ABALORIOS,0.48,8666662007676,visible,PINZA DE MADERA,1,200767,1000043903.jpg
1000043904,ABALORIOS,0.48,8666662007683,visible,PINZA DE MADERA,1,200768,1000043904.jpg
1000043905,ABALORIOS,0.48,8666662007690,visible,PINZA DE MADERA,1,200769,1000043905.jpg
1000043906,ABALORIOS,0.48,8666662007706,visible,PINZA DE MADERA,1,200770,1000043906.jpg
1000043907,ABALORIOS,0.48,8666662007713,visible,PINZA DE MADERA,1,200771,1000043907.jpg
1000043908,ABALORIOS,0.48,8666662007720,visible,PINZA DE MADERA,1,200772,1000043908.jpg
1000043909,ABALORIOS,0.48,8666662007737,visible,PINZA DE MADERA,1,200773,1000043909.jpg
1000043910,ABALORIOS,0.48,8666662007744,visible,PINZA DE MADERA,1,200774,1000043910.jpg
1000043911,ABALORIOS,0.48,8666662007751,visible,PINZA DE MADERA,1,200775,1000043911.jpg
1000043912,ABALORIOS,0.48,8666662007768,visible,PINZA DE MADERA,1,200776,1000043912.jpg
1000043913,ABALORIOS,0.48,8666662007775,visible,PINZA DE MADERA,1,200777,1000043913.jpg
1000043914,ABALORIOS,0.48,8666662007782,visible,PINZA DE MADERA,1,200778,1000043914.jpg
1000043915,ABALORIOS,0.48,8666662007799,visible,PINZA DE MADERA,1,200779,1000043915.jpg
1000043916,ABALORIOS,0.48,8666662007805,visible,PINZA DE MADERA,1,200780,1000043916.jpg
1000043932,ABALORIOS,0.48,8666662007966,visible,PINZA DE MADERA,1,200796,1000043932.jpg
1000043933,ABALORIOS,0.48,8666662007973,visible,PINZA DE MADERA,1,200797,1000043933.jpg
1000043934,ABALORIOS,0.48,8666662007980,visible,PINZA DE MADERA,1,200798,1000043934.jpg
1000043935,ABALORIOS,0.48,8666662007997,visible,PINZA DE MADERA,1,200799,1000043935.jpg
1000043936,ABALORIOS,0.48,8666662008000,visible,PINZA DE MADERA,1,200800,1000043936.jpg
1000043937,ABALORIOS,0.48,8666662008017,visible,PINZA DE MADERA,1,200801,1000043937.jpg
1000043938,ABALORIOS,0.48,8666662008024,visible,PINZA DE MADERA,1,200802,1000043938.jpg
1000043939,ABALORIOS,0.48,8666662008031,visible,PINZA DE MADERA,1,200803,1000043939.jpg
1000043941,ABALORIOS,0.48,8666662008055,visible,PINZA DE MADERA,1,200805,1000043941.jpg
1000043942,ABALORIOS,0.48,8666662008062,visible,PINZA DE MADERA,1,200806,1000043942.jpg
1000043944,ABALORIOS,0.48,8666662008086,visible,PINZA DE MADERA,1,200808,1000043944.jpg
1000043945,ABALORIOS,0.48,8666662008093,visible,PINZA DE MADERA,1,200809,1000043945.jpg
1000043946,ABALORIOS,0.48,8666662008109,visible,PINZA DE MADERA,1,200810,1000043946.jpg
1000043947,ABALORIOS,0.48,8666662008116,visible,PINZA DE MADERA,1,200811,1000043947.jpg
1000043948,ABALORIOS,0.48,8666662008123,visible,PINZA DE MADERA,1,200812,1000043948.jpg
1000043949,ABALORIOS,0.48,8666662008130,visible,PINZA DE MADERA,1,200813,1000043949.jpg
1000043950,ABALORIOS,0.48,8666662008147,visible,PINZA DE MADERA,1,200814,1000043950.jpg
1000043951,ABALORIOS,0.48,8666662008154,visible,PINZA DE MADERA,1,200815,1000043951.jpg
1000043952,ABALORIOS,0.48,8666662008161,visible,PINZA DE MADERA,1,200816,1000043952.jpg
1000043953,ABALORIOS,0.48,8666662008178,visible,PINZA DE MADERA,1,200817,1000043953.jpg
1000043954,ABALORIOS,0.48,8666662008185,visible,PINZA DE MADERA,1,200818,1000043954.jpg
1000043955,ABALORIOS,0.48,8666662008192,visible,PINZA DE MADERA,1,200819,1000043955.jpg
1000043956,ABALORIOS,0.48,8666662008208,visible,PINZA DE MADERA,1,200820,1000043956.jpg
1000043957,ABALORIOS,0.48,8666662008215,visible,PINZA DE MADERA,1,200821,1000043957.jpg
1000031889,,0.0,,visible,PINZA DE MADERA,1,????_20220615111043,1000031889.jpg
1000043651,LETRA DE MADERA DE MANUALIDAD,0.61,8666662042110,visible,PINZA DE MADERA,1,204211,1000043651.jpg
1000043652,LETRA DE MADERA DE MANUALIDAD,0.61,8666662042127,visible,PINZA DE MADERA,1,204212,1000043652.jpg
1000043653,LETRA DE MADERA DE MANUALIDAD,0.61,8666662042134,visible,PINZA DE MADERA,1,204213,1000043653.jpg
1000022366,LETRA DE MADERA,1.62,8666661300006,visible,PINZA DE MADERA,1,30000-A,1000022366.jpg
1000022367,LETRA DE MADERA,1.62,8666661300006,visible,PINZA DE MADERA,1,30000-B,1000022367.jpg
1000022368,LETRA DE MADERA,1.62,8666661300006,visible,PINZA DE MADERA,1,30000-C,1000022368.jpg
1000022369,LETRA DE MADERA,1.62,8666661300006,visible,PINZA DE MADERA,1,30000-D,1000022369.jpg
1000022370,LETRA DE MADERA,1.62,8666661300006,visible,PINZA DE MADERA,1,30000-E,1000022370.jpg
1000022371,LETRA DE MADERA,1.62,8666661300006,visible,PINZA DE MADERA,1,30000-F,1000022371.jpg
1000022372,LETRA DE MADERA,1.62,8666661300006,visible,PINZA DE MADERA,1,30000-G,1000022372.jpg
1000022373,LETRA DE MADERA,1.62,8666661300006,visible,PINZA DE MADERA,1,30000-H,1000022373.jpg
1000022374,LETRA DE MADERA,1.62,8666661300006,visible,PINZA DE MADERA,1,30000-I,1000022374.jpg
1000022375,LETRA DE MADERA,1.62,8666661300006,visible,PINZA DE MADERA,1,30000-J,1000022375.jpg
1000022376,LETRA DE MADERA,1.62,8666661300006,visible,PINZA DE MADERA,1,30000-K,1000022376.jpg
1000022377,LETRA DE MADERA,1.62,8666661300006,visible,PINZA DE MADERA,1,30000-L,1000022377.jpg
1000022378,LETRA DE MADERA,1.62,8666661300006,visible,PINZA DE MADERA,1,30000-M,1000022378.jpg
1000022379,LETRA DE MADERA,1.62,8666661300006,visible,PINZA DE MADERA,1,30000-N,1000022379.jpg
1000022780,LETRA DE MADERA,1.62,8666661300006,visible,PINZA DE MADERA,1,30000-NN,1000022780.jpg
1000022380,LETRA DE MADERA,1.62,8666661300006,visible,PINZA DE MADERA,1,30000-O,1000022380.jpg
1000022381,LETRA DE MADERA,1.62,8666661300006,visible,PINZA DE MADERA,1,30000-P,1000022381.jpg
1000022382,LETRA DE MADERA,1.62,8666661300006,visible,PINZA DE MADERA,1,30000-Q,1000022382.jpg
1000022383,LETRA DE MADERA,1.62,8666661300006,visible,PINZA DE MADERA,1,30000-R,1000022383.jpg
1000022384,LETRA DE MADERA,1.62,8666661300006,visible,PINZA DE MADERA,1,30000-S,1000022384.jpg
1000022385,LETRA DE MADERA,1.62,8666661300006,visible,PINZA DE MADERA,1,30000-T,1000022385.jpg
1000022386,LETRA DE MADERA,1.62,8666661300006,visible,PINZA DE MADERA,1,30000-U,1000022386.jpg
1000022387,LETRA DE MADERA,1.62,8666661300006,visible,PINZA DE MADERA,1,30000-V,1000022387.jpg
1000022388,LETRA DE MADERA,1.62,8666661300006,visible,PINZA DE MADERA,1,30000-W,1000022388.jpg
1000022389,LETRA DE MADERA,1.62,8666661300006,visible,PINZA DE MADERA,1,30000-X,1000022389.jpg
1000022390,LETRA DE MADERA,1.62,8666661300006,visible,PINZA DE MADERA,1,30000-Y,1000022390.jpg
1000022391,LETRA DE MADERA,1.62,8666661300006,visible,PINZA DE MADERA,1,30000-Z,1000022391.jpg
1000022025,LETRA DE MADERA,0.47,8666661901951,visible,PINZA DE MADERA,1,90195-&,1000022025.jpg
1000022026,CORAZON DE MADERA,0.47,8666661901951,visible,PINZA DE MADERA,1,90195-1,1000022026.jpg
1000022027,CORAZON DE MADERA,0.47,8666661901951,visible,PINZA DE MADERA,1,90195-2,1000022027.jpg
1000022028,LETRA DE MADERA,0.47,8666661901951,visible,PINZA DE MADERA,1,90195-A,1000022028.jpg
1000022029,LETRA DE MADERA,0.47,8666661901951,visible,PINZA DE MADERA,1,90195-B,1000022029.jpg
1000022030,LETRA DE MADERA,0.47,8666661901951,visible,PINZA DE MADERA,1,90195-C,1000022030.jpg
1000022031,LETRA DE MADERA,0.47,8666661901951,visible,PINZA DE MADERA,1,90195-D,1000022031.jpg
1000022032,LETRA DE MADERA,0.47,8666661901951,visible,PINZA DE MADERA,1,90195-E,1000022032.jpg
1000022033,LETRA DE MADERA,0.47,8666661901951,visible,PINZA DE MADERA,1,90195-F,1000022033.jpg
1000022034,LETRA DE MADERA,0.47,8666661901951,visible,PINZA DE MADERA,1,90195-G,1000022034.jpg
1000022035,LETRA DE MADERA,0.47,8666661901951,visible,PINZA DE MADERA,1,90195-H,1000022035.jpg
1000022036,LETRA DE MADERA,0.47,8666661901951,visible,PINZA DE MADERA,1,90195-I,1000022036.jpg
1000022037,LETRA DE MADERA,0.47,8666661901951,visible,PINZA DE MADERA,1,90195-J,1000022037.jpg
1000022038,LETRA DE MADERA,0.47,8666661901951,visible,PINZA DE MADERA,1,90195-K,1000022038.jpg
1000022039,LETRA DE MADERA,0.47,8666661901951,visible,PINZA DE MADERA,1,90195-L,1000022039.jpg
1000022040,LETRA DE MADERA,0.47,8666661901951,visible,PINZA DE MADERA,1,90195-M,1000022040.jpg
1000022041,LETRA DE MADERA,0.47,8666661901951,visible,PINZA DE MADERA,1,90195-N,1000022041.jpg
1000022042,LETRA DE MADERA ?,0.47,8666661901951,visible,PINZA DE MADERA,1,90195-NN,1000022042.jpg
1000022043,LETRA DE MADERA,0.47,8666661901951,visible,PINZA DE MADERA,1,90195-O,1000022043.jpg
1000022044,LETRA DE MADERA,0.47,8666661901951,visible,PINZA DE MADERA,1,90195-P,1000022044.jpg
1000022045,LETRA DE MADERA,0.47,8666661901951,visible,PINZA DE MADERA,1,90195-Q,1000022045.jpg
1000022046,LETRA DE MADERA,0.47,8666661901951,visible,PINZA DE MADERA,1,90195-R,1000022046.jpg
1000022047,LETRA DE MADERA,0.47,8666661901951,visible,PINZA DE MADERA,1,90195-S,1000022047.jpg
1000022048,LETRA DE MADERA,0.47,8666661901951,visible,PINZA DE MADERA,1,90195-T,1000022048.jpg
1000022049,LETRA DE MADERA,0.47,8666661901951,visible,PINZA DE MADERA,1,90195-U,1000022049.jpg
1000022050,LETRA DE MADERA,0.47,8666661901951,visible,PINZA DE MADERA,1,90195-V,1000022050.jpg
1000022051,LETRA DE MADERA,0.47,8666661901951,visible,PINZA DE MADERA,1,90195-W,1000022051.jpg
1000022052,LETRA DE MADERA,0.47,8666661901951,visible,PINZA DE MADERA,1,90195-X,1000022052.jpg
1000022053,LETRA DE MADERA,0.47,8666661901951,visible,PINZA DE MADERA,1,90195-Y,1000022053.jpg
1000022054,LETRA DE MADERA,0.47,8666661901951,visible,PINZA DE MADERA,1,90195-Z,1000022054.jpg
1000019787,*???*LETRA DE MADERA,1.25,8666661150007,visible,PINZA DE MADERA,1,15000-&,1000019787.jpg
1000029046,LETRA DE MADERA @,1.25,8666661150007,visible,PINZA DE MADERA,1,15000-@,1000029046.jpg
1000019759,*???*LETRA DE MADERA,1.25,8666661150007,visible,PINZA DE MADERA,1,15000-A,1000019759.jpg
1000019789,*???*LETRA DE MADERA,1.25,8666661150007,visible,PINZA DE MADERA,1,15000-B,1000019789.jpg
1000019790,*???*LETRA DE MADERA,1.25,8666661150007,visible,PINZA DE MADERA,1,15000-C,1000019790.jpg
1000019791,*???*LETRA DE MADERA,1.25,8666661150007,visible,PINZA DE MADERA,1,15000-D,1000019791.jpg
1000019792,*???*LETRA DE MADERA,1.25,8666661150007,visible,PINZA DE MADERA,1,15000-E,1000019792.jpg
1000019793,*???*LETRA DE MADERA,1.25,8666661150007,visible,PINZA DE MADERA,1,15000-F,1000019793.jpg
1000019794,*???*LETRA DE MADERA,1.25,8666661150007,visible,PINZA DE MADERA,1,15000-G,1000019794.jpg
1000019795,*???*LETRA DE MADERA,1.25,8666661150007,visible,PINZA DE MADERA,1,15000-H,1000019795.jpg
1000019796,*???*LETRA DE MADERA,1.25,8666661150007,visible,PINZA DE MADERA,1,15000-I,1000019796.jpg
1000019797,*???*LETRA DE MADERA,1.25,8666661150007,visible,PINZA DE MADERA,1,15000-J,1000019797.jpg
1000019798,*???*LETRA DE MADERA,1.25,8666661150007,visible,PINZA DE MADERA,1,15000-K,1000019798.jpg
1000019799,*???*LETRA DE MADERA,1.25,8666661150007,visible,PINZA DE MADERA,1,15000-L,1000019799.jpg
1000019800,*???*LETRA DE MADERA,1.25,8666661150007,visible,PINZA DE MADERA,1,15000-M,1000019800.jpg
1000019801,*???*LETRA DE MADERA,1.25,8666661150007,visible,PINZA DE MADERA,1,15000-N,1000019801.jpg
1000019814,*???*LETRA DE MADERA,1.25,8666661150007,visible,PINZA DE MADERA,1,15000-NN,1000019814.jpg
1000019802,*???*LETRA DE MADERA,1.25,8666661150007,visible,PINZA DE MADERA,1,15000-O,1000019802.jpg
1000019803,*???*LETRA DE MADERA,1.25,8666661150007,visible,PINZA DE MADERA,1,15000-P,1000019803.jpg
1000019804,*???*LETRA DE MADERA,1.25,8666661150007,visible,PINZA DE MADERA,1,15000-Q,1000019804.jpg
1000019805,*???*LETRA DE MADERA,1.25,8666661150007,visible,PINZA DE MADERA,1,15000-R,1000019805.jpg
1000019806,*???*LETRA DE MADERA,1.25,8666661150007,visible,PINZA DE MADERA,1,15000-S,1000019806.jpg
1000019807,*???*LETRA DE MADERA,1.25,8666661150007,visible,PINZA DE MADERA,1,15000-T,1000019807.jpg
1000019808,*???*LETRA DE MADERA,1.25,8666661150007,visible,PINZA DE MADERA,1,15000-U,1000019808.jpg
1000019809,*???*LETRA DE MADERA,1.25,8666661150007,visible,PINZA DE MADERA,1,15000-V,1000019809.jpg
1000019810,*???*LETRA DE MADERA,1.25,8666661150007,visible,PINZA DE MADERA,1,15000-W,1000019810.jpg
1000019811,*???*LETRA DE MADERA,1.25,8666661150007,visible,PINZA DE MADERA,1,15000-X,1000019811.jpg
1000019812,*???*LETRA DE MADERA,1.25,8666661150007,visible,PINZA DE MADERA,1,15000-Y,1000019812.jpg
1000019813,*???*LETRA DE MADERA,1.25,8666661150007,visible,PINZA DE MADERA,1,15000-Z,1000019813.jpg
1000015092,LETRA DE MADERA &,0.45,8666661060108,visible,PINZA DE MADERA,1,06010-&,1000015092.jpg
1000015091,LETRA DE MADERA @,0.45,8666661060108,visible,PINZA DE MADERA,1,06010-@,1000015091.jpg
1000003939,LETRA DE MADERA A,0.45,8666661060108,visible,PINZA DE MADERA,1,06010-A,1000003939.jpg
1000003933,LETRA DE MADERA,0.45,8666661060108,visible,PINZA DE MADERA,1,06010-B,1000003933.jpg
1000003940,LETRA DE MADERA,0.45,8666661060108,visible,PINZA DE MADERA,1,06010-C,1000003940.jpg
1000003938,LETRA DE MADERA,0.45,8666661060108,visible,PINZA DE MADERA,1,06010-D,1000003938.jpg
1000003941,LETRA DE MADERA,0.45,8666661060108,visible,PINZA DE MADERA,1,06010-E,1000003941.jpg
1000003937,LETRA DE MADERA,0.45,8666661060108,visible,PINZA DE MADERA,1,06010-F,1000003937.jpg
1000003942,LETRA DE MADERA,0.45,8666661060108,visible,PINZA DE MADERA,1,06010-G,1000003942.jpg
1000003944,LETRA DE MADERA,0.45,8666661060108,visible,PINZA DE MADERA,1,06010-H,1000003944.jpg
1000003936,LETRA DE MADERA,0.45,8666661060108,visible,PINZA DE MADERA,1,06010-I,1000003936.jpg
1000003947,LETRA DE MADERA,0.45,8666661060108,visible,PINZA DE MADERA,1,06010-J,1000003947.jpg
1000003948,LETRA DE MADERA,0.45,8666661060108,visible,PINZA DE MADERA,1,06010-K,1000003948.jpg
1000003949,LETRA DE MADERA,0.45,8666661060108,visible,PINZA DE MADERA,1,06010-L,1000003949.jpg
1000003950,LETRA DE MADERA,0.45,8666661060108,visible,PINZA DE MADERA,1,06010-M,1000003950.jpg
1000003943,LETRA DE MADERA,0.45,8666661060108,visible,PINZA DE MADERA,1,06010-N,1000003943.jpg
1000003945,LETRA DE MADERA,0.45,8666661060108,visible,PINZA DE MADERA,1,06010-NN,1000003945.jpg
1000003946,LETRA DE MADERA,0.45,8666661060108,visible,PINZA DE MADERA,1,06010-O,1000003946.jpg
1000003951,LETRA DE MADERA,0.45,8666661060108,visible,PINZA DE MADERA,1,06010-P,1000003951.jpg
1000003935,LETRA DE MADERA,0.45,8666661060108,visible,PINZA DE MADERA,1,06010-Q,1000003935.jpg
1000003934,LETRA DE MADERA,0.45,8666661060108,visible,PINZA DE MADERA,1,06010-R,1000003934.jpg
1000003927,LETRA DE MADERA,0.45,8666661060108,visible,PINZA DE MADERA,1,06010-S,1000003927.jpg
1000003922,LETRA DE MADERA,0.45,8666661060108,visible,PINZA DE MADERA,1,06010-T,1000003922.jpg
1000003923,LETRA DE MADERA,0.45,8666661060108,visible,PINZA DE MADERA,1,06010-U,1000003923.jpg
1000003924,LETRA DE MADERA,0.45,8666661060108,visible,PINZA DE MADERA,1,06010-V,1000003924.jpg
1000003925,LETRA DE MADERA,0.45,8666661060108,visible,PINZA DE MADERA,1,06010-W,1000003925.jpg
1000003926,LETRA DE MADERA,0.45,8666661060108,visible,PINZA DE MADERA,1,06010-X,1000003926.jpg
1000003928,LETRA DE MADERA,0.45,8666661060108,visible,PINZA DE MADERA,1,06010-Y,1000003928.jpg
1000003929,LETRA DE MADERA,0.45,8666661060108,visible,PINZA DE MADERA,1,06010-Z,1000003929.jpg
1000003919,NUMERO DE MADERA,0.45,8666661060115,visible,PINZA DE MADERA,1,06011-0,1000003919.jpg
1000003930,NUMERO DE MADERA,0.45,8666661060115,visible,PINZA DE MADERA,1,06011-1,1000003930.jpg
1000003956,NUMERO DE MADERA,0.45,8666661060115,visible,PINZA DE MADERA,1,06011-2,1000003956.jpg
1000003921,NUMERO DE MADERA,0.45,8666661060115,visible,PINZA DE MADERA,1,06011-3,1000003921.jpg
1000003931,NUMERO DE MADERA,0.45,8666661060115,visible,PINZA DE MADERA,1,06011-4,1000003931.jpg
1000003920,NUMERO DE MADERA,0.45,8666661060115,visible,PINZA DE MADERA,1,06011-5,1000003920.jpg
1000003932,NUMERO DE MADERA,0.45,8666661060115,visible,PINZA DE MADERA,1,06011-6,1000003932.jpg
1000003957,NUMERO DE MADERA,0.45,8666661060115,visible,PINZA DE MADERA,1,06011-7,1000003957.jpg
1000003958,NUMERO DE MADERA,0.45,8666661060115,visible,PINZA DE MADERA,1,06011-8,1000003958.jpg
1000003959,NUMERO DE MADERA,0.45,8666661060115,visible,PINZA DE MADERA,1,06011-9,1000003959.jpg
1000040108,LETRA MADERA,0.0,,visible,LETRA MADERA,1,??_20240418145419,1000040108.jpg
1000040105,BASE MADERA,0.0,,visible,BASE MADERA,1,??_20240418145407,1000040105.jpg
1000044542,TRONCO DE MADERA,3.2,8666662042493,visible,BASE MADERA,1,204249,1000044542.jpg
1000044543,TRONCO DE MADERA,4.35,8666662042509,visible,BASE MADERA,1,204250,1000044543.jpg
1000043655,BASTIDOR DE MADERA DE MANUALIDAD,0.51,8666662042158,visible,BASE MADERA,1,204215,1000043655.jpg
1000043656,BASTIDOR DE MADERA DE MANUALIDAD,0.57,8666662042165,visible,BASE MADERA,1,204216,1000043656.jpg
1000043660,FLOR DE MADERA,0.51,8666662042301,visible,BASE MADERA,1,204230,1000043660.jpg
1000043661,FLOR DE MADERA,0.74,8666662042318,visible,BASE MADERA,1,204231,1000043661.jpg
1000043662,FLOR DE MADERA,1.35,8666662042325,visible,BASE MADERA,1,204232,1000043662.jpg
1000043663,LUNA DE MADERA,0.51,8666662042332,visible,BASE MADERA,1,204233,1000043663.jpg
1000043664,LUNA DE MADERA,0.74,8666662042349,visible,BASE MADERA,1,204234,1000043664.jpg
1000043665,LUNA DE MADERA,1.35,8666662042356,visible,BASE MADERA,1,204235,1000043665.jpg
1000039259,PLACHA CART?,1.2,8666662016418,visible,BASE MADERA,1,201641,1000039259.jpg
1000039260,PLACHA CART?,1.2,8666662016425,visible,BASE MADERA,1,201642,1000039260.jpg
1000039261,PLACHA CART?,1.1,8666662016432,visible,BASE MADERA,1,201643,1000039261.jpg
1000026515,BASE MADERA MANUALIDADES,1.1,8666662016456,visible,BASE MADERA,1,201645,1000026515.jpg
1000037570,TABLERO DE MADERA CUADRADO,0.6,8666662040307,visible,BASE MADERA,1,204030,1000037570.jpg
1000037571,TABLERO DE MADERA CUADRADO,0.99,8666662040314,visible,BASE MADERA,1,204031,1000037571.jpg
1000037572,TABLERO DE MADERA CUADRADO,1.14,8666662040321,visible,BASE MADERA,1,204032,1000037572.jpg
1000037573,TABLERO DE MADERA CUADRADO,2.09,8666662040338,visible,BASE MADERA,1,204033,1000037573.jpg
1000037574,TABLERO DE MADERA CUADRADO,3.09,8666662040345,visible,BASE MADERA,1,204034,1000037574.jpg
1000037575,TABLERO DE MADERA CUADRADO,3.3,8666662040352,visible,BASE MADERA,1,204035,1000037575.jpg
1000037576,TABLERO DE MADERA CUADRADO,7.08,8666662040369,visible,BASE MADERA,1,204036,1000037576.jpg
1000037577,TABLERO DE MADERA CUADRADO,9.81,8666662040376,visible,BASE MADERA,1,204037,1000037577.jpg
1000037578,TABLERO DE MADERA CUADRADO,9.81,8666662040383,visible,BASE MADERA,1,204038,1000037578.jpg
1000038285,CORCHO CUADRADO,0.41,866666201453,visible,BASE MADERA,1,201453,1000038285.jpg
1000038286,CORCHO CUADRADO,0.74,866666201454,visible,BASE MADERA,1,201454,1000038286.jpg
1000038287,CORCHO CUADRADO,1.2,866666201455,visible,BASE MADERA,1,201455,1000038287.jpg
1000038288,CORCHO CUADRADO,1.98,866666201456,visible,BASE MADERA,1,201456,1000038288.jpg
1000038289,CORCHO CUADRADO,2.57,866666201457,visible,BASE MADERA,1,201457,1000038289.jpg
1000038290,CORCHO CUADRADO,0.93,866666201458,visible,BASE MADERA,1,201458,1000038290.jpg
1000038291,CORCHO CUADRADO,1.46,866666201459,visible,BASE MADERA,1,201459,1000038291.jpg
1000038292,CORCHO CUADRADO,3.03,866666201460,visible,BASE MADERA,1,201460,1000038292.jpg
1000038293,CORCHO REDONDO,0.41,866666201461,visible,BASE MADERA,1,201461,1000038293.jpg
1000038294,CORCHO REDONDO,0.74,866666201462,visible,BASE MADERA,1,201462,1000038294.jpg
1000038295,CORCHO REDONDO,1.14,866666201463,visible,BASE MADERA,1,201463,1000038295.jpg
1000038296,CORCHO REDONDO,1.94,866666201464,visible,BASE MADERA,1,201464,1000038296.jpg
1000038297,CORCHO REDONDO,2.46,866666201465,visible,BASE MADERA,1,201465,1000038297.jpg
1000038298,CORCHO REDONDO,0.47,866666201466,visible,BASE MADERA,1,201466,1000038298.jpg
1000038299,CORCHO REDONDO,0.83,866666201467,visible,BASE MADERA,1,201467,1000038299.jpg
1000038300,CORCHO REDONDO,1.25,866666201468,visible,BASE MADERA,1,201468,1000038300.jpg
1000038301,CORCHO REDONDO,2.25,866666201469,visible,BASE MADERA,1,201469,1000038301.jpg
1000038302,CORCHO REDONDO,2.67,866666201470,visible,BASE MADERA,1,201470,1000038302.jpg
1000039114,HEX?ONO DE MADERA 10*0.5CM,0.51,866666204066,visible,BASE MADERA,1,204066,1000039114.jpg
1000039115,HEX?GONO DE MADERA 15*0.5CM,0.68,866666204067,visible,BASE MADERA,1,204067,1000039115.jpg
1000039116,HEX?GONO DE MADERA 20*0.5CM,1.35,866666204068,visible,BASE MADERA,1,204068,1000039116.jpg
1000039117,ESTRELLA DE MADERA 10*0.5CM,0.51,866666204069,visible,BASE MADERA,1,204069,1000039117.jpg
1000039118,ESTRELLA DE MADERA 15*0.5CM,0.74,866666204070,visible,BASE MADERA,1,204070,1000039118.jpg
1000039119,ESTRELLA DE MADERA 20*0.5CM,1.35,866666204071,visible,BASE MADERA,1,204071,1000039119.jpg
1000045038,ESTRELLA DE MADERA,0.3,8666662043162,visible,BASE MADERA,1,204316,1000045038.jpg
1000045039,ESTRELLA DE MADERA,0.36,8666662043179,visible,BASE MADERA,1,204317,1000045039.jpg
1000045040,ESTRELLA DE MADERA,0.52,8666662043186,visible,BASE MADERA,1,204318,1000045040.jpg
1000045041,ESTRELLA DE MADERA,0.67,8666662043193,visible,BASE MADERA,1,204319,1000045041.jpg
1000045034,ESTRELLA DE MADERA,0.37,8666662043124,visible,BASE MADERA,1,204312,1000045034.jpg
1000045035,ESTRELLA DE MADERA,0.45,8666662043131,visible,BASE MADERA,1,204313,1000045035.jpg
1000045036,ESTRELLA DE MADERA,0.52,8666662043148,visible,BASE MADERA,1,204314,1000045036.jpg
1000045037,ESTRELLA DE MADERA,0.45,8666662043155,visible,BASE MADERA,1,204315,1000045037.jpg
1000043138,TABLERO DE MADERA REDONDO,0.41,8666662042233,visible,BASE MADERA,1,204223,1000043138.jpg
1000043139,TABLERO DE MADERA REDONDO ,0.51,8666662042240,visible,BASE MADERA,1,204224,1000043139.jpg
1000043140,TABLERO DE MADERA REDONDO ,0.72,8666662042257,visible,BASE MADERA,1,204225,1000043140.jpg
1000034989,TABLERO DE MADERA,0.72,8666662030247,visible,BASE MADERA,1,203024,1000034989.jpg
1000034990,TABLERO DE MADERA,0.93,8666662030254,visible,BASE MADERA,1,203025,1000034990.jpg
1000034991,TABLERO DE MADERA,1.14,8666662030261,visible,BASE MADERA,1,203026,1000034991.jpg
1000043135,TABLERO DE MADERA CUADRADO,0.41,8666662042202,visible,BASE MADERA,1,204220,1000043135.jpg
1000043136,TABLERO DE MADERA CUADRADO,0.51,8666662042219,visible,BASE MADERA,1,204221,1000043136.jpg
1000043137,TABLERO DE MADERA CUADRADO,0.72,8666662042226,visible,BASE MADERA,1,204222,1000043137.jpg
1000034994,TABLERO DE MADERA,0.72,203029,visible,BASE MADERA,1,203029,1000034994.jpg
1000034995,TABLERO DE MADERA,0.93,203030,visible,BASE MADERA,1,203030,1000034995.jpg
1000034996,TABLERO DE MADERA,1.14,8666662030315,visible,BASE MADERA,1,203031,1000034996.jpg
1000043141,TABLERO DE MADERA CORAZ?N,0.41,8666662042264,visible,BASE MADERA,1,204226,1000043141.jpg
1000043142,TABLERO DE MADERA CORAZ?N,0.51,8666662042271,visible,BASE MADERA,1,204227,1000043142.jpg
1000043143,TABLERO DE MADERA CORAZ?N,0.72,8666662042288,visible,BASE MADERA,1,204228,1000043143.jpg
1000043144,TABLERO DE MADERA CORAZ?N,0.93,8666662042295,visible,BASE MADERA,1,204229,1000043144.jpg
1000035001,TABLERO DE MADERA,0.55,8666662030360,visible,BASE MADERA,1,203036,1000035001.jpg
1000035002,TABLERO DE MADERA,0.68,8666662030377,visible,BASE MADERA,1,203037,1000035002.jpg
1000042992,TABLERO DE MADERA,0.68,8666662030384,visible,BASE MADERA,1,203037-1,1000042992.jpg
1000035003,TABLERO DE MADERA 203038,0.93,8666662030384,visible,BASE MADERA,1,203038,1000035003.jpg
1000035004,TABLERO DE MADERA 203039,1.14,8666662030391,visible,BASE MADERA,1,203039,1000035004.jpg
1000031501,MADERA PARA MANUALIDADES,0.47,866666191930,visible,BASE MADERA,1,91930,1000031501.jpg
1000031502,MADERA PARA MANUALIDADES,0.57,866666191931,visible,BASE MADERA,1,91931,1000031502.jpg
1000031503,MADERA PARA MANUALIDADES,0.78,866666191932,visible,BASE MADERA,1,91932,1000031503.jpg
1000031504,MADERA PARA MANUALIDADES,1.25,866666191933,visible,BASE MADERA,1,91933,1000031504.jpg
1000031505,MADERA PARA MANUALIDADES,1.52,866666191934,visible,BASE MADERA,1,91934,1000031505.jpg
1000031506,MADERA PARA MANUALIDADES,1.88,866666191935,visible,BASE MADERA,1,91935,1000031506.jpg
1000031507,MADERA PARA MANUALIDADES,2.78,866666191936,visible,BASE MADERA,1,91936,1000031507.jpg
1000031508,MADERA PARA MANUALIDADES,0.65,866666191937,visible,BASE MADERA,1,91937,1000031508.jpg
1000031509,MADERA PARA MANUALIDADES,1.35,866666191938,visible,BASE MADERA,1,91938,1000031509.jpg
1000031510,MADERA PARA MANUALIDADES,2.15,866666191939,visible,BASE MADERA,1,91939,1000031510.jpg
1000031511,MADERA PARA MANUALIDADES,2.88,866666191940,visible,BASE MADERA,1,91940,1000031511.jpg
1000026231,MADERA DIY,0.6,8666661913497,visible,BASE MADERA,1,91349,1000026231.jpg
1000026232,MADERA DIY,0.47,8666661913503,visible,BASE MADERA,1,91350,1000026232.jpg
1000026233,MADERA DIY,0.57,8666661913510,visible,BASE MADERA,1,91351,1000026233.jpg
1000026234,MADERA DIY,0.68,8666661913527,visible,BASE MADERA,1,91352,1000026234.jpg
1000023832,MADERA DIY,0.78,8666661904600,visible,BASE MADERA,1,90460,1000023832.jpg
1000023833,MADERA DIY,1.14,866666190461,visible,BASE MADERA,1,90461,1000023833.jpg
1000023834,MADERA DIY,1.52,90462,visible,BASE MADERA,1,90462,1000023834.jpg
1000023835,MADERA DIY,2.04,90463,visible,BASE MADERA,1,90463,1000023835.jpg
1000037141,MADERA MANUALIDADES,1.04,8666662040246,visible,BASE MADERA,1,204024,1000037141.jpg
1000037142,MADERA MANUALIDADES,1.2,8666662040253,visible,BASE MADERA,1,204025,1000037142.jpg
1000037143,MADERA MANUALIDADES,1.41,8666662040260,visible,BASE MADERA,1,204026,1000037143.jpg
1000037144,MADERA MANUALIDADES,2.82,8666662040277,visible,BASE MADERA,1,204027,1000037144.jpg
1000037145,MADERA MANUALIDADES,3.98,8666662040284,visible,BASE MADERA,1,204028,1000037145.jpg
1000037146,MADERA MANUALIDADES,5.03,8666662040291,visible,BASE MADERA,1,204029,1000037146.jpg
1000029807,MADERA NATURA PARA MANUALIDADES,0.64,866666191489,visible,BASE MADERA,1,91489,1000029807.jpg
1000029809,MADERA NATURA PARA MANUALIDADES,0.57,866666191491,visible,BASE MADERA,1,91491,1000029809.jpg
1000029811,MADERA NATURA PARA MANUALIDADES,0.57,866666191493,visible,BASE MADERA,1,91493,1000029811.jpg
1000029813,MADERA NATURA PARA MANUALIDADES,0.51,866666191495,visible,BASE MADERA,1,91495,1000029813.jpg
1000029814,MADERA NATURA PARA MANUALIDADES,0.43,866666191496,visible,BASE MADERA,1,91496,1000029814.jpg
1000029815,MADERA NATURA PARA MANUALIDADES,0.47,866666191497,visible,BASE MADERA,1,91497,1000029815.jpg
1000029816,MADERA NATURA PARA MANUALIDADES,0.57,866666191498,visible,BASE MADERA,1,91498,1000029816.jpg
1000029817,MADERA NATURA PARA MANUALIDADES,0.64,866666191499,visible,BASE MADERA,1,91499,1000029817.jpg
1000029818,MADERA NATURA PARA MANUALIDADES,0.51,866666191500,visible,BASE MADERA,1,91500,1000029818.jpg
1000029819,MADERA NATURA PARA MANUALIDADES,0.51,866666191501,visible,BASE MADERA,1,91501,1000029819.jpg
1000029820,MADERA NATURA PARA MANUALIDADES,0.68,866666191502,visible,BASE MADERA,1,91502,1000029820.jpg
1000029821,MADERA NATURA PARA MANUALIDADES,0.61,866666191503,visible,BASE MADERA,1,91503,1000029821.jpg
1000029822,MADERA NATURA PARA MANUALIDADES,0.72,866666191504,visible,BASE MADERA,1,91504,1000029822.jpg
1000029823,MADERA NATURA PARA MANUALIDADES,0.57,866666191505,visible,BASE MADERA,1,91505,1000029823.jpg
1000029825,MADERA NATURA PARA MANUALIDADES,0.72,866666191507,visible,BASE MADERA,1,91507,1000029825.jpg
1000040107,PALITO MADERA,0.0,,visible,PALITO MADERA,1,??_20240418145415,1000040107.jpg
1000040751,ACCESORIOS DE MADERA,0.51,8666662040727,visible,PALITO MADERA,1,204072,1000040751.jpg
1000040752,ACCESORIOS DE MADERA,0.53,8666662040734,visible,PALITO MADERA,1,204073,1000040752.jpg
1000040756,ACCESORIOS DE MADERA,0.93,8666662040772,visible,PALITO MADERA,1,204077,1000040756.jpg
1000040757,ACCESORIOS DE MADERA,0.93,8666662040789,visible,PALITO MADERA,1,204078,1000040757.jpg
1000031749,TENEDOR DE MADERA,0.45,8666661921706,visible,PALITO MADERA,1,92170,1000031749.jpg
1000031751,CUBIERTO DE MADERA,0.53,8666661921720,visible,PALITO MADERA,1,92172,1000031751.jpg
1000031752,CUCHILLO DE MADERA,0.47,8666661921737,visible,PALITO MADERA,1,92173,1000031752.jpg
1000031753,TENEDOR DE MADERA,0.6,8666661921744,visible,PALITO MADERA,1,92174,1000031753.jpg
1000031755,CUBIERTO DE MADERA,0.68,8666661921768,visible,PALITO MADERA,1,92176,1000031755.jpg
1000031756,CUCHILLO DE MADERA,0.6,8666661921775,visible,PALITO MADERA,1,92177,1000031756.jpg
1000031757,TENEDOR DE MADERA,0.64,8666661921782,visible,PALITO MADERA,1,92178,1000031757.jpg
1000031758,CUCHARA DE MADERA,0.64,8666661921799,visible,PALITO MADERA,1,92179,1000031758.jpg
1000031759,CUBIERTO DE MADERA,0.83,8666661921805,visible,PALITO MADERA,1,92180,1000031759.jpg
1000032880,ACCESORIOS DE MADERA,0.57,8666661917211,visible,PALITO MADERA,1,91721-1,1000032880.jpg
1000032881,ACCESORIOS DE MADERA,0.6,8666661917228,visible,PALITO MADERA,1,91722-1,1000032881.jpg
1000032882,ACCESORIOS DE MADERA,0.7,8666661917235,visible,PALITO MADERA,1,91723-1,1000032882.jpg
1000032883,ACCESORIOS DE MADERA,0.72,8666661917242,visible,PALITO MADERA,1,91724-A,1000032883.jpg
1000021031,CILINDRO DE MADERA,0.47,8666661950096,visible,PALITO MADERA,1,95009,1000021031.jpg
1000046272,VALLA DE MADERA 30*3CM 1PC ,0.59,8666662043063,visible,PALITO MADERA,1,204306,1000046272.jpg
1000046273,VALLA DE MADERA 30*3CM 1PC ,0.57,8666662043070,visible,PALITO MADERA,1,204307,1000046273.jpg
1000046274,VALLA DE MADERA 30*3CM 1PC ,0.57,8666662043087,visible,PALITO MADERA,1,204308,1000046274.jpg
1000046275,VALLA DE MADERA 30*5CM 1PC,0.72,8666662043094,visible,PALITO MADERA,1,204309,1000046275.jpg
1000046276,VALLA DE MADERA 30*5CM 1PC,0.72,8666662043100,visible,PALITO MADERA,1,204310,1000046276.jpg
1000046277,VALLA DE MADERA 30*5CM 1PC,0.72,8666662043117,visible,PALITO MADERA,1,204311,1000046277.jpg
1000020298,PALOS PARA MANUALIDADES,0.72,8688235000586,visible,PALITO MADERA,1,00058,1000020298.jpg
1000020297,PALOS PARA MANUALIDADES,0.71,8688235000579,visible,PALITO MADERA,1,00057,1000020297.jpg
1000035356,PALITOS DE MADERA PARA MANUALIDADES,0.78,8666661010035,visible,PALITO MADERA,1,01003-1,1000035356.jpg
1000032067,BALITO DE MADERA,0.78,8666661010035,visible,PALITO MADERA,1,01003-2,1000032067.jpg
1000010546,PALITOS DE MANUALIDADES,0.41,8666661010059,visible,PALITO MADERA,1,01005,1000010546.jpg
1000010547,PALITOS DE MANUALIDADES,0.41,8666661010059,visible,PALITO MADERA,1,01005A,1000010547.jpg
1000020671,PALOS PARA MANUALIDADES,0.37,8666661950003,visible,PALITO MADERA,1,95000,1000020671.jpg
1000020672,PALOS PARA MANUALIDADES,0.51,866666195001,visible,PALITO MADERA,1,95001,1000020672.jpg
1000021027,PALOS MADERA 22205,0.6,8666661950027,visible,PALITO MADERA,1,95002,1000021027.jpg
1000000284,PALITOS DE MADERA PARA MANUALIDADES,0.51,8666661010011,visible,PALITO MADERA,1,01001A,1000000284.jpg
1000002534,PALITOS DE MADERA PARA MANUALIDADES,0.51,8666661010011,visible,PALITO MADERA,1,01001,1000002534.jpg
1000046564,PALITOS DE MADERA PARA MANUALIDADES 10*114,0.51,8666662043261,visible,PALITO MADERA,1,204326,1000046564.jpg
1000046565,PALITOS DE MADERA PARA MANUALIDADES 10*114,0.51,8666662043278,visible,PALITO MADERA,1,204327,1000046565.jpg
1000022347,PALITOS DE MADERA 22204,0.57,8666661950119,visible,PALITO MADERA,1,95011,1000022347.jpg
1000021032,PALOS MADERA 22206,0.68,8666661950126,visible,PALITO MADERA,1,95012,1000021032.jpg
1000022348,PALITOS DE MADERA 22211,0.78,86666613950133,visible,PALITO MADERA,1,95013,1000022348.jpg
1000023852,PALITO DE MADERA,0.51,866666195032,visible,PALITO MADERA,1,95032,1000023852.jpg
1000020673,PALOS PARA MANUALIDADES,0.78,8666661950034,visible,PALITO MADERA,1,95003,1000020673.jpg
1000020765,PALITOS DE MADERA PARA MANUALIDADES,0.85,8666661010028,visible,PALITO MADERA,1,01002-1,1000020765.jpg
1000020766,PALITOS DE MADERA PARA MANUALIDADES,0.85,8666661010028,visible,PALITO MADERA,1,01002-2,1000020766.jpg
1000046562,PALITOS DE MADERA PARA MANUALIDADES 18*150,0.94,8666662043247,visible,PALITO MADERA,1,204324,1000046562.jpg
1000046563,PALITOS DE MADERA PARA MANUALIDADES 18*150,0.86,8666662043254,visible,PALITO MADERA,1,204325,1000046563.jpg
1000020005,PALITOS DE MADERA PARA MANUALIDADES,0.51,8666661300075,visible,PALITO MADERA,1,30007,1000020005.jpg
1000020006,PALITOS DE MADERA PARA MANUALIDADES,0.47,8666661300082,visible,PALITO MADERA,1,30008-1,1000020006.jpg
1000022346,PALITOS DE MADERA 22201,0.47,8666661950102,visible,PALITO MADERA,1,95010,1000022346.jpg
1000020674,PALOS PARA MANUALIDADES,0.51,8666661950041,visible,PALITO MADERA,1,95004,1000020674.jpg
1000020675,PALOS PARA MANUALIDADES,0.47,8666661950058,visible,PALITO MADERA,1,95005,1000020675.jpg
1000046213,ACCESORIOS DE MANUALIDADES,0.45,8666662042516,visible,PALITO MADERA,1,204251,1000046213.jpg
1000046214,ACCESORIOS DE MANUALIDADES,0.55,8666662042523,visible,PALITO MADERA,1,204252,1000046214.jpg
1000046215,ACCESORIOS DE MANUALIDADES,0.55,8666662042530,visible,PALITO MADERA,1,204253,1000046215.jpg
1000046216,ACCESORIOS DE MANUALIDADES,0.68,8666662042547,visible,PALITO MADERA,1,204254,1000046216.jpg
1000046217,ACCESORIOS DE MANUALIDADES,0.47,8666662042554,visible,PALITO MADERA,1,204255,1000046217.jpg
1000046218,ACCESORIOS DE MANUALIDADES,0.61,8666662042561,visible,PALITO MADERA,1,204256,1000046218.jpg
1000046219,ACCESORIOS DE MANUALIDADES,0.61,8666662042578,visible,PALITO MADERA,1,204257,1000046219.jpg
1000046220,ACCESORIOS DE MANUALIDADES,0.61,8666662042585,visible,PALITO MADERA,1,204258,1000046220.jpg
1000023854,PALITO DE MADERA,0.36,8666661950386,visible,PALITO MADERA,1,95038,1000023854.jpg
1000023855,PALITO DE MADERA,0.47,8666661950393,visible,PALITO MADERA,1,95039,1000023855.jpg
1000023856,PALITO DE MADERA,0.41,8666661950409,visible,PALITO MADERA,1,95040,1000023856.jpg
1000023857,PALITO DE MADERA,0.47,8666661950416,visible,PALITO MADERA,1,95041,1000023857.jpg
1000024702,PALITO DE MADERA,0.51,8666661950423,visible,PALITO MADERA,1,95042,1000024702.jpg
1000023858,PALITO DE MADERA,0.47,8666661950430,visible,PALITO MADERA,1,95043,1000023858.jpg
1000023859,PALITO DE MADERA,0.47,8666661950447,visible,PALITO MADERA,1,95044,1000023859.jpg
1000023860,PALITO DE MADERA,0.51,8666661950454,visible,PALITO MADERA,1,95045,1000023860.jpg
1000024938,PALITO DE MADERA,0.53,8666661950461,visible,PALITO MADERA,1,95046,1000024938.jpg
1000014759,PALITO DE MADERA,0.32,8666661900039,visible,PALITO MADERA,1,90003,1000014759.jpg
1000014760,PALITO DE MADERA,0.43,8666661900046,visible,PALITO MADERA,1,90004,1000014760.jpg
1000022500,PALITO DE MADERA COLORES,0.43,8666661950218,visible,PALITO MADERA,1,95021,1000022500.jpg
1000023861,PALITO DE MADERA,0.47,866666195047,visible,PALITO MADERA,1,95047,1000023861.jpg
1000023862,PALITO DE MADERA,0.51,866666195049,visible,PALITO MADERA,1,95049,1000023862.jpg
1000022503,PALITO DE MADERA COLORES,0.55,8666661950249,visible,PALITO MADERA,1,95024,1000022503.jpg
1000022504,PALITO DE MADERA COLORES,0.57,8666661950256,visible,PALITO MADERA,1,95025-1,1000022504.jpg
1000043722,PALOS PARA MANUALIDADES ,0.47,8666662041786,visible,PALITO MADERA,1,204178,1000043722.jpg
1000043723,PALOS PARA MANUALIDADES ,0.51,8666662041793,visible,PALITO MADERA,1,204179,1000043723.jpg
1000043724,PALOS PARA MANUALIDADES ,0.51,8666662041809,visible,PALITO MADERA,1,204180,1000043724.jpg
1000043725,PALOS PARA MANUALIDADES ,0.51,8666662041816,visible,PALITO MADERA,1,204181,1000043725.jpg
1000043726,PALOS PARA MANUALIDADES,0.61,8666662041823,visible,PALITO MADERA,1,204182,1000043726.jpg
1000043727,PALOS PARA MANUALIDADES,0.61,8666662041830,visible,PALITO MADERA,1,204183,1000043727.jpg
1000043728,PALOS PARA MANUALIDADES,0.47,8666662041847,visible,PALITO MADERA,1,204184,1000043728.jpg
1000043729,PALOS PARA MANUALIDADES ,0.51,8666662041854,visible,PALITO MADERA,1,204185,1000043729.jpg
1000039098,8*700MM PALA MADERA MANUALIDADES,0.3,866666204046,visible,PALITO MADERA,1,204046,1000039098.jpg
1000039099,10*700MM PALA MADERA MANUALIDADES,0.36,866666204047,visible,PALITO MADERA,1,204047,1000039099.jpg
1000039100,12*700MM PALA MADERA MANUALIDADES,0.51,866666204048,visible,PALITO MADERA,1,204048,1000039100.jpg
1000039101,14*700MM PALA MADERA MANUALIDADES,0.68,866666204049,visible,PALITO MADERA,1,204049,1000039101.jpg
1000039102,15*700MM PALA MADERA MANUALIDADES,0.72,866666204050,visible,PALITO MADERA,1,204050,1000039102.jpg
1000039103,16*700MM PALA MADERA MANUALIDADES,0.78,866666204051,visible,PALITO MADERA,1,204051,1000039103.jpg
1000039104,18*700MM PALA MADERA MANUALIDADES,0.97,866666204052,visible,PALITO MADERA,1,204052,1000039104.jpg
1000039105,20*700MM PALA MADERA MANUALIDADES,1.04,866666204053,visible,PALITO MADERA,1,204053,1000039105.jpg
1000039106,8*700MM PALA MADERA MANUALIDADES,0.36,866666204058,visible,PALITO MADERA,1,204058,1000039106.jpg
1000039107,10*700MM PALA MADERA MANUALIDADES,0.41,866666204059,visible,PALITO MADERA,1,204059,1000039107.jpg
1000039108,12*700MM PALA MADERA MANUALIDADES,0.57,866666204060,visible,PALITO MADERA,1,204060,1000039108.jpg
1000039109,14*700MM PALA MADERA MANUALIDADES,0.83,866666204061,visible,PALITO MADERA,1,204061,1000039109.jpg
1000039110,15*700MM PALA MADERA MANUALIDADES,0.85,866666204062,visible,PALITO MADERA,1,204062,1000039110.jpg
1000039111,16*700MM PALA MADERA MANUALIDADES,0.93,866666204063,visible,PALITO MADERA,1,204063,1000039111.jpg
1000039112,18*700MM PALA MADERA MANUALIDADES,1.04,866666204064,visible,PALITO MADERA,1,204064,1000039112.jpg
1000039113,20*700MM PALA MADERA MANUALIDADES,1.1,866666204065,visible,PALITO MADERA,1,204065,1000039113.jpg
1000041256,PALO MADERA MANUALIDADES,0.6,8666662040802,visible,PALITO MADERA,1,204080,1000041256.jpg
1000041257,PALO MADERA MANUALIDADES,0.93,8666662040819,visible,PALITO MADERA,1,204081,1000041257.jpg
1000041258,PALO MADERA MANUALIDADES,1.31,8666662040826,visible,PALITO MADERA,1,204082,1000041258.jpg
1000041259,PALO MADERA MANUALIDADES,1.83,8666662040833,visible,PALITO MADERA,1,204083,1000041259.jpg
1000041260,PALO MADERA MANUALIDADES,1.94,8666662040840,visible,PALITO MADERA,1,204084,1000041260.jpg
1000041261,PALO MADERA MANUALIDADES,2.36,8666662040857,visible,PALITO MADERA,1,204085,1000041261.jpg
1000041262,PALO MADERA MANUALIDADES,2.67,8666662040864,visible,PALITO MADERA,1,204086,1000041262.jpg
1000041263,PALO MADERA MANUALIDADES ,1.83,8666662040871,visible,PALITO MADERA,1,204087,1000041263.jpg
1000041264,PALO MADERA MANUALIDADES ,2.36,8666662040888,visible,PALITO MADERA,1,204088,1000041264.jpg
1000041265,PALO MADERA MANUALIDADES ,2.99,8666662040895,visible,PALITO MADERA,1,204089,1000041265.jpg
1000041266,PALO MADERA MANUALIDADES,4.56,8666662040901,visible,PALITO MADERA,1,204090,1000041266.jpg
1000041267,PALO MADERA MANUALIDADES,6.03,8666662040918,visible,PALITO MADERA,1,204091,1000041267.jpg
1000041268,PALO MADERA MANUALIDADES ,3.2,8666662040925,visible,PALITO MADERA,1,204092,1000041268.jpg
1000041269,PALO MADERA MANUALIDADES,4.14,8666662040932,visible,PALITO MADERA,1,204093,1000041269.jpg
1000041270,PALO MADERA MANUALIDADES,4.46,8666662040949,visible,PALITO MADERA,1,204094,1000041270.jpg
1000041271,PALO MADERA MANUALIDADES,6.82,8666662040956,visible,PALITO MADERA,1,204095,1000041271.jpg
1000041272,PALO MADERA MANUALIDADES,6.98,8666662040963,visible,PALITO MADERA,1,204096,1000041272.jpg
1000008919,PALITO DE MADERA,0.6,8666661105670,visible,PALITO MADERA,1,10567,1000008919.jpg
1000041327,PALITO MADERA,0.57,866666204079,visible,PALITO MADERA,1,204079,1000041327.jpg
1000008920,PALITO DE MADERA,0.6,866666105687,visible,PALITO MADERA,1,10568,1000008920.jpg
1000008921,PALITO DE MADERA,0.6,8666661105694,visible,PALITO MADERA,1,10569,1000008921.jpg
1000024902,PALITO DE MADERA,0.78,8666661911158,visible,PALITO MADERA,1,91115,1000024902.jpg
1000014752,PALITO DE MADERA,0.78,8666661900015,visible,PALITO MADERA,1,90001,1000014752.jpg
1000008922,PALITO DE MADERA,0.83,8666661105700,visible,PALITO MADERA,1,10570,1000008922.jpg
1000020311,PALITO DE MADERA,0.85,866666190002,visible,PALITO MADERA,1,90002,1000020311.jpg
1000008923,PALITO DE MADERA,0.89,8666661105717,visible,PALITO MADERA,1,10571,1000008923.jpg
1000008924,PALITO DE MADERA,1.1,8666661105724,visible,PALITO MADERA,1,10572,1000008924.jpg
1000023092,PALITO DE MADERA PARA MANUALIDADES,0.43,8666661950508,visible,PALITO MADERA,1,95050,1000023092.jpg
1000023093,PALITO DE MADERA PARA MANUALIDADES,0.47,8666661950515,visible,PALITO MADERA,1,95051,1000023093.jpg
1000023094,PALITO DE MADERA PARA MANUALIDADES,0.51,8666661950522,visible,PALITO MADERA,1,95052,1000023094.jpg
1000023095,PALITO DE MADERA PARA MANUALIDADES,0.55,8666661950539,visible,PALITO MADERA,1,95053,1000023095.jpg
1000023096,PALITO DE MADERA PARA MANUALIDADES,0.6,8666661950546,visible,PALITO MADERA,1,95054,1000023096.jpg
1000023097,PALITO DE MADERA PARA MANUALIDADES,0.55,8666661950553,visible,PALITO MADERA,1,95055,1000023097.jpg
1000023098,PALITO DE MADERA PARA MANUALIDADES,0.6,8666661950560,visible,PALITO MADERA,1,95056,1000023098.jpg
1000023099,PALITO DE MADERA PARA MANUALIDADES,0.51,8666661950577,visible,PALITO MADERA,1,95057,1000023099.jpg
1000023100,PALITO DE MADERA PARA MANUALIDADES,0.51,8666661950584,visible,PALITO MADERA,1,95058,1000023100.jpg
1000024603,PALITO DE MADERA,0.51,8666661950591,visible,PALITO MADERA,1,95059,1000024603.jpg
1000023101,PALITO DE MADERA PARA MANUALIDADES,0.51,8666661950607,visible,PALITO MADERA,1,95060,1000023101.jpg
1000023103,PALITO DE MADERA PARA MANUALIDADES,0.51,8666661950621,visible,PALITO MADERA,1,95062,1000023103.jpg
1000023104,PALITO DE MADERA PARA MANUALIDADES,0.57,8666661950638,visible,PALITO MADERA,1,95063,1000023104.jpg
1000023105,PALITO DE MADERA PARA MANUALIDADES,0.6,8666661950645,visible,PALITO MADERA,1,95064,1000023105.jpg
1000023106,PALITO DE MADERA PARA MANUALIDADES,0.78,8666661950652,visible,PALITO MADERA,1,95065,1000023106.jpg
1000023108,PALITO DE MADERA PARA MANUALIDADES,0.72,8666661950676,visible,PALITO MADERA,1,95067,1000023108.jpg
1000023109,PALITO DE MADERA PARA MANUALIDADES,0.78,8666661950683,visible,PALITO MADERA,1,95068,1000023109.jpg
1000006939,LEGOS,0.36,58888-1,visible,PALITO MADERA,1,58888-1,1000006939.jpg
1000006940,LEGOS,0.36,58888-2,visible,PALITO MADERA,1,58888-2,1000006940.jpg
1000006941,LEGOS,0.36,58888-3,visible,PALITO MADERA,1,58888-3,1000006941.jpg
1000006942,LEGOS,0.36,58888-4,visible,PALITO MADERA,1,58888-4,1000006942.jpg
1000006943,LEGOS,0.36,58888-5,visible,PALITO MADERA,1,58888-5,1000006943.jpg
1000006944,LEGOS,0.36,58888-6,visible,PALITO MADERA,1,58888-6,1000006944.jpg
1000006945,LEGOS,0.36,58888-7,visible,PALITO MADERA,1,58888-7,1000006945.jpg
1000006946,LEGOS,0.36,58888-8,visible,PALITO MADERA,1,58888-8,1000006946.jpg
1000006947,LEGOS,0.36,58888-9,visible,PALITO MADERA,1,58888-9,1000006947.jpg
1000006948,LEGOS,0.36,58888-10,visible,PALITO MADERA,1,58888-10,1000006948.jpg
1000006949,LEGOS,0.36,58888-11,visible,PALITO MADERA,1,58888-11,1000006949.jpg
1000006950,LEGOS,0.36,58888-12,visible,PALITO MADERA,1,58888-12,1000006950.jpg
1000006951,LEGOS,0.36,58888-13,visible,PALITO MADERA,1,58888-13,1000006951.jpg
1000006952,LEGOS,0.36,58888-14,visible,PALITO MADERA,1,58888-14,1000006952.jpg
1000006953,LEGOS,0.36,58888-15,visible,PALITO MADERA,1,58888-15,1000006953.jpg
1000006954,LEGOS,0.36,58888-16,visible,PALITO MADERA,1,58888-16,1000006954.jpg
1000006955,LEGOS,0.36,58888-17,visible,PALITO MADERA,1,58888-17,1000006955.jpg
1000006956,LEGOS,0.36,58888-18,visible,PALITO MADERA,1,58888-18,1000006956.jpg
1000006957,LEGOS,0.36,58888-19,visible,PALITO MADERA,1,58888-19,1000006957.jpg
1000006958,LEGOS,0.36,58888-20,visible,PALITO MADERA,1,58888-20,1000006958.jpg
1000006959,LEGOS,0.36,58888-21,visible,PALITO MADERA,1,58888-21,1000006959.jpg
1000040107,PALITO MADERA,0.0,,visible,PALITO MADERA,1,??_20240418145415,1000040107.jpg
1000040751,ACCESORIOS DE MADERA,0.51,8666662040727,visible,PALITO MADERA,1,204072,1000040751.jpg
1000040752,ACCESORIOS DE MADERA,0.53,8666662040734,visible,PALITO MADERA,1,204073,1000040752.jpg
1000040756,ACCESORIOS DE MADERA,0.93,8666662040772,visible,PALITO MADERA,1,204077,1000040756.jpg
1000040757,ACCESORIOS DE MADERA,0.93,8666662040789,visible,PALITO MADERA,1,204078,1000040757.jpg
1000031749,TENEDOR DE MADERA,0.45,8666661921706,visible,PALITO MADERA,1,92170,1000031749.jpg
1000031751,CUBIERTO DE MADERA,0.53,8666661921720,visible,PALITO MADERA,1,92172,1000031751.jpg
1000031752,CUCHILLO DE MADERA,0.47,8666661921737,visible,PALITO MADERA,1,92173,1000031752.jpg
1000031753,TENEDOR DE MADERA,0.6,8666661921744,visible,PALITO MADERA,1,92174,1000031753.jpg
1000031755,CUBIERTO DE MADERA,0.68,8666661921768,visible,PALITO MADERA,1,92176,1000031755.jpg
1000031756,CUCHILLO DE MADERA,0.6,8666661921775,visible,PALITO MADERA,1,92177,1000031756.jpg
1000031757,TENEDOR DE MADERA,0.64,8666661921782,visible,PALITO MADERA,1,92178,1000031757.jpg
1000031758,CUCHARA DE MADERA,0.64,8666661921799,visible,PALITO MADERA,1,92179,1000031758.jpg
1000031759,CUBIERTO DE MADERA,0.83,8666661921805,visible,PALITO MADERA,1,92180,1000031759.jpg
1000032880,ACCESORIOS DE MADERA,0.57,8666661917211,visible,PALITO MADERA,1,91721-1,1000032880.jpg
1000032881,ACCESORIOS DE MADERA,0.6,8666661917228,visible,PALITO MADERA,1,91722-1,1000032881.jpg
1000032882,ACCESORIOS DE MADERA,0.7,8666661917235,visible,PALITO MADERA,1,91723-1,1000032882.jpg
1000032883,ACCESORIOS DE MADERA,0.72,8666661917242,visible,PALITO MADERA,1,91724-A,1000032883.jpg
1000021031,CILINDRO DE MADERA,0.47,8666661950096,visible,PALITO MADERA,1,95009,1000021031.jpg
1000046272,VALLA DE MADERA 30*3CM 1PC ,0.59,8666662043063,visible,PALITO MADERA,1,204306,1000046272.jpg
1000046273,VALLA DE MADERA 30*3CM 1PC ,0.57,8666662043070,visible,PALITO MADERA,1,204307,1000046273.jpg
1000046274,VALLA DE MADERA 30*3CM 1PC ,0.57,8666662043087,visible,PALITO MADERA,1,204308,1000046274.jpg
1000046275,VALLA DE MADERA 30*5CM 1PC,0.72,8666662043094,visible,PALITO MADERA,1,204309,1000046275.jpg
1000046276,VALLA DE MADERA 30*5CM 1PC,0.72,8666662043100,visible,PALITO MADERA,1,204310,1000046276.jpg
1000046277,VALLA DE MADERA 30*5CM 1PC,0.72,8666662043117,visible,PALITO MADERA,1,204311,1000046277.jpg
1000020298,PALOS PARA MANUALIDADES,0.72,8688235000586,visible,PALITO MADERA,1,00058,1000020298.jpg
1000020297,PALOS PARA MANUALIDADES,0.71,8688235000579,visible,PALITO MADERA,1,00057,1000020297.jpg
1000035356,PALITOS DE MADERA PARA MANUALIDADES,0.78,8666661010035,visible,PALITO MADERA,1,01003-1,1000035356.jpg
1000032067,BALITO DE MADERA,0.78,8666661010035,visible,PALITO MADERA,1,01003-2,1000032067.jpg
1000010546,PALITOS DE MANUALIDADES,0.41,8666661010059,visible,PALITO MADERA,1,01005,1000010546.jpg
1000010547,PALITOS DE MANUALIDADES,0.41,8666661010059,visible,PALITO MADERA,1,01005A,1000010547.jpg
1000020671,PALOS PARA MANUALIDADES,0.37,8666661950003,visible,PALITO MADERA,1,95000,1000020671.jpg
1000020672,PALOS PARA MANUALIDADES,0.51,866666195001,visible,PALITO MADERA,1,95001,1000020672.jpg
1000021027,PALOS MADERA 22205,0.6,8666661950027,visible,PALITO MADERA,1,95002,1000021027.jpg
1000000284,PALITOS DE MADERA PARA MANUALIDADES,0.51,8666661010011,visible,PALITO MADERA,1,01001A,1000000284.jpg
1000002534,PALITOS DE MADERA PARA MANUALIDADES,0.51,8666661010011,visible,PALITO MADERA,1,01001,1000002534.jpg
1000046564,PALITOS DE MADERA PARA MANUALIDADES 10*114,0.51,8666662043261,visible,PALITO MADERA,1,204326,1000046564.jpg
1000046565,PALITOS DE MADERA PARA MANUALIDADES 10*114,0.51,8666662043278,visible,PALITO MADERA,1,204327,1000046565.jpg
1000022347,PALITOS DE MADERA 22204,0.57,8666661950119,visible,PALITO MADERA,1,95011,1000022347.jpg
1000021032,PALOS MADERA 22206,0.68,8666661950126,visible,PALITO MADERA,1,95012,1000021032.jpg
1000022348,PALITOS DE MADERA 22211,0.78,86666613950133,visible,PALITO MADERA,1,95013,1000022348.jpg
1000023852,PALITO DE MADERA,0.51,866666195032,visible,PALITO MADERA,1,95032,1000023852.jpg
1000020673,PALOS PARA MANUALIDADES,0.78,8666661950034,visible,PALITO MADERA,1,95003,1000020673.jpg
1000020765,PALITOS DE MADERA PARA MANUALIDADES,0.85,8666661010028,visible,PALITO MADERA,1,01002-1,1000020765.jpg
1000020766,PALITOS DE MADERA PARA MANUALIDADES,0.85,8666661010028,visible,PALITO MADERA,1,01002-2,1000020766.jpg
1000046562,PALITOS DE MADERA PARA MANUALIDADES 18*150,0.94,8666662043247,visible,PALITO MADERA,1,204324,1000046562.jpg
1000046563,PALITOS DE MADERA PARA MANUALIDADES 18*150,0.86,8666662043254,visible,PALITO MADERA,1,204325,1000046563.jpg
1000020005,PALITOS DE MADERA PARA MANUALIDADES,0.51,8666661300075,visible,PALITO MADERA,1,30007,1000020005.jpg
1000020006,PALITOS DE MADERA PARA MANUALIDADES,0.47,8666661300082,visible,PALITO MADERA,1,30008-1,1000020006.jpg
1000022346,PALITOS DE MADERA 22201,0.47,8666661950102,visible,PALITO MADERA,1,95010,1000022346.jpg
1000020674,PALOS PARA MANUALIDADES,0.51,8666661950041,visible,PALITO MADERA,1,95004,1000020674.jpg
1000020675,PALOS PARA MANUALIDADES,0.47,8666661950058,visible,PALITO MADERA,1,95005,1000020675.jpg
1000046213,ACCESORIOS DE MANUALIDADES,0.45,8666662042516,visible,PALITO MADERA,1,204251,1000046213.jpg
1000046214,ACCESORIOS DE MANUALIDADES,0.55,8666662042523,visible,PALITO MADERA,1,204252,1000046214.jpg
1000046215,ACCESORIOS DE MANUALIDADES,0.55,8666662042530,visible,PALITO MADERA,1,204253,1000046215.jpg
1000046216,ACCESORIOS DE MANUALIDADES,0.68,8666662042547,visible,PALITO MADERA,1,204254,1000046216.jpg
1000046217,ACCESORIOS DE MANUALIDADES,0.47,8666662042554,visible,PALITO MADERA,1,204255,1000046217.jpg
1000046218,ACCESORIOS DE MANUALIDADES,0.61,8666662042561,visible,PALITO MADERA,1,204256,1000046218.jpg
1000046219,ACCESORIOS DE MANUALIDADES,0.61,8666662042578,visible,PALITO MADERA,1,204257,1000046219.jpg
1000046220,ACCESORIOS DE MANUALIDADES,0.61,8666662042585,visible,PALITO MADERA,1,204258,1000046220.jpg
1000023854,PALITO DE MADERA,0.36,8666661950386,visible,PALITO MADERA,1,95038,1000023854.jpg
1000023855,PALITO DE MADERA,0.47,8666661950393,visible,PALITO MADERA,1,95039,1000023855.jpg
1000023856,PALITO DE MADERA,0.41,8666661950409,visible,PALITO MADERA,1,95040,1000023856.jpg
1000023857,PALITO DE MADERA,0.47,8666661950416,visible,PALITO MADERA,1,95041,1000023857.jpg
1000024702,PALITO DE MADERA,0.51,8666661950423,visible,PALITO MADERA,1,95042,1000024702.jpg
1000023858,PALITO DE MADERA,0.47,8666661950430,visible,PALITO MADERA,1,95043,1000023858.jpg
1000023859,PALITO DE MADERA,0.47,8666661950447,visible,PALITO MADERA,1,95044,1000023859.jpg
1000023860,PALITO DE MADERA,0.51,8666661950454,visible,PALITO MADERA,1,95045,1000023860.jpg
1000024938,PALITO DE MADERA,0.53,8666661950461,visible,PALITO MADERA,1,95046,1000024938.jpg
1000014759,PALITO DE MADERA,0.32,8666661900039,visible,PALITO MADERA,1,90003,1000014759.jpg
1000014760,PALITO DE MADERA,0.43,8666661900046,visible,PALITO MADERA,1,90004,1000014760.jpg
1000022500,PALITO DE MADERA COLORES,0.43,8666661950218,visible,PALITO MADERA,1,95021,1000022500.jpg
1000023861,PALITO DE MADERA,0.47,866666195047,visible,PALITO MADERA,1,95047,1000023861.jpg
1000023862,PALITO DE MADERA,0.51,866666195049,visible,PALITO MADERA,1,95049,1000023862.jpg
1000022503,PALITO DE MADERA COLORES,0.55,8666661950249,visible,PALITO MADERA,1,95024,1000022503.jpg
1000022504,PALITO DE MADERA COLORES,0.57,8666661950256,visible,PALITO MADERA,1,95025-1,1000022504.jpg
1000043722,PALOS PARA MANUALIDADES ,0.47,8666662041786,visible,PALITO MADERA,1,204178,1000043722.jpg
1000043723,PALOS PARA MANUALIDADES ,0.51,8666662041793,visible,PALITO MADERA,1,204179,1000043723.jpg
1000043724,PALOS PARA MANUALIDADES ,0.51,8666662041809,visible,PALITO MADERA,1,204180,1000043724.jpg
1000043725,PALOS PARA MANUALIDADES ,0.51,8666662041816,visible,PALITO MADERA,1,204181,1000043725.jpg
1000043726,PALOS PARA MANUALIDADES,0.61,8666662041823,visible,PALITO MADERA,1,204182,1000043726.jpg
1000043727,PALOS PARA MANUALIDADES,0.61,8666662041830,visible,PALITO MADERA,1,204183,1000043727.jpg
1000043728,PALOS PARA MANUALIDADES,0.47,8666662041847,visible,PALITO MADERA,1,204184,1000043728.jpg
1000043729,PALOS PARA MANUALIDADES ,0.51,8666662041854,visible,PALITO MADERA,1,204185,1000043729.jpg
1000039098,8*700MM PALA MADERA MANUALIDADES,0.3,866666204046,visible,PALITO MADERA,1,204046,1000039098.jpg
1000039099,10*700MM PALA MADERA MANUALIDADES,0.36,866666204047,visible,PALITO MADERA,1,204047,1000039099.jpg
1000039100,12*700MM PALA MADERA MANUALIDADES,0.51,866666204048,visible,PALITO MADERA,1,204048,1000039100.jpg
1000039101,14*700MM PALA MADERA MANUALIDADES,0.68,866666204049,visible,PALITO MADERA,1,204049,1000039101.jpg
1000039102,15*700MM PALA MADERA MANUALIDADES,0.72,866666204050,visible,PALITO MADERA,1,204050,1000039102.jpg
1000039103,16*700MM PALA MADERA MANUALIDADES,0.78,866666204051,visible,PALITO MADERA,1,204051,1000039103.jpg
1000039104,18*700MM PALA MADERA MANUALIDADES,0.97,866666204052,visible,PALITO MADERA,1,204052,1000039104.jpg
1000039105,20*700MM PALA MADERA MANUALIDADES,1.04,866666204053,visible,PALITO MADERA,1,204053,1000039105.jpg
1000039106,8*700MM PALA MADERA MANUALIDADES,0.36,866666204058,visible,PALITO MADERA,1,204058,1000039106.jpg
1000039107,10*700MM PALA MADERA MANUALIDADES,0.41,866666204059,visible,PALITO MADERA,1,204059,1000039107.jpg
1000039108,12*700MM PALA MADERA MANUALIDADES,0.57,866666204060,visible,PALITO MADERA,1,204060,1000039108.jpg
1000039109,14*700MM PALA MADERA MANUALIDADES,0.83,866666204061,visible,PALITO MADERA,1,204061,1000039109.jpg
1000039110,15*700MM PALA MADERA MANUALIDADES,0.85,866666204062,visible,PALITO MADERA,1,204062,1000039110.jpg
1000039111,16*700MM PALA MADERA MANUALIDADES,0.93,866666204063,visible,PALITO MADERA,1,204063,1000039111.jpg
1000039112,18*700MM PALA MADERA MANUALIDADES,1.04,866666204064,visible,PALITO MADERA,1,204064,1000039112.jpg
1000039113,20*700MM PALA MADERA MANUALIDADES,1.1,866666204065,visible,PALITO MADERA,1,204065,1000039113.jpg
1000041256,PALO MADERA MANUALIDADES,0.6,8666662040802,visible,PALITO MADERA,1,204080,1000041256.jpg
1000041257,PALO MADERA MANUALIDADES,0.93,8666662040819,visible,PALITO MADERA,1,204081,1000041257.jpg
1000041258,PALO MADERA MANUALIDADES,1.31,8666662040826,visible,PALITO MADERA,1,204082,1000041258.jpg
1000041259,PALO MADERA MANUALIDADES,1.83,8666662040833,visible,PALITO MADERA,1,204083,1000041259.jpg
1000041260,PALO MADERA MANUALIDADES,1.94,8666662040840,visible,PALITO MADERA,1,204084,1000041260.jpg
1000041261,PALO MADERA MANUALIDADES,2.36,8666662040857,visible,PALITO MADERA,1,204085,1000041261.jpg
1000041262,PALO MADERA MANUALIDADES,2.67,8666662040864,visible,PALITO MADERA,1,204086,1000041262.jpg
1000041263,PALO MADERA MANUALIDADES ,1.83,8666662040871,visible,PALITO MADERA,1,204087,1000041263.jpg
1000041264,PALO MADERA MANUALIDADES ,2.36,8666662040888,visible,PALITO MADERA,1,204088,1000041264.jpg
1000041265,PALO MADERA MANUALIDADES ,2.99,8666662040895,visible,PALITO MADERA,1,204089,1000041265.jpg
1000041266,PALO MADERA MANUALIDADES,4.56,8666662040901,visible,PALITO MADERA,1,204090,1000041266.jpg
1000041267,PALO MADERA MANUALIDADES,6.03,8666662040918,visible,PALITO MADERA,1,204091,1000041267.jpg
1000041268,PALO MADERA MANUALIDADES ,3.2,8666662040925,visible,PALITO MADERA,1,204092,1000041268.jpg
1000041269,PALO MADERA MANUALIDADES,4.14,8666662040932,visible,PALITO MADERA,1,204093,1000041269.jpg
1000041270,PALO MADERA MANUALIDADES,4.46,8666662040949,visible,PALITO MADERA,1,204094,1000041270.jpg
1000041271,PALO MADERA MANUALIDADES,6.82,8666662040956,visible,PALITO MADERA,1,204095,1000041271.jpg
1000041272,PALO MADERA MANUALIDADES,6.98,8666662040963,visible,PALITO MADERA,1,204096,1000041272.jpg
1000008919,PALITO DE MADERA,0.6,8666661105670,visible,PALITO MADERA,1,10567,1000008919.jpg
1000041327,PALITO MADERA,0.57,866666204079,visible,PALITO MADERA,1,204079,1000041327.jpg
1000008920,PALITO DE MADERA,0.6,866666105687,visible,PALITO MADERA,1,10568,1000008920.jpg
1000008921,PALITO DE MADERA,0.6,8666661105694,visible,PALITO MADERA,1,10569,1000008921.jpg
1000024902,PALITO DE MADERA,0.78,8666661911158,visible,PALITO MADERA,1,91115,1000024902.jpg
1000014752,PALITO DE MADERA,0.78,8666661900015,visible,PALITO MADERA,1,90001,1000014752.jpg
1000008922,PALITO DE MADERA,0.83,8666661105700,visible,PALITO MADERA,1,10570,1000008922.jpg
1000020311,PALITO DE MADERA,0.85,866666190002,visible,PALITO MADERA,1,90002,1000020311.jpg
1000008923,PALITO DE MADERA,0.89,8666661105717,visible,PALITO MADERA,1,10571,1000008923.jpg
1000008924,PALITO DE MADERA,1.1,8666661105724,visible,PALITO MADERA,1,10572,1000008924.jpg
1000023092,PALITO DE MADERA PARA MANUALIDADES,0.43,8666661950508,visible,PALITO MADERA,1,95050,1000023092.jpg
1000023093,PALITO DE MADERA PARA MANUALIDADES,0.47,8666661950515,visible,PALITO MADERA,1,95051,1000023093.jpg
1000023094,PALITO DE MADERA PARA MANUALIDADES,0.51,8666661950522,visible,PALITO MADERA,1,95052,1000023094.jpg
1000023095,PALITO DE MADERA PARA MANUALIDADES,0.55,8666661950539,visible,PALITO MADERA,1,95053,1000023095.jpg
1000023096,PALITO DE MADERA PARA MANUALIDADES,0.6,8666661950546,visible,PALITO MADERA,1,95054,1000023096.jpg
1000023097,PALITO DE MADERA PARA MANUALIDADES,0.55,8666661950553,visible,PALITO MADERA,1,95055,1000023097.jpg
1000023098,PALITO DE MADERA PARA MANUALIDADES,0.6,8666661950560,visible,PALITO MADERA,1,95056,1000023098.jpg
1000023099,PALITO DE MADERA PARA MANUALIDADES,0.51,8666661950577,visible,PALITO MADERA,1,95057,1000023099.jpg
1000023100,PALITO DE MADERA PARA MANUALIDADES,0.51,8666661950584,visible,PALITO MADERA,1,95058,1000023100.jpg
1000024603,PALITO DE MADERA,0.51,8666661950591,visible,PALITO MADERA,1,95059,1000024603.jpg
1000023101,PALITO DE MADERA PARA MANUALIDADES,0.51,8666661950607,visible,PALITO MADERA,1,95060,1000023101.jpg
1000023103,PALITO DE MADERA PARA MANUALIDADES,0.51,8666661950621,visible,PALITO MADERA,1,95062,1000023103.jpg
1000023104,PALITO DE MADERA PARA MANUALIDADES,0.57,8666661950638,visible,PALITO MADERA,1,95063,1000023104.jpg
1000023105,PALITO DE MADERA PARA MANUALIDADES,0.6,8666661950645,visible,PALITO MADERA,1,95064,1000023105.jpg
1000023106,PALITO DE MADERA PARA MANUALIDADES,0.78,8666661950652,visible,PALITO MADERA,1,95065,1000023106.jpg
1000023108,PALITO DE MADERA PARA MANUALIDADES,0.72,8666661950676,visible,PALITO MADERA,1,95067,1000023108.jpg
1000023109,PALITO DE MADERA PARA MANUALIDADES,0.78,8666661950683,visible,PALITO MADERA,1,95068,1000023109.jpg
1000006939,LEGOS,0.36,58888-1,visible,PALITO MADERA,1,58888-1,1000006939.jpg
1000006940,LEGOS,0.36,58888-2,visible,PALITO MADERA,1,58888-2,1000006940.jpg
1000006941,LEGOS,0.36,58888-3,visible,PALITO MADERA,1,58888-3,1000006941.jpg
1000006942,LEGOS,0.36,58888-4,visible,PALITO MADERA,1,58888-4,1000006942.jpg
1000006943,LEGOS,0.36,58888-5,visible,PALITO MADERA,1,58888-5,1000006943.jpg
1000006944,LEGOS,0.36,58888-6,visible,PALITO MADERA,1,58888-6,1000006944.jpg
1000006945,LEGOS,0.36,58888-7,visible,PALITO MADERA,1,58888-7,1000006945.jpg
1000006946,LEGOS,0.36,58888-8,visible,PALITO MADERA,1,58888-8,1000006946.jpg
1000006947,LEGOS,0.36,58888-9,visible,PALITO MADERA,1,58888-9,1000006947.jpg
1000006948,LEGOS,0.36,58888-10,visible,PALITO MADERA,1,58888-10,1000006948.jpg
1000006949,LEGOS,0.36,58888-11,visible,PALITO MADERA,1,58888-11,1000006949.jpg
1000006950,LEGOS,0.36,58888-12,visible,PALITO MADERA,1,58888-12,1000006950.jpg
1000006951,LEGOS,0.36,58888-13,visible,PALITO MADERA,1,58888-13,1000006951.jpg
1000006952,LEGOS,0.36,58888-14,visible,PALITO MADERA,1,58888-14,1000006952.jpg
1000006953,LEGOS,0.36,58888-15,visible,PALITO MADERA,1,58888-15,1000006953.jpg
1000006954,LEGOS,0.36,58888-16,visible,PALITO MADERA,1,58888-16,1000006954.jpg
1000006955,LEGOS,0.36,58888-17,visible,PALITO MADERA,1,58888-17,1000006955.jpg
1000006956,LEGOS,0.36,58888-18,visible,PALITO MADERA,1,58888-18,1000006956.jpg
1000006957,LEGOS,0.36,58888-19,visible,PALITO MADERA,1,58888-19,1000006957.jpg
1000006958,LEGOS,0.36,58888-20,visible,PALITO MADERA,1,58888-20,1000006958.jpg
1000006959,LEGOS,0.36,58888-21,visible,PALITO MADERA,1,58888-21,1000006959.jpg
1000043732,PEGATINA DE DIAMANTE PARA LA CARA,0.51,8666662060008,visible,PALITO MADERA,1,206000,1000043732.jpg
1000043733,PEGATINA DE DIAMANTE PARA LA CARA,0.51,8666662060015,visible,PALITO MADERA,1,206001,1000043733.jpg
1000043734,PEGATINA DE DIAMANTE PARA LA CARA,0.51,8666662060022,visible,PALITO MADERA,1,206002,1000043734.jpg
1000043735,PEGATINA DE DIAMANTE PARA LA CARA,0.51,8666662060039,visible,PALITO MADERA,1,206003,1000043735.jpg
1000043736,PEGATINA DE DIAMANTE PARA LA CARA,0.51,8666662060046,visible,PALITO MADERA,1,206004,1000043736.jpg
1000043737,PEGATINA DE DIAMANTE PARA LA CARA,0.51,8666662060053,visible,PALITO MADERA,1,206005,1000043737.jpg
1000043738,PEGATINA DE DIAMANTE PARA LA CARA,0.51,8666662060060,visible,PALITO MADERA,1,206006,1000043738.jpg
1000043739,PEGATINA DE DIAMANTE PARA LA CARA,0.51,8666662060077,visible,PALITO MADERA,1,206007,1000043739.jpg
1000043740,PEGATINA DE DIAMANTE PARA LA CARA,0.51,8666662060084,visible,PALITO MADERA,1,206008,1000043740.jpg
1000043741,PEGATINA DE DIAMANTE PARA LA CARA,0.51,8666662060091,visible,PALITO MADERA,1,206009,1000043741.jpg
1000043742,PEGATINA DE DIAMANTE PARA LA CARA,0.51,8666662060107,visible,PALITO MADERA,1,206010,1000043742.jpg
1000043743,PEGATINA DE DIAMANTE PARA LA CARA,0.51,8666662060114,visible,PALITO MADERA,1,206011,1000043743.jpg
1000043744,PEGATINA DE DIAMANTE PARA LA CARA,0.51,8666662060121,visible,PALITO MADERA,1,206012,1000043744.jpg
1000043745,PEGATINA DE DIAMANTE PARA LA CARA,0.51,8666662060138,visible,PALITO MADERA,1,206013,1000043745.jpg
1000043746,PEGATINA DE DIAMANTE PARA LA CARA,0.51,8666662060145,visible,PALITO MADERA,1,206014,1000043746.jpg
1000043747,PEGATINA DE DIAMANTE PARA LA CARA,0.51,8666662060152,visible,PALITO MADERA,1,206015,1000043747.jpg
1000043748,PEGATINA DE DIAMANTE PARA LA CARA,0.57,8666662060169,visible,PALITO MADERA,1,206016,1000043748.jpg
1000043749,PEGATINA DE DIAMANTE PARA LA CARA,0.57,8666662060176,visible,PALITO MADERA,1,206017,1000043749.jpg
1000043750,PEGATINA DE DIAMANTE PARA LA CARA,0.57,8666662060183,visible,PALITO MADERA,1,206018,1000043750.jpg
1000043751,PEGATINA DE DIAMANTE PARA LA CARA,0.57,8666662060190,visible,PALITO MADERA,1,206019,1000043751.jpg
1000043752,PEGATINA DE DIAMANTE PARA LA CARA,0.57,8666662060206,visible,PALITO MADERA,1,206020,1000043752.jpg
1000043753,PEGATINA DE DIAMANTE PARA LA CARA,0.57,8666662060213,visible,PALITO MADERA,1,206021,1000043753.jpg
1000043754,PEGATINA DE DIAMANTE PARA LA CARA,0.57,8666662060220,visible,PALITO MADERA,1,206022,1000043754.jpg
1000043755,PEGATINA DE DIAMANTE PARA LA CARA,0.57,8666662060237,visible,PALITO MADERA,1,206023,1000043755.jpg
1000041167,PEGATINA DE DIAMANTE PARA LA CARA,0.41,8666662052508,visible,PALITO MADERA,1,205250-1,1000041167.jpg
1000041144,PEGATINA DE DIAMANTE PARA LA CARA,0.41,8666662052508,visible,PALITO MADERA,1,205250,1000041144.jpg
1000041168,PEGATINA DE DIAMANTE PARA LA CARA,0.41,8666662052515,visible,PALITO MADERA,1,205251-1,1000041168.jpg
1000041145,PEGATINA DE DIAMANTE PARA LA CARA,0.41,8666662052515,visible,PALITO MADERA,1,205251,1000041145.jpg
1000041169,PEGATINA DE DIAMANTE PARA LA CARA,0.41,8666662052522,visible,PALITO MADERA,1,205252-1,1000041169.jpg
1000041146,PEGATINA DE DIAMANTE PARA LA CARA,0.41,8666662052522,visible,PALITO MADERA,1,205252,1000041146.jpg
1000041170,PEGATINA DE DIAMANTE PARA LA CARA,0.41,8666662052539,visible,PALITO MADERA,1,205253-1,1000041170.jpg
1000041147,PEGATINA DE DIAMANTE PARA LA CARA,0.41,8666662052539,visible,PALITO MADERA,1,205253,1000041147.jpg
1000041171,PEGATINA DE DIAMANTE PARA LA CARA,0.41,8666662052546,visible,PALITO MADERA,1,205254-1,1000041171.jpg
1000041148,PEGATINA DE DIAMANTE PARA LA CARA,0.41,8666662052546,visible,PALITO MADERA,1,205254,1000041148.jpg
1000041172,PEGATINA DE DIAMANTE PARA LA CARA,0.41,8666662052553,visible,PALITO MADERA,1,205255-1,1000041172.jpg
1000041149,PEGATINA DE DIAMANTE PARA LA CARA,0.41,8666662052553,visible,PALITO MADERA,1,205255,1000041149.jpg
1000041173,PEGATINA DE DIAMANTE PARA LA CARA,0.41,8666662052560,visible,PALITO MADERA,1,205256-1,1000041173.jpg
1000041150,PEGATINA DE DIAMANTE PARA LA CARA,0.41,8666662052560,visible,PALITO MADERA,1,205256,1000041150.jpg
1000041174,PEGATINA DE DIAMANTE PARA LA CARA,0.41,8666662052577,visible,PALITO MADERA,1,205257-1,1000041174.jpg
1000041151,PEGATINA DE DIAMANTE PARA LA CARA,0.41,8666662052577,visible,PALITO MADERA,1,205257,1000041151.jpg
1000041175,PEGATINA DE DIAMANTE PARA LA CARA,0.41,8666662052584,visible,PALITO MADERA,1,205258-1,1000041175.jpg
1000041152,PEGATINA DE DIAMANTE PARA LA CARA,0.41,8666662052584,visible,PALITO MADERA,1,205258,1000041152.jpg
1000041176,PEGATINA DE DIAMANTE PARA LA CARA,0.41,8666662052591,visible,PALITO MADERA,1,205259-1,1000041176.jpg
1000041153,PEGATINA DE DIAMANTE PARA LA CARA,0.41,8666662052591,visible,PALITO MADERA,1,205259,1000041153.jpg
1000041154,PEGATINA DE DIAMANTE PARA LA CARA,0.41,8666662052607,visible,PALITO MADERA,1,205260,1000041154.jpg
1000041177,PEGATINA DE DIAMANTE PARA LA CARA,0.41,8666662052607,visible,PALITO MADERA,1,205260-1,1000041177.jpg
1000038883,PEGATINA DE DIAMANTE PARA LA CARA,0.57,866666202377,visible,PALITO MADERA,1,202377-1,1000038883.jpg
1000038884,PEGATINA DE DIAMANTE PARA LA CARA,0.57,866666202377,visible,PALITO MADERA,1,202377-2,1000038884.jpg
1000038886,PEGATINA DE DIAMANTE PARA LA CARA,0.57,866666202377,visible,PALITO MADERA,1,202377-3B,1000038886.jpg
1000038887,PEGATINA DE DIAMANTE PARA LA CARA,0.57,866666202377,visible,PALITO MADERA,1,202377-3C,1000038887.jpg
1000038889,PEGATINA DE DIAMANTE PARA LA CARA,0.57,866666202378,visible,PALITO MADERA,1,202378-1,1000038889.jpg
1000038892,PEGATINA DE DIAMANTE PARA LA CARA,0.57,866666202378,visible,PALITO MADERA,1,202378-3B,1000038892.jpg
1000038895,PEGATINA DE DIAMANTE PARA LA CARA,0.57,866666202379,visible,PALITO MADERA,1,202379-1,1000038895.jpg
1000038896,PEGATINA DE DIAMANTE PARA LA CARA,0.57,866666202379,visible,PALITO MADERA,1,202379-2,1000038896.jpg
1000038897,PEGATINA DE DIAMANTE PARA LA CARA,0.57,866666202379,visible,PALITO MADERA,1,202379-3A,1000038897.jpg
1000038898,PEGATINA DE DIAMANTE PARA LA CARA,0.57,866666202379,visible,PALITO MADERA,1,202379-3B,1000038898.jpg
1000038899,PEGATINA DE DIAMANTE PARA LA CARA,0.57,866666202379,visible,PALITO MADERA,1,202379-3C,1000038899.jpg
1000038900,PEGATINA DE DIAMANTE PARA LA CARA,0.57,866666202379,visible,PALITO MADERA,1,202379-3D,1000038900.jpg
1000038901,PEGATINA DE DIAMANTE PARA LA CARA,0.57,866666202380,visible,PALITO MADERA,1,202380-1,1000038901.jpg
1000038902,PEGATINA DE DIAMANTE PARA LA CARA,0.57,866666202380,visible,PALITO MADERA,1,202380-2,1000038902.jpg
1000038904,PEGATINA DE DIAMANTE PARA LA CARA,0.57,866666202380,visible,PALITO MADERA,1,202380-3B,1000038904.jpg
1000038905,PEGATINA DE DIAMANTE PARA LA CARA,0.57,866666202380,visible,PALITO MADERA,1,202380-3C,1000038905.jpg
1000038906,PEGATINA DE DIAMANTE PARA LA CARA,0.57,866666202380,visible,PALITO MADERA,1,202380-3D,1000038906.jpg
1000038355,PEGATINA DE DIAMANTE PARA LA CARA,0.57,202617-5,visible,PALITO MADERA,1,202617-5,1000038355.jpg
1000038356,PEGATINA DE DIAMANTE PARA LA CARA,0.57,202617-6,visible,PALITO MADERA,1,202617-6,1000038356.jpg
1000038357,PEGATINA DE DIAMANTE PARA LA CARA,0.57,202617-7,visible,PALITO MADERA,1,202617-7,1000038357.jpg
1000038358,PEGATINA DE DIAMANTE PARA LA CARA,0.57,202618-1,visible,PALITO MADERA,1,202618-1,1000038358.jpg
1000038359,PEGATINA DE DIAMANTE PARA LA CARA,0.57,202618-2,visible,PALITO MADERA,1,202618-2,1000038359.jpg
1000038360,PEGATINA DE DIAMANTE PARA LA CARA,0.57,202618-3,visible,PALITO MADERA,1,202618-3,1000038360.jpg
1000038361,PEGATINA DE DIAMANTE PARA LA CARA,0.57,202618-4,visible,PALITO MADERA,1,202618-4,1000038361.jpg
1000038362,PEGATINA DE DIAMANTE PARA LA CARA,0.57,202618-5,visible,PALITO MADERA,1,202618-5,1000038362.jpg
1000038363,PEGATINA DE DIAMANTE PARA LA CARA,0.57,202618-6,visible,PALITO MADERA,1,202618-6,1000038363.jpg
1000038366,PEGATINA DE DIAMANTE PARA LA CARA,0.57,202619-3,visible,PALITO MADERA,1,202619-3,1000038366.jpg
1000038367,PEGATINA DE DIAMANTE PARA LA CARA,0.57,202619-4,visible,PALITO MADERA,1,202619-4,1000038367.jpg
1000038368,PEGATINA DE DIAMANTE PARA LA CARA,0.57,202619-5,visible,PALITO MADERA,1,202619-5,1000038368.jpg
1000038369,PEGATINA DE DIAMANTE PARA LA CARA,0.57,202619-6,visible,PALITO MADERA,1,202619-6,1000038369.jpg
1000038370,PEGATINA DE DIAMANTE PARA LA CARA,0.57,202619-7,visible,PALITO MADERA,1,202619-7,1000038370.jpg
1000038371,PEGATINA DE DIAMANTE PARA LA CARA,0.57,202620-1,visible,PALITO MADERA,1,202620-1,1000038371.jpg
1000038372,PEGATINA DE DIAMANTE PARA LA CARA,0.57,202620-2,visible,PALITO MADERA,1,202620-2,1000038372.jpg
1000038373,PEGATINA DE DIAMANTE PARA LA CARA,0.57,202620-3,visible,PALITO MADERA,1,202620-3,1000038373.jpg
1000038374,PEGATINA DE DIAMANTE PARA LA CARA,0.57,202620-4,visible,PALITO MADERA,1,202620-4,1000038374.jpg
1000038375,PEGATINA DE DIAMANTE PARA LA CARA,0.57,202620-5,visible,PALITO MADERA,1,202620-5,1000038375.jpg
1000038376,PEGATINA DE DIAMANTE PARA LA CARA,0.57,202620-6,visible,PALITO MADERA,1,202620-6,1000038376.jpg
1000038377,PEGATINA DE DIAMANTE PARA LA CARA,0.57,202621-1,visible,PALITO MADERA,1,202621-1,1000038377.jpg
1000038378,PEGATINA DE DIAMANTE PARA LA CARA,0.57,202621-2,visible,PALITO MADERA,1,202621-2,1000038378.jpg
1000038379,PEGATINA DE DIAMANTE PARA LA CARA,0.57,202621-3,visible,PALITO MADERA,1,202621-3,1000038379.jpg
1000038380,PEGATINA DE DIAMANTE PARA LA CARA,0.57,202621-4,visible,PALITO MADERA,1,202621-4,1000038380.jpg
1000038381,PEGATINA DE DIAMANTE PARA LA CARA,0.57,202621-5,visible,PALITO MADERA,1,202621-5,1000038381.jpg
1000038382,PEGATINA DE DIAMANTE PARA LA CARA,0.57,202621-6,visible,PALITO MADERA,1,202621-6,1000038382.jpg
1000038383,PEGATINA DE DIAMANTE PARA LA CARA,0.57,202622-1,visible,PALITO MADERA,1,202622-1,1000038383.jpg
1000038384,PEGATINA DE DIAMANTE PARA LA CARA,0.57,202622-2,visible,PALITO MADERA,1,202622-2,1000038384.jpg
1000038385,PEGATINA DE DIAMANTE PARA LA CARA,0.57,202622-3,visible,PALITO MADERA,1,202622-3,1000038385.jpg
1000038386,PEGATINA DE DIAMANTE PARA LA CARA,0.57,202622-4,visible,PALITO MADERA,1,202622-4,1000038386.jpg
1000038387,PEGATINA DE DIAMANTE PARA LA CARA,0.57,202622-5,visible,PALITO MADERA,1,202622-5,1000038387.jpg
1000038388,PEGATINA DE DIAMANTE PARA LA CARA,0.57,202622-6,visible,PALITO MADERA,1,202622-6,1000038388.jpg
1000038389,PEGATINA DE DIAMANTE PARA LA CARA,0.51,202623-1,visible,PALITO MADERA,1,202623-1,1000038389.jpg
1000038390,PEGATINA DE DIAMANTE PARA LA CARA,0.51,202623-2,visible,PALITO MADERA,1,202623-2,1000038390.jpg
1000038391,PEGATINA DE DIAMANTE PARA LA CARA,0.51,202623-3,visible,PALITO MADERA,1,202623-3,1000038391.jpg
1000038392,PEGATINA DE DIAMANTE PARA LA CARA,0.51,202623-4,visible,PALITO MADERA,1,202623-4,1000038392.jpg
1000038393,PEGATINA DE DIAMANTE PARA LA CARA,0.51,202623-5,visible,PALITO MADERA,1,202623-5,1000038393.jpg
1000038394,PEGATINA DE DIAMANTE PARA LA CARA,0.51,202623-6,visible,PALITO MADERA,1,202623-6,1000038394.jpg
1000038395,PEGATINA DE DIAMANTE PARA LA CARA,0.51,202624-1,visible,PALITO MADERA,1,202624-1,1000038395.jpg
1000038396,PEGATINA DE DIAMANTE PARA LA CARA,0.51,202624-2,visible,PALITO MADERA,1,202624-2,1000038396.jpg
1000038397,PEGATINA DE DIAMANTE PARA LA CARA,0.51,202624-3,visible,PALITO MADERA,1,202624-3,1000038397.jpg
1000038398,PEGATINA DE DIAMANTE PARA LA CARA,0.51,202624-4,visible,PALITO MADERA,1,202624-4,1000038398.jpg
1000038399,PEGATINA DE DIAMANTE PARA LA CARA,0.51,202624-5,visible,PALITO MADERA,1,202624-5,1000038399.jpg
1000038400,PEGATINA DE DIAMANTE PARA LA CARA,0.51,202624-6,visible,PALITO MADERA,1,202624-6,1000038400.jpg
1000034895,PEGATINA DE DIAMANTE PARA CEJA,0.47,866666192906,visible,PALITO MADERA,1,92906-3,1000034895.jpg
1000034889,PEGATINA DE DIAMANTE PARA CEJA,0.47,866666192905,visible,PALITO MADERA,1,92905-4,1000034889.jpg
1000044823,LENTEJUELAS PARA MANUALIDADES,0.41,8666662103316,visible,PALITO MADERA,1,210331,1000044823.jpg
1000044824,LENTEJUELAS PARA MANUALIDADES,0.41,8666662103323,visible,PALITO MADERA,1,210332,1000044824.jpg
1000044825,LENTEJUELAS PARA MANUALIDADES,0.41,8666662103330,visible,PALITO MADERA,1,210333,1000044825.jpg
1000044826,LENTEJUELAS PARA MANUALIDADES,0.41,8666662103347,visible,PALITO MADERA,1,210334,1000044826.jpg
1000044827,LENTEJUELAS PARA MANUALIDADES,0.41,8666662103354,visible,PALITO MADERA,1,210335,1000044827.jpg
1000044828,LENTEJUELAS PARA MANUALIDADES,0.41,8666662103361,visible,PALITO MADERA,1,210336,1000044828.jpg
1000044829,LENTEJUELAS PARA MANUALIDADES,0.41,8666662103378,visible,PALITO MADERA,1,210337,1000044829.jpg
1000044830,LENTEJUELAS PARA MANUALIDADES,0.41,8666662103385,visible,PALITO MADERA,1,210338,1000044830.jpg
1000035065,LENTEJUELAS PARA MANUALIDADES,0.47,866666202074,visible,PALITO MADERA,1,202074,1000035065.jpg
1000035066,LENTEJUELAS PARA MANUALIDADES,0.47,866666202075,visible,PALITO MADERA,1,202075,1000035066.jpg
1000035067,LENTEJUELAS PARA MANUALIDADES,0.47,866666202076,visible,PALITO MADERA,1,202076,1000035067.jpg
1000035068,LENTEJUELAS PARA MANUALIDADES,0.47,866666202077,visible,PALITO MADERA,1,202077,1000035068.jpg
1000035069,LENTEJUELAS PARA MANUALIDADES,0.47,866666202078,visible,PALITO MADERA,1,202078,1000035069.jpg
1000035070,LENTEJUELAS PARA MANUALIDADES,0.47,866666202079,visible,PALITO MADERA,1,202079,1000035070.jpg
1000035071,LENTEJUELAS PARA MANUALIDADES,0.47,866666202010,visible,PALITO MADERA,1,202080,1000035071.jpg
1000035072,LENTEJUELAS PARA MANUALIDADES,0.47,866666202081,visible,PALITO MADERA,1,202081,1000035072.jpg
1000035073,LENTEJUELAS PARA MANUALIDADES,0.47,866666202082,visible,PALITO MADERA,1,202082,1000035073.jpg
1000035074,LENTEJUELAS PARA MANUALIDADES,0.47,866666202083,visible,PALITO MADERA,1,202083,1000035074.jpg
1000035211,LENTEJUELAS PARA MANUALIDADES,0.47,866666202084,visible,PALITO MADERA,1,202084,1000035211.jpg
1000035075,LENTEJUELAS PARA MANUALIDADES,0.47,866666202085,visible,PALITO MADERA,1,202085,1000035075.jpg
1000021524,ABALORIO,0.53,8666661203208,visible,PALITO MADERA,1,20320-1,1000021524.jpg
1000021527,ABALORIO,0.53,8666661203208,visible,PALITO MADERA,1,20320-2,1000021527.jpg
1000021528,ABALORIO,0.53,8666661203208,visible,PALITO MADERA,1,20320-3,1000021528.jpg
1000021529,ABALORIO,0.53,8666661203208,visible,PALITO MADERA,1,20320-4,1000021529.jpg
1000021530,ABALORIO,0.53,8666661203208,visible,PALITO MADERA,1,20320-5,1000021530.jpg
1000021531,ABALORIO,0.53,8666661203208,visible,PALITO MADERA,1,20320-6,1000021531.jpg
1000021532,ABALORIO,0.53,8666661203208,visible,PALITO MADERA,1,20320-7,1000021532.jpg
1000021533,ABALORIO,0.53,8666661203208,visible,PALITO MADERA,1,20320-8,1000021533.jpg
1000021534,ABALORIO,0.53,8666661203208,visible,PALITO MADERA,1,20320-9,1000021534.jpg
1000021525,ABALORIO,0.53,8666661203208,visible,PALITO MADERA,1,20320-10,1000021525.jpg
1000021526,ABALORIO,0.53,8666661203208,visible,PALITO MADERA,1,20320-11,1000021526.jpg
1000040102,TELA DIY,0.0,,visible,TELA DIY,1,??_20240418145353,1000040102.jpg
1000041863,ACCESORIO DE TELA,1.56,8666662017583,visible,TELA DIY,1,201758,1000041863.jpg
1000041864,ACCESORIO DE TELA,1.56,8666662017590,visible,TELA DIY,1,201759,1000041864.jpg
1000041865,ACCESORIO DE TELA,1.56,8666662017606,visible,TELA DIY,1,201760,1000041865.jpg
1000041866,ACCESORIO DE TELA,1.52,8666662017699,visible,TELA DIY,1,201769,1000041866.jpg
1000041867,ACCESORIO DE TELA,1.52,8666662017705,visible,TELA DIY,1,201770,1000041867.jpg
1000041871,ACCESORIO DE TELA,1.52,8666662017743,visible,TELA DIY,1,201774,1000041871.jpg
1000041872,ACCESORIO DE TELA,1.52,8666662017750,visible,TELA DIY,1,201775,1000041872.jpg
1000041873,ACCESORIO DE TELA,1.52,8666662017767,visible,TELA DIY,1,201776,1000041873.jpg
1000041874,ACCESORIO DE TELA,1.52,8666662017774,visible,TELA DIY,1,201777,1000041874.jpg
1000041875,ACCESORIO DE TELA,1.52,8666662017781,visible,TELA DIY,1,201778,1000041875.jpg
1000041876,ACCESORIO DE TELA,1.52,8666662017798,visible,TELA DIY,1,201779,1000041876.jpg
1000041877,ACCESORIO DE TELA,1.52,8666662017804,visible,TELA DIY,1,201780,1000041877.jpg
1000039460,ACCESORIOS DE TELA,1.77,8666662016111,visible,TELA DIY,1,201611,1000039460.jpg
1000039461,ACCESORIOS DE TELA,1.77,8666662016128,visible,TELA DIY,1,201612,1000039461.jpg
1000039462,ACCESORIOS DE TELA,1.77,8666662016135,visible,TELA DIY,1,201613,1000039462.jpg
1000039463,ACCESORIOS DE TELA,1.77,8666662016142,visible,TELA DIY,1,201614,1000039463.jpg
1000039464,ACCESORIOS DE TELA,1.77,8666662016159,visible,TELA DIY,1,201615,1000039464.jpg
1000039465,ACCESORIOS DE TELA,1.77,8666662016166,visible,TELA DIY,1,201616,1000039465.jpg
1000039466,ACCESORIOS DE TELA,1.77,8666662016173,visible,TELA DIY,1,201617,1000039466.jpg
1000039468,ACCESORIOS DE TELA,1.77,8666662016197,visible,TELA DIY,1,201619,1000039468.jpg
1000039469,ACCESORIOS DE TELA,1.77,8666662016203,visible,TELA DIY,1,201620,1000039469.jpg
1000039470,ACCESORIOS DE TELA,1.77,8666662016210,visible,TELA DIY,1,201621,1000039470.jpg
1000039471,ACCESORIOS DE TELA,1.77,8666662016227,visible,TELA DIY,1,201622,1000039471.jpg
1000039472,ACCESORIOS DE TELA,1.77,8666662016234,visible,TELA DIY,1,201623,1000039472.jpg
1000039473,ACCESORIOS DE TELA,1.77,8666662016241,visible,TELA DIY,1,201624,1000039473.jpg
1000039474,ACCESORIOS DE TELA,1.77,8666662016258,visible,TELA DIY,1,201625,1000039474.jpg
1000039475,ACCESORIOS DE TELA,1.77,8666662016265,visible,TELA DIY,1,201626,1000039475.jpg
1000004352,SEDA DE TELA PARA MANUALIDADES BLANCO,1.41,8666661060795,visible,TELA DIY,1,06079-1,1000004352.jpg
1000004353,SEDA DE TELA ROJO,1.41,8666661060795,visible,TELA DIY,1,06079-2,1000004353.jpg
1000004354,SEDA DE TELA PARA MANUALIDADES NEGRO,1.41,8666661060795,visible,TELA DIY,1,06079-3,1000004354.jpg
1000004355,SEDA DE TELA ROSA,1.41,8666661060795,visible,TELA DIY,1,06079-4,1000004355.jpg
1000004356,SEDA DE TELA AZUL,1.41,8666661060795,visible,TELA DIY,1,06079-5,1000004356.jpg
1000011874,SEDA DE TELA LIRA,1.41,8666661060795,visible,TELA DIY,1,06079-6,1000011874.jpg
1000011875,SEDA DE TELA FUCSIA,1.41,8666661060795,visible,TELA DIY,1,06079-7,1000011875.jpg
1000004350,SEDA DE TELA AZUL,1.41,8666661060795,visible,TELA DIY,1,06079-8,1000004350.jpg
1000015973,SEDA DE TELA AMALILLO,1.41,8666661060795,visible,TELA DIY,1,06079-9,1000015973.jpg
1000015992,ACCESORIOS DE TELA,1.41,8666661060795,visible,TELA DIY,1,06079-10,1000015992.jpg
1000015993,ACCESORIOS DE TELA,1.41,8666661060795,visible,TELA DIY,1,06079-11,1000015993.jpg
1000015994,ACCESORIOS DE TELA,1.41,8666661060795,visible,TELA DIY,1,06079-12,1000015994.jpg
1000015995,ACCESORIOS DE TELA,1.41,8666661060795,visible,TELA DIY,1,06079-13,1000015995.jpg
1000015972,ACCESORIOS DE TELA,1.41,8666661060795,visible,TELA DIY,1,06079-14,1000015972.jpg
1000030222,ACCESORIOS DE TELA,4.98,866666191912,visible,TELA DIY,1,91912,1000030222.jpg
1000027599,ACCESORIOS DE TELA,1.83,8666661914623,visible,TELA DIY,1,91462-1,1000027599.jpg
1000027608,ACCESORIOS DE TELA,1.83,8666661914623,visible,TELA DIY,1,91462-2,1000027608.jpg
1000027619,ACCESORIOS DE TELA,1.83,8666661914623,visible,TELA DIY,1,91462-3,1000027619.jpg
1000027627,ACCESORIOS DE TELA,1.83,8666661914623,visible,TELA DIY,1,91462-4,1000027627.jpg
1000027628,ACCESORIOS DE TELA,1.83,8666661914623,visible,TELA DIY,1,91462-5,1000027628.jpg
1000027632,ACCESORIOS DE TELA,1.83,8666661914623,visible,TELA DIY,1,91462-9,1000027632.jpg
1000027600,ACCESORIOS DE TELA,1.83,8666661914623,visible,TELA DIY,1,91462-10,1000027600.jpg
1000027601,ACCESORIOS DE TELA,1.83,8666661914623,visible,TELA DIY,1,91462-11,1000027601.jpg
1000027602,ACCESORIOS DE TELA,1.83,8666661914623,visible,TELA DIY,1,91462-12,1000027602.jpg
1000027603,ACCESORIOS DE TELA,1.83,8666661914623,visible,TELA DIY,1,91462-13,1000027603.jpg
1000027604,ACCESORIOS DE TELA,1.83,8666661914623,visible,TELA DIY,1,91462-14,1000027604.jpg
1000027605,ACCESORIOS DE TELA,1.83,8666661914623,visible,TELA DIY,1,91462-16,1000027605.jpg
1000027606,ACCESORIOS DE TELA,1.83,8666661914623,visible,TELA DIY,1,91462-18,1000027606.jpg
1000027607,ACCESORIOS DE TELA,1.83,8666661914623,visible,TELA DIY,1,91462-19,1000027607.jpg
1000027609,ACCESORIOS DE TELA,1.83,8666661914623,visible,TELA DIY,1,91462-20,1000027609.jpg
1000027613,ACCESORIOS DE TELA,1.83,8666661914623,visible,TELA DIY,1,91462-24,1000027613.jpg
1000027614,ACCESORIOS DE TELA,1.83,8666661914623,visible,TELA DIY,1,91462-25,1000027614.jpg
1000027615,ACCESORIOS DE TELA,1.83,8666661914623,visible,TELA DIY,1,91462-26,1000027615.jpg
1000027616,ACCESORIOS DE TELA,1.83,8666661914623,visible,TELA DIY,1,91462-27,1000027616.jpg
1000027617,ACCESORIOS DE TELA,1.83,8666661914623,visible,TELA DIY,1,91462-28,1000027617.jpg
1000027618,ACCESORIOS DE TELA,1.83,8666661914623,visible,TELA DIY,1,91462-29,1000027618.jpg
1000027620,ACCESORIOS DE TELA,1.83,8666661914623,visible,TELA DIY,1,91462-30,1000027620.jpg
1000027621,ACCESORIOS DE TELA,1.83,8666661914623,visible,TELA DIY,1,91462-31,1000027621.jpg
1000027622,ACCESORIOS DE TELA,1.83,8666661914623,visible,TELA DIY,1,91462-32,1000027622.jpg
1000027623,ACCESORIOS DE TELA,1.83,8666661914623,visible,TELA DIY,1,91462-33,1000027623.jpg
1000027624,ACCESORIOS DE TELA,1.83,8666661914623,visible,TELA DIY,1,91462-34,1000027624.jpg
1000027626,ACCESORIOS DE TELA,1.83,8666661914623,visible,TELA DIY,1,91462-36,1000027626.jpg
1000027636,ACCESORIOS DE TELA,1.83,8666661914647,visible,TELA DIY,1,91464-3,1000027636.jpg
1000027638,ACCESORIOS DE TELA,1.83,8666661914647,visible,TELA DIY,1,91464-5,1000027638.jpg
1000027639,ACCESORIOS DE TELA,1.83,8666661914647,visible,TELA DIY,1,91464-6,1000027639.jpg
1000027640,ACCESORIOS DE TELA,1.83,8666661914647,visible,TELA DIY,1,91464-7,1000027640.jpg
1000027641,ACCESORIOS DE TELA,1.83,8666661914647,visible,TELA DIY,1,91464-8,1000027641.jpg
1000027642,ACCESORIOS DE TELA,1.83,8666661914647,visible,TELA DIY,1,91464-9,1000027642.jpg
1000027634,ACCESORIOS DE TELA,1.83,8666661914647,visible,TELA DIY,1,91464-10,1000027634.jpg
1000027649,ACCESORIOS DE TELA,1.83,8666661914654,visible,TELA DIY,1,91465-6,1000027649.jpg
1000027650,ACCESORIOS DE TELA,1.83,8666661914654,visible,TELA DIY,1,91465-7,1000027650.jpg
1000027651,ACCESORIOS DE TELA,1.83,8666661914654,visible,TELA DIY,1,91465-8,1000027651.jpg
1000027652,ACCESORIOS DE TELA,1.83,8666661914654,visible,TELA DIY,1,91465-9,1000027652.jpg
1000026761,ACCESORIOS DE TELA,1.83,8666661914227,visible,TELA DIY,1,91422-7,1000026761.jpg
1000026762,ACCESORIOS DE TELA,1.83,8666661914227,visible,TELA DIY,1,91422-8,1000026762.jpg
1000026737,ACCESORIOS DE TELA,1.83,8666661914227,visible,TELA DIY,1,91422-10,1000026737.jpg
1000026740,ACCESORIOS DE TELA,1.83,8666661914227,visible,TELA DIY,1,91422-13,1000026740.jpg
1000026742,ACCESORIOS DE TELA,1.83,8666661914227,visible,TELA DIY,1,91422-15,1000026742.jpg
1000026744,ACCESORIOS DE TELA,1.83,8666661914227,visible,TELA DIY,1,91422-17,1000026744.jpg
1000026746,ACCESORIOS DE TELA,1.83,8666661914227,visible,TELA DIY,1,91422-19,1000026746.jpg
1000026749,ACCESORIOS DE TELA,1.83,8666661914227,visible,TELA DIY,1,91422-21,1000026749.jpg
1000026751,ACCESORIOS DE TELA,1.83,8666661914227,visible,TELA DIY,1,91422-23,1000026751.jpg
1000026753,ACCESORIOS DE TELA,1.83,8666661914227,visible,TELA DIY,1,91422-25,1000026753.jpg
1000026457,ACCESORIOS DE TELA 100*150CM,1.83,8666661913787,visible,TELA DIY,1,91378-1,1000026457.jpg
1000026468,ACCESORIOS DE TELA 100*150CM,1.83,8666661913787,visible,TELA DIY,1,91378-2,1000026468.jpg
1000026479,ACCESORIOS DE TELA 100*150CM,1.83,8666661913787,visible,TELA DIY,1,91378-3,1000026479.jpg
1000026480,ACCESORIOS DE TELA 100*150CM,1.83,8666661913787,visible,TELA DIY,1,91378-4,1000026480.jpg
1000026481,ACCESORIOS DE TELA 100*150CM,1.83,8666661913787,visible,TELA DIY,1,91378-5,1000026481.jpg
1000026482,ACCESORIOS DE TELA 100*150CM,1.83,8666661913787,visible,TELA DIY,1,91378-6,1000026482.jpg
1000026483,ACCESORIOS DE TELA 100*150CM,1.83,8666661913787,visible,TELA DIY,1,91378-7,1000026483.jpg
1000026484,ACCESORIOS DE TELA 100*150CM,1.83,8666661913787,visible,TELA DIY,1,91378-8,1000026484.jpg
1000026485,ACCESORIOS DE TELA 100*150CM,1.83,8666661913787,visible,TELA DIY,1,91378-9,1000026485.jpg
1000026458,ACCESORIOS DE TELA 100*150CM,1.83,8666661913787,visible,TELA DIY,1,91378-10,1000026458.jpg
1000026459,ACCESORIOS DE TELA 100*150CM,1.83,8666661913787,visible,TELA DIY,1,91378-11,1000026459.jpg
1000026460,ACCESORIOS DE TELA 100*150CM,1.83,8666661913787,visible,TELA DIY,1,91378-12,1000026460.jpg
1000026461,ACCESORIOS DE TELA 100*150CM,1.83,8666661913787,visible,TELA DIY,1,91378-13,1000026461.jpg
1000026462,ACCESORIOS DE TELA 100*150CM,1.83,8666661913787,visible,TELA DIY,1,91378-14,1000026462.jpg
1000026463,ACCESORIOS DE TELA 100*150CM,1.83,8666661913787,visible,TELA DIY,1,91378-15,1000026463.jpg
1000026464,ACCESORIOS DE TELA 100*150CM,1.83,8666661913787,visible,TELA DIY,1,91378-16,1000026464.jpg
1000026465,ACCESORIOS DE TELA 100*150CM,1.83,8666661913787,visible,TELA DIY,1,91378-17,1000026465.jpg
1000026466,ACCESORIOS DE TELA 100*150CM,1.83,8666661913787,visible,TELA DIY,1,91378-18,1000026466.jpg
1000026467,ACCESORIOS DE TELA 100*150CM,1.83,8666661913787,visible,TELA DIY,1,91378-19,1000026467.jpg
1000026469,ACCESORIOS DE TELA 100*150CM,1.83,8666661913787,visible,TELA DIY,1,91378-20,1000026469.jpg
1000026470,ACCESORIOS DE TELA 100*150CM,1.83,8666661913787,visible,TELA DIY,1,91378-21,1000026470.jpg
1000026471,ACCESORIOS DE TELA 100*150CM,1.83,8666661913787,visible,TELA DIY,1,91378-22,1000026471.jpg
1000026472,ACCESORIOS DE TELA 100*150CM,1.83,8666661913787,visible,TELA DIY,1,91378-23,1000026472.jpg
1000026473,ACCESORIOS DE TELA 100*150CM,1.83,8666661913787,visible,TELA DIY,1,91378-24,1000026473.jpg
1000026474,ACCESORIOS DE TELA 100*150CM,1.83,8666661913787,visible,TELA DIY,1,91378-25,1000026474.jpg
1000026475,ACCESORIOS DE TELA 100*150CM,1.83,8666661913787,visible,TELA DIY,1,91378-26,1000026475.jpg
1000026476,ACCESORIOS DE TELA 100*150CM,1.83,8666661913787,visible,TELA DIY,1,91378-27,1000026476.jpg
1000026477,ACCESORIOS DE TELA 100*150CM,1.83,8666661913787,visible,TELA DIY,1,91378-28,1000026477.jpg
1000026478,ACCESORIOS DE TELA 100*150CM,1.83,8666661913787,visible,TELA DIY,1,91378-29,1000026478.jpg
1000000317,TELA TUL LISO MARON,1.83,8666661015696,visible,TELA DIY,1,01569K,1000000317.jpg
1000000318,TELA TUL DECORADO,1.83,8666661015702,visible,TELA DIY,1,01570A,1000000318.jpg
1000000319,TELA TUL DECORADO,1.83,8666661015702,visible,TELA DIY,1,01570B,1000000319.jpg
1000000320,TELA TUL DECORADO,1.83,8666661015702,visible,TELA DIY,1,01570C,1000000320.jpg
1000000321,TELA TUL DECORADO,1.83,8666661015702,visible,TELA DIY,1,01570D,1000000321.jpg
1000000322,TELA TUL DECORADO,1.83,8666661015702,visible,TELA DIY,1,01570E,1000000322.jpg
1000006266,TRAPILLO,0.72,8435401400012,visible,TELA DIY,1,00012-2,1000006266.jpg
1000006263,TRAPILLO,1.35,00013-1,visible,TELA DIY,1,00013-1,1000006263.jpg
1000000094,ACCESORIOS DE POLIPIEL,1.88,8435401401996,visible,TELA DIY,1,01996-30,1000000094.jpg
1000046949,ACCESORIOS DE RESINA FLOR,0.51,8666662103811,visible,TELA DIY,1,210381,1000046949.jpg
1000046950,ACCESORIOS DE RESINA FLOR,0.51,8666662103828,visible,TELA DIY,1,210382,1000046950.jpg
1000046951,ACCESORIOS DE RESINA FLOR,0.51,8666662103835,visible,TELA DIY,1,210383,1000046951.jpg
1000046952,ACCESORIOS DE RESINA MARINO,0.51,8666662103842,visible,TELA DIY,1,210384,1000046952.jpg
1000046953,ACCESORIOS DE RESINA ANIMAL,0.51,8666662103859,visible,TELA DIY,1,210385,1000046953.jpg
1000046954,ACCESORIOS DE RESINA NI?A,0.51,8666662103866,visible,TELA DIY,1,210386,1000046954.jpg
1000046955,ACCESORIOS DE RESINA FRUTA,0.51,8666662103873,visible,TELA DIY,1,210387,1000046955.jpg
1000046956,ACCESORIOS DE RESINA ANIMAL,0.51,8666662103880,visible,TELA DIY,1,210388,1000046956.jpg
1000046957,ACCESORIOS DE RESINA HELADO,0.51,8666662103897,visible,TELA DIY,1,210389,1000046957.jpg
1000046958,ACCESORIOS DE RESINA ANIMAL,0.51,8666662103903,visible,TELA DIY,1,210390,1000046958.jpg
1000046959,ACCESORIOS DE RESINA PANDA,0.51,8666662103927,visible,TELA DIY,1,210392,1000046959.jpg
1000046960,ACCESORIOS DE RESINA PERRO,0.51,8666662103934,visible,TELA DIY,1,210393,1000046960.jpg
1000046961,ACCESORIOS DE RESINA LAZO,0.51,8666662103941,visible,TELA DIY,1,210394,1000046961.jpg
1000046962,ACCESORIOS DE RESINA FRUTA,0.51,8666662103958,visible,TELA DIY,1,210395,1000046962.jpg
1000044334,SET DE ABALORIOS,1.41,8666662006136,visible,TELA DIY,1,200613,1000044334.jpg
1000044335,SET DE ABALORIOS,1.41,8666662006143,visible,TELA DIY,1,200614,1000044335.jpg
1000044336,SET DE ABALORIOS,1.41,8666662006150,visible,TELA DIY,1,200615,1000044336.jpg
1000044337,SET DE ABALORIOS,1.41,8666662006167,visible,TELA DIY,1,200616,1000044337.jpg
1000044338,SET DE ABALORIOS,1.41,8666662006174,visible,TELA DIY,1,200617,1000044338.jpg
1000044339,SET DE ABALORIOS,1.41,8666662006181,visible,TELA DIY,1,200618,1000044339.jpg
1000044340,SET DE ABALORIOS,1.41,8666662006198,visible,TELA DIY,1,200619,1000044340.jpg
1000044341,SET DE ABALORIOS,1.41,8666662006204,visible,TELA DIY,1,200620,1000044341.jpg
1000044342,SET DE ABALORIOS,1.41,8666662006211,visible,TELA DIY,1,200621,1000044342.jpg
1000044343,SET DE ABALORIOS,1.41,8666662006228,visible,TELA DIY,1,200622,1000044343.jpg
1000044344,SET DE ABALORIOS,2.41,8666662006235,visible,TELA DIY,1,200623,1000044344.jpg
1000044345,SET DE ABALORIOS,2.41,8666662006242,visible,TELA DIY,1,200624,1000044345.jpg
1000044346,SET DE ABALORIOS,2.41,8666662006259,visible,TELA DIY,1,200625,1000044346.jpg
1000044347,SET DE ABALORIOS,3.09,8666662006266,visible,TELA DIY,1,200626,1000044347.jpg
1000044348,SET DE ABALORIOS,3.09,8666662006273,visible,TELA DIY,1,200627,1000044348.jpg
1000044349,SET DE ABALORIOS,3.09,8666662006280,visible,TELA DIY,1,200628,1000044349.jpg
1000044350,SET DE ABALORIOS,3.09,8666662006297,visible,TELA DIY,1,200629,1000044350.jpg
1000044351,SET DE ABALORIOS,3.09,8666662006303,visible,TELA DIY,1,200630,1000044351.jpg
1000041812,SET DE ABALORIOS,1.83,8666662005115,visible,TELA DIY,1,200511,1000041812.jpg
1000041814,SET DE ABALORIOS,1.46,8666662005139,visible,TELA DIY,1,200513,1000041814.jpg
1000041816,SET DE ABALORIOS,1.46,8666662005153,visible,TELA DIY,1,200515,1000041816.jpg
1000041817,SET DE ABALORIOS,1.46,8666662005160,visible,TELA DIY,1,200516,1000041817.jpg
1000041818,SET DE ABALORIOS,1.46,8666662005177,visible,TELA DIY,1,200517,1000041818.jpg
1000041819,SET DE ABALORIOS,1.46,8666662005184,visible,TELA DIY,1,200518,1000041819.jpg
1000041822,SET DE ABALORIOS,1.46,8666662005214,visible,TELA DIY,1,200521,1000041822.jpg
1000041823,SET DE ABALORIOS,1.46,8666662005221,visible,TELA DIY,1,200522,1000041823.jpg
1000041824,SET DE ABALORIOS,1.46,8666662005238,visible,TELA DIY,1,200523,1000041824.jpg
1000041825,SET DE ABALORIOS,1.46,8666662005245,visible,TELA DIY,1,200524,1000041825.jpg
1000041826,SET DE ABALORIOS,1.46,8666662005252,visible,TELA DIY,1,200525,1000041826.jpg
1000041827,SET DE ABALORIOS,1.46,8666662005269,visible,TELA DIY,1,200526,1000041827.jpg
1000044443,SET ABALORIO,2.2,8666662008222,visible,TELA DIY,1,200822,1000044443.jpg
1000044444,SET ABALORIO,2.2,8666662008239,visible,TELA DIY,1,200823,1000044444.jpg
1000044445,SET ABALORIO,2.2,8666662008246,visible,TELA DIY,1,200824,1000044445.jpg
1000044446,SET ABALORIO,2.2,8666662008253,visible,TELA DIY,1,200825,1000044446.jpg
1000044447,SET ABALORIO,2.62,8666662008260,visible,TELA DIY,1,200826,1000044447.jpg
1000044448,SET ABALORIO,2.62,8666662008277,visible,TELA DIY,1,200827,1000044448.jpg
1000044449,SET ABALORIO,2.62,8666662008284,visible,TELA DIY,1,200828,1000044449.jpg
1000044450,SET ABALORIO,2.62,8666662008291,visible,TELA DIY,1,200829,1000044450.jpg
1000044451,SET ABALORIO,2.62,8666662008307,visible,TELA DIY,1,200830,1000044451.jpg
1000044452,SET ABALORIO,2.62,8666662008314,visible,TELA DIY,1,200831,1000044452.jpg
1000044453,SET ABALORIO,2.62,8666662008321,visible,TELA DIY,1,200832,1000044453.jpg
1000044454,SET ABALORIO,2.62,8666662008338,visible,TELA DIY,1,200833,1000044454.jpg
1000044455,SET ABALORIO,2.62,8666662008345,visible,TELA DIY,1,200834,1000044455.jpg
1000041244,SET ABALORIOS PARA MANUALIDADES,1.46,8666662005016,visible,TELA DIY,1,200501,1000041244.jpg
1000041245,SET ABALORIOS PARA MANUALIDADES,1.46,8666662005023,visible,TELA DIY,1,200502,1000041245.jpg
1000041246,SET ABALORIOS PARA MANUALIDADES,1.46,8666662005030,visible,TELA DIY,1,200503,1000041246.jpg
1000041247,SET ABALORIOS PARA MANUALIDADES,1.46,8666662005047,visible,TELA DIY,1,200504,1000041247.jpg
1000041248,SET ABALORIOS PARA MANUALIDADES,2.57,8666662005092,visible,TELA DIY,1,200509,1000041248.jpg
1000041240,SET ABALORIOS PARA MANUALIDADES,2.57,8666662005054,visible,TELA DIY,1,200505,1000041240.jpg
1000041241,SET ABALORIOS PARA MANUALIDADES,2.57,8666662005061,visible,TELA DIY,1,200506,1000041241.jpg
1000041242,SET ABALORIOS PARA MANUALIDADES,2.57,8666662005078,visible,TELA DIY,1,200507,1000041242.jpg
1000041243,SET ABALORIOS PARA MANUALIDADES,2.57,8666662005085,visible,TELA DIY,1,200508,1000041243.jpg
1000038263,SET ABALORIOS PARA MANUALIDADES,2.57,866666200414,visible,TELA DIY,1,200414,1000038263.jpg
1000038264,SET ABALORIOS PARA MANUALIDADES,2.57,866666200415,visible,TELA DIY,1,200415,1000038264.jpg
1000038265,SET ABALORIOS PARA MANUALIDADES,2.57,866666200416,visible,TELA DIY,1,200416,1000038265.jpg
1000034300,ABALORIOS PARA MANUALIDADES,3.93,8666662000356,visible,TELA DIY,1,200035,1000034300.jpg
1000034301,ABALORIOS PARA MANUALIDADES,4.46,8666662000363,visible,TELA DIY,1,200036,1000034301.jpg
1000035565,Abalorios,0.47,8666662003319,visible,TELA DIY,1,200331,1000035565.jpg
1000035566,Abalorios,0.47,8666662003326,visible,TELA DIY,1,200332,1000035566.jpg
1000035567,Abalorios,0.47,8666662003333,visible,TELA DIY,1,200333,1000035567.jpg
1000044352,ABALORIOS,0.47,8666662007157,visible,TELA DIY,1,200715,1000044352.jpg
1000044353,ABALORIOS,0.47,8666662007164,visible,TELA DIY,1,200716,1000044353.jpg
1000044354,ABALORIOS,0.47,8666662007171,visible,TELA DIY,1,200717,1000044354.jpg
1000044355,ABALORIOS,0.47,8666662007195,visible,TELA DIY,1,200719,1000044355.jpg
1000044356,ABALORIOS,0.47,8666662007201,visible,TELA DIY,1,200720,1000044356.jpg
1000044357,ABALORIOS,0.47,8666662007218,visible,TELA DIY,1,200721,1000044357.jpg
1000044358,ABALORIOS,0.47,8666662007225,visible,TELA DIY,1,200722,1000044358.jpg
1000044359,ABALORIOS,0.47,8666662007232,visible,TELA DIY,1,200723,1000044359.jpg
1000044360,ABALORIOS,0.47,8666662007249,visible,TELA DIY,1,200724,1000044360.jpg
1000044361,ABALORIOS,0.47,8666662007256,visible,TELA DIY,1,200725,1000044361.jpg
1000044362,ABALORIOS,0.47,8666662007263,visible,TELA DIY,1,200726,1000044362.jpg
1000043710,ABALORIO,0.47,8666662006013,visible,TELA DIY,1,200601,1000043710.jpg
1000043711,ABALORIO,0.47,8666662006020,visible,TELA DIY,1,200602,1000043711.jpg
1000043712,ABALORIO,0.47,8666662006037,visible,TELA DIY,1,200603,1000043712.jpg
1000043713,ABALORIO,0.47,8666662006044,visible,TELA DIY,1,200604,1000043713.jpg
1000043714,ABALORIO,0.47,8666662006051,visible,TELA DIY,1,200605,1000043714.jpg
1000043715,ABALORIO,0.47,8666662006068,visible,TELA DIY,1,200606,1000043715.jpg
1000043716,ABALORIO,0.47,8666662006075,visible,TELA DIY,1,200607,1000043716.jpg
1000043717,ABALORIO,0.47,8666662006082,visible,TELA DIY,1,200608,1000043717.jpg
1000043718,ABALORIO,0.47,8666662006099,visible,TELA DIY,1,200609,1000043718.jpg
1000043719,ABALORIO,0.47,8666662006105,visible,TELA DIY,1,200610,1000043719.jpg
1000043720,ABALORIO,0.47,8666662006112,visible,TELA DIY,1,200611,1000043720.jpg
1000043721,ABALORIO,0.47,8666662006129,visible,TELA DIY,1,200612,1000043721.jpg
1000036841,ABALORIO,0.51,866666200334,visible,TELA DIY,1,200334,1000036841.jpg
1000036842,ABALORIO,0.51,866666200335,visible,TELA DIY,1,200335,1000036842.jpg
1000036843,ABALORIO,0.51,866666200336,visible,TELA DIY,1,200336,1000036843.jpg
1000036819,ABALORIO MADERA,0.51,866666200076,visible,TELA DIY,1,200076,1000036819.jpg
1000036820,ABALORIO MADERA,0.51,866666200078,visible,TELA DIY,1,200078,1000036820.jpg
1000036821,ABALORIO MADERA,0.51,866666200080,visible,TELA DIY,1,200080,1000036821.jpg
1000036822,ABALORIO MADERA,0.51,866666200082,visible,TELA DIY,1,200082,1000036822.jpg
1000036823,ABALORIO MADERA,0.51,866666200083,visible,TELA DIY,1,200083,1000036823.jpg
1000036824,ABALORIO MADERA,0.51,866666200085,visible,TELA DIY,1,200085,1000036824.jpg
1000036825,ABALORIO MADERA,0.51,866666200087,visible,TELA DIY,1,200087,1000036825.jpg
1000036826,ABALORIO MADERA,0.51,866666200088,visible,TELA DIY,1,200088,1000036826.jpg
1000036827,ABALORIO MADERA,0.51,866666200089,visible,TELA DIY,1,200089,1000036827.jpg
1000036828,ABALORIO MADERA,0.51,866666200091,visible,TELA DIY,1,200091,1000036828.jpg
1000036829,ABALORIO MADERA,0.51,866666200093,visible,TELA DIY,1,200093,1000036829.jpg
1000036830,ABALORIO MADERA,0.51,866666200094,visible,TELA DIY,1,200094,1000036830.jpg
1000036831,ABALORIO MADERA,0.51,866666200097,visible,TELA DIY,1,200097,1000036831.jpg
1000036832,ABALORIO MADERA,0.51,866666200098,visible,TELA DIY,1,200098,1000036832.jpg
1000036833,ABALORIO MADERA,0.51,866666200099,visible,TELA DIY,1,200099,1000036833.jpg
1000036834,ABALORIO MADERA,0.51,866666200100,visible,TELA DIY,1,200100,1000036834.jpg
1000028550,ABALORIO MADERA,0.51,866666200102,visible,TELA DIY,1,200102,1000028550.jpg
1000036835,ABALORIO MADERA,0.51,866666200103,visible,TELA DIY,1,200103,1000036835.jpg
1000036836,ABALORIO MADERA,0.51,866666200104,visible,TELA DIY,1,200104,1000036836.jpg
1000036837,ABALORIO MADERA,0.51,866666200105,visible,TELA DIY,1,200105,1000036837.jpg
1000036838,ABALORIO MADERA,0.51,866666200106,visible,TELA DIY,1,200106,1000036838.jpg
1000036839,ABALORIO MADERA,0.51,866666200107,visible,TELA DIY,1,200107,1000036839.jpg
1000043213,ABALORIOS,0.53,8666662005634,visible,TELA DIY,1,200563,1000043213.jpg
1000043214,ABALORIOS,0.51,8666662005641,visible,TELA DIY,1,200564,1000043214.jpg
1000043327,ABEJA PARA MANUALIDADES,0.51,8666662100452,visible,TELA DIY,1,210045,1000043327.jpg
1000015409,ACCESORIOS PARA MANUALIDADES,0.51,866666201164,visible,TELA DIY,1,201164,1000015409.jpg
1000036934,ACCESORIOS PARA MANUALIDADES,0.51,866666201165,visible,TELA DIY,1,201165,1000036934.jpg
1000036935,ACCESORIOS PARA MANUALIDADES,0.51,866666201166,visible,TELA DIY,1,201166,1000036935.jpg
1000036936,ACCESORIOS PARA MANUALIDADES,0.51,866666201167,visible,TELA DIY,1,201167,1000036936.jpg
1000036937,ACCESORIOS PARA MANUALIDADES,0.51,866666201168,visible,TELA DIY,1,201168,1000036937.jpg
1000036938,ACCESORIOS PARA MANUALIDADES,0.51,866666201169,visible,TELA DIY,1,201169,1000036938.jpg
1000036939,ACCESORIOS PARA MANUALIDADES,0.51,866666201170,visible,TELA DIY,1,201170,1000036939.jpg
1000036940,ACCESORIOS PARA MANUALIDADES,0.51,866666201171,visible,TELA DIY,1,201171,1000036940.jpg
1000036941,ACCESORIOS PARA MANUALIDADES,0.51,866666201172,visible,TELA DIY,1,201172,1000036941.jpg
1000036840,ABALORIO MADERA,0.51,866666200108,visible,TELA DIY,1,200108,1000036840.jpg
1000042595,ACCESORIOS PARA MANUALIDADES,0.51,8666662005917,visible,TELA DIY,1,200591,1000042595.jpg
1000042596,ACCESORIOS PARA MANUALIDADES,0.51,8666662005924,visible,TELA DIY,1,200592,1000042596.jpg
1000042597,ACCESORIOS PARA MANUALIDADES,0.51,8666662005931,visible,TELA DIY,1,200593,1000042597.jpg
1000042598,ACCESORIOS PARA MANUALIDADES,0.51,8666662005948,visible,TELA DIY,1,200594,1000042598.jpg
1000042599,ACCESORIOS PARA MANUALIDADES,0.51,8666662005955,visible,TELA DIY,1,200595,1000042599.jpg
1000042600,ACCESORIOS PARA MANUALIDADES,0.51,8666662005962,visible,TELA DIY,1,200596,1000042600.jpg
1000042601,ACCESORIOS PARA MANUALIDADES,0.51,8666662005979,visible,TELA DIY,1,200597,1000042601.jpg
1000042603,ACCESORIOS PARA MANUALIDADES,0.51,8666662005993,visible,TELA DIY,1,200599,1000042603.jpg
1000037147,Cuentas de arcilla polimerica,0.43,8666662002039,visible,TELA DIY,1,200203,1000037147.jpg
1000037148,Cuentas de arcilla polimerica,0.43,8666662002046,visible,TELA DIY,1,200204,1000037148.jpg
1000037149,Cuentas de arcilla polimerica,0.43,8666662002053,visible,TELA DIY,1,200205,1000037149.jpg
1000037150,Cuentas de arcilla polimerica,0.43,8666662002060,visible,TELA DIY,1,200206,1000037150.jpg
1000037151,Cuentas de arcilla polimerica,0.43,8666662002077,visible,TELA DIY,1,200207,1000037151.jpg
1000037152,Cuentas de arcilla polimerica,0.43,8666662002084,visible,TELA DIY,1,200208,1000037152.jpg
1000037153,Cuentas de arcilla polimerica,0.43,8666662002091,visible,TELA DIY,1,200209,1000037153.jpg
1000037154,Cuentas de arcilla polimerica,0.43,8666662002107,visible,TELA DIY,1,200210,1000037154.jpg
1000037155,Cuentas de arcilla polimerica,0.43,8666662002114,visible,TELA DIY,1,200211,1000037155.jpg
1000037156,Cuentas de arcilla polimerica,0.43,8666662002121,visible,TELA DIY,1,200212,1000037156.jpg
1000037157,Cuentas de arcilla polimerica,0.43,8666662002138,visible,TELA DIY,1,200213,1000037157.jpg
1000037158,Cuentas de arcilla polimerica,0.43,8666662002145,visible,TELA DIY,1,200214,1000037158.jpg
1000037159,Cuentas de arcilla polimerica,0.43,8666662002152,visible,TELA DIY,1,200215,1000037159.jpg
1000037160,Cuentas de arcilla polimerica,0.43,8666662002169,visible,TELA DIY,1,200216,1000037160.jpg
1000037161,Cuentas de arcilla polimerica,0.43,8666662002176,visible,TELA DIY,1,200217,1000037161.jpg
1000037162,Cuentas de arcilla polimerica,0.43,8666662002183,visible,TELA DIY,1,200218,1000037162.jpg
1000037163,Cuentas de arcilla polimerica,0.43,8666662002190,visible,TELA DIY,1,200219,1000037163.jpg
1000037164,Cuentas de arcilla polimerica,0.43,8666662002206,visible,TELA DIY,1,200220,1000037164.jpg
1000037165,Cuentas de arcilla polimerica,0.43,8666662002213,visible,TELA DIY,1,200221,1000037165.jpg
1000037166,Cuentas de arcilla polimerica,0.43,8666662002220,visible,TELA DIY,1,200222,1000037166.jpg
1000037167,Cuentas de arcilla polimerica,0.43,8666662002237,visible,TELA DIY,1,200223,1000037167.jpg
1000037168,Cuentas de arcilla polimerica,0.43,8666662002244,visible,TELA DIY,1,200224,1000037168.jpg
1000037169,Cuentas de arcilla polimerica,0.43,8666662002251,visible,TELA DIY,1,200225,1000037169.jpg
1000037170,Cuentas de arcilla polimerica,0.43,8666662002268,visible,TELA DIY,1,200226,1000037170.jpg
1000037171,Cuentas de arcilla polimerica,0.43,8666662002275,visible,TELA DIY,1,200227,1000037171.jpg
1000037172,Cuentas de arcilla polimerica,0.43,8666662002282,visible,TELA DIY,1,200228,1000037172.jpg
1000037173,Cuentas de arcilla polimerica,0.43,8666662002299,visible,TELA DIY,1,200229,1000037173.jpg
1000037174,Cuentas de arcilla polimerica,0.43,8666662002305,visible,TELA DIY,1,200230,1000037174.jpg
1000037175,Cuentas de arcilla polimerica,0.43,8666662002312,visible,TELA DIY,1,200231,1000037175.jpg
1000037176,Cuentas de arcilla polimerica,0.43,8666662002329,visible,TELA DIY,1,200232,1000037176.jpg
1000037177,Cuentas de arcilla polimerica,0.43,8666662002336,visible,TELA DIY,1,200233,1000037177.jpg
1000037178,Cuentas de arcilla polimerica,0.43,8666662002343,visible,TELA DIY,1,200234,1000037178.jpg
1000037179,Cuentas de arcilla polimerica,0.43,8666662002350,visible,TELA DIY,1,200235,1000037179.jpg
1000037180,Cuentas de arcilla polimerica,0.43,8666662002367,visible,TELA DIY,1,200236,1000037180.jpg
1000037181,Cuentas de arcilla polimerica,0.43,8666662002374,visible,TELA DIY,1,200237,1000037181.jpg
1000037182,Cuentas de arcilla polimerica,0.43,8666662002381,visible,TELA DIY,1,200238,1000037182.jpg
1000037183,Cuentas de arcilla polimerica,0.43,8666662002398,visible,TELA DIY,1,200239,1000037183.jpg
1000037184,Cuentas de arcilla polimerica,0.43,8666662002404,visible,TELA DIY,1,200240,1000037184.jpg
1000037185,Cuentas de arcilla polimerica,0.43,8666662002411,visible,TELA DIY,1,200241,1000037185.jpg
1000037186,Cuentas de arcilla polimerica,0.43,8666662002428,visible,TELA DIY,1,200242,1000037186.jpg
1000037187,Cuentas de arcilla polimerica,0.43,8666662002435,visible,TELA DIY,1,200243,1000037187.jpg
1000037188,Cuentas de arcilla polimerica,0.43,8666662002442,visible,TELA DIY,1,200244,1000037188.jpg
1000037189,Cuentas de arcilla polimerica,0.43,8666662002459,visible,TELA DIY,1,200245,1000037189.jpg
1000037190,Cuentas de arcilla polimerica,0.43,8666662002466,visible,TELA DIY,1,200246,1000037190.jpg
1000037191,Cuentas de arcilla polimerica,0.43,8666662002473,visible,TELA DIY,1,200247,1000037191.jpg
1000037192,Cuentas de arcilla polimerica,0.43,8666662002480,visible,TELA DIY,1,200248,1000037192.jpg
1000037193,Cuentas de arcilla polimerica,0.43,8666662002497,visible,TELA DIY,1,200249,1000037193.jpg
1000037194,Cuentas de arcilla polimerica,0.43,8666662002503,visible,TELA DIY,1,200250,1000037194.jpg
1000037195,Cuentas de arcilla polimerica,0.43,8666662002510,visible,TELA DIY,1,200251,1000037195.jpg
1000037196,Cuentas de arcilla polimerica,0.43,8666662002527,visible,TELA DIY,1,200252,1000037196.jpg
1000037197,Cuentas de arcilla polimerica,0.43,8666662002534,visible,TELA DIY,1,200253,1000037197.jpg
1000039047,CUENTAS MANUALIDADES,0.43,866666201541,visible,TELA DIY,1,201541,1000039047.jpg
1000039048,CUENTAS MANUALIDADES,0.43,866666201542,visible,TELA DIY,1,201542,1000039048.jpg
1000039049,CUENTAS MANUALIDADES,0.43,866666201543,visible,TELA DIY,1,201543,1000039049.jpg
1000039050,CUENTAS MANUALIDADES,0.43,866666201544,visible,TELA DIY,1,201544,1000039050.jpg
1000035244,ABALORIO,0.43,200037,visible,TELA DIY,1,200037,1000035244.jpg
1000035245,ABALORIO,0.43,200038,visible,TELA DIY,1,200038,1000035245.jpg
1000025193,ABALORIO,0.43,200039,visible,TELA DIY,1,200039,1000025193.jpg
1000035246,ABALORIO,0.43,866666200040,visible,TELA DIY,1,200040,1000035246.jpg
1000035247,CUENTAS MANUALIDADES,0.43,866666200041,visible,TELA DIY,1,200041,1000035247.jpg
1000035248,ABALORIO,0.43,200042,visible,TELA DIY,1,200042,1000035248.jpg
1000035249,ABALORIO,0.43,200043,visible,TELA DIY,1,200043,1000035249.jpg
1000035250,ABALORIO,0.43,866666200044,visible,TELA DIY,1,200044,1000035250.jpg
1000035251,ABALORIO,0.43,200045,visible,TELA DIY,1,200045,1000035251.jpg
1000035252,ABALORIO,0.43,200046,visible,TELA DIY,1,200046,1000035252.jpg
1000035253,ABALORIO,0.43,200047,visible,TELA DIY,1,200047,1000035253.jpg
1000035254,ABALORIO,0.43,200048,visible,TELA DIY,1,200048,1000035254.jpg
1000035255,ABALORIO,0.43,866666200049,visible,TELA DIY,1,200049,1000035255.jpg
1000035256,ABALORIO,0.43,200050,visible,TELA DIY,1,200050,1000035256.jpg
1000035257,ABALORIO,0.43,200051,visible,TELA DIY,1,200051,1000035257.jpg
1000035258,ABALORIO,0.43,200052,visible,TELA DIY,1,200052,1000035258.jpg
1000035259,ABALORIO,0.43,200053,visible,TELA DIY,1,200053,1000035259.jpg
1000035260,ABALORIO,0.43,200054,visible,TELA DIY,1,200054,1000035260.jpg
1000035261,ABALORIO,0.43,200055,visible,TELA DIY,1,200055,1000035261.jpg
1000035262,ABALORIO,0.43,200056,visible,TELA DIY,1,200056,1000035262.jpg
1000035263,ABALORIO,0.43,866666200057,visible,TELA DIY,1,200057,1000035263.jpg
1000035264,ABALORIO,0.43,200058,visible,TELA DIY,1,200058,1000035264.jpg
1000035265,ABALORIO,0.43,866666200059,visible,TELA DIY,1,200059,1000035265.jpg
1000035266,ABALORIO,0.43,200060,visible,TELA DIY,1,200060,1000035266.jpg
1000035267,ABALORIO,0.43,200061,visible,TELA DIY,1,200061,1000035267.jpg
1000035268,ABALORIO,0.43,200062,visible,TELA DIY,1,200062,1000035268.jpg
1000035269,ABALORIO,0.43,866666200063,visible,TELA DIY,1,200063,1000035269.jpg
1000035270,ABALORIO,0.43,200064,visible,TELA DIY,1,200064,1000035270.jpg
1000035271,ABALORIO,0.43,200065,visible,TELA DIY,1,200065,1000035271.jpg
1000035272,ABALORIO,0.43,200066,visible,TELA DIY,1,200066,1000035272.jpg
1000035273,ABALORIO,0.43,200067,visible,TELA DIY,1,200067,1000035273.jpg
1000035274,ABALORIO,0.43,200068,visible,TELA DIY,1,200068,1000035274.jpg
1000035275,ABALORIO,0.43,200069,visible,TELA DIY,1,200069,1000035275.jpg
1000035276,ABALORIO,0.43,200070,visible,TELA DIY,1,200070,1000035276.jpg
1000035277,ABALORIO,0.43,200071,visible,TELA DIY,1,200071,1000035277.jpg
1000035278,ABALORIO,0.43,200072,visible,TELA DIY,1,200072,1000035278.jpg
1000035279,ABALORIO,0.43,200073,visible,TELA DIY,1,200073,1000035279.jpg
1000035280,ABALORIO,0.43,200074,visible,TELA DIY,1,200074,1000035280.jpg
1000035628,ABALORIOS,0.53,8666662030414,visible,TELA DIY,1,203041-3,1000035628.jpg
1000035629,ABALORIOS,0.53,8666662030414,visible,TELA DIY,1,203041-4,1000035629.jpg
1000035630,ABALORIOS,0.53,8666662030414,visible,TELA DIY,1,203041-5,1000035630.jpg
1000035631,ABALORIOS,0.53,8666662030414,visible,TELA DIY,1,203041-6,1000035631.jpg
1000035632,ABALORIOS,0.53,8666662030421,visible,TELA DIY,1,203042-1,1000035632.jpg
1000035633,ABALORIOS,0.53,8666662030421,visible,TELA DIY,1,203042-2,1000035633.jpg
1000035634,ABALORIOS,0.53,8666662030421,visible,TELA DIY,1,203042-3,1000035634.jpg
1000035635,ABALORIOS,0.53,8666662030421,visible,TELA DIY,1,203042-4,1000035635.jpg
1000035636,ABALORIOS,0.53,8666662030421,visible,TELA DIY,1,203042-5,1000035636.jpg
1000037198,CRUZ DE CONCHA NACA,0.47,8666662003371,visible,TELA DIY,1,200337,1000037198.jpg
1000035637,ABALORIOS,0.53,8666662030421,visible,TELA DIY,1,203042-6,1000035637.jpg
1000037199,CRUZ DE CONCHA NACA,0.47,8666662003388,visible,TELA DIY,1,200338,1000037199.jpg
1000035638,ABALORIOS,0.53,8666662030438,visible,TELA DIY,1,203043-1,1000035638.jpg
1000037200,CRUZ DE CONCHA NACA,0.47,8666662003395,visible,TELA DIY,1,200339,1000037200.jpg
1000035640,ABALORIOS,0.53,8666662030438,visible,TELA DIY,1,203043-4,1000035640.jpg
1000037201,CRUZ DE CONCHA NACA,0.47,8666662003401,visible,TELA DIY,1,200340,1000037201.jpg
1000035641,ABALORIOS,0.53,8666662030438,visible,TELA DIY,1,203043-5,1000035641.jpg
1000037202,CRUZ DE CONCHA NACA,0.47,8666662003418,visible,TELA DIY,1,200341,1000037202.jpg
1000035642,ABALORIOS,0.53,8666662030438,visible,TELA DIY,1,203043-6,1000035642.jpg
1000037203,CUENTAS DIY DE CONCHA  ,0.47,8666662003425,visible,TELA DIY,1,200342,1000037203.jpg
1000035639,ABALORIOS,0.53,8666662030438,visible,TELA DIY,1,203043-2,1000035639.jpg
1000037204,CUENTAS DIY DE CONCHA  ,0.47,8666662003432,visible,TELA DIY,1,200343,1000037204.jpg
1000035643,ABALORIOS,0.53,8666662030445,visible,TELA DIY,1,203044-1,1000035643.jpg
1000037205,CUENTAS DIY DE CONCHA  ,0.47,8666662003449,visible,TELA DIY,1,200344,1000037205.jpg
1000035644,ABALORIOS,0.53,8666662030445,visible,TELA DIY,1,203044-2,1000035644.jpg
1000037206,CUENTAS DIY DE CONCHA  ,0.47,8666662003456,visible,TELA DIY,1,200345,1000037206.jpg
1000035645,ABALORIOS,0.53,8666662030445,visible,TELA DIY,1,203044-3,1000035645.jpg
1000037207,CUENTAS DIY DE CONCHA  ,0.51,8666662003463,visible,TELA DIY,1,200346,1000037207.jpg
1000035646,ABALORIOS,0.53,8666662030445,visible,TELA DIY,1,203044-4,1000035646.jpg
1000037208,CUENTAS DIY DE CONCHA  ,0.51,8666662003470,visible,TELA DIY,1,200347,1000037208.jpg
1000035647,ABALORIOS,0.53,8666662030445,visible,TELA DIY,1,203044-5,1000035647.jpg
1000038242,CUENTAS DIY DE CONCHA,0.51,866666200348,visible,TELA DIY,1,200348-1,1000038242.jpg
1000035648,ABALORIOS,0.53,8666662030445,visible,TELA DIY,1,203044-6,1000035648.jpg
1000037209,CUENTAS DIY DE CONCHA,0.51,8666662003487,visible,TELA DIY,1,200348,1000037209.jpg
1000034808,ABALORIOS,0.47,866666200278,visible,TELA DIY,1,200278,1000034808.jpg
1000037210,CUENTAS DIY DE CONCHA  ,0.51,8666662003494,visible,TELA DIY,1,200349,1000037210.jpg
1000034809,ABALORIOS,0.47,866666200279,visible,TELA DIY,1,200279,1000034809.jpg
1000037211,CUENTAS DIY DE CONCHA  ,0.51,8666662003500,visible,TELA DIY,1,200350,1000037211.jpg
1000034810,ABALORIOS,0.47,866666200280,visible,TELA DIY,1,200280,1000034810.jpg
1000037212,CUENTAS DIY DE CONCHA  ,0.51,8666662003517,visible,TELA DIY,1,200351,1000037212.jpg
1000034811,ABALORIOS,0.47,866666200281,visible,TELA DIY,1,200281,1000034811.jpg
1000037213,CUENTAS DIY DE CONCHA  ,0.51,8666662003524,visible,TELA DIY,1,200352,1000037213.jpg
1000034812,ABALORIOS,0.47,866666200282,visible,TELA DIY,1,200282,1000034812.jpg
1000037214,CUENTAS DIY DE CONCHA  ,0.51,8666662003531,visible,TELA DIY,1,200353,1000037214.jpg
1000034813,ABALORIOS,0.47,866666200283,visible,TELA DIY,1,200283,1000034813.jpg
1000037215,CUENTAS DIY DE CONCHA  ,0.57,8666662003548,visible,TELA DIY,1,200354,1000037215.jpg
1000034814,ABALORIOS,0.47,866666200284,visible,TELA DIY,1,200284,1000034814.jpg
1000037216,CUENTAS DIY DE CONCHA  ,0.51,8666662003555,visible,TELA DIY,1,200355,1000037216.jpg
1000034815,ABALORIOS,0.47,866666200285,visible,TELA DIY,1,200285,1000034815.jpg
1000037217,CUENTAS DIY DE CONCHA  ,0.51,8666662003562,visible,TELA DIY,1,200356,1000037217.jpg
1000034816,ABALORIOS,0.47,866666200286,visible,TELA DIY,1,200286,1000034816.jpg
1000037218,CUENTAS DIY DE CONCHA  ,0.51,8666662003579,visible,TELA DIY,1,200357,1000037218.jpg
1000034817,ABALORIOS,0.47,866666200287,visible,TELA DIY,1,200287,1000034817.jpg
1000037219,CUENTAS DIY DE CONCHA  ,0.51,8666662003586,visible,TELA DIY,1,200358,1000037219.jpg
1000034818,ABALORIOS,0.47,866666200288,visible,TELA DIY,1,200288,1000034818.jpg
1000037220,CUENTAS DIY DE CONCHA  ,0.51,8666662003593,visible,TELA DIY,1,200359,1000037220.jpg
1000034819,ABALORIOS,0.47,866666200289,visible,TELA DIY,1,200289,1000034819.jpg
1000037221,CUENTAS DIY DE CONCHA  ,0.51,8666662003609,visible,TELA DIY,1,200360,1000037221.jpg
1000034820,ABALORIOS,0.47,866666200290,visible,TELA DIY,1,200290,1000034820.jpg
1000037222,CUENTAS DIY DE CONCHA  ,0.51,8666662003616,visible,TELA DIY,1,200361,1000037222.jpg
1000034821,ABALORIOS,0.47,866666200291,visible,TELA DIY,1,200291,1000034821.jpg
1000037223,CUENTAS DIY DE CONCHA  ,0.51,8666662003623,visible,TELA DIY,1,200362,1000037223.jpg
1000034822,ABALORIOS,0.47,866666200292,visible,TELA DIY,1,200292,1000034822.jpg
1000037224,CUENTAS DIY DE CONCHA  ,0.51,8666662003630,visible,TELA DIY,1,200363,1000037224.jpg
1000034823,ABALORIOS,0.47,866666200293,visible,TELA DIY,1,200293,1000034823.jpg
1000037225,CUENTAS DIY DE CONCHA  ,0.51,8666662003647,visible,TELA DIY,1,200364,1000037225.jpg
1000034824,ABALORIOS,0.47,866666200294,visible,TELA DIY,1,200294,1000034824.jpg
1000037226,CUENTAS DIY DE CONCHA  ,0.51,8666662003654,visible,TELA DIY,1,200365,1000037226.jpg
1000034825,ABALORIOS,0.47,866666200295,visible,TELA DIY,1,200295,1000034825.jpg
1000037227,CUENTAS DIY DE CONCHA  ,0.47,8666662003661,visible,TELA DIY,1,200366,1000037227.jpg
1000034826,ABALORIOS,0.47,866666200296,visible,TELA DIY,1,200296,1000034826.jpg
1000037228,CUENTAS DIY DE CONCHA  ,0.47,8666662003678,visible,TELA DIY,1,200367,1000037228.jpg
1000034827,ABALORIOS,0.47,866666200297,visible,TELA DIY,1,200297,1000034827.jpg
1000037229,CUENTAS DIY DE CONCHA  ,0.47,8666662003685,visible,TELA DIY,1,200368,1000037229.jpg
1000034828,ABALORIOS,0.47,866666200298,visible,TELA DIY,1,200298,1000034828.jpg
1000037230,CUENTAS DIY DE CONCHA  ,0.47,8666662003692,visible,TELA DIY,1,200369,1000037230.jpg
1000034829,ABALORIOS,0.47,866666200299,visible,TELA DIY,1,200299,1000034829.jpg
1000037231,CUENTAS DIY DE CONCHA  ,0.47,8666662003708,visible,TELA DIY,1,200370,1000037231.jpg
1000034830,ABALORIOS,0.47,866666200300,visible,TELA DIY,1,200300,1000034830.jpg
1000034831,ABALORIOS,0.47,866666200301,visible,TELA DIY,1,200301,1000034831.jpg
1000037234,concha para Diy,0.47,8666662003739,visible,TELA DIY,1,200373,1000037234.jpg
1000034832,ABALORIOS,0.47,866666200302,visible,TELA DIY,1,200302,1000034832.jpg
1000037235,concha para Diy,0.47,8666662003746,visible,TELA DIY,1,200374,1000037235.jpg
1000034833,ABALORIOS,0.47,866666200303,visible,TELA DIY,1,200303,1000034833.jpg
1000037236,concha para Diy,0.47,8666662003753,visible,TELA DIY,1,200375,1000037236.jpg
1000034834,ABALORIOS,0.47,866666200304,visible,TELA DIY,1,200304,1000034834.jpg
1000037237,CUENTAS DIY DE CONCHA,0.43,8666662003760,visible,TELA DIY,1,200376,1000037237.jpg
1000034835,ABALORIOS,0.47,866666200305,visible,TELA DIY,1,200305,1000034835.jpg
1000037238,CUENTAS DIY DE CONCHA,0.43,8666662003777,visible,TELA DIY,1,200377,1000037238.jpg
1000034836,ABALORIOS,0.47,866666200306,visible,TELA DIY,1,200306,1000034836.jpg
1000037239,CUENTAS DIY DE CONCHA,0.43,8666662003784,visible,TELA DIY,1,200378,1000037239.jpg
1000034837,ABALORIOS,0.47,866666200307,visible,TELA DIY,1,200307,1000034837.jpg
1000037240,CUENTAS DIY DE CONCHA,0.43,8666662003791,visible,TELA DIY,1,200379,1000037240.jpg
1000034712,ABALORIOS DE MADERA,0.49,866666200075,visible,TELA DIY,1,200075,1000034712.jpg
1000034713,ABALORIOS DE MADERA,0.49,866666200077,visible,TELA DIY,1,200077,1000034713.jpg
1000034714,ABALORIOS DE MADERA,0.49,866666200079,visible,TELA DIY,1,200079,1000034714.jpg
1000037243, CUENTAS DIY DE CONCHA  ,0.43,8666662003821,visible,TELA DIY,1,200382,1000037243.jpg
1000035599,Perlas para manualidades,0.47,8666662012595,visible,TELA DIY,1,201259,1000035599.jpg
1000035600,Perlas para manualidades,0.47,8666662012601,visible,TELA DIY,1,201260,1000035600.jpg
1000037246,CUENTAS DIY DE CONCHA,0.43,8666662003852,visible,TELA DIY,1,200385,1000037246.jpg
1000035601,Perlas para manualidades,0.47,8666662012618,visible,TELA DIY,1,201261,1000035601.jpg
1000037247,CUENTAS DIY DE CONCHA,0.43,8666662003869,visible,TELA DIY,1,200386,1000037247.jpg
1000035602,Perlas para manualidades,0.47,8666662012625,visible,TELA DIY,1,201262,1000035602.jpg
1000037248, CUENTAS DIY DE CONCHA  ,0.51,8666662003876,visible,TELA DIY,1,200387,1000037248.jpg
1000015431,Perlas para manualidades,0.47,8666662012632,visible,TELA DIY,1,201263,1000015431.jpg
1000037249,CUENTAS DIY DE CONCHA,0.51,8666662003883,visible,TELA DIY,1,200388,1000037249.jpg
1000035603,Perlas para manualidades,0.47,8666662012649,visible,TELA DIY,1,201264,1000035603.jpg
1000037250, CUENTAS DIY DE CONCHA  ,0.51,8666662003890,visible,TELA DIY,1,200389,1000037250.jpg
1000035524,Perlas para manualidades,0.51,8666662002572,visible,TELA DIY,1,200257,1000035524.jpg
1000037251, CUENTAS DIY DE CONCHA  ,0.51,8666662003906,visible,TELA DIY,1,200390,1000037251.jpg
1000035525,perlas para manualidades,0.51,8666662002589,visible,TELA DIY,1,200258,1000035525.jpg
1000037252,CUENTAS DIY DE CONCHA,0.51,8666662003913,visible,TELA DIY,1,200391,1000037252.jpg
1000035526,Perlas para manualidades,0.51,8666662002596,visible,TELA DIY,1,200259,1000035526.jpg
1000037253, CUENTAS DIY DE CONCHA  ,0.51,8666662003920,visible,TELA DIY,1,200392,1000037253.jpg
1000035527,Perlas para manualidades,0.47,8666662002602,visible,TELA DIY,1,200260,1000035527.jpg
1000035528,Perlas para manualidades,0.47,8666662002619,visible,TELA DIY,1,200261,1000035528.jpg
1000035529,Perlas para manualidades,0.47,8666662002626,visible,TELA DIY,1,200262,1000035529.jpg
1000035530,Perlas para manualidades,0.47,8666662002633,visible,TELA DIY,1,200263,1000035530.jpg
1000035531,Perlas para manualidades,0.47,8666662002640,visible,TELA DIY,1,200264,1000035531.jpg
1000035532,Perlas para manualidades,0.47,8666662002657,visible,TELA DIY,1,200265,1000035532.jpg
1000035533,Perlas para manualidades,0.47,8666662002664,visible,TELA DIY,1,200266,1000035533.jpg
1000035534,Perlas para manualidades,0.47,8666662002671,visible,TELA DIY,1,200267,1000035534.jpg
1000035535,Perlas para manualidades,0.47,8666662002688,visible,TELA DIY,1,200268,1000035535.jpg
1000035536,Perlas para manualidades,0.47,8666662002695,visible,TELA DIY,1,200269,1000035536.jpg
1000035537,Perlas para manualidades,0.47,8666662002701,visible,TELA DIY,1,200270,1000035537.jpg
1000035538,Perlas para manualidades,0.47,8666662002718,visible,TELA DIY,1,200271,1000035538.jpg
1000035539,Perlas para manualidades,0.47,8666662002725,visible,TELA DIY,1,200272,1000035539.jpg
1000035540,Perlas para manualidades,0.47,8666662002732,visible,TELA DIY,1,200273,1000035540.jpg
1000035541,Perlas para manualidades,0.47,8666662002749,visible,TELA DIY,1,200274,1000035541.jpg
1000040111,ABALORIOS,0.0,,visible,ABALORIOS,1,??_20240418145432,1000040111.jpg
1000031676,ABALORIO,0.53,866666191913,visible,ABALORIOS,1,91913-6,1000031676.jpg
1000031677,ABALORIO,0.53,866666191913,visible,ABALORIOS,1,91913-8,1000031677.jpg
1000031672,ABALORIO,0.53,866666191913,visible,ABALORIOS,1,91913-10,1000031672.jpg
1000031673,ABALORIO,0.53,866666191913,visible,ABALORIOS,1,91913-12,1000031673.jpg
1000031674,ABALORIO,0.53,866666191913,visible,ABALORIOS,1,91913-14,1000031674.jpg
1000031675,ABALORIO,0.53,866666191913,visible,ABALORIOS,1,91913-16,1000031675.jpg
1000031684,ABALORIO,0.53,866666191914,visible,ABALORIOS,1,91914-4,1000031684.jpg
1000031685,ABALORIO,0.53,866666191914,visible,ABALORIOS,1,91914-5,1000031685.jpg
1000031686,ABALORIO,0.53,866666191914,visible,ABALORIOS,1,91914-6,1000031686.jpg
1000031687,ABALORIO,0.53,866666191914,visible,ABALORIOS,1,91914-8,1000031687.jpg
1000031678,ABALORIO,0.53,866666191914,visible,ABALORIOS,1,91914-10,1000031678.jpg
1000031679,ABALORIO,0.53,866666191914,visible,ABALORIOS,1,91914-12,1000031679.jpg
1000031680,ABALORIO,0.53,866666191914,visible,ABALORIOS,1,91914-14,1000031680.jpg
1000031681,ABALORIO,0.53,866666191914,visible,ABALORIOS,1,91914-16,1000031681.jpg
1000031682,ABALORIO,0.53,866666191914,visible,ABALORIOS,1,91914-18,1000031682.jpg
1000031683,ABALORIO,0.53,866666191914,visible,ABALORIOS,1,91914-20,1000031683.jpg
1000031695,ABALORIO,0.53,866666191915,visible,ABALORIOS,1,91915-6,1000031695.jpg
1000031696,ABALORIO,0.53,866666191915,visible,ABALORIOS,1,91915-8,1000031696.jpg
1000031688,ABALORIO,0.53,866666191915,visible,ABALORIOS,1,91915-10,1000031688.jpg
1000031689,ABALORIO,0.53,866666191915,visible,ABALORIOS,1,91915-12,1000031689.jpg
1000031690,ABALORIO,0.53,866666191915,visible,ABALORIOS,1,91915-14,1000031690.jpg
1000031691,ABALORIO,0.53,866666191915,visible,ABALORIOS,1,91915-16,1000031691.jpg
1000031692,ABALORIO,0.53,866666191915,visible,ABALORIOS,1,91915-18,1000031692.jpg
1000031693,ABALORIO,0.53,866666191915,visible,ABALORIOS,1,91915-20,1000031693.jpg
1000031694,ABALORIO,0.53,866666191915,visible,ABALORIOS,1,91915-25,1000031694.jpg
1000032369,ABALORIOS,0.51,866666192188,visible,ABALORIOS,1,92188-1,1000032369.jpg
1000032370,ABALORIOS,0.51,866666192188,visible,ABALORIOS,1,92188-2,1000032370.jpg
1000032367,ABALORIOS,0.51,866666192187,visible,ABALORIOS,1,92187-1,1000032367.jpg
1000032368,ABALORIOS,0.51,866666192187,visible,ABALORIOS,1,92187-2,1000032368.jpg
1000032365,ABALORIOS,0.51,866666192186,visible,ABALORIOS,1,92186-3,1000032365.jpg
1000032358,ABALORIOS,0.51,866666192185,visible,ABALORIOS,1,92185-1,1000032358.jpg
1000032359,ABALORIOS,0.51,866666192185,visible,ABALORIOS,1,92185-2,1000032359.jpg
1000032360,ABALORIOS,0.51,866666192185,visible,ABALORIOS,1,92185-3,1000032360.jpg
1000032361,ABALORIOS,0.51,866666192185,visible,ABALORIOS,1,92185-4,1000032361.jpg
1000029561,ABALORIO,0.53,8666661918676,visible,ABALORIOS,1,91867-1,1000029561.jpg
1000029562,ABALORIO,0.53,8666661918676,visible,ABALORIOS,1,91867-2,1000029562.jpg
1000029563,ABALORIO,0.53,8666661918676,visible,ABALORIOS,1,91867-3,1000029563.jpg
1000029564,ABALORIO,0.53,8666661918676,visible,ABALORIOS,1,91867-4,1000029564.jpg
1000029565,ABALORIO,0.53,8666661918676,visible,ABALORIOS,1,91867-5,1000029565.jpg
1000029566,ABALORIO,0.53,8666661918676,visible,ABALORIOS,1,91867-6,1000029566.jpg
1000029567,ABALORIO,0.53,8666661918676,visible,ABALORIOS,1,91867-7,1000029567.jpg
1000029568,ABALORIO,0.53,8666661918676,visible,ABALORIOS,1,91867-8,1000029568.jpg
1000029569,ABALORIO,0.53,8666661918683,visible,ABALORIOS,1,91868-1,1000029569.jpg
1000029570,ABALORIO,0.53,8666661918683,visible,ABALORIOS,1,91868-2,1000029570.jpg
1000029571,ABALORIO,0.53,8666661918683,visible,ABALORIOS,1,91868-3,1000029571.jpg
1000029572,ABALORIO,0.53,8666661918683,visible,ABALORIOS,1,91868-4,1000029572.jpg
1000029573,ABALORIO,0.53,8666661918683,visible,ABALORIOS,1,91868-5,1000029573.jpg
1000029574,ABALORIO,0.53,8666661918683,visible,ABALORIOS,1,91868-6,1000029574.jpg
1000029575,ABALORIO,0.53,8666661918683,visible,ABALORIOS,1,91868-7,1000029575.jpg
1000029576,ABALORIO,0.53,8666661918683,visible,ABALORIOS,1,91868-8,1000029576.jpg
1000029577,ABALORIO,0.53,8666661918690,visible,ABALORIOS,1,91869-1,1000029577.jpg
1000029578,ABALORIO,0.53,8666661918690,visible,ABALORIOS,1,91869-2,1000029578.jpg
1000029579,ABALORIO,0.53,8666661918690,visible,ABALORIOS,1,91869-3,1000029579.jpg
1000029580,ABALORIO,0.53,8666661918690,visible,ABALORIOS,1,91869-4,1000029580.jpg
1000029581,ABALORIO,0.53,8666661918690,visible,ABALORIOS,1,91869-5,1000029581.jpg
1000029582,ABALORIO,0.53,8666661918690,visible,ABALORIOS,1,91869-6,1000029582.jpg
1000029583,ABALORIO,0.53,8666661918690,visible,ABALORIOS,1,91869-7,1000029583.jpg
1000029584,ABALORIO,0.53,8666661918690,visible,ABALORIOS,1,91869-8,1000029584.jpg
1000031451,ABALORIO 8MM,0.49,8666661918867,visible,ABALORIOS,1,91886-1,1000031451.jpg
1000031453,ABALORIO 8MM,0.49,8666661918867,visible,ABALORIOS,1,91886-2,1000031453.jpg
1000031454,ABALORIO 8MM,0.49,8666661918867,visible,ABALORIOS,1,91886-3,1000031454.jpg
1000031455,ABALORIO 8MM,0.49,8666661918867,visible,ABALORIOS,1,91886-4,1000031455.jpg
1000031456,ABALORIO 8MM,0.49,8666661918867,visible,ABALORIOS,1,91886-5,1000031456.jpg
1000031457,ABALORIO 8MM,0.49,8666661918867,visible,ABALORIOS,1,91886-6,1000031457.jpg
1000031458,ABALORIO 8MM,0.49,8666661918867,visible,ABALORIOS,1,91886-7,1000031458.jpg
1000031459,ABALORIO 8MM,0.49,8666661918867,visible,ABALORIOS,1,91886-8,1000031459.jpg
1000031460,ABALORIO 8MM,0.49,8666661918867,visible,ABALORIOS,1,91886-9,1000031460.jpg
1000031463,ABALORIO 10MM,0.49,8666661918874,visible,ABALORIOS,1,91887-2,1000031463.jpg
1000031464,ABALORIO 10MM,0.49,8666661918874,visible,ABALORIOS,1,91887-3,1000031464.jpg
1000031465,ABALORIO 10MM,0.49,8666661918874,visible,ABALORIOS,1,91887-4,1000031465.jpg
1000031468,ABALORIO 10MM,0.49,8666661918874,visible,ABALORIOS,1,91887-7,1000031468.jpg
1000031469,ABALORIO 10MM,0.49,8666661918874,visible,ABALORIOS,1,91887-8,1000031469.jpg
1000031470,ABALORIO 10MM,0.49,8666661918874,visible,ABALORIOS,1,91887-9,1000031470.jpg
1000031462,ABALORIO 10MM,0.49,8666661918874,visible,ABALORIOS,1,91887-10,1000031462.jpg
1000031476,ABALORIO 8MM,0.49,8666661918881,visible,ABALORIOS,1,91888-2,1000031476.jpg
1000031477,ABALORIO 8MM,0.49,8666661918881,visible,ABALORIOS,1,91888-3,1000031477.jpg
1000031479,ABALORIO 8MM,0.49,8666661918881,visible,ABALORIOS,1,91888-5,1000031479.jpg
1000031481,ABALORIO 8MM,0.49,8666661918881,visible,ABALORIOS,1,91888-7,1000031481.jpg
1000031482,ABALORIO 8MM,0.49,8666661918881,visible,ABALORIOS,1,91888-8,1000031482.jpg
1000031483,ABALORIO 8MM,0.49,8666661918881,visible,ABALORIOS,1,91888-9,1000031483.jpg
1000031489,ABALORIO 10MM,0.49,8666661918898,visible,ABALORIOS,1,91889-2,1000031489.jpg
1000031490,ABALORIO 10MM,0.49,8666661918898,visible,ABALORIOS,1,91889-3,1000031490.jpg
1000031491,ABALORIO 10MM,0.49,8666661918898,visible,ABALORIOS,1,91889-4,1000031491.jpg
1000031492,ABALORIO 10MM,0.49,8666661918898,visible,ABALORIOS,1,91889-5,1000031492.jpg
1000031493,ABALORIO 10MM,0.49,8666661918898,visible,ABALORIOS,1,91889-6,1000031493.jpg
1000031494,ABALORIO 10MM,0.49,8666661918898,visible,ABALORIOS,1,91889-7,1000031494.jpg
1000031495,ABALORIO 10MM,0.49,8666661918898,visible,ABALORIOS,1,91889-8,1000031495.jpg
1000031496,ABALORIO 10MM,0.49,8666661918898,visible,ABALORIOS,1,91889-9,1000031496.jpg
1000031487,ABALORIO 10MM,0.49,8666661918898,visible,ABALORIOS,1,91889-12,1000031487.jpg
1000031488,ABALORIO 10MM,0.49,8666661918898,visible,ABALORIOS,1,91889-13,1000031488.jpg
1000020818,ABALORIO,0.53,8666661203031,visible,ABALORIOS,1,20303-1,1000020818.jpg
1000020820,ABALORIO,0.53,8666661203048,visible,ABALORIOS,1,20304-1,1000020820.jpg
1000020821,ABALORIO,0.53,8666661203048,visible,ABALORIOS,1,20304-2,1000020821.jpg
1000020822,ABALORIO,0.53,8666661203055,visible,ABALORIOS,1,20305-1,1000020822.jpg
1000020823,ABALORIO,0.53,8666661203055,visible,ABALORIOS,1,20305-2,1000020823.jpg
1000020824,ABALORIO,0.53,8666661203062,visible,ABALORIOS,1,20306-1,1000020824.jpg
1000020825,ABALORIO,0.53,8666661203062,visible,ABALORIOS,1,20306-2,1000020825.jpg
1000023013,ABALORIO,0.53,8666661902590,visible,ABALORIOS,1,90259-1,1000023013.jpg
1000023014,ABALORIO,0.53,8666661902590,visible,ABALORIOS,1,90259-2,1000023014.jpg
1000023015,ABALORIO,0.53,8666661902606,visible,ABALORIOS,1,90260-1,1000023015.jpg
1000023016,ABALORIO,0.53,8666661902606,visible,ABALORIOS,1,90260-2,1000023016.jpg
1000023017,ABALORIO,0.53,8666661902613,visible,ABALORIOS,1,90261-1,1000023017.jpg
1000023018,ABALORIO,0.53,8666661902613,visible,ABALORIOS,1,90261-2,1000023018.jpg
1000023019,ABALORIO,0.53,8666661902620,visible,ABALORIOS,1,90262-1,1000023019.jpg
1000021535,ABALORIO,0.53,8666661203277,visible,ABALORIOS,1,20327-1,1000021535.jpg
1000021539,ABALORIO,0.53,8666661203277,visible,ABALORIOS,1,20327-3,1000021539.jpg
1000021540,ABALORIO,0.53,8666661203277,visible,ABALORIOS,1,20327-4,1000021540.jpg
1000021541,ABALORIO,0.53,8666661203277,visible,ABALORIOS,1,20327-5,1000021541.jpg
1000021542,ABALORIO,0.53,8666661203277,visible,ABALORIOS,1,20327-6,1000021542.jpg
1000021544,ABALORIO,0.53,8666661203277,visible,ABALORIOS,1,20327-8,1000021544.jpg
1000021545,ABALORIO,0.53,8666661203277,visible,ABALORIOS,1,20327-9,1000021545.jpg
1000021536,ABALORIO,0.53,8666661203277,visible,ABALORIOS,1,20327-10,1000021536.jpg
1000021537,ABALORIO,0.53,8666661203277,visible,ABALORIOS,1,20327-11,1000021537.jpg
1000020826,ABALORIO,0.53,8666661203079,visible,ABALORIOS,1,20307-1,1000020826.jpg
1000020834,ABALORIO,0.53,8666661203079,visible,ABALORIOS,1,20307-2,1000020834.jpg
1000020836,ABALORIO,0.53,8666661203079,visible,ABALORIOS,1,20307-4,1000020836.jpg
1000020837,ABALORIO,0.53,8666661203079,visible,ABALORIOS,1,20307-5,1000020837.jpg
1000020841,ABALORIO,0.53,8666661203079,visible,ABALORIOS,1,20307-9,1000020841.jpg
1000020829,ABALORIO,0.53,8666661203079,visible,ABALORIOS,1,20307-12,1000020829.jpg
1000020831,ABALORIO,0.53,8666661203079,visible,ABALORIOS,1,20307-14,1000020831.jpg
1000020832,ABALORIO,0.53,8666661203079,visible,ABALORIOS,1,20307-15,1000020832.jpg
1000020833,ABALORIO,0.53,8666661203079,visible,ABALORIOS,1,20307-16,1000020833.jpg
1000020842,ABALORIO,0.53,8666661203086,visible,ABALORIOS,1,20308-1,1000020842.jpg
1000020850,ABALORIO,0.53,8666661203086,visible,ABALORIOS,1,20308-2,1000020850.jpg
1000020853,ABALORIO,0.53,8666661203086,visible,ABALORIOS,1,20308-5,1000020853.jpg
1000020847,ABALORIO,0.53,8666661203086,visible,ABALORIOS,1,20308-14,1000020847.jpg
1000020858,ABALORIO,0.53,8666661203093,visible,ABALORIOS,1,20309-1,1000020858.jpg
1000020859,ABALORIO,0.53,8666661203093,visible,ABALORIOS,1,20309-2,1000020859.jpg
1000020860,ABALORIO,0.53,8666661203093,visible,ABALORIOS,1,20309-3,1000020860.jpg
1000020861,ABALORIO,0.53,8666661203093,visible,ABALORIOS,1,20309-4,1000020861.jpg
1000020862,ABALORIO,0.53,8666661203093,visible,ABALORIOS,1,20309-5,1000020862.jpg
1000020863,ABALORIO,0.53,8666661203093,visible,ABALORIOS,1,20309-6,1000020863.jpg
1000020864,ABALORIO,0.53,8666661203093,visible,ABALORIOS,1,20309-7,1000020864.jpg
1000020874,ABALORIO,0.53,8666661203116,visible,ABALORIOS,1,20311-3,1000020874.jpg
1000020875,ABALORIO,0.53,8666661203116,visible,ABALORIOS,1,20311-4,1000020875.jpg
1000020876,ABALORIO,0.53,8666661203116,visible,ABALORIOS,1,20311-5,1000020876.jpg
1000020877,ABALORIO,0.53,8666661203116,visible,ABALORIOS,1,20311-6,1000020877.jpg
1000020878,ABALORIO,0.53,8666661203116,visible,ABALORIOS,1,20311-7,1000020878.jpg
1000020880,ABALORIO,0.53,8666661203123,visible,ABALORIOS,1,20312-1,1000020880.jpg
1000020883,ABALORIO,0.53,8666661203123,visible,ABALORIOS,1,20312-4,1000020883.jpg
1000020885,ABALORIO,0.53,8666661203123,visible,ABALORIOS,1,20312-6,1000020885.jpg
1000020887,ABALORIO,0.53,8666661203123,visible,ABALORIOS,1,20312-8,1000020887.jpg
1000020888,ABALORIO,0.53,8666661203130,visible,ABALORIOS,1,20313-1,1000020888.jpg
1000020889,ABALORIO,0.53,8666661203130,visible,ABALORIOS,1,20313-2,1000020889.jpg
1000020890,ABALORIO,0.53,8666661203130,visible,ABALORIOS,1,20313-3,1000020890.jpg
1000020891,ABALORIO,0.53,8666661203130,visible,ABALORIOS,1,20313-4,1000020891.jpg
1000020892,ABALORIO,0.53,8666661203130,visible,ABALORIOS,1,20313-5,1000020892.jpg
1000020893,ABALORIO,0.53,8666661203130,visible,ABALORIOS,1,20313-6,1000020893.jpg
1000020894,ABALORIO,0.53,8666661203130,visible,ABALORIOS,1,20313-7,1000020894.jpg
1000020895,ABALORIO,0.53,8666661203130,visible,ABALORIOS,1,20313-8,1000020895.jpg
1000020898,ABALORIO,0.53,8666661203147,visible,ABALORIOS,1,20314-2,1000020898.jpg
1000020899,ABALORIO,0.53,8666661203147,visible,ABALORIOS,1,20314-3,1000020899.jpg
1000020900,ABALORIO,0.53,8666661203147,visible,ABALORIOS,1,20314-4,1000020900.jpg
1000020901,ABALORIO,0.53,8666661203147,visible,ABALORIOS,1,20314-5,1000020901.jpg
1000020902,ABALORIO,0.53,8666661203147,visible,ABALORIOS,1,20314-6,1000020902.jpg
1000020903,ABALORIO,0.53,8666661203147,visible,ABALORIOS,1,20314-7,1000020903.jpg
1000020904,ABALORIO,0.53,8666661203147,visible,ABALORIOS,1,20314-8,1000020904.jpg
1000020905,ABALORIO,0.53,8666661203147,visible,ABALORIOS,1,20314-9,1000020905.jpg
1000020906,ABALORIO,0.53,8666661203154,visible,ABALORIOS,1,20315-1,1000020906.jpg
1000020907,ABALORIO,0.53,8666661203154,visible,ABALORIOS,1,20315-2,1000020907.jpg
1000020908,ABALORIO,0.53,8666661203154,visible,ABALORIOS,1,20315-3,1000020908.jpg
1000020911,ABALORIO,0.53,8666661203154,visible,ABALORIOS,1,20315-6,1000020911.jpg
1000020912,ABALORIO,0.53,8666661203154,visible,ABALORIOS,1,20315-7,1000020912.jpg
1000020916,ABALORIO,0.53,8666661203161,visible,ABALORIOS,1,20316-2,1000020916.jpg
1000020917,ABALORIO,0.53,8666661203161,visible,ABALORIOS,1,20316-3,1000020917.jpg
1000020918,ABALORIO,0.53,8666661203161,visible,ABALORIOS,1,20316-4,1000020918.jpg
1000020920,ABALORIO,0.53,8666661203161,visible,ABALORIOS,1,20316-6,1000020920.jpg
1000020921,ABALORIO,0.53,8666661203161,visible,ABALORIOS,1,20316-7,1000020921.jpg
1000020922,ABALORIO,0.53,8666661203161,visible,ABALORIOS,1,20316-8,1000020922.jpg
1000020923,ABALORIO,0.53,8666661203161,visible,ABALORIOS,1,20316-9,1000020923.jpg
1000020924,ABALORIO,0.53,8666661203178,visible,ABALORIOS,1,20317-1,1000020924.jpg
1000020927,ABALORIO,0.53,8666661203178,visible,ABALORIOS,1,20317-2,1000020927.jpg
1000020928,ABALORIO,0.53,8666661203178,visible,ABALORIOS,1,20317-3,1000020928.jpg
1000020929,ABALORIO,0.53,8666661203178,visible,ABALORIOS,1,20317-4,1000020929.jpg
1000020930,ABALORIO,0.53,8666661203178,visible,ABALORIOS,1,20317-5,1000020930.jpg
1000020931,ABALORIO,0.53,8666661203178,visible,ABALORIOS,1,20317-6,1000020931.jpg
1000020932,ABALORIO,0.53,8666661203178,visible,ABALORIOS,1,20317-7,1000020932.jpg
1000020933,ABALORIO,0.53,8666661203178,visible,ABALORIOS,1,20317-8,1000020933.jpg
1000020934,ABALORIO,0.53,8666661203178,visible,ABALORIOS,1,20317-9,1000020934.jpg
1000020925,ABALORIO,0.53,8666661203178,visible,ABALORIOS,1,20317-10,1000020925.jpg
1000020935,ABALORIO,0.53,8666661203185,visible,ABALORIOS,1,20318-1,1000020935.jpg
1000020938,ABALORIO,0.53,8666661203185,visible,ABALORIOS,1,20318-2,1000020938.jpg
1000020939,ABALORIO,0.53,8666661203185,visible,ABALORIOS,1,20318-3,1000020939.jpg
1000020940,ABALORIO,0.53,8666661203185,visible,ABALORIOS,1,20318-4,1000020940.jpg
1000020941,ABALORIO,0.53,8666661203185,visible,ABALORIOS,1,20318-5,1000020941.jpg
1000020942,ABALORIO,0.53,8666661203185,visible,ABALORIOS,1,20318-6,1000020942.jpg
1000020943,ABALORIO,0.53,8666661203185,visible,ABALORIOS,1,20318-7,1000020943.jpg
1000020944,ABALORIO,0.53,8666661203185,visible,ABALORIOS,1,20318-8,1000020944.jpg
1000020945,ABALORIO,0.53,8666661203185,visible,ABALORIOS,1,20318-9,1000020945.jpg
1000020936,ABALORIO,0.53,8666661203185,visible,ABALORIOS,1,20318-10,1000020936.jpg
1000020946,ABALORIO,0.53,8666661203192,visible,ABALORIOS,1,20319-1,1000020946.jpg
1000020949,ABALORIO,0.53,8666661203192,visible,ABALORIOS,1,20319-2,1000020949.jpg
1000020950,ABALORIO,0.53,8666661203192,visible,ABALORIOS,1,20319-3,1000020950.jpg
1000020952,ABALORIO,0.53,8666661203192,visible,ABALORIOS,1,20319-5,1000020952.jpg
1000020953,ABALORIO,0.53,8666661203192,visible,ABALORIOS,1,20319-6,1000020953.jpg
1000020954,ABALORIO,0.53,8666661203192,visible,ABALORIOS,1,20319-7,1000020954.jpg
1000020955,ABALORIO,0.53,8666661203192,visible,ABALORIOS,1,20319-8,1000020955.jpg
1000020956,ABALORIO,0.53,8666661203192,visible,ABALORIOS,1,20319-9,1000020956.jpg
1000020947,ABALORIO,0.53,8666661203192,visible,ABALORIOS,1,20319-10,1000020947.jpg
1000031963,,0.0,,visible,ABALORIOS,1,20220615110510,1000031963.jpg
1000007385,MEDIA PERLA,0.51,8666661082100,visible,ABALORIOS,1,08210-31,1000007385.jpg
1000006892,MEDIA PERLA,0.51,8666661082100,visible,ABALORIOS,1,08210-10,1000006892.jpg
1000007369,MEDIA PERLA,0.51,8666661082100,visible,ABALORIOS,1,08210-15,1000007369.jpg
1000007372,MEDIA PERLA,0.51,8666661082100,visible,ABALORIOS,1,08210-18,1000007372.jpg
1000007374,MEDIA PERLA,0.51,8666661082100,visible,ABALORIOS,1,08210-20,1000007374.jpg
1000007375,MEDIA PERLA,0.51,8666661082100,visible,ABALORIOS,1,08210-21,1000007375.jpg
1000006896,MEDIA PERLA,0.51,8666661082100,visible,ABALORIOS,1,08210-7,1000006896.jpg
1000007386,MEDIA PERLA,0.51,8666661082100,visible,ABALORIOS,1,08210-32,1000007386.jpg
1000006893,MEDIA PERLA,0.51,8666661082100,visible,ABALORIOS,1,08210-11,1000006893.jpg
1000000211,PERLA ARTIFICIAL,0.51,8666661009206,visible,ABALORIOS,1,00920,1000000211.jpg
1000045893,PEGATINA AZULEJOS,2.61,8666662102814,visible,ABALORIOS,1,210281,1000045893.jpg
1000045894,PEGATINA AZULEJOS,2.61,8666662102821,visible,ABALORIOS,1,210282,1000045894.jpg
1000045895,PEGATINA AZULEJOS,2.61,8666662102838,visible,ABALORIOS,1,210283,1000045895.jpg
1000045896,PEGATINA AZULEJOS,2.61,8666662102845,visible,ABALORIOS,1,210284,1000045896.jpg
1000045897,PEGATINA AZULEJOS,2.61,8666662102852,visible,ABALORIOS,1,210285,1000045897.jpg
1000045898,PEGATINA AZULEJOS,2.61,8666662102869,visible,ABALORIOS,1,210286,1000045898.jpg
1000045899,PEGATINA AZULEJOS,2.61,8666662102876,visible,ABALORIOS,1,210287,1000045899.jpg
1000045900,PEGATINA AZULEJOS,2.61,8666662102883,visible,ABALORIOS,1,210288,1000045900.jpg
1000045901,PEGATINA AZULEJOS,2.61,8666662102890,visible,ABALORIOS,1,210289,1000045901.jpg
1000045902,PEGATINA AZULEJOS,2.61,8666662102906,visible,ABALORIOS,1,210290,1000045902.jpg
1000045903,PEGATINA AZULEJOS,2.61,8666662102913,visible,ABALORIOS,1,210291,1000045903.jpg
1000045904,PEGATINA AZULEJOS,2.61,8666662102920,visible,ABALORIOS,1,210292,1000045904.jpg
1000045905,PEGATINA AZULEJOS,2.61,8666662102937,visible,ABALORIOS,1,210293,1000045905.jpg
1000045906,PEGATINA AZULEJOS,2.61,8666662102944,visible,ABALORIOS,1,210294,1000045906.jpg
1000045907,PEGATINA AZULEJOS,1.56,8666662102951,visible,ABALORIOS,1,210295,1000045907.jpg
1000045908,PEGATINA AZULEJOS,1.56,8666662102968,visible,ABALORIOS,1,210296,1000045908.jpg
1000045909,PEGATINA AZULEJOS,1.56,8666662102975,visible,ABALORIOS,1,210297,1000045909.jpg
1000045910,PEGATINA AZULEJOS,1.56,8666662102982,visible,ABALORIOS,1,210298,1000045910.jpg
1000040086,iman,0.0,,visible,iman,1,??_20240418145241,1000040086.jpg
1000004140,IMAN,0.53,8666661060733,visible,iman,1,06073,1000004140.jpg
1000033084,iman,0.51,8666661926305,visible,iman,1,92630,1000033084.jpg
1000033085,IMAN,0.51,8666661926312,visible,iman,1,92631,1000033085.jpg
1000004138,IMAN,0.51,8666661060719,visible,iman,1,06071,1000004138.jpg
1000004141,IMAN,0.53,8666661060726,visible,iman,1,06072,1000004141.jpg
1000004139,IMAN,0.57,8666661060740,visible,iman,1,06074,1000004139.jpg
1000022291,IMAN SUPER FUERTE,0.68,8666661203666,visible,iman,1,20366,1000022291.jpg
1000022293,IMAN SUPER FUERTE,0.6,8666661203680,visible,iman,1,20368,1000022293.jpg
1000035294,IMAN SUPER FUERTE,0.6,866666202071,visible,iman,1,202071,1000035294.jpg
1000035295,IMAN SUPER FUERTE,0.89,866666202072,visible,iman,1,202072,1000035295.jpg
1000035604,IM? ADHESIVA,0.8,8666662020736,visible,iman,1,202073,1000035604.jpg
1000025244,IMAN DE MARIPOSA PARA NEVERA,0.32,8666661911288,visible,iman,1,91128-1,1000025244.jpg
1000025249,IMAN DE MARIPOSA PARA NEVERA,0.32,8666661911288,visible,iman,1,91128-2,1000025249.jpg
1000025250,IMAN DE MARIPOSA PARA NEVERA,0.32,8666661911288,visible,iman,1,91128-3,1000025250.jpg
1000025251,IMAN DE MARIPOSA PARA NEVERA,0.32,8666661911288,visible,iman,1,91128-4,1000025251.jpg
1000025245,IMAN DE MARIPOSA PARA NEVERA,0.32,8666661911288,visible,iman,1,91128-5,1000025245.jpg
1000025252,IMAN DE MARIPOSA PARA NEVERA,0.32,8666661911288,visible,iman,1,91128-6,1000025252.jpg
1000025246,IMAN DE MARIPOSA PARA NEVERA,0.32,8666661911288,visible,iman,1,91128-7,1000025246.jpg
1000025247,IMAN DE MARIPOSA PARA NEVERA,0.32,8666661911288,visible,iman,1,91128-8,1000025247.jpg
1000025253,IMAN DE MARIPOSA PARA NEVERA,0.32,8666661911288,visible,iman,1,91128-9,1000025253.jpg
1000045911,FLORES ARTIFICIALES,0.43,8666662103019,visible,iman,1,210301,1000045911.jpg
1000045912,FLORES ARTIFICIALES,0.43,8666662103026,visible,iman,1,210302,1000045912.jpg
1000045913,FLORES ARTIFICIALES,0.43,8666662103033,visible,iman,1,210303,1000045913.jpg
1000045914,FLORES ARTIFICIALES,0.43,8666662103040,visible,iman,1,210304,1000045914.jpg
1000045915,FLORES ARTIFICIALES,0.43,8666662103057,visible,iman,1,210305,1000045915.jpg
1000045917,FLORES ARTIFICIALES,0.43,8666662103071,visible,iman,1,210307,1000045917.jpg
1000045918,FLORES ARTIFICIALES,0.43,8666662103088,visible,iman,1,210308,1000045918.jpg
1000045919,FLORES ARTIFICIALES,0.43,8666662103095,visible,iman,1,210309,1000045919.jpg
1000045920,FLORES ARTIFICIALES,0.43,8666662103101,visible,iman,1,210310,1000045920.jpg
1000045921,FLORES ARTIFICIALES,0.43,8666662103118,visible,iman,1,210311,1000045921.jpg
1000040106,ACCESORIOS DE MADERA,0.0,,visible,ACCESORIOS DE MADERA,1,??_20240418145410,1000040106.jpg
1000046555,PIZARRA DE MADERA 7*12CM,0.55,8666662042929,visible,ACCESORIOS DE MADERA,1,204292,1000046555.jpg
1000046556,PIZARRA DE MADERA 7*12CM,0.55,8666662042936,visible,ACCESORIOS DE MADERA,1,204293,1000046556.jpg
1000046557,PIZARRA DE MADERA 7*12CM,0.55,8666662042943,visible,ACCESORIOS DE MADERA,1,204294,1000046557.jpg
1000046262,MATRILLO DE MADERA 14*2CM 2PC,0.52,8666662042646,visible,ACCESORIOS DE MADERA,1,204264,1000046262.jpg
1000046263,MATRILLO DE MADERA 14*2CM 2PC,0.52,8666662042653,visible,ACCESORIOS DE MADERA,1,204265,1000046263.jpg
1000046264,MATRILLO DE MADERA 14*2CM 2PC,0.61,8666662042660,visible,ACCESORIOS DE MADERA,1,204266,1000046264.jpg
1000046265,ROLLO DE MADERA 14CM*2 2PC,0.93,8666662042677,visible,ACCESORIOS DE MADERA,1,204267,1000046265.jpg
1000046266,"ROLLO DE MADERA 19,5CM*2,5 1PC",0.83,8666662042684,visible,ACCESORIOS DE MADERA,1,204268,1000046266.jpg
1000044363,CADENA DE MADERA,2.57,8666662018610,visible,ACCESORIOS DE MADERA,1,201861,1000044363.jpg
1000044364,CADENA DE MADERA,2.78,8666662018627,visible,ACCESORIOS DE MADERA,1,201862,1000044364.jpg
1000044365,CADENA DE MADERA,2.99,8666662018634,visible,ACCESORIOS DE MADERA,1,201863,1000044365.jpg
1000046550,"ETIQUETA DE MADERA 8*6*0,25",0.51,8666662042592,visible,ACCESORIOS DE MADERA,1,204259,1000046550.jpg
1000046551,"ETIQUETA DE MADERA 8*8*0,25",0.51,8666662042608,visible,ACCESORIOS DE MADERA,1,204260,1000046551.jpg
1000046552,"ETIQUETA DE MADERA 8*8*0,25",0.51,8666662042615,visible,ACCESORIOS DE MADERA,1,204261,1000046552.jpg
1000046553,"ETIQUETA DE MADERA 8*6*0,25",0.51,8666662042622,visible,ACCESORIOS DE MADERA,1,204262,1000046553.jpg
1000046554,"ETIQUETA DE MADERA 8*6*0,25",0.51,8666662042639,visible,ACCESORIOS DE MADERA,1,204263,1000046554.jpg
1000043296,ETIQUETAS DE MADERA,0.93,8666662057305,visible,ACCESORIOS DE MADERA,1,205730,1000043296.jpg
1000043297,ETIQUETAS DE MADERA,0.93,8666662057312,visible,ACCESORIOS DE MADERA,1,205731,1000043297.jpg
1000043298,ETIQUETAS DE MADERA,0.93,8666662057329,visible,ACCESORIOS DE MADERA,1,205732,1000043298.jpg
1000043299,ETIQUETAS DE MADERA,0.93,8666662057336,visible,ACCESORIOS DE MADERA,1,205733,1000043299.jpg
1000043300,ETIQUETAS DE MADERA,0.93,8666662057343,visible,ACCESORIOS DE MADERA,1,205734,1000043300.jpg
1000043301,ETIQUETAS DE MADERA,0.93,8666662057350,visible,ACCESORIOS DE MADERA,1,205735,1000043301.jpg
1000043302,ETIQUETAS DE MADERA,0.93,8666662057367,visible,ACCESORIOS DE MADERA,1,205736,1000043302.jpg
1000043303,ETIQUETAS DE MADERA,0.93,8666662057374,visible,ACCESORIOS DE MADERA,1,205737,1000043303.jpg
1000043304,ETIQUETAS DE MADERA,0.93,8666662057381,visible,ACCESORIOS DE MADERA,1,205738,1000043304.jpg
1000043305,ATRAPASUE?OS DE MADERA,0.76,8666662057398,visible,ACCESORIOS DE MADERA,1,205739,1000043305.jpg
1000043306,ATRAPASUE?OS DE MADERA,0.76,8666662057404,visible,ACCESORIOS DE MADERA,1,205740,1000043306.jpg
1000043307,ATRAPASUE?OS DE MADERA,0.76,8666662057411,visible,ACCESORIOS DE MADERA,1,205741,1000043307.jpg
1000043308,ATRAPASUE?OS DE MADERA,0.76,8666662057428,visible,ACCESORIOS DE MADERA,1,205742,1000043308.jpg
1000043309,ATRAPASUE?OS DE MADERA,0.76,8666662057435,visible,ACCESORIOS DE MADERA,1,205743,1000043309.jpg
1000043310,ATRAPASUE?OS DE MADERA,0.76,8666662057442,visible,ACCESORIOS DE MADERA,1,205744,1000043310.jpg
1000043311,MINI PALETS,1.1,8666662057459,visible,ACCESORIOS DE MADERA,1,205745,1000043311.jpg
1000043312,MINI PALETS,1.41,8666662057466,visible,ACCESORIOS DE MADERA,1,205746,1000043312.jpg
1000043313,MINI PALETS,1.83,8666662057473,visible,ACCESORIOS DE MADERA,1,205747,1000043313.jpg
1000043314,MINI PALETS,2.57,8666662057480,visible,ACCESORIOS DE MADERA,1,205748,1000043314.jpg
1000042242,FORMA FLOR DE MADERA,0.47,8666662040970,visible,ACCESORIOS DE MADERA,1,204097,1000042242.jpg
1000042244,FORMA CORONA DE MADERA,0.47,8666662040994,visible,ACCESORIOS DE MADERA,1,204099,1000042244.jpg
1000042245,FORMA CORONA DE MADERA  ,0.47,8666662041007,visible,ACCESORIOS DE MADERA,1,204100,1000042245.jpg
1000042246,FORMA MARIPOSA DE MADERA,0.47,8666662041014,visible,ACCESORIOS DE MADERA,1,204101,1000042246.jpg
1000042247,FORMA MARIPOSA DE MADERA,0.47,8666662041021,visible,ACCESORIOS DE MADERA,1,204102,1000042247.jpg
1000042248,LETRA DE MADERA,0.55,8666662041038,visible,ACCESORIOS DE MADERA,1,204103,1000042248.jpg
1000042249,LETRA DE MADERA,0.6,8666662041045,visible,ACCESORIOS DE MADERA,1,204104,1000042249.jpg
1000042250,NUMERO DE MADERA,0.55,8666662041052,visible,ACCESORIOS DE MADERA,1,204105,1000042250.jpg
1000042251,NUMERO DE MADERA,0.6,8666662041069,visible,ACCESORIOS DE MADERA,1,204106,1000042251.jpg
1000042252,LETRA DE MADERA,0.68,8666662041076,visible,ACCESORIOS DE MADERA,1,204107,1000042252.jpg
1000042253,LETRA DE MADERA,0.72,8666662041083,visible,ACCESORIOS DE MADERA,1,204108,1000042253.jpg
1000042254,NUMERO DE MADERA,0.68,8666662041090,visible,ACCESORIOS DE MADERA,1,204109,1000042254.jpg
1000042255,NUMERO DE MADERA,0.72,8666662041106,visible,ACCESORIOS DE MADERA,1,204110,1000042255.jpg
1000042256,ESTRELLA DE MADERA,0.47,8666662041113,visible,ACCESORIOS DE MADERA,1,204111,1000042256.jpg
1000042257,ESTRELLA DE MADERA,0.47,8666662041120,visible,ACCESORIOS DE MADERA,1,204112,1000042257.jpg
1000042258,ABALORIO DE MADERA,0.47,8666662041137,visible,ACCESORIOS DE MADERA,1,204113,1000042258.jpg
1000042259,ABALORIO DE MADERA,0.47,8666662041144,visible,ACCESORIOS DE MADERA,1,204114,1000042259.jpg
1000042260,ABALORIO DE MADERA,0.47,8666662041151,visible,ACCESORIOS DE MADERA,1,204115,1000042260.jpg
1000042261,MARIQUITA DE MADERA,0.47,8666662041168,visible,ACCESORIOS DE MADERA,1,204116,1000042261.jpg
1000042262,MARIQUITA DE MADERA,0.47,8666662041175,visible,ACCESORIOS DE MADERA,1,204117,1000042262.jpg
1000042263,MARIQUITA DE MADERA,0.47,8666662041182,visible,ACCESORIOS DE MADERA,1,204118,1000042263.jpg
1000042264,MARIQUITA DE MADERA ,0.47,8666662041199,visible,ACCESORIOS DE MADERA,1,204119,1000042264.jpg
1000042265,MARIQUITA DE MADERA ,0.47,8666662041205,visible,ACCESORIOS DE MADERA,1,204120,1000042265.jpg
1000042266,MARIQUITA DE MADERA,0.47,8666662041212,visible,ACCESORIOS DE MADERA,1,204121,1000042266.jpg
1000042267,MARIQUITA DE MADERA,0.47,8666662041229,visible,ACCESORIOS DE MADERA,1,204122,1000042267.jpg
1000042268,MARIQUITA DE MADERA,0.47,8666662041236,visible,ACCESORIOS DE MADERA,1,204123,1000042268.jpg
1000042269,MARIQUITA DE MADERA ,0.47,8666662041243,visible,ACCESORIOS DE MADERA,1,204124,1000042269.jpg
1000042270,MARIQUITA DE MADERA ,0.47,8666662041250,visible,ACCESORIOS DE MADERA,1,204125,1000042270.jpg
1000042271,ESTRELLA DE MADERA,0.47,8666662041267,visible,ACCESORIOS DE MADERA,1,204126,1000042271.jpg
1000042272,ESTRELLA DE MADERA,0.47,8666662041274,visible,ACCESORIOS DE MADERA,1,204127,1000042272.jpg
1000042273,ESTRELLA DE MADERA,0.47,8666662041281,visible,ACCESORIOS DE MADERA,1,204128,1000042273.jpg
1000042274,ESTRELLA DE MADERA,0.47,8666662041298,visible,ACCESORIOS DE MADERA,1,204129,1000042274.jpg
1000042275,ABALORIO DE MADERA,0.47,8666662041304,visible,ACCESORIOS DE MADERA,1,204130,1000042275.jpg
1000042276,ABALORIO DE MADERA,0.47,8666662041311,visible,ACCESORIOS DE MADERA,1,204131,1000042276.jpg
1000042277,ABALORIO DE MADERA,0.47,8666662041328,visible,ACCESORIOS DE MADERA,1,204132,1000042277.jpg
1000042278,ABALORIO DE MADERA,0.47,8666662041335,visible,ACCESORIOS DE MADERA,1,204133,1000042278.jpg
1000042279,ABALORIO DE MADERA,0.47,8666662041342,visible,ACCESORIOS DE MADERA,1,204134,1000042279.jpg
1000042280,ABALORIO DE MADERA,0.47,8666662041359,visible,ACCESORIOS DE MADERA,1,204135,1000042280.jpg
1000042281,ABALORIO DE MADERA,0.47,8666662041366,visible,ACCESORIOS DE MADERA,1,204136,1000042281.jpg
1000042282,ABALORIO DE MADERA,0.47,8666662041373,visible,ACCESORIOS DE MADERA,1,204137,1000042282.jpg
1000042283,ABALORIO DE MADERA,0.47,8666662041380,visible,ACCESORIOS DE MADERA,1,204138,1000042283.jpg
1000042284,ABALORIO DE MADERA,0.47,8666662041397,visible,ACCESORIOS DE MADERA,1,204139,1000042284.jpg
1000042285,ABALORIO DE MADERA,0.47,8666662041403,visible,ACCESORIOS DE MADERA,1,204140,1000042285.jpg
1000042286,ABALORIO DE MADERA,0.47,8666662041410,visible,ACCESORIOS DE MADERA,1,204141,1000042286.jpg
1000042287,ABALORIO DE MADERA,0.47,8666662041427,visible,ACCESORIOS DE MADERA,1,204142,1000042287.jpg
1000042288,ABALORIO DE MADERA,0.47,8666662041434,visible,ACCESORIOS DE MADERA,1,204143,1000042288.jpg
1000042289,CORAZON DE MADERA,0.47,8666662041441,visible,ACCESORIOS DE MADERA,1,204144,1000042289.jpg
1000042290,CORAZON DE MADERA,0.47,8666662041458,visible,ACCESORIOS DE MADERA,1,204145,1000042290.jpg
1000042291,CORAZON DE MADERA,0.47,8666662041465,visible,ACCESORIOS DE MADERA,1,204146,1000042291.jpg
1000042292,CORAZON DE MADERA,0.47,8666662041472,visible,ACCESORIOS DE MADERA,1,204147,1000042292.jpg
1000042293,ESTRELLA DE MADERA,0.47,8666662041489,visible,ACCESORIOS DE MADERA,1,204148,1000042293.jpg
1000042294, ESTRELLA DE MADERA,0.47,8666662041496,visible,ACCESORIOS DE MADERA,1,204149,1000042294.jpg
1000042295,ABALORIO DE MADERA,0.47,8666662041502,visible,ACCESORIOS DE MADERA,1,204150,1000042295.jpg
1000042296,ABALORIO DE MADERA,0.47,8666662041519,visible,ACCESORIOS DE MADERA,1,204151,1000042296.jpg
1000042297,ABALORIO DE MADERA,0.47,8666662041526,visible,ACCESORIOS DE MADERA,1,204152,1000042297.jpg
1000042298,ABALORIO DE MADERA,0.47,8666662041533,visible,ACCESORIOS DE MADERA,1,204153,1000042298.jpg
1000042299,ABALORIO DE MADERA,0.47,8666662041540,visible,ACCESORIOS DE MADERA,1,204154,1000042299.jpg
1000042300,ABALORIO DE MADERA,0.47,8666662041557,visible,ACCESORIOS DE MADERA,1,204155,1000042300.jpg
1000042301,ABALORIO DE MADERA,0.47,8666662041564,visible,ACCESORIOS DE MADERA,1,204156,1000042301.jpg
1000042302,ABALORIO DE MADERA,0.47,8666662041571,visible,ACCESORIOS DE MADERA,1,204157,1000042302.jpg
1000042303,ABALORIO DE MADERA,0.47,8666662041588,visible,ACCESORIOS DE MADERA,1,204158,1000042303.jpg
1000042304,ABALORIO DE MADERA,0.47,8666662041595,visible,ACCESORIOS DE MADERA,1,204159,1000042304.jpg
1000042305,ABALORIO DE MADERA,0.47,8666662041601,visible,ACCESORIOS DE MADERA,1,204160,1000042305.jpg
1000042306,ABALORIO DE MADERA,0.47,8666662041618,visible,ACCESORIOS DE MADERA,1,204161,1000042306.jpg
1000042307,ABALORIO DE MADERA,0.47,8666662041625,visible,ACCESORIOS DE MADERA,1,204162,1000042307.jpg
1000042308,ABALORIO DE MADERA,0.47,8666662041632,visible,ACCESORIOS DE MADERA,1,204163,1000042308.jpg
1000042309,ABALORIO DE MADERA,0.47,8666662041649,visible,ACCESORIOS DE MADERA,1,204164,1000042309.jpg
1000042310,ABALORIO DE MADERA,0.47,8666662041656,visible,ACCESORIOS DE MADERA,1,204165,1000042310.jpg
1000042311,ABALORIO DE MADERA,0.47,8666662041663,visible,ACCESORIOS DE MADERA,1,204166,1000042311.jpg
1000042312,ABALORIO DE MADERA,0.47,8666662041670,visible,ACCESORIOS DE MADERA,1,204167,1000042312.jpg
1000042313,ABALORIO DE MADERA,0.47,8666662041687,visible,ACCESORIOS DE MADERA,1,204168,1000042313.jpg
1000042314,ABALORIO DE MADERA,0.47,8666662041694,visible,ACCESORIOS DE MADERA,1,204169,1000042314.jpg
1000042315,ABALORIO DE MADERA,0.47,8666662041700,visible,ACCESORIOS DE MADERA,1,204170,1000042315.jpg
1000042316,ABALORIO DE MADERA,0.47,8666662041717,visible,ACCESORIOS DE MADERA,1,204171,1000042316.jpg
1000042317,ABALORIO DE MADERA,0.47,8666662041724,visible,ACCESORIOS DE MADERA,1,204172,1000042317.jpg
1000042318,ABALORIO DE MADERA,0.47,8666662041731,visible,ACCESORIOS DE MADERA,1,204173,1000042318.jpg
1000042319,ABALORIO DE MADERA,0.47,8666662041748,visible,ACCESORIOS DE MADERA,1,204174,1000042319.jpg
1000042320,ABALORIO DE MADERA,0.47,8666662041755,visible,ACCESORIOS DE MADERA,1,204175,1000042320.jpg
1000042321,ABALORIO DE MADERA,0.47,8666662041762,visible,ACCESORIOS DE MADERA,1,204176,1000042321.jpg
1000042322,ABALORIO DE MADERA,0.47,8666662041779,visible,ACCESORIOS DE MADERA,1,204177,1000042322.jpg
1000043626,MADERA DE MANUALIDAD DE COLOR,0.47,8666662041861,visible,ACCESORIOS DE MADERA,1,204186,1000043626.jpg
1000043627,MADERA DE MANUALIDAD DE COLOR,0.45,8666662041878,visible,ACCESORIOS DE MADERA,1,204187,1000043627.jpg
1000043628,MADERA DE MANUALIDAD DE COLOR,0.45,8666662041885,visible,ACCESORIOS DE MADERA,1,204188,1000043628.jpg
1000043629,MADERA DE MANUALIDAD DE COLOR,0.45,8666662041892,visible,ACCESORIOS DE MADERA,1,204189,1000043629.jpg
1000043630,MADERA DE MANUALIDAD DE COLOR,0.47,8666662041908,visible,ACCESORIOS DE MADERA,1,204190,1000043630.jpg
1000043631,MADERA DE MANUALIDAD DE COLOR,0.45,8666662041915,visible,ACCESORIOS DE MADERA,1,204191,1000043631.jpg
1000043632,MADERA DE MANUALIDAD DE COLOR,0.47,8666662041922,visible,ACCESORIOS DE MADERA,1,204192,1000043632.jpg
1000043633,MADERA DE MANUALIDAD DE COLOR,0.47,8666662041939,visible,ACCESORIOS DE MADERA,1,204193,1000043633.jpg
1000043634,MADERA DE MANUALIDAD DE COLOR,0.47,8666662041946,visible,ACCESORIOS DE MADERA,1,204194,1000043634.jpg
1000043635,MADERA DE MANUALIDAD DE COLOR,0.47,8666662041953,visible,ACCESORIOS DE MADERA,1,204195,1000043635.jpg
1000043636,MADERA DE MANUALIDAD DE COLOR,0.53,8666662041960,visible,ACCESORIOS DE MADERA,1,204196,1000043636.jpg
1000043637,MADERA DE MANUALIDAD DE COLOR,0.57,8666662041977,visible,ACCESORIOS DE MADERA,1,204197,1000043637.jpg
1000043638,MADERA DE MANUALIDAD DE COLOR,0.47,8666662041984,visible,ACCESORIOS DE MADERA,1,204198,1000043638.jpg
1000043639,MADERA DE MANUALIDAD DE COLOR,0.45,8666662041991,visible,ACCESORIOS DE MADERA,1,204199,1000043639.jpg
1000043640,MADERA DE MANUALIDAD DE COLOR,0.51,8666662042004,visible,ACCESORIOS DE MADERA,1,204200,1000043640.jpg
1000043641,MADERA DE MANUALIDAD DE COLOR,0.57,8666662042011,visible,ACCESORIOS DE MADERA,1,204201,1000043641.jpg
1000043642,MADERA DE MANUALIDAD DE COLOR,0.47,8666662042028,visible,ACCESORIOS DE MADERA,1,204202,1000043642.jpg
1000043643,MADERA DE MANUALIDAD DE COLOR,0.45,8666662042035,visible,ACCESORIOS DE MADERA,1,204203,1000043643.jpg
1000043644,MADERA DE MANUALIDAD DE COLOR,0.51,8666662042042,visible,ACCESORIOS DE MADERA,1,204204,1000043644.jpg
1000043645,MADERA DE MANUALIDAD DE COLOR,0.47,8666662042059,visible,ACCESORIOS DE MADERA,1,204205,1000043645.jpg
1000043646,MADERA DE MANUALIDAD DE COLOR,0.47,8666662042066,visible,ACCESORIOS DE MADERA,1,204206,1000043646.jpg
1000043647,MADERA DE MANUALIDAD DE COLOR,0.47,8666662042073,visible,ACCESORIOS DE MADERA,1,204207,1000043647.jpg
1000043648,MADERA DE MANUALIDAD DE COLOR,0.47,8666662042080,visible,ACCESORIOS DE MADERA,1,204208,1000043648.jpg
1000043649,MADERA DE MANUALIDAD DE COLOR,0.47,8666662042097,visible,ACCESORIOS DE MADERA,1,204209,1000043649.jpg
1000043650,MADERA DE MANUALIDAD DE COLOR,0.47,8666662042103,visible,ACCESORIOS DE MADERA,1,204210,1000043650.jpg
1000031514,MADERA PARA MANUALIDADES,1.14,866666192057,visible,ACCESORIOS DE MADERA,1,92057,1000031514.jpg
1000031515,MADERA PARA MANUALIDADES,0.9,866666192058,visible,ACCESORIOS DE MADERA,1,92058,1000031515.jpg
1000031516,MADERA PARA MANUALIDADES,1.2,866666192059,visible,ACCESORIOS DE MADERA,1,92059,1000031516.jpg
1000031517,MADERA PARA MANUALIDADES,1.41,866666192060,visible,ACCESORIOS DE MADERA,1,92060,1000031517.jpg
1000031518,MADERA PARA MANUALIDADES,1.57,866666192061,visible,ACCESORIOS DE MADERA,1,92061,1000031518.jpg
1000030309,CLIP DE CHUPETE,0.72,866666192081,visible,ACCESORIOS DE MADERA,1,92081,1000030309.jpg
1000030249,ABALORIO DE MADERA,0.64,866666192000,visible,ACCESORIOS DE MADERA,1,92000,1000030249.jpg
1000022288,CRUZ DE MADERA PARA MANUALIDADES,0.47,866666120363,visible,ACCESORIOS DE MADERA,1,20363,1000022288.jpg
1000022286,CRUZ DE MADERA PARA MANUALIDADES,0.47,866666120361,visible,ACCESORIOS DE MADERA,1,20361,1000022286.jpg
1000022284,CRUZ DE MADERA PARA MANUALIDADES,0.47,866666120359,visible,ACCESORIOS DE MADERA,1,20359,1000022284.jpg
1000022282,CRUZ DE MADERA PARA MANUALIDADES,0.47,866666120357,visible,ACCESORIOS DE MADERA,1,20357,1000022282.jpg
1000022265,BOT? DE MADERA PARA MANUALIDADES,0.49,8666661203406,visible,ACCESORIOS DE MADERA,1,20340,1000022265.jpg
1000030140,ABALORIO DE MADERA,0.49,866666191973,visible,ACCESORIOS DE MADERA,1,91973,1000030140.jpg
1000030141,ABALORIO DE MADERA,0.49,866666191974,visible,ACCESORIOS DE MADERA,1,91974,1000030141.jpg
1000030228,ABALORIO DE MADERA,0.49,866666191975,visible,ACCESORIOS DE MADERA,1,91975,1000030228.jpg
1000030142,ABALORIO DE MADERA,0.49,866666191976,visible,ACCESORIOS DE MADERA,1,91976,1000030142.jpg
1000030229,ABALORIO DE MADERA,0.49,866666191977,visible,ACCESORIOS DE MADERA,1,91977,1000030229.jpg
1000030143,ABALORIO DE MADERA,0.49,866666191978,visible,ACCESORIOS DE MADERA,1,91978,1000030143.jpg
1000030230,ABALORIO DE MADERA,0.49,866666191979,visible,ACCESORIOS DE MADERA,1,91979,1000030230.jpg
1000030231,ABALORIO DE MADERA,0.49,866666191980,visible,ACCESORIOS DE MADERA,1,91980,1000030231.jpg
1000030232,ABALORIO DE MADERA,0.51,866666191981,visible,ACCESORIOS DE MADERA,1,91981,1000030232.jpg
1000030233,ABALORIO DE MADERA,0.55,866666191982,visible,ACCESORIOS DE MADERA,1,91982,1000030233.jpg
1000030234,ABALORIO DE MADERA,0.57,866666191983,visible,ACCESORIOS DE MADERA,1,91983,1000030234.jpg
1000030235,ABALORIO DE MADERA,0.75,866666191984,visible,ACCESORIOS DE MADERA,1,91984,1000030235.jpg
1000030236,ABALORIO DE MADERA,0.49,866666191985,visible,ACCESORIOS DE MADERA,1,91985,1000030236.jpg
1000030237,ABALORIO DE MADERA,0.51,866666191986,visible,ACCESORIOS DE MADERA,1,91986,1000030237.jpg
1000030238,ABALORIO DE MADERA,0.51,866666191987,visible,ACCESORIOS DE MADERA,1,91987,1000030238.jpg
1000032870,ABALORIO 14MM,0.51,866666191988,visible,ACCESORIOS DE MADERA,1,91988,1000032870.jpg
1000032871,ABALORIO 16MM,0.51,866666191989,visible,ACCESORIOS DE MADERA,1,91989,1000032871.jpg
1000030239,ABALORIO DE MADERA,0.54,866666191990,visible,ACCESORIOS DE MADERA,1,91990,1000030239.jpg
1000030240,ABALORIO DE MADERA,0.54,866666191991,visible,ACCESORIOS DE MADERA,1,91991,1000030240.jpg
1000030241,ABALORIO DE MADERA,0.54,866666191992,visible,ACCESORIOS DE MADERA,1,91992,1000030241.jpg
1000030242,ABALORIO DE MADERA,0.54,866666191993,visible,ACCESORIOS DE MADERA,1,91993,1000030242.jpg
1000030243,ABALORIO DE MADERA,0.6,866666191994,visible,ACCESORIOS DE MADERA,1,91994,1000030243.jpg
1000030244,ABALORIO DE MADERA,0.75,866666191995,visible,ACCESORIOS DE MADERA,1,91995,1000030244.jpg
1000030245,ABALORIO DE MADERA,0.95,866666191996,visible,ACCESORIOS DE MADERA,1,91996,1000030245.jpg
1000030260,ABALORIO DE MADERA,0.51,866666192013,visible,ACCESORIOS DE MADERA,1,92013,1000030260.jpg
1000030262,ABALORIO DE MADERA,0.51,866666192015,visible,ACCESORIOS DE MADERA,1,92015,1000030262.jpg
1000030263,ABALORIO DE MADERA,0.51,866666192016,visible,ACCESORIOS DE MADERA,1,92016,1000030263.jpg
1000030265,ABALORIO DE MADERA,0.51,866666192018,visible,ACCESORIOS DE MADERA,1,92018,1000030265.jpg
1000030268,ABALORIO DE MADERA,0.51,866666192021,visible,ACCESORIOS DE MADERA,1,92021,1000030268.jpg
1000030269,ABALORIO DE MADERA,0.51,866666192022,visible,ACCESORIOS DE MADERA,1,92022,1000030269.jpg
1000030270,ABALORIO DE MADERA,0.51,866666192023,visible,ACCESORIOS DE MADERA,1,92023,1000030270.jpg
1000030272,ABALORIO DE MADERA,0.51,866666192028,visible,ACCESORIOS DE MADERA,1,92028,1000030272.jpg
1000030274,ABALORIO DE MADERA,0.51,866666192030,visible,ACCESORIOS DE MADERA,1,92030,1000030274.jpg
1000030400,ACCESORIOS DE MADERA,0.51,866666192031,visible,ACCESORIOS DE MADERA,1,92031-1,1000030400.jpg
1000030276,ABALORIO DE MADERA,0.51,866666192032,visible,ACCESORIOS DE MADERA,1,92032,1000030276.jpg
1000030281,ACCESORIOS DE MADERA,0.53,866666192037,visible,ACCESORIOS DE MADERA,1,92037,1000030281.jpg
1000030282,ACCESORIOS DE MADERA,0.53,866666192038,visible,ACCESORIOS DE MADERA,1,92038,1000030282.jpg
1000030283,ACCESORIOS DE MADERA,0.55,866666192039,visible,ACCESORIOS DE MADERA,1,92039,1000030283.jpg
1000030284,ACCESORIOS DE MADERA,0.55,866666192040,visible,ACCESORIOS DE MADERA,1,92040,1000030284.jpg
1000030285,ACCESORIOS DE MADERA,0.55,866666192041,visible,ACCESORIOS DE MADERA,1,92041,1000030285.jpg
1000030286,ACCESORIOS DE MADERA,0.55,866666192042,visible,ACCESORIOS DE MADERA,1,92042,1000030286.jpg
1000030287,ACCESORIOS DE MADERA,0.57,866666192043,visible,ACCESORIOS DE MADERA,1,92043,1000030287.jpg
1000030288,ACCESORIOS DE MADERA,0.64,866666192044,visible,ACCESORIOS DE MADERA,1,92044,1000030288.jpg
1000030289,ACCESORIOS DE MADERA,0.57,866666192045,visible,ACCESORIOS DE MADERA,1,92045,1000030289.jpg
1000030290,ACCESORIOS DE MADERA,0.61,866666192046,visible,ACCESORIOS DE MADERA,1,92046,1000030290.jpg
1000030291,ACCESORIOS DE MADERA,0.61,866666192047,visible,ACCESORIOS DE MADERA,1,92047,1000030291.jpg
1000030292,ACCESORIOS DE MADERA,0.72,866666192048,visible,ACCESORIOS DE MADERA,1,92048,1000030292.jpg
1000030293,ACCESORIOS DE MADERA,0.74,866666192049,visible,ACCESORIOS DE MADERA,1,92049,1000030293.jpg
1000030294,ACCESORIOS DE MADERA,0.87,866666192050,visible,ACCESORIOS DE MADERA,1,92050,1000030294.jpg
1000030295,ACCESORIOS DE MADERA,1.04,866666192051,visible,ACCESORIOS DE MADERA,1,92051,1000030295.jpg
1000030296,ACCESORIOS DE MADERA,0.99,866666192052,visible,ACCESORIOS DE MADERA,1,92052,1000030296.jpg
1000030297,ACCESORIOS DE MADERA,2.04,866666192053,visible,ACCESORIOS DE MADERA,1,92053,1000030297.jpg
1000030298,ACCESORIOS DE MADERA,2.65,866666192054,visible,ACCESORIOS DE MADERA,1,92054,1000030298.jpg
1000030303,CLIP DE CHUPETE,0.61,866666192075,visible,ACCESORIOS DE MADERA,1,92075,1000030303.jpg
1000030304,CLIP DE CHUPETE,0.61,866666192076,visible,ACCESORIOS DE MADERA,1,92076,1000030304.jpg
1000030305,CLIP DE CHUPETE,0.61,866666192077,visible,ACCESORIOS DE MADERA,1,92077,1000030305.jpg
1000030306,CLIP DE CHUPETE,0.61,866666192078,visible,ACCESORIOS DE MADERA,1,92078,1000030306.jpg
1000030310,CLIP DE CHUPETE,0.72,866666192082,visible,ACCESORIOS DE MADERA,1,92082,1000030310.jpg
1000040101,CINTA LINO,0.0,,visible,CINTA LINO,1,??_20240418145349,1000040101.jpg
1000042352,CINTA DE LINO,2.04,8666662053758,visible,CINTA LINO,1,205375,1000042352.jpg
1000042353,CINTA DE LINO,2.04,8666662053765,visible,CINTA LINO,1,205376,1000042353.jpg
1000042354,CINTA DE LINO,2.04,8666662053772,visible,CINTA LINO,1,205377,1000042354.jpg
1000024887,CINTA DE LINO,0.87,91098-4,visible,CINTA LINO,1,91098-4,1000024887.jpg
1000024888,CINTA DE LINO,0.87,91098-5,visible,CINTA LINO,1,91098-5,1000024888.jpg
1000024889,CINTA DE LINO,0.87,91098-6,visible,CINTA LINO,1,91098-6,1000024889.jpg
1000024890,CINTA DE LINO,0.87,91098-7,visible,CINTA LINO,1,91098-7,1000024890.jpg
1000024891,CINTA DE LINO,0.87,91098-8,visible,CINTA LINO,1,91098-8,1000024891.jpg
1000024892,CINTA DE LINO,1.2,866666191099,visible,CINTA LINO,1,91099,1000024892.jpg
1000024893,CINTA DE LINO,1.35,8666661911004,visible,CINTA LINO,1,91100,1000024893.jpg
1000024894,CINTA DE LINO,1.94,91101,visible,CINTA LINO,1,91101,1000024894.jpg
1000024895,CINTA DE LINO,2.25,8666661911028,visible,CINTA LINO,1,91102,1000024895.jpg
1000024896,CINTA DE LINO,2.67,8666661911035,visible,CINTA LINO,1,91103,1000024896.jpg
1000029863,CINTA DE LINO,2.04,866666191813,visible,CINTA LINO,1,91813-1,1000029863.jpg
1000029864,CINTA DE LINO,2.04,866666191813,visible,CINTA LINO,1,91813-2,1000029864.jpg
1000029865,CINTA DE LINO,2.04,866666191813,visible,CINTA LINO,1,91813-3,1000029865.jpg
1000029866,CINTA DE LINO,2.04,866666191813,visible,CINTA LINO,1,91813-4,1000029866.jpg
1000029867,CINTA DE LINO,2.04,866666191813,visible,CINTA LINO,1,91813-5,1000029867.jpg
1000029868,CINTA DE LINO,2.04,866666191813,visible,CINTA LINO,1,91813-6,1000029868.jpg
1000040089,ARO ANILLOS,0.0,,visible,ARO ANILLOS,1,??_20240418145249,1000040089.jpg
1000039455,BANDEJA DE BAMB·1.56,8666662015756.0,visible,ARO ANILLOS,1,201575,https://img-eu-2.freex.es/img/071/1000039455/1024x1024/face185f53853f4548b4cff6b636895d,
1000039456,BANDEJA DE BAMB·1.88,8666662015763.0,visible,ARO ANILLOS,1,201576,https://img-eu-2.freex.es/img/071/1000039456/1024x1024/65cef1c6138e1286f2b8f59780503f1b,
1000039457,BANDEJA DE BAMB·2.4,8666662015770.0,visible,ARO ANILLOS,1,201577-1,https://img-eu-2.freex.es/img/071/1000039457/1024x1024/5fc6ab207181658829e88a6963e31422,
1000039458,BANDEJA DE BAMB·2.82,8666662015787.0,visible,ARO ANILLOS,1,201578,https://img-eu-2.freex.es/img/071/1000039458/1024x1024/2ef96cd087d16a59c984535ed539140d,
1000039459,BANDEJA DE BAMB·3.66,8666662015794.0,visible,ARO ANILLOS,1,201579,https://img-eu-2.freex.es/img/071/1000039459/1024x1024/1d2d03a7bedb6c53bf64280e0baf73eb,
1000043112,ASA PARA BOLSO,3.14,8666662018900,visible,ARO ANILLOS,1,201890,1000043112.jpg
1000043115,ASA PARA BOLSO,5.61,8666662018931,visible,ARO ANILLOS,1,201893,1000043115.jpg
1000043319,ANILLO DE BAMBU PARA MANUALIDADES,1.35,8666662100230,visible,ARO ANILLOS,1,210023,1000043319.jpg
1000043320,ANILLO DE BAMBU PARA MANUALIDADES,1.35,8666662100247,visible,ARO ANILLOS,1,210024,1000043320.jpg
1000043321,ANILLO DE BAMBU PARA MANUALIDADES,1.52,8666662100254,visible,ARO ANILLOS,1,210025,1000043321.jpg
1000043322,ANILLO DE BAMBU PARA MANUALIDADES,1.52,8666662100261,visible,ARO ANILLOS,1,210026,1000043322.jpg
1000043323,ANILLO DE BAMBU PARA MANUALIDADES,1.62,8666662100278,visible,ARO ANILLOS,1,210027,1000043323.jpg
1000043324,ANILLO DE BAMBU PARA MANUALIDADES,1.62,8666662100285,visible,ARO ANILLOS,1,210028,1000043324.jpg
1000043325,ANILLO DE BAMBU PARA MANUALIDADES,1.83,8666662100292,visible,ARO ANILLOS,1,210029,1000043325.jpg
1000043326,ANILLO DE BAMBU PARA MANUALIDADES,1.83,8666662100308,visible,ARO ANILLOS,1,210030,1000043326.jpg
1000034838,ARO DE PLASTICO 29141,0.57,866666201001,visible,ARO ANILLOS,1,201001,1000034838.jpg
1000034839,ARO DE PLASTICO,0.72,866666201002,visible,ARO ANILLOS,1,201002,1000034839.jpg
1000015371,ARO DE PLASTICO,0.68,866666201003,visible,ARO ANILLOS,1,201003,1000015371.jpg
1000034840,ARO DE PLASTICO,0.68,866666201004,visible,ARO ANILLOS,1,201004,1000034840.jpg
1000034841,ARO DE PLASTICO,0.72,866666201005,visible,ARO ANILLOS,1,201005,1000034841.jpg
1000034842,ARO DE PLASTICO,0.83,866666201006,visible,ARO ANILLOS,1,201006,1000034842.jpg
1000034843,ARO DE PLASTICO 29147,0.99,866666201007,visible,ARO ANILLOS,1,201007,1000034843.jpg
1000034844,ARO DE PLASTICO 29148,0.78,866666201008,visible,ARO ANILLOS,1,201008,1000034844.jpg
1000034845,ARO DE PLASTICO 29149,0.87,866666201009,visible,ARO ANILLOS,1,201009,1000034845.jpg
1000015372,ARO DE PLASTICO 29150,0.93,866666201010,visible,ARO ANILLOS,1,201010,1000015372.jpg
1000039072,ARO DE METALICO,0.43,866666201583,visible,ARO ANILLOS,1,201583,1000039072.jpg
1000026511,ARO DE METALICO,0.51,866666201584,visible,ARO ANILLOS,1,201584,1000026511.jpg
1000039073,ARO DE METALICO,0.53,866666201585,visible,ARO ANILLOS,1,201585,1000039073.jpg
1000039074,ARO DE METALICO,0.55,866666201586,visible,ARO ANILLOS,1,201586,1000039074.jpg
1000039075,ARO DE METALICO,0.6,866666201587,visible,ARO ANILLOS,1,201587,1000039075.jpg
1000039076,ARO DE METALICO,0.72,866666201588,visible,ARO ANILLOS,1,201588,1000039076.jpg
1000039077,ARO DE METALICO,1.14,866666201589,visible,ARO ANILLOS,1,201589,1000039077.jpg
1000039078,ARO DE METALICO,1.14,866666201590,visible,ARO ANILLOS,1,201590,1000039078.jpg
1000026512,ARO DE METALICO,1.46,866666201591,visible,ARO ANILLOS,1,201591,1000026512.jpg
1000039079,ANILLO DE METALICO CUADRADO,0.53,866666201592,visible,ARO ANILLOS,1,201592,1000039079.jpg
1000039080,ANILLO DE METALICO CUADRADO,0.68,866666201593,visible,ARO ANILLOS,1,201593,1000039080.jpg
1000039081,ANILLO DE METALICO CUADRADO,0.93,866666201594,visible,ARO ANILLOS,1,201594,1000039081.jpg
1000039082,ANILLO DE METALICO CUADRADO,1.25,866666201595,visible,ARO ANILLOS,1,201595,1000039082.jpg
1000039083,ANILLO DE METALICO CUADRADO,1.46,866666201596,visible,ARO ANILLOS,1,201596,1000039083.jpg
1000039084,ANILLO DE METALICO CUADRADO,1.83,866666201597,visible,ARO ANILLOS,1,201597,1000039084.jpg
1000039085,FORMA DE CORAZ? METAL,0.53,866666201598,visible,ARO ANILLOS,1,201598,1000039085.jpg
1000039086,FORMA DE CORAZ? METAL,0.66,866666201599,visible,ARO ANILLOS,1,201599,1000039086.jpg
1000039087,FORMA DE CORAZ? METAL,0.93,866666201600,visible,ARO ANILLOS,1,201600,1000039087.jpg
1000039088,FORMA ESTRELLA METAL,0.66,866666201601,visible,ARO ANILLOS,1,201601,1000039088.jpg
1000039089,FORMA ESTRELLA METAL,0.93,866666201602,visible,ARO ANILLOS,1,201602,1000039089.jpg
1000039090,FORMA ESTRELLA METAL,1.25,866666201603,visible,ARO ANILLOS,1,201603,1000039090.jpg
1000039091,FORMA TRIANGULAR METAL,0.66,866666201604,visible,ARO ANILLOS,1,201604,1000039091.jpg
1000039092,FORMA TRIANGULAR METAL,0.93,866666201605,visible,ARO ANILLOS,1,201605,1000039092.jpg
1000039093,FORMA TRIANGULAR METAL,1.25,866666201606,visible,ARO ANILLOS,1,201606,1000039093.jpg
1000026513,ARO DE METALICO,0.66,866666201607,visible,ARO ANILLOS,1,201607,1000026513.jpg
1000039095,ARO DE METALICO,1.25,866666201609,visible,ARO ANILLOS,1,201609,1000039095.jpg
1000040087,ACCESORIOE LLAVERO,0.0,,visible,ACCESORIOE LLAVERO,1,??_20240418145257,1000040087.jpg
1000044544,PORTA TARJETA,0.45,8666662102210,visible,ACCESORIOE LLAVERO,1,210221,1000044544.jpg
1000044545,PORTA TARJETA,0.45,8666662102227,visible,ACCESORIOE LLAVERO,1,210222,1000044545.jpg
1000044546,PORTA TARJETA,0.45,8666662102234,visible,ACCESORIOE LLAVERO,1,210223,1000044546.jpg
1000044547,PORTA TARJETA,0.45,8666662102241,visible,ACCESORIOE LLAVERO,1,210224,1000044547.jpg
1000044548,PORTA TARJETA,0.45,8666662102258,visible,ACCESORIOE LLAVERO,1,210225,1000044548.jpg
1000045804,PORTA TARJETA,0.43,8666662102265,visible,ACCESORIOE LLAVERO,1,210226,1000045804.jpg
1000045805,PORTA TARJETA,0.45,8666662102272,visible,ACCESORIOE LLAVERO,1,210227,1000045805.jpg
1000045806,PORTA TARJETA,0.47,8666662102289,visible,ACCESORIOE LLAVERO,1,210228,1000045806.jpg
1000031089,GAFAS DE GOMA,0.41,8666661921072,visible,ACCESORIOE LLAVERO,1,92107-1,1000031089.jpg
1000031090,GAFAS DE GOMA,0.41,8666661921072,visible,ACCESORIOE LLAVERO,1,92107-2,1000031090.jpg
1000031091,GAFAS DE GOMA,0.41,8666661921072,visible,ACCESORIOE LLAVERO,1,92107-3,1000031091.jpg
1000031092,GAFAS DE GOMA,0.41,8666661921072,visible,ACCESORIOE LLAVERO,1,92107-4,1000031092.jpg
1000040050,LLAVERO ESTRELLA,0.41,866666201651,visible,ACCESORIOE LLAVERO,1,201651,1000040050.jpg
1000040051,LLAVERO ESTRELLA,0.41,866666201653,visible,ACCESORIOE LLAVERO,1,201653,1000040051.jpg
1000040052,LLAVERO CORAZON,0.41,866666201654,visible,ACCESORIOE LLAVERO,1,201654,1000040052.jpg
1000040053,LLAVERO CORAZON,0.41,866666201655,visible,ACCESORIOE LLAVERO,1,201655,1000040053.jpg
1000040054,LLAVERO CORAZON,0.41,866666201656,visible,ACCESORIOE LLAVERO,1,201656,1000040054.jpg
1000036844,ANILLO DE LLAVERO,0.41,866666201011,visible,ACCESORIOE LLAVERO,1,201011,1000036844.jpg
1000036846,ANILLO DE LLAVERO,0.41,866666201014,visible,ACCESORIOE LLAVERO,1,201014,1000036846.jpg
1000036847,ANILLO DE LLAVERO,0.41,866666201015,visible,ACCESORIOE LLAVERO,1,201015,1000036847.jpg
1000036848,ANILLO DE LLAVERO,0.41,866666201016,visible,ACCESORIOE LLAVERO,1,201016,1000036848.jpg
1000036849,ANILLO DE LLAVERO,0.41,866666201017,visible,ACCESORIOE LLAVERO,1,201017,1000036849.jpg
1000036850,ANILLO DE LLAVERO,0.41,866666201018,visible,ACCESORIOE LLAVERO,1,201018,1000036850.jpg
1000036851,ANILLO DE LLAVERO,0.41,866666201019,visible,ACCESORIOE LLAVERO,1,201019,1000036851.jpg
1000036852,ANILLO DE LLAVERO,0.41,866666201020,visible,ACCESORIOE LLAVERO,1,201020,1000036852.jpg
1000036853,ANILLO DE LLAVERO,0.41,866666201021,visible,ACCESORIOE LLAVERO,1,201021,1000036853.jpg
1000037254,ANILLO DE LLAVERO,0.41,8666662010225,visible,ACCESORIOE LLAVERO,1,201022,1000037254.jpg
1000037255,ANILLO DE LLAVERO,0.41,8666662010232,visible,ACCESORIOE LLAVERO,1,201023,1000037255.jpg
1000036854,ANILLO DE LLAVERO,0.41,866666201024,visible,ACCESORIOE LLAVERO,1,201024,1000036854.jpg
1000037256,ANILLO DE LLAVERO,0.41,8666662010256,visible,ACCESORIOE LLAVERO,1,201025,1000037256.jpg
1000037257,LLAVERO CON LA CADENA,0.47,8666662010263,visible,ACCESORIOE LLAVERO,1,201026,1000037257.jpg
1000037258,LLAVERO CON LA CADENA,0.47,8666662010287,visible,ACCESORIOE LLAVERO,1,201028,1000037258.jpg
1000037259,LLAVERO CON LA CADENA,0.47,8666662010294,visible,ACCESORIOE LLAVERO,1,201029,1000037259.jpg
1000037260,LLAVERO CON LA CADENA,0.47,8666662010317,visible,ACCESORIOE LLAVERO,1,201031,1000037260.jpg
1000019886,LLAVERO CON LA CADENA,0.47,8666662010324,visible,ACCESORIOE LLAVERO,1,201032,1000019886.jpg
1000015374,ALCACHOFA DE DUCHA CROMADA,0.47,8666662010348,visible,ACCESORIOE LLAVERO,1,201034,1000015374.jpg
1000037263,LLAVERO CON LA CADENA,0.47,8666662010379,visible,ACCESORIOE LLAVERO,1,201037,1000037263.jpg
1000037264,LLAVERO CON LA CADENA,0.47,8666662010386,visible,ACCESORIOE LLAVERO,1,201038,1000037264.jpg
1000037265,LLAVERO CON LA CADENA,0.47,8666662010393,visible,ACCESORIOE LLAVERO,1,201039,1000037265.jpg
1000037266,LLAVERO CON LA CADENA,0.47,8666662010409,visible,ACCESORIOE LLAVERO,1,201040,1000037266.jpg
1000015375,LLAVERO CON LA CADENA,0.47,866666201041,visible,ACCESORIOE LLAVERO,1,201041,1000015375.jpg
1000036858,LLAVERO CON LA CADENA,0.47,866666201042,visible,ACCESORIOE LLAVERO,1,201042,1000036858.jpg
1000036859,LLAVERO CON LA CADENA,0.47,866666201043,visible,ACCESORIOE LLAVERO,1,201043,1000036859.jpg
1000036860,LLAVERO CON LA CADENA,0.47,866666201044,visible,ACCESORIOE LLAVERO,1,201044,1000036860.jpg
1000036861,LLAVERO CON LA CADENA,0.47,866666201045,visible,ACCESORIOE LLAVERO,1,201045,1000036861.jpg
1000036862,LLAVERO CON LA CADENA,0.47,866666201046,visible,ACCESORIOE LLAVERO,1,201046,1000036862.jpg
1000036863,ANILLO DE LLAVERO,0.41,866666201047,visible,ACCESORIOE LLAVERO,1,201047,1000036863.jpg
1000036864,ANILLO DE LLAVERO,0.41,866666201048,visible,ACCESORIOE LLAVERO,1,201048,1000036864.jpg
1000036865,ANILLO DE LLAVERO,0.41,866666201049,visible,ACCESORIOE LLAVERO,1,201049,1000036865.jpg
1000036866,ANILLO DE LLAVERO,0.41,866666201050,visible,ACCESORIOE LLAVERO,1,201050,1000036866.jpg
1000036867,ANILLO DE LLAVERO,0.41,866666201051,visible,ACCESORIOE LLAVERO,1,201051,1000036867.jpg
1000036868,ANILLO DE LLAVERO,0.41,866666201052,visible,ACCESORIOE LLAVERO,1,201052,1000036868.jpg
1000036869,ANILLO DE LLAVERO,0.49,866666201053,visible,ACCESORIOE LLAVERO,1,201053,1000036869.jpg
1000036870,ANILLO DE LLAVERO,0.49,866666201054,visible,ACCESORIOE LLAVERO,1,201054,1000036870.jpg
1000036871,ANILLO DE LLAVERO ,0.49,8666662010553,visible,ACCESORIOE LLAVERO,1,201055,1000036871.jpg
1000036872,ANILLO DE LLAVERO,0.49,866666201056,visible,ACCESORIOE LLAVERO,1,201056,1000036872.jpg
1000036873,ANILLO DE LLAVERO,0.49,866666201057,visible,ACCESORIOE LLAVERO,1,201057,1000036873.jpg
1000015376,ANILLO DE LLAVERO,0.49,866666201058,visible,ACCESORIOE LLAVERO,1,201058,1000015376.jpg
1000036874,ANILLO DE LLAVERO,0.49,866666201059,visible,ACCESORIOE LLAVERO,1,201059,1000036874.jpg
1000036876,ANILLO DE LLAVERO,0.49,866666201061,visible,ACCESORIOE LLAVERO,1,201061,1000036876.jpg
1000036877,ANILLO DE LLAVERO,0.49,866666201062,visible,ACCESORIOE LLAVERO,1,201062,1000036877.jpg
1000036878,ANILLO DE LLAVERO,0.49,866666201063,visible,ACCESORIOE LLAVERO,1,201063,1000036878.jpg
1000036879,ANILLO DE LLAVERO,0.49,866666201064,visible,ACCESORIOE LLAVERO,1,201064,1000036879.jpg
1000015635,ANILLO DE LLAVERO,0.49,866666201065,visible,ACCESORIOE LLAVERO,1,201065,1000015635.jpg
1000036880,ANILLO DE LLAVERO,0.49,866666201066,visible,ACCESORIOE LLAVERO,1,201066,1000036880.jpg
1000036881,ANILLO DE LLAVERO,0.49,866666201067,visible,ACCESORIOE LLAVERO,1,201067,1000036881.jpg
1000036882,ANILLO DE LLAVERO,0.49,866666201068,visible,ACCESORIOE LLAVERO,1,201068,1000036882.jpg
1000036883,ANILLO DE LLAVERO,0.49,866666201069,visible,ACCESORIOE LLAVERO,1,201069,1000036883.jpg
1000036884,ANILLO DE LLAVERO,0.49,866666201070,visible,ACCESORIOE LLAVERO,1,201070,1000036884.jpg
1000015377,ANILLO DE LLAVERO,0.55,866666201072,visible,ACCESORIOE LLAVERO,1,201072,1000015377.jpg
1000036887,ANILLO DE LLAVERO,0.49,866666201074,visible,ACCESORIOE LLAVERO,1,201074,1000036887.jpg
1000036888,ANILLO DE LLAVERO,0.49,866666201075,visible,ACCESORIOE LLAVERO,1,201075,1000036888.jpg
1000036889,ANILLO DE LLAVERO,0.49,866666201076,visible,ACCESORIOE LLAVERO,1,201076,1000036889.jpg
1000036890,ANILLO DE LLAVERO,0.55,866666201077,visible,ACCESORIOE LLAVERO,1,201077,1000036890.jpg
1000036891,ANILLO DE LLAVERO,0.55,866666201078,visible,ACCESORIOE LLAVERO,1,201078,1000036891.jpg
1000036892,ANILLO DE LLAVERO,0.55,866666201079,visible,ACCESORIOE LLAVERO,1,201079,1000036892.jpg
1000036893,ANILLO DE LLAVERO,0.6,866666201080,visible,ACCESORIOE LLAVERO,1,201080,1000036893.jpg
1000036894,ANILLO DE LLAVERO,0.6,866666201081,visible,ACCESORIOE LLAVERO,1,201081,1000036894.jpg
1000036896,ANILLO DE LLAVERO,0.47,866666201083,visible,ACCESORIOE LLAVERO,1,201083,1000036896.jpg
1000036897,ANILLO DE LLAVERO,0.47,866666201084,visible,ACCESORIOE LLAVERO,1,201084,1000036897.jpg
1000036898,ANILLO DE LLAVERO,0.47,866666201085,visible,ACCESORIOE LLAVERO,1,201085,1000036898.jpg
1000036899,ANILLO DE LLAVERO,0.47,866666201086,visible,ACCESORIOE LLAVERO,1,201086,1000036899.jpg
1000036901,ANILLO DE LLAVERO,0.47,866666201088,visible,ACCESORIOE LLAVERO,1,201088,1000036901.jpg
1000015378,ANILLO DE LLAVERO,0.49,866666201089,visible,ACCESORIOE LLAVERO,1,201089,1000015378.jpg
1000036902,ANILLO DE LLAVERO,0.49,866666201090,visible,ACCESORIOE LLAVERO,1,201090,1000036902.jpg
1000036903,ANILLO DE LLAVERO,0.49,866666201091,visible,ACCESORIOE LLAVERO,1,201091,1000036903.jpg
1000036904,ANILLO DE LLAVERO,0.45,866666201092,visible,ACCESORIOE LLAVERO,1,201092,1000036904.jpg
1000036905,ANILLO DE LLAVERO,0.45,866666201093,visible,ACCESORIOE LLAVERO,1,201093,1000036905.jpg
1000036906,ANILLO DE LLAVERO,0.45,866666201094,visible,ACCESORIOE LLAVERO,1,201094,1000036906.jpg
1000036907,ANILLO DE LLAVERO,0.45,866666201095,visible,ACCESORIOE LLAVERO,1,201095,1000036907.jpg
1000015379,ANILLO DE LLAVERO,0.45,866666201096,visible,ACCESORIOE LLAVERO,1,201096,1000015379.jpg
1000036909,ANILLO SALTO ABIERTOS,0.45,866666201097,visible,ACCESORIOE LLAVERO,1,201097,1000036909.jpg
1000036910,ANILLO DE LLAVERO,0.45,866666201098,visible,ACCESORIOE LLAVERO,1,201098,1000036910.jpg
1000036911,ANILLO DE LLAVERO,0.45,866666201099,visible,ACCESORIOE LLAVERO,1,201099,1000036911.jpg
1000036912,ANILLO DE LLAVERO,0.41,866666201100,visible,ACCESORIOE LLAVERO,1,201100,1000036912.jpg
1000036913,ANILLO DE LLAVERO,0.41,866666201101,visible,ACCESORIOE LLAVERO,1,201101,1000036913.jpg
1000015380,ANILLO DE LLAVERO,0.47,866666201102,visible,ACCESORIOE LLAVERO,1,201102,1000015380.jpg
1000036914,ANILLO DE LLAVERO,0.47,866666201103,visible,ACCESORIOE LLAVERO,1,201103,1000036914.jpg
1000004289,MOSQUETON CONBRUJA,0.51,8666661060917,visible,ACCESORIOE LLAVERO,1,06091,1000004289.jpg
1000004290,MOSQUETON CONBRUJA,0.51,06090,visible,ACCESORIOE LLAVERO,1,06090,1000004290.jpg
1000036915,CIERRES DE LANGOSTA,0.47,866666201104,visible,ACCESORIOE LLAVERO,1,201104,1000036915.jpg
1000036916,CIERRES DE LANGOSTA,0.47,866666201105,visible,ACCESORIOE LLAVERO,1,201105,1000036916.jpg
1000036917,CIERRES DE LANGOSTA,0.47,866666201106,visible,ACCESORIOE LLAVERO,1,201106,1000036917.jpg
1000036918,CIERRES DE LANGOSTA,0.47,866666201107,visible,ACCESORIOE LLAVERO,1,201107,1000036918.jpg
1000036919,CIERRES DE LANGOSTA,0.47,866666201108,visible,ACCESORIOE LLAVERO,1,201108,1000036919.jpg
1000036920,CIERRES DE LANGOSTA,0.47,866666201109,visible,ACCESORIOE LLAVERO,1,201109,1000036920.jpg
1000036921,CIERRES DE LANGOSTA,0.47,866666201110,visible,ACCESORIOE LLAVERO,1,201110,1000036921.jpg
1000036922,CIERRES DE LANGOSTA,0.47,866666201111,visible,ACCESORIOE LLAVERO,1,201111,1000036922.jpg
1000036923,CIERRES DE LANGOSTA,0.47,866666201112,visible,ACCESORIOE LLAVERO,1,201112,1000036923.jpg
1000036924,CIERRES DE LANGOSTA,0.47,866666201113,visible,ACCESORIOE LLAVERO,1,201113,1000036924.jpg
1000036925,CIERRES DE LANGOSTA,0.47,866666201114,visible,ACCESORIOE LLAVERO,1,201114,1000036925.jpg
1000036926,CIERRES DE LANGOSTA,0.47,866666201115,visible,ACCESORIOE LLAVERO,1,201115,1000036926.jpg
1000036927,CIERRES DE LANGOSTA,0.47,866666201116,visible,ACCESORIOE LLAVERO,1,201116,1000036927.jpg
1000036928,CIERRES DE LANGOSTA,0.47,866666201117,visible,ACCESORIOE LLAVERO,1,201117,1000036928.jpg
1000036929,CIERRES DE LANGOSTA,0.47,866666201118,visible,ACCESORIOE LLAVERO,1,201118,1000036929.jpg
1000015381,CIERRES DE LANGOSTA,0.47,866666201119,visible,ACCESORIOE LLAVERO,1,201119,1000015381.jpg
1000036930,CIERRES DE LANGOSTA,0.47,866666201120,visible,ACCESORIOE LLAVERO,1,201120,1000036930.jpg
1000036931,CIERRES DE LANGOSTA,0.47,866666201121,visible,ACCESORIOE LLAVERO,1,201121,1000036931.jpg
1000034715,ACCESORIOS PARE MANUALIDADES,0.47,866666200110,visible,ACCESORIOE LLAVERO,1,200110,1000034715.jpg
1000034716,ACCESORIOS PARE MANUALIDADES,0.47,866666200111,visible,ACCESORIOE LLAVERO,1,200111,1000034716.jpg
1000034717,ACCESORIOS PARE MANUALIDADES,0.47,866666200112,visible,ACCESORIOE LLAVERO,1,200112,1000034717.jpg
1000034718,ACCESORIOS PARE MANUALIDADES,0.47,866666200113,visible,ACCESORIOE LLAVERO,1,200113,1000034718.jpg
1000034719,ACCESORIOS PARE MANUALIDADES,0.47,866666200114,visible,ACCESORIOE LLAVERO,1,200114,1000034719.jpg
1000034720,ACCESORIOS PARE MANUALIDADES,0.47,866666200115,visible,ACCESORIOE LLAVERO,1,200115,1000034720.jpg
1000034721,ACCESORIOS PARE MANUALIDADES,0.47,866666200116,visible,ACCESORIOE LLAVERO,1,200116,1000034721.jpg
1000034722,ACCESORIOS PARE MANUALIDADES,0.47,866666200117,visible,ACCESORIOE LLAVERO,1,200117,1000034722.jpg
1000034723,ACCESORIOS PARE MANUALIDADES,0.47,866666200118,visible,ACCESORIOE LLAVERO,1,200118,1000034723.jpg
1000034724,ACCESORIOS PARE MANUALIDADES,0.47,866666200119,visible,ACCESORIOE LLAVERO,1,200119,1000034724.jpg
1000034725,ACCESORIOS PARE MANUALIDADES,0.47,866666200120,visible,ACCESORIOE LLAVERO,1,200120,1000034725.jpg
1000034726,ACCESORIOS PARE MANUALIDADES,0.47,866666200121,visible,ACCESORIOE LLAVERO,1,200121,1000034726.jpg
1000034728,ACCESORIOS PARE MANUALIDADES,0.47,866666200123,visible,ACCESORIOE LLAVERO,1,200123,1000034728.jpg
1000034729,ACCESORIOS PARE MANUALIDADES,0.47,866666200124,visible,ACCESORIOE LLAVERO,1,200124,1000034729.jpg
1000034730,ACCESORIOS PARE MANUALIDADES,0.47,866666200125,visible,ACCESORIOE LLAVERO,1,200125,1000034730.jpg
1000034731,ACCESORIOS PARE MANUALIDADES,0.47,866666200126,visible,ACCESORIOE LLAVERO,1,200126,1000034731.jpg
1000034732,ACCESORIOS PARE MANUALIDADES,0.47,866666200127,visible,ACCESORIOE LLAVERO,1,200127,1000034732.jpg
1000034733,ACCESORIOS PARE MANUALIDADES,0.47,866666200128,visible,ACCESORIOE LLAVERO,1,200128,1000034733.jpg
1000034734,ACCESORIOS PARE MANUALIDADES,0.47,866666200129,visible,ACCESORIOE LLAVERO,1,200129,1000034734.jpg
1000034735,ACCESORIOS PARE MANUALIDADES,0.47,866666200130,visible,ACCESORIOE LLAVERO,1,200130,1000034735.jpg
1000034736,ACCESORIOS PARE MANUALIDADES,0.47,866666200131,visible,ACCESORIOE LLAVERO,1,200131,1000034736.jpg
1000034737,ACCESORIOS PARE MANUALIDADES,0.47,866666200132,visible,ACCESORIOE LLAVERO,1,200132,1000034737.jpg
1000034738,ACCESORIOS PARE MANUALIDADES,0.47,866666200133,visible,ACCESORIOE LLAVERO,1,200133,1000034738.jpg
1000034739,ACCESORIOS PARE MANUALIDADES,0.47,866666200134,visible,ACCESORIOE LLAVERO,1,200134,1000034739.jpg
1000034740,ACCESORIOS PARA MANUALIDADES,0.47,866666200135,visible,ACCESORIOE LLAVERO,1,200135,1000034740.jpg
1000034741,ACCESORIOS PARE MANUALIDADES,0.47,866666200136,visible,ACCESORIOE LLAVERO,1,200136,1000034741.jpg
1000034742,ACCESORIOS PARE MANUALIDADES,0.47,866666200137,visible,ACCESORIOE LLAVERO,1,200137,1000034742.jpg
1000034743,ACCESORIOS PARE MANUALIDADES,0.47,866666200138,visible,ACCESORIOE LLAVERO,1,200138,1000034743.jpg
1000034744,ACCESORIOS PARE MANUALIDADES,0.47,866666200139,visible,ACCESORIOE LLAVERO,1,200139,1000034744.jpg
1000034745,ACCESORIOS PARA MANUALIDADES,0.47,866666200140,visible,ACCESORIOE LLAVERO,1,200140,1000034745.jpg
1000034746,ACCESORIOS PARA MANUALIDADES,0.47,866666200141,visible,ACCESORIOE LLAVERO,1,200141,1000034746.jpg
1000034747,ACCESORIOS PARA MANUALIDADES,0.47,866666200142,visible,ACCESORIOE LLAVERO,1,200142,1000034747.jpg
1000034748,ACCESORIOS PARA MANUALIDADES,0.47,866666200143,visible,ACCESORIOE LLAVERO,1,200143,1000034748.jpg
1000034749,ACCESORIOS PARA MANUALIDADES,0.47,866666200144,visible,ACCESORIOE LLAVERO,1,200144,1000034749.jpg
1000034750,ACCESORIOS PARA MANUALIDADES,0.47,866666200145,visible,ACCESORIOE LLAVERO,1,200145,1000034750.jpg
1000034751,ACCESORIOS PARA MANUALIDADES,0.47,866666200146,visible,ACCESORIOE LLAVERO,1,200146,1000034751.jpg
1000034752,ACCESORIOS PARA MANUALIDADES,0.47,866666200147,visible,ACCESORIOE LLAVERO,1,200147,1000034752.jpg
1000034753,ACCESORIOS PARA MANUALIDADES,0.47,866666200148,visible,ACCESORIOE LLAVERO,1,200148,1000034753.jpg
1000034754,ACCESORIOS PARA MANUALIDADES,0.47,866666200149,visible,ACCESORIOE LLAVERO,1,200149,1000034754.jpg
1000034755,ACCESORIOS PARE MANUALIDADES,0.47,866666200150,visible,ACCESORIOE LLAVERO,1,200150,1000034755.jpg
1000034756,ACCESORIOS PARE MANUALIDADES,0.47,866666200151,visible,ACCESORIOE LLAVERO,1,200151,1000034756.jpg
1000034757,ACCESORIOS PARE MANUALIDADES,0.47,866666200152,visible,ACCESORIOE LLAVERO,1,200152,1000034757.jpg
1000034758,ACCESORIOS PARE MANUALIDADES,0.47,866666200153,visible,ACCESORIOE LLAVERO,1,200153,1000034758.jpg
1000034759,ACCESORIOS PARE MANUALIDADES,0.47,866666200154,visible,ACCESORIOE LLAVERO,1,200154,1000034759.jpg
1000034760,ACCESORIOS PARE MANUALIDADES,0.47,866666200155,visible,ACCESORIOE LLAVERO,1,200155,1000034760.jpg
1000034761,ACCESORIOS PARE MANUALIDADES,0.47,866666200156,visible,ACCESORIOE LLAVERO,1,200156,1000034761.jpg
1000034762,ACCESORIOS PARE MANUALIDADES,0.47,866666200157,visible,ACCESORIOE LLAVERO,1,200157,1000034762.jpg
1000034763,ACCESORIOS PARE MANUALIDADES,0.47,866666200158,visible,ACCESORIOE LLAVERO,1,200158,1000034763.jpg
1000034764,ACCESORIOS PARE MANUALIDADES,0.47,866666200159,visible,ACCESORIOE LLAVERO,1,200159,1000034764.jpg
1000034765,ACCESORIOS PARE MANUALIDADES,0.47,866666200160,visible,ACCESORIOE LLAVERO,1,200160,1000034765.jpg
1000034766,ACCESORIOS PARE MANUALIDADES,0.47,866666200161,visible,ACCESORIOE LLAVERO,1,200161,1000034766.jpg
1000034767,ACCESORIOS PARE MANUALIDADES,0.47,866666200162,visible,ACCESORIOE LLAVERO,1,200162,1000034767.jpg
1000034768,ACCESORIOS PARE MANUALIDADES,0.47,866666200163,visible,ACCESORIOE LLAVERO,1,200163,1000034768.jpg
1000034769,ACCESORIOS PARE MANUALIDADES,0.47,866666200164,visible,ACCESORIOE LLAVERO,1,200164,1000034769.jpg
1000034770,ACCESORIOS PARE MANUALIDADES,0.47,866666200165,visible,ACCESORIOE LLAVERO,1,200165,1000034770.jpg
1000034771,ACCESORIOS PARE MANUALIDADES,0.47,866666200166,visible,ACCESORIOE LLAVERO,1,200166,1000034771.jpg
1000034772,ACCESORIOS PARE MANUALIDADES,0.47,866666200167,visible,ACCESORIOE LLAVERO,1,200167,1000034772.jpg
1000034773,ACCESORIOS PARE MANUALIDADES,0.47,866666200168,visible,ACCESORIOE LLAVERO,1,200168,1000034773.jpg
1000034774,ACCESORIOS PARE MANUALIDADES,0.47,866666200169,visible,ACCESORIOE LLAVERO,1,200169,1000034774.jpg
1000034775,ACCESORIOS PARE MANUALIDADES,0.47,866666200170,visible,ACCESORIOE LLAVERO,1,200170,1000034775.jpg
1000034776,ACCESORIOS PARE MANUALIDADES,0.47,866666200171,visible,ACCESORIOE LLAVERO,1,200171,1000034776.jpg
1000034777,ACCESORIOS PARE MANUALIDADES,0.47,866666200172,visible,ACCESORIOE LLAVERO,1,200172,1000034777.jpg
1000034778,ACCESORIOS PARE MANUALIDADES,0.47,866666200173,visible,ACCESORIOE LLAVERO,1,200173,1000034778.jpg
1000034779,ACCESORIOS PARE MANUALIDADES,0.47,866666200174,visible,ACCESORIOE LLAVERO,1,200174,1000034779.jpg
1000034780,ACCESORIOS PARE MANUALIDADES,0.47,866666200175,visible,ACCESORIOE LLAVERO,1,200175,1000034780.jpg
1000034781,ACCESORIOS PARE MANUALIDADES,0.47,866666200176,visible,ACCESORIOE LLAVERO,1,200176,1000034781.jpg
1000034782,ACCESORIOS PARE MANUALIDADES,0.47,866666200177,visible,ACCESORIOE LLAVERO,1,200177,1000034782.jpg
1000034783,ACCESORIOS PARE MANUALIDADES,0.47,866666200178,visible,ACCESORIOE LLAVERO,1,200178,1000034783.jpg
1000034784,ACCESORIOS PARE MANUALIDADES,0.47,866666200179,visible,ACCESORIOE LLAVERO,1,200179,1000034784.jpg
1000034785,ACCESORIOS PARE MANUALIDADES,0.47,866666200180,visible,ACCESORIOE LLAVERO,1,200180,1000034785.jpg
1000034786,ACCESORIOS PARE MANUALIDADES,0.47,866666200181,visible,ACCESORIOE LLAVERO,1,200181,1000034786.jpg
1000034787,ACCESORIOS PARE MANUALIDADES,0.47,866666200182,visible,ACCESORIOE LLAVERO,1,200182,1000034787.jpg
1000034788,ACCESORIOS PARE MANUALIDADES,0.47,866666200183,visible,ACCESORIOE LLAVERO,1,200183,1000034788.jpg
1000034789,ACCESORIOS PARE MANUALIDADES,0.47,866666200184,visible,ACCESORIOE LLAVERO,1,200184,1000034789.jpg
1000034790,ACCESORIOS PARE MANUALIDADES,0.47,866666200185,visible,ACCESORIOE LLAVERO,1,200185,1000034790.jpg
1000034791,ACCESORIOS PARE MANUALIDADES,0.47,866666200186,visible,ACCESORIOE LLAVERO,1,200186,1000034791.jpg
1000034792,ACCESORIOS PARE MANUALIDADES,0.47,866666200187,visible,ACCESORIOE LLAVERO,1,200187,1000034792.jpg
1000034793,ACCESORIOS PARE MANUALIDADES,0.47,866666200188,visible,ACCESORIOE LLAVERO,1,200188,1000034793.jpg
1000034794,ACCESORIOS PARE MANUALIDADES,0.47,866666200189,visible,ACCESORIOE LLAVERO,1,200189,1000034794.jpg
1000034795,ACCESORIOS PARE MANUALIDADES,0.47,866666200190,visible,ACCESORIOE LLAVERO,1,200190,1000034795.jpg
1000034796,ACCESORIOS PARE MANUALIDADES,0.47,866666200191,visible,ACCESORIOE LLAVERO,1,200191,1000034796.jpg
1000034797,ACCESORIOS PARE MANUALIDADES,0.47,866666200192,visible,ACCESORIOE LLAVERO,1,200192,1000034797.jpg
1000034798,ACCESORIOS PARE MANUALIDADES,0.47,866666200193,visible,ACCESORIOE LLAVERO,1,200193,1000034798.jpg
1000034799,ACCESORIOS PARE MANUALIDADES,0.47,866666200194,visible,ACCESORIOE LLAVERO,1,200194,1000034799.jpg
1000034800,ACCESORIOS PARE MANUALIDADES,0.47,866666200195,visible,ACCESORIOE LLAVERO,1,200195,1000034800.jpg
1000034801,ACCESORIOS PARE MANUALIDADES,0.47,866666200196,visible,ACCESORIOE LLAVERO,1,200196,1000034801.jpg
1000034802,ACCESORIOS PARE MANUALIDADES,0.47,866666200197,visible,ACCESORIOE LLAVERO,1,200197,1000034802.jpg
1000034803,ACCESORIOS PARE MANUALIDADES,0.47,866666200198,visible,ACCESORIOE LLAVERO,1,200198,1000034803.jpg
1000034804,ACCESORIOS PARE MANUALIDADES,0.47,866666200199,visible,ACCESORIOE LLAVERO,1,200199,1000034804.jpg
1000034805,ACCESORIOS PARE MANUALIDADES,0.47,866666200200,visible,ACCESORIOE LLAVERO,1,200200,1000034805.jpg
1000034806,ACCESORIOS PARE MANUALIDADES,0.47,866666200201,visible,ACCESORIOE LLAVERO,1,200201,1000034806.jpg
1000034807,ACCESORIOS PARE MANUALIDADES,0.47,866666200202,visible,ACCESORIOE LLAVERO,1,200202,1000034807.jpg
1000035542,Gancho para pendientes,0.41,8666662003081,visible,ACCESORIOE LLAVERO,1,200308,1000035542.jpg
1000035543,Gancho para pendientes,0.41,8666662003098,visible,ACCESORIOE LLAVERO,1,200309,1000035543.jpg
1000035544,Gancho para pendientes,0.41,8666662003104,visible,ACCESORIOE LLAVERO,1,200310,1000035544.jpg
1000035545,Gancho para pendientes,0.41,8666662003111,visible,ACCESORIOE LLAVERO,1,200311,1000035545.jpg
1000035546,Gancho para pendientes,0.41,8666662003128,visible,ACCESORIOE LLAVERO,1,200312,1000035546.jpg
1000035547,Gancho para pendientes,0.41,8666662003135,visible,ACCESORIOE LLAVERO,1,200313,1000035547.jpg
1000035548,Gancho para pendientes,0.41,8666662003142,visible,ACCESORIOE LLAVERO,1,200314,1000035548.jpg
1000035549,Gancho para pendientes,0.41,8666662003159,visible,ACCESORIOE LLAVERO,1,200315,1000035549.jpg
1000035550,Gancho para pendientes,0.41,8666662003166,visible,ACCESORIOE LLAVERO,1,200316,1000035550.jpg
1000035551,Gancho para pendientes,0.41,8666662003173,visible,ACCESORIOE LLAVERO,1,200317,1000035551.jpg
1000035552,Gancho para pendientes,0.41,8666662003180,visible,ACCESORIOE LLAVERO,1,200318,1000035552.jpg
1000035553,Gancho para pendientes,0.41,8666662003197,visible,ACCESORIOE LLAVERO,1,200319,1000035553.jpg
1000035554,Gancho para pendientes,0.41,8666662003203,visible,ACCESORIOE LLAVERO,1,200320,1000035554.jpg
1000035555,Gancho para pendientes,0.41,8666662003210,visible,ACCESORIOE LLAVERO,1,200321,1000035555.jpg
1000035556,Gancho para pendientes,0.41,8666662003227,visible,ACCESORIOE LLAVERO,1,200322,1000035556.jpg
1000035557,Gancho para pendientes,0.41,8666662003234,visible,ACCESORIOE LLAVERO,1,200323,1000035557.jpg
1000035558,Gancho para pendientes,0.41,8666662003241,visible,ACCESORIOE LLAVERO,1,200324,1000035558.jpg
1000035559,Gancho para pendientes,0.41,8666662003258,visible,ACCESORIOE LLAVERO,1,200325,1000035559.jpg
1000035560,Gancho para pendientes,0.41,8666662003265,visible,ACCESORIOE LLAVERO,1,200326,1000035560.jpg
1000035561,Gancho para pendientes,0.41,8666662003272,visible,ACCESORIOE LLAVERO,1,200327,1000035561.jpg
1000035562,Gancho para pendientes,0.41,8666662003289,visible,ACCESORIOE LLAVERO,1,200328,1000035562.jpg
1000035563,Gancho para pendientes,0.41,8666662003296,visible,ACCESORIOE LLAVERO,1,200329,1000035563.jpg
1000035564,Gancho para pendientes,0.41,8666662003302,visible,ACCESORIOE LLAVERO,1,200330,1000035564.jpg
1000038459,MOSQUETON DE METAL,0.72,866666200417,visible,ACCESORIOE LLAVERO,1,200417,1000038459.jpg
1000038460,MOSQUETON DE METAL,0.72,866666200418,visible,ACCESORIOE LLAVERO,1,200418,1000038460.jpg
1000038461,MOSQUETON DE METAL,0.78,866666200419,visible,ACCESORIOE LLAVERO,1,200419,1000038461.jpg
1000038462,MOSQUETON DE METAL,0.78,866666200420,visible,ACCESORIOE LLAVERO,1,200420,1000038462.jpg
1000038463,MOSQUETON DE METAL,0.78,866666200421,visible,ACCESORIOE LLAVERO,1,200421,1000038463.jpg
1000038464,MOSQUETON DE METAL,0.83,866666200422,visible,ACCESORIOE LLAVERO,1,200422,1000038464.jpg
1000038465,MOSQUETON DE METAL,0.83,866666200423,visible,ACCESORIOE LLAVERO,1,200423,1000038465.jpg
1000038466,MOSQUETON DE METAL,0.89,866666200424,visible,ACCESORIOE LLAVERO,1,200424,1000038466.jpg
1000038467,MOSQUETON DE METAL,0.89,866666200425,visible,ACCESORIOE LLAVERO,1,200425,1000038467.jpg
1000038468,MOSQUETON DE METAL,0.89,866666200426,visible,ACCESORIOE LLAVERO,1,200426,1000038468.jpg
1000038469,HEBILLA DE AJUSTE,0.41,866666200427,visible,ACCESORIOE LLAVERO,1,200427,1000038469.jpg
1000038470,HEBILLA DE AJUSTE,0.41,866666200428,visible,ACCESORIOE LLAVERO,1,200428,1000038470.jpg
1000038471,HEBILLA DE AJUSTE,0.41,866666200429,visible,ACCESORIOE LLAVERO,1,200429,1000038471.jpg
1000038472,HEBILLA DE AJUSTE,0.41,866666200430,visible,ACCESORIOE LLAVERO,1,200430,1000038472.jpg
1000038473,HEBILLA DE AJUSTE,0.41,866666200431,visible,ACCESORIOE LLAVERO,1,200431,1000038473.jpg
1000038474,HEBILLA DE AJUSTE,0.41,866666200432,visible,ACCESORIOE LLAVERO,1,200432,1000038474.jpg
1000038475,HEBILLA DE AJUSTE,0.41,866666200433,visible,ACCESORIOE LLAVERO,1,200433,1000038475.jpg
1000038476,HEBILLA DE AJUSTE,0.41,866666200434,visible,ACCESORIOE LLAVERO,1,200434,1000038476.jpg
1000038477,HEBILLA DE AJUSTE,0.41,866666200435,visible,ACCESORIOE LLAVERO,1,200435,1000038477.jpg
1000038478,HEBILLA DE AJUSTE,0.41,866666200436,visible,ACCESORIOE LLAVERO,1,200436,1000038478.jpg
1000038479,MOSQUETON DE METAL,0.72,866666200437,visible,ACCESORIOE LLAVERO,1,200437,1000038479.jpg
1000038480,MOSQUETON DE METAL,0.72,866666200438,visible,ACCESORIOE LLAVERO,1,200438,1000038480.jpg
1000038481,MOSQUETON DE METAL,0.78,866666200439,visible,ACCESORIOE LLAVERO,1,200439,1000038481.jpg
1000038482,MOSQUETON DE METAL,0.78,866666200440,visible,ACCESORIOE LLAVERO,1,200440,1000038482.jpg
1000038483,MOSQUETON DE METAL,0.83,866666200441,visible,ACCESORIOE LLAVERO,1,200441,1000038483.jpg
1000038484,MOSQUETON DE METAL,0.83,866666200442,visible,ACCESORIOE LLAVERO,1,200442,1000038484.jpg
1000038485,MOSQUETON DE METAL,0.61,866666200443,visible,ACCESORIOE LLAVERO,1,200443,1000038485.jpg
1000038486,MOSQUETON DE METAL,0.61,866666200444,visible,ACCESORIOE LLAVERO,1,200444,1000038486.jpg
1000039021,REMACHA DE METAL,0.78,866666200445,visible,ACCESORIOE LLAVERO,1,200445,1000039021.jpg
1000039022,REMACHA DE METAL,0.78,866666200446,visible,ACCESORIOE LLAVERO,1,200446,1000039022.jpg
1000038487,HEBILLA DE AJUSTE,0.43,866666200447,visible,ACCESORIOE LLAVERO,1,200447,1000038487.jpg
1000038488,HEBILLA DE AJUSTE,0.43,866666200448,visible,ACCESORIOE LLAVERO,1,200448,1000038488.jpg
1000039023,HEBILLA DE METAL,0.51,866666200449,visible,ACCESORIOE LLAVERO,1,200449,1000039023.jpg
1000039024,HEBILLA DE METAL,0.51,866666200450,visible,ACCESORIOE LLAVERO,1,200450,1000039024.jpg
1000038489,HEBILLA DE AJUSTE,0.57,866666200451,visible,ACCESORIOE LLAVERO,1,200451,1000038489.jpg
1000038490,HEBILLA DE AJUSTE,0.57,866666200452,visible,ACCESORIOE LLAVERO,1,200452,1000038490.jpg
1000038491,HEBILLA DE AJUSTE,0.6,866666200453,visible,ACCESORIOE LLAVERO,1,200453,1000038491.jpg
1000038492,HEBILLA DE AJUSTE,0.6,866666200454,visible,ACCESORIOE LLAVERO,1,200454,1000038492.jpg
1000038493,HEBILLA DE AJUSTE,0.41,866666200455,visible,ACCESORIOE LLAVERO,1,200455,1000038493.jpg
1000038494,HEBILLA DE AJUSTE,0.41,866666200456,visible,ACCESORIOE LLAVERO,1,200456,1000038494.jpg
1000038495,HEBILLA DE AJUSTE,0.43,866666200457,visible,ACCESORIOE LLAVERO,1,200457,1000038495.jpg
1000038496,HEBILLA DE AJUSTE,0.43,866666200458,visible,ACCESORIOE LLAVERO,1,200458,1000038496.jpg
1000038497,HEBILLA DE AJUSTE,0.45,866666200459,visible,ACCESORIOE LLAVERO,1,200459,1000038497.jpg
1000038498,HEBILLA DE AJUSTE,0.45,866666200460,visible,ACCESORIOE LLAVERO,1,200460,1000038498.jpg
1000038499,HEBILLA DE AJUSTE,0.47,866666200461,visible,ACCESORIOE LLAVERO,1,200461,1000038499.jpg
1000038500,HEBILLA DE AJUSTE,0.47,866666200462,visible,ACCESORIOE LLAVERO,1,200462,1000038500.jpg
1000038501,HEBILLA REDONDO DE METAL,0.41,866666200463,visible,ACCESORIOE LLAVERO,1,200463,1000038501.jpg
1000038502,HEBILLA REDONDO DE METAL,0.41,866666200464,visible,ACCESORIOE LLAVERO,1,200464,1000038502.jpg
1000038503,HEBILLA REDONDO DE METAL,0.43,866666200465,visible,ACCESORIOE LLAVERO,1,200465,1000038503.jpg
1000038504,HEBILLA REDONDO DE METAL,0.43,866666200466,visible,ACCESORIOE LLAVERO,1,200466,1000038504.jpg
1000038505,HEBILLA REDONDO DE METAL,0.45,866666200467,visible,ACCESORIOE LLAVERO,1,200467,1000038505.jpg
1000038506,HEBILLA REDONDO DE METAL,0.45,866666200468,visible,ACCESORIOE LLAVERO,1,200468,1000038506.jpg
1000038507,HEBILLA REDONDO DE METAL,0.47,866666200469,visible,ACCESORIOE LLAVERO,1,200469,1000038507.jpg
1000038508,HEBILLA REDONDO DE METAL,0.47,866666200470,visible,ACCESORIOE LLAVERO,1,200470,1000038508.jpg
1000041786,ABALORIO DE PERLA,0.45,8666662004712,visible,ACCESORIOE LLAVERO,1,200471,1000041786.jpg
1000041787,ABALORIO DE PERLA,0.45,8666662004729,visible,ACCESORIOE LLAVERO,1,200472,1000041787.jpg
1000041788,ABALORIO DE PERLA,0.45,8666662004736,visible,ACCESORIOE LLAVERO,1,200473,1000041788.jpg
1000041789,ABALORIO DE PERLA,0.45,8666662004743,visible,ACCESORIOE LLAVERO,1,200474,1000041789.jpg
1000041790,ABALORIO DE PERLA,0.45,8666662004750,visible,ACCESORIOE LLAVERO,1,200475,1000041790.jpg
1000041791,ABALORIO DE PERLA,0.45,8666662004767,visible,ACCESORIOE LLAVERO,1,200476,1000041791.jpg
1000041792,ABALORIO DE PERLA,0.45,8666662004774,visible,ACCESORIOE LLAVERO,1,200477,1000041792.jpg
1000041793,ABALORIO DE PERLA,0.45,8666662004781,visible,ACCESORIOE LLAVERO,1,200478,1000041793.jpg
1000041794,ABALORIO DE PERLA,0.45,8666662004798,visible,ACCESORIOE LLAVERO,1,200479,1000041794.jpg
1000041795,ABALORIO DE PERLA,0.45,8666662004804,visible,ACCESORIOE LLAVERO,1,200480,1000041795.jpg
1000041796,ABALORIO DE PERLA,0.45,8666662004811,visible,ACCESORIOE LLAVERO,1,200481,1000041796.jpg
1000041797,ABALORIO DE PERLA,0.45,8666662004828,visible,ACCESORIOE LLAVERO,1,200482,1000041797.jpg
1000041798,ABALORIO DE PERLA,0.45,8666662004835,visible,ACCESORIOE LLAVERO,1,200483,1000041798.jpg
1000041799,ABALORIO DE PERLA,0.45,8666662004842,visible,ACCESORIOE LLAVERO,1,200484,1000041799.jpg
1000041800,ABALORIO DE PERLA,0.45,8666662004859,visible,ACCESORIOE LLAVERO,1,200485,1000041800.jpg
1000041801,ABALORIO DE PERLA,0.45,8666662004866,visible,ACCESORIOE LLAVERO,1,200486,1000041801.jpg
1000041802,ABALORIO DE PERLA,0.45,8666662004873,visible,ACCESORIOE LLAVERO,1,200487,1000041802.jpg
1000041803,ABALORIO DE PERLA,0.45,8666662004880,visible,ACCESORIOE LLAVERO,1,200488,1000041803.jpg
1000041804,ABALORIO DE PERLA,0.45,8666662004897,visible,ACCESORIOE LLAVERO,1,200489,1000041804.jpg
1000041805,ABALORIO DE PERLA,0.45,8666662004903,visible,ACCESORIOE LLAVERO,1,200490,1000041805.jpg
1000041806,ABALORIO DE PERLA,0.45,8666662004910,visible,ACCESORIOE LLAVERO,1,200491,1000041806.jpg
1000041807,ABALORIO DE PERLA,0.45,8666662004927,visible,ACCESORIOE LLAVERO,1,200492,1000041807.jpg
1000041808,ABALORIO DE PERLA,0.45,8666662004934,visible,ACCESORIOE LLAVERO,1,200493,1000041808.jpg
1000041809,ABALORIO DE PERLA,0.45,8666662004941,visible,ACCESORIOE LLAVERO,1,200494,1000041809.jpg
1000041810,ABALORIO DE PERLA,0.45,8666662004958,visible,ACCESORIOE LLAVERO,1,200495,1000041810.jpg
1000041811,ABALORIO DE PERLA,0.45,8666662004965,visible,ACCESORIOE LLAVERO,1,200496,1000041811.jpg
1000043090,ACCESORIOS PARA MANUALIDADES,0.51,8666662005719,visible,ACCESORIOE LLAVERO,1,200571,1000043090.jpg
1000043091,ACCESORIOS PARA MANUALIDADES,0.51,8666662005726,visible,ACCESORIOE LLAVERO,1,200572,1000043091.jpg
1000043092,ACCESORIOS PARA MANUALIDADES,0.51,8666662005733,visible,ACCESORIOE LLAVERO,1,200573,1000043092.jpg
1000043093,ACCESORIOS PARA MANUALIDADES,0.51,8666662005740,visible,ACCESORIOE LLAVERO,1,200574,1000043093.jpg
1000043094,ACCESORIOS PARA MANUALIDADES,0.51,8666662005757,visible,ACCESORIOE LLAVERO,1,200575,1000043094.jpg
1000043095,ACCESORIOS PARA MANUALIDADES,0.51,8666662005764,visible,ACCESORIOE LLAVERO,1,200576,1000043095.jpg
1000043096,ACCESORIOS PARA MANUALIDADES,0.51,8666662005771,visible,ACCESORIOE LLAVERO,1,200577,1000043096.jpg
1000043097,ACCESORIOS PARA MANUALIDADES,0.51,8666662005788,visible,ACCESORIOE LLAVERO,1,200578,1000043097.jpg
1000043098,ACCESORIOS PARA MANUALIDADES,0.51,8666662005795,visible,ACCESORIOE LLAVERO,1,200579,1000043098.jpg
1000043099,ACCESORIOS PARA MANUALIDADES,0.41,8666662005801,visible,ACCESORIOE LLAVERO,1,200580,1000043099.jpg
1000043100,ACCESORIOS PARA MANUALIDADES,0.41,8666662005818,visible,ACCESORIOE LLAVERO,1,200581,1000043100.jpg
1000043101,ACCESORIOS PARA MANUALIDADES,0.41,8666662005825,visible,ACCESORIOE LLAVERO,1,200582,1000043101.jpg
1000043102,ACCESORIOS PARA MANUALIDADES,0.41,8666662005832,visible,ACCESORIOE LLAVERO,1,200583,1000043102.jpg
1000043103,ACCESORIOS PARA MANUALIDADES,0.41,8666662005849,visible,ACCESORIOE LLAVERO,1,200584,1000043103.jpg
1000043104,ACCESORIOS PARA MANUALIDADES,0.41,8666662005856,visible,ACCESORIOE LLAVERO,1,200585,1000043104.jpg
1000043105,ACCESORIOS PARA MANUALIDADES,0.41,8666662005863,visible,ACCESORIOE LLAVERO,1,200586,1000043105.jpg
1000043106,ACCESORIOS PARA MANUALIDADES,0.41,8666662005870,visible,ACCESORIOE LLAVERO,1,200587,1000043106.jpg
1000043107,ACCESORIOS PARA MANUALIDADES,0.41,8666662005887,visible,ACCESORIOE LLAVERO,1,200588,1000043107.jpg
1000043108,ACCESORIOS PARA MANUALIDADES,0.41,8666662005894,visible,ACCESORIOE LLAVERO,1,200589,1000043108.jpg
1000015382,Accesorios para manualidades,0.47,8666662011260,visible,ACCESORIOE LLAVERO,1,201126,1000015382.jpg
1000035568,Accesorios para manualidades,0.41,8666662011277,visible,ACCESORIOE LLAVERO,1,201127,1000035568.jpg
1000035569,Accesorios para manualidades,0.41,8666662011284,visible,ACCESORIOE LLAVERO,1,201128,1000035569.jpg
1000035570,Accesorios para manualidades,0.41,8666662011291,visible,ACCESORIOE LLAVERO,1,201129,1000035570.jpg
1000035571,Accesorios para manualidades,0.41,8666662011307,visible,ACCESORIOE LLAVERO,1,201130,1000035571.jpg
1000035572,Accesorios para manualidades,0.41,8666662011314,visible,ACCESORIOE LLAVERO,1,201131,1000035572.jpg
1000035573,Accesorios para manualidades,0.41,8666662011321,visible,ACCESORIOE LLAVERO,1,201132,1000035573.jpg
1000035574,Accesorios para manualidades,0.41,8666662011338,visible,ACCESORIOE LLAVERO,1,201133,1000035574.jpg
1000015383,Accesorios para manualidades,0.41,8666662011345,visible,ACCESORIOE LLAVERO,1,201134,1000015383.jpg
1000035575,Accesorios para manualidades,0.41,8666662011352,visible,ACCESORIOE LLAVERO,1,201135,1000035575.jpg
1000035576,Accesorios para manualidades,0.41,8666662011369,visible,ACCESORIOE LLAVERO,1,201136,1000035576.jpg
1000035577,Accesorios para manualidades,0.41,8666662011376,visible,ACCESORIOE LLAVERO,1,201137,1000035577.jpg
1000035578,Accesorios para manualidades,0.41,8666662011383,visible,ACCESORIOE LLAVERO,1,201138,1000035578.jpg
1000035579,Accesorios para manualidades,0.41,8666662011390,visible,ACCESORIOE LLAVERO,1,201139,1000035579.jpg
1000015394,Accesorios para manualidades,0.41,8666662011406,visible,ACCESORIOE LLAVERO,1,201140,1000015394.jpg
1000035580,Accesorios para manualidades,0.41,8666662011413,visible,ACCESORIOE LLAVERO,1,201141,1000035580.jpg
1000035581,Accesorios para manualidades,0.41,8666662011420,visible,ACCESORIOE LLAVERO,1,201142,1000035581.jpg
1000035582,Accesorios para manualidades,0.41,8666662011437,visible,ACCESORIOE LLAVERO,1,201143,1000035582.jpg
1000035583,Accesorios para manualidades,0.41,8666662011444,visible,ACCESORIOE LLAVERO,1,201144,1000035583.jpg
1000035584,Accesorios para manualidades,0.41,8666662011451,visible,ACCESORIOE LLAVERO,1,201145,1000035584.jpg
1000035585,Accesorios para manualidades,0.41,8666662011468,visible,ACCESORIOE LLAVERO,1,201146,1000035585.jpg
1000035586,Accesorios para manualidades,0.41,8666662011475,visible,ACCESORIOE LLAVERO,1,201147,1000035586.jpg
1000035587,Accesorios para manualidades,0.41,8666662011482,visible,ACCESORIOE LLAVERO,1,201148,1000035587.jpg
1000035588,Accesorios para manualidades,0.41,8666662011499,visible,ACCESORIOE LLAVERO,1,201149,1000035588.jpg
1000036942,CIERRES DE RESORTE,0.47,866666201279,visible,ACCESORIOE LLAVERO,1,201279,1000036942.jpg
1000036943,CIERRES DE RESORTE,0.47,866666201280,visible,ACCESORIOE LLAVERO,1,201280,1000036943.jpg
1000036944,CIERRES DE RESORTE,0.47,866666201281,visible,ACCESORIOE LLAVERO,1,201281,1000036944.jpg
1000036945,IMPERDIBLES,0.41,866666201282,visible,ACCESORIOE LLAVERO,1,201282,1000036945.jpg
1000036946,IMPERDIBLES,0.41,866666201283,visible,ACCESORIOE LLAVERO,1,201283,1000036946.jpg
1000036947,IMPERDIBLES,0.41,866666201284,visible,ACCESORIOE LLAVERO,1,201284,1000036947.jpg
1000015461,Anillo de llavero,0.41,8666662012878,visible,ACCESORIOE LLAVERO,1,201287,1000015461.jpg
1000037267,IMPERDIBLE CON BASE,0.41,8666662012885,visible,ACCESORIOE LLAVERO,1,201288,1000037267.jpg
1000037268,IMPERDIBLE CON BASE,0.41,8666662012892,visible,ACCESORIOE LLAVERO,1,201289,1000037268.jpg
1000037269,IMPERDIBLE CON BASE,0.41,8666662012908,visible,ACCESORIOE LLAVERO,1,201290,1000037269.jpg
1000036949,GANCHI PARA PENDIENTES,0.47,866666201291,visible,ACCESORIOE LLAVERO,1,201291,1000036949.jpg
1000036950,GANCHI PARA PENDIENTES,0.47,866666201292,visible,ACCESORIOE LLAVERO,1,201292,1000036950.jpg
1000036951,GANCHI PARA PENDIENTES,0.47,866666201293,visible,ACCESORIOE LLAVERO,1,201293,1000036951.jpg
1000015476,BROCHE PARA ACCESORIOS,0.41,866666201294,visible,ACCESORIOE LLAVERO,1,201294,1000015476.jpg
1000036952,BROCHE PARA ACCESORIOS,0.41,866666201295,visible,ACCESORIOE LLAVERO,1,201295,1000036952.jpg
1000036953,BROCHE PARA ACCESORIOS,0.41,866666201296,visible,ACCESORIOE LLAVERO,1,201296,1000036953.jpg
1000037632,ACCESORIOS PARA MANUALIDADES,0.41,8666662013905,visible,ACCESORIOE LLAVERO,1,201390,1000037632.jpg
1000037633,ACCESORIOS PARA MANUALIDADES,0.41,8666662013912,visible,ACCESORIOE LLAVERO,1,201391,1000037633.jpg
1000037634,ACCESORIOS PARA MANUALIDADES,0.41,8666662013929,visible,ACCESORIOE LLAVERO,1,201392,1000037634.jpg
1000037635,ACCESORIOS PARA MANUALIDADES,0.41,8666662013936,visible,ACCESORIOE LLAVERO,1,201393,1000037635.jpg
1000037636,ACCESORIOS PARA MANUALIDADES,0.41,8666662013943,visible,ACCESORIOE LLAVERO,1,201394,1000037636.jpg
1000037637,ACCESORIOS PARA MANUALIDADES,0.41,8666662013950,visible,ACCESORIOE LLAVERO,1,201395,1000037637.jpg
1000037638,ACCESORIOS PARA MANUALIDADES,0.41,8666662013967,visible,ACCESORIOE LLAVERO,1,201396,1000037638.jpg
1000037639,ACCESORIOS PARA MANUALIDADES,0.41,8666662013974,visible,ACCESORIOE LLAVERO,1,201397,1000037639.jpg
1000037640,ACCESORIOS PARA MANUALIDADES,0.41,8666662013981,visible,ACCESORIOE LLAVERO,1,201398,1000037640.jpg
1000037641,ACCESORIOS PARA MANUALIDADES,0.41,8666662013998,visible,ACCESORIOE LLAVERO,1,201399,1000037641.jpg
1000037642,ACCESORIOS PARA MANUALIDADES,0.41,8666662014001,visible,ACCESORIOE LLAVERO,1,201400,1000037642.jpg
1000037643,ACCESORIOS PARA MANUALIDADES,0.41,8666662014018,visible,ACCESORIOE LLAVERO,1,201401,1000037643.jpg
1000037644,ACCESORIOS PARA MANUALIDADES,0.41,8666662014025,visible,ACCESORIOE LLAVERO,1,201402,1000037644.jpg
1000037645,ACCESORIOS PARA MANUALIDADES,0.41,8666662014032,visible,ACCESORIOE LLAVERO,1,201403,1000037645.jpg
1000037646,ACCESORIOS PARA MANUALIDADES,0.41,8666662014049,visible,ACCESORIOE LLAVERO,1,201404,1000037646.jpg
1000037647,ACCESORIOS PARA MANUALIDADES,0.41,8666662014056,visible,ACCESORIOE LLAVERO,1,201405,1000037647.jpg
1000037649,ACCESORIOS PARA MANUALIDADES,0.41,8666662014070,visible,ACCESORIOE LLAVERO,1,201407,1000037649.jpg
1000037651,ACCESORIOS PARA MANUALIDADES,0.41,8666662014094,visible,ACCESORIOE LLAVERO,1,201409,1000037651.jpg
1000037911,PINZA DE METAL,0.41,8666662014315,visible,ACCESORIOE LLAVERO,1,201431,1000037911.jpg
1000037912,PINZA DE METAL,0.41,8666662014322,visible,ACCESORIOE LLAVERO,1,201432,1000037912.jpg
1000037977,PINZA DE METAL,0.41,866666201433,visible,ACCESORIOE LLAVERO,1,201433,1000037977.jpg
1000037913,PINZA DE METAL,0.41,8666662014346,visible,ACCESORIOE LLAVERO,1,201434,1000037913.jpg
1000037914,BROCHE CLIP CON BASE,0.53,8666662014353,visible,ACCESORIOE LLAVERO,1,201435,1000037914.jpg
1000037915,BROCHE CLIP CON BASE,0.57,8666662014360,visible,ACCESORIOE LLAVERO,1,201436,1000037915.jpg
1000037916,BROCHE CLIP CON BASE,0.53,8666662014377,visible,ACCESORIOE LLAVERO,1,201437,1000037916.jpg
1000037917,ALFILER DE NOVIA,0.41,8666662014384,visible,ACCESORIOE LLAVERO,1,201438,1000037917.jpg
1000037918,ALFILER DE NOVIA,0.41,8666662014391,visible,ACCESORIOE LLAVERO,1,201439,1000037918.jpg
1000039037,32*14mm MOSQUETON DE METAL,0.47,866666201521,visible,ACCESORIOE LLAVERO,1,201521,1000039037.jpg
1000026505,32*14mm MOSQUETON DE METAL,0.47,866666201522,visible,ACCESORIOE LLAVERO,1,201522,1000026505.jpg
1000039038,32*14mm MOSQUETON DE METAL,0.47,866666201523,visible,ACCESORIOE LLAVERO,1,201523,1000039038.jpg
1000039051,CADENA METAL,0.78,866666201551,visible,ACCESORIOE LLAVERO,1,201551,1000039051.jpg
1000039052,CADENA METAL,0.78,866666201552,visible,ACCESORIOE LLAVERO,1,201552,1000039052.jpg
1000026508,CADENA METAL,0.93,866666201553,visible,ACCESORIOE LLAVERO,1,201553,1000026508.jpg
1000039053,CADENA METAL,0.93,866666201554,visible,ACCESORIOE LLAVERO,1,201554,1000039053.jpg
1000039054,CADENA METAL,1.62,866666201555,visible,ACCESORIOE LLAVERO,1,201555,1000039054.jpg
1000039055,CADENA METAL,1.62,866666201556,visible,ACCESORIOE LLAVERO,1,201556,1000039055.jpg
1000039056,CADENA METAL,1.2,866666201557,visible,ACCESORIOE LLAVERO,1,201557,1000039056.jpg
1000039057,CADENA METAL,1.2,866666201558,visible,ACCESORIOE LLAVERO,1,201558,1000039057.jpg
1000039058,CADENA METAL,1.41,866666201559,visible,ACCESORIOE LLAVERO,1,201559,1000039058.jpg
1000026509,CADENA METAL,1.41,866666201560,visible,ACCESORIOE LLAVERO,1,201560,1000026509.jpg
1000039059,CADENA METAL,0.85,866666201561,visible,ACCESORIOE LLAVERO,1,201561,1000039059.jpg
1000039060,CADENA METAL,0.85,866666201562,visible,ACCESORIOE LLAVERO,1,201562,1000039060.jpg
1000039061,CADENA METAL,1.52,866666201563,visible,ACCESORIOE LLAVERO,1,201563,1000039061.jpg
1000039062,CADENA METAL,1.52,866666201564,visible,ACCESORIOE LLAVERO,1,201564,1000039062.jpg
1000039063,CADENA METAL,0.93,866666201565,visible,ACCESORIOE LLAVERO,1,201565,1000039063.jpg
1000039064,CADENA METAL,0.93,866666201566,visible,ACCESORIOE LLAVERO,1,201566,1000039064.jpg
1000039065,CADENA METAL,1.46,866666201567,visible,ACCESORIOE LLAVERO,1,201567,1000039065.jpg
1000039066,CADENA METAL,1.46,866666201568,visible,ACCESORIOE LLAVERO,1,201568,1000039066.jpg
1000039067,CADENA METAL,1.62,866666201569,visible,ACCESORIOE LLAVERO,1,201569,1000039067.jpg
1000039068,CADENA METAL,1.62,866666201570,visible,ACCESORIOE LLAVERO,1,201570,1000039068.jpg
1000041083,HEBILLA DE ENLACE,0.51,8666662016579,visible,ACCESORIOE LLAVERO,1,201657,1000041083.jpg
1000041085,HEBILLA DE ENLACE,0.51,8666662016593,visible,ACCESORIOE LLAVERO,1,201659,1000041085.jpg
1000043154,PENDIENTES DE ARO,0.51,8666662100018,visible,ACCESORIOE LLAVERO,1,210001,1000043154.jpg
1000043155,PENDIENTES DE ARO,0.51,8666662100025,visible,ACCESORIOE LLAVERO,1,210002,1000043155.jpg
1000043156,PENDIENTES DE ARO,0.51,8666662100032,visible,ACCESORIOE LLAVERO,1,210003,1000043156.jpg
1000043157,PENDIENTES DE ARO,0.51,8666662100049,visible,ACCESORIOE LLAVERO,1,210004,1000043157.jpg
1000043158,PENDIENTES DE ARO,0.51,8666662100056,visible,ACCESORIOE LLAVERO,1,210005,1000043158.jpg
1000043159,PENDIENTES DE ARO,0.51,8666662100063,visible,ACCESORIOE LLAVERO,1,210006,1000043159.jpg
1000043160,PENDIENTES DE ARO,0.55,8666662100070,visible,ACCESORIOE LLAVERO,1,210007,1000043160.jpg
1000043161,PENDIENTES DE ARO,0.55,8666662100087,visible,ACCESORIOE LLAVERO,1,210008,1000043161.jpg
1000043162,PENDIENTES DE ARO,0.55,8666662100094,visible,ACCESORIOE LLAVERO,1,210009,1000043162.jpg
1000043163,PENDIENTES DE ARO,0.55,8666662100100,visible,ACCESORIOE LLAVERO,1,210010,1000043163.jpg
1000043164,PENDIENTES DE ARO,0.55,8666662100117,visible,ACCESORIOE LLAVERO,1,210011,1000043164.jpg
1000043165,PENDIENTES DE ARO,0.55,8666662100124,visible,ACCESORIOE LLAVERO,1,210012,1000043165.jpg
1000043166,PENDIENTES DE ARO,0.57,8666662100131,visible,ACCESORIOE LLAVERO,1,210013,1000043166.jpg
1000043167,PENDIENTES DE ARO,0.57,8666662100148,visible,ACCESORIOE LLAVERO,1,210014,1000043167.jpg
1000043168,PENDIENTES DE ARO,0.57,8666662100155,visible,ACCESORIOE LLAVERO,1,210015,1000043168.jpg
1000043169,PENDIENTES DE ARO,0.61,8666662100162,visible,ACCESORIOE LLAVERO,1,210016,1000043169.jpg
1000043170,PENDIENTES DE ARO,0.61,8666662100179,visible,ACCESORIOE LLAVERO,1,210017,1000043170.jpg
1000043171,PENDIENTES DE ARO,0.61,8666662100186,visible,ACCESORIOE LLAVERO,1,210018,1000043171.jpg
1000044809,ACCESORIOS PARA MANUALIDADES,0.51,8666662102418,visible,ACCESORIOE LLAVERO,1,210241,1000044809.jpg
1000044810,ACCESORIOS PARA MANUALIDADES,0.51,8666662102449,visible,ACCESORIOE LLAVERO,1,210244,1000044810.jpg
1000044811,ACCESORIOS PARA MANUALIDADES,0.51,8666662102456,visible,ACCESORIOE LLAVERO,1,210245,1000044811.jpg
1000044812,ACCESORIOS PARA MANUALIDADES,0.51,8666662102463,visible,ACCESORIOE LLAVERO,1,210246,1000044812.jpg
1000044813,ACCESORIOS PARA MANUALIDADES,0.51,8666662102470,visible,ACCESORIOE LLAVERO,1,210247,1000044813.jpg
1000044814,ACCESORIOS PARA MANUALIDADES,0.51,8666662102517,visible,ACCESORIOE LLAVERO,1,210251,1000044814.jpg
1000044815,ACCESORIOS PARA MANUALIDADES,0.51,8666662102531,visible,ACCESORIOE LLAVERO,1,210253,1000044815.jpg
1000044816,ACCESORIOS PARA MANUALIDADES,0.53,8666662102555,visible,ACCESORIOE LLAVERO,1,210255,1000044816.jpg
1000044817,ACCESORIOS PARA MANUALIDADES,0.53,8666662102579,visible,ACCESORIOE LLAVERO,1,210257,1000044817.jpg
1000044818,ACCESORIOS PARA MANUALIDADES,0.53,8666662102586,visible,ACCESORIOE LLAVERO,1,210258,1000044818.jpg
1000044819,ACCESORIOS PARA MANUALIDADES,0.53,8666662102593,visible,ACCESORIOE LLAVERO,1,210259,1000044819.jpg
1000044820,ACCESORIOS PARA MANUALIDADES,0.53,8666662102609,visible,ACCESORIOE LLAVERO,1,210260,1000044820.jpg
1000044821,ACCESORIOS PARA MANUALIDADES,0.65,8666662102630,visible,ACCESORIOE LLAVERO,1,210263,1000044821.jpg
1000044822,ACCESORIOS PARA MANUALIDADES,0.65,8666662102647,visible,ACCESORIOE LLAVERO,1,210264,1000044822.jpg
1000044549,HEBILLA DE ENLACE CON IMAN,0.43,8666662102654,visible,ACCESORIOE LLAVERO,1,210265,1000044549.jpg
1000044550,HEBILLA DE ENLACE CON IMAN,0.43,8666662102661,visible,ACCESORIOE LLAVERO,1,210266,1000044550.jpg
1000044551,HEBILLA DE ENLACE CON IMAN,0.43,8666662102678,visible,ACCESORIOE LLAVERO,1,210267,1000044551.jpg
1000044552,HEBILLA DE ENLACE CON IMAN,0.43,8666662102685,visible,ACCESORIOE LLAVERO,1,210268,1000044552.jpg
1000044553,HEBILLA DE ENLACE CON IMAN,0.43,8666662102692,visible,ACCESORIOE LLAVERO,1,210269,1000044553.jpg
1000044554,HEBILLA DE ENLACE CON IMAN,0.43,8666662102708,visible,ACCESORIOE LLAVERO,1,210270,1000044554.jpg
1000044555,HEBILLA DE ENLACE CON IMAN,0.43,8666662102715,visible,ACCESORIOE LLAVERO,1,210271,1000044555.jpg
1000044556,HEBILLA DE ENLACE CON IMAN,0.43,8666662102722,visible,ACCESORIOE LLAVERO,1,210272,1000044556.jpg
1000044557,HEBILLA DE ENLACE CON IMAN,0.43,8666662102739,visible,ACCESORIOE LLAVERO,1,210273,1000044557.jpg
1000044558,HEBILLA DE ENLACE CON IMAN,0.43,8666662102746,visible,ACCESORIOE LLAVERO,1,210274,1000044558.jpg
1000044559,HEBILLA DE ENLACE CON IMAN,0.45,8666662102753,visible,ACCESORIOE LLAVERO,1,210275,1000044559.jpg
1000044560,HEBILLA DE ENLACE CON IMAN,0.45,8666662102760,visible,ACCESORIOE LLAVERO,1,210276,1000044560.jpg
1000044561,HEBILLA DE ENLACE CON IMAN,0.51,8666662102777,visible,ACCESORIOE LLAVERO,1,210277,1000044561.jpg
1000044562,HEBILLA DE ENLACE CON IMAN,0.51,8666662102784,visible,ACCESORIOE LLAVERO,1,210278,1000044562.jpg
1000044563,HEBILLA DE ENLACE CON IMAN,0.57,8666662102791,visible,ACCESORIOE LLAVERO,1,210279,1000044563.jpg
1000044564,HEBILLA DE ENLACE CON IMAN,0.57,8666662102807,visible,ACCESORIOE LLAVERO,1,210280,1000044564.jpg
1000004286,LLAVERO,0.47,8666661060825,visible,ACCESORIOE LLAVERO,1,06082,1000004286.jpg
1000004284,LLAVERO,0.47,8666661060870,visible,ACCESORIOE LLAVERO,1,06087,1000004284.jpg
1000004292,LLAVERO,0.47,8666661060887,visible,ACCESORIOE LLAVERO,1,06088,1000004292.jpg
1000004291,LLAVERO,0.47,8666661060894,visible,ACCESORIOE LLAVERO,1,06089,1000004291.jpg
1000033520,,0.41,8655611888831,visible,ACCESORIOE LLAVERO,1,88883-1,1000033520.jpg
1000031061,ACCESORIOS DE BISUTERIA,0.47,866666192100,visible,ACCESORIOE LLAVERO,1,92100-1,1000031061.jpg
1000031063,ACCESORIOS DE BISUTERIA,0.47,866666192100,visible,ACCESORIOE LLAVERO,1,92100-3,1000031063.jpg
1000031064,ACCESORIOS DE BISUTERIA,0.47,866666192100,visible,ACCESORIOE LLAVERO,1,92100-4,1000031064.jpg
1000031065,ACCESORIOS DE BISUTERIA,0.47,866666192101,visible,ACCESORIOE LLAVERO,1,92101-1,1000031065.jpg
1000031067,ACCESORIOS DE BISUTERIA,0.47,866666192101,visible,ACCESORIOE LLAVERO,1,92101-3,1000031067.jpg
1000031068,ACCESORIOS DE BISUTERIA,0.47,866666192101,visible,ACCESORIOE LLAVERO,1,92101-4,1000031068.jpg
1000031069,ACCESORIOS DE BISUTERIA,0.47,866666192102,visible,ACCESORIOE LLAVERO,1,92102-1,1000031069.jpg
1000031070,ACCESORIOS DE BISUTERIA,0.47,866666192102,visible,ACCESORIOE LLAVERO,1,92102-2,1000031070.jpg
1000031071,ACCESORIOS DE BISUTERIA,0.47,866666192102,visible,ACCESORIOE LLAVERO,1,92102-3,1000031071.jpg
1000031072,ACCESORIOS DE BISUTERIA,0.47,866666192102,visible,ACCESORIOE LLAVERO,1,92102-4,1000031072.jpg
1000031073,ACCESORIOS DE BISUTERIA,0.47,866666192103,visible,ACCESORIOE LLAVERO,1,92103-1,1000031073.jpg
1000031074,ACCESORIOS DE BISUTERIA,0.47,866666192103,visible,ACCESORIOE LLAVERO,1,92103-2,1000031074.jpg
1000031075,ACCESORIOS DE BISUTERIA,0.47,866666192103,visible,ACCESORIOE LLAVERO,1,92103-3,1000031075.jpg
1000031076,ACCESORIOS DE BISUTERIA,0.47,866666192103,visible,ACCESORIOE LLAVERO,1,92103-4,1000031076.jpg
1000031077,ACCESORIOS DE BISUTERIA,0.47,866666192104,visible,ACCESORIOE LLAVERO,1,92104-1,1000031077.jpg
1000031078,ACCESORIOS DE BISUTERIA,0.47,866666192104,visible,ACCESORIOE LLAVERO,1,92104-2,1000031078.jpg
1000031079,ACCESORIOS DE BISUTERIA,0.47,866666192104,visible,ACCESORIOE LLAVERO,1,92104-3,1000031079.jpg
1000031080,ACCESORIOS DE BISUTERIA,0.47,866666192104,visible,ACCESORIOE LLAVERO,1,92104-4,1000031080.jpg
1000025544,ACESSRlOS DE PORTA CHAVE,0.47,866666191057,visible,ACCESORIOE LLAVERO,1,91057,1000025544.jpg
1000025543,ACESSRlOS DE PORTA CHAVE,0.47,866666191056,visible,ACCESORIOE LLAVERO,1,91056,1000025543.jpg
1000025546,ACESSRlOS DE PORTA CHAVE,0.47,866666191059,visible,ACCESORIOE LLAVERO,1,91059,1000025546.jpg
1000031107,ACCESORIOS DE BISUTERIA,0.41,866666192115,visible,ACCESORIOE LLAVERO,1,92115-1,1000031107.jpg
1000031108,ACCESORIOS DE BISUTERIA,0.41,866666192115,visible,ACCESORIOE LLAVERO,1,92115-2,1000031108.jpg
1000031109,ACCESORIOS DE BISUTERIA,0.41,866666192116,visible,ACCESORIOE LLAVERO,1,92116-1,1000031109.jpg
1000031110,ACCESORIOS DE BISUTERIA,0.41,866666192116,visible,ACCESORIOE LLAVERO,1,92116-2,1000031110.jpg
1000031093,ACCESORIOS DE BISUTERIA,0.41,866666192108,visible,ACCESORIOE LLAVERO,1,92108-1,1000031093.jpg
1000031094,ACCESORIOS DE BISUTERIA,0.41,866666192108,visible,ACCESORIOE LLAVERO,1,92108-2,1000031094.jpg
1000031095,ACCESORIOS DE BISUTERIA,0.41,866666192109,visible,ACCESORIOE LLAVERO,1,92109-1,1000031095.jpg
1000031096,ACCESORIOS DE BISUTERIA,0.41,866666192109,visible,ACCESORIOE LLAVERO,1,92109-2,1000031096.jpg
1000031097,ACCESORIOS DE BISUTERIA,0.41,866666192110,visible,ACCESORIOE LLAVERO,1,92110-1,1000031097.jpg
1000031098,ACCESORIOS DE BISUTERIA,0.41,866666192110,visible,ACCESORIOE LLAVERO,1,92110-2,1000031098.jpg
1000031086,ACCESORIOS DE BISUTERIA,0.41,866666192106,visible,ACCESORIOE LLAVERO,1,92106-2,1000031086.jpg
1000031088,ACCESORIOS DE BISUTERIA,0.41,866666192106,visible,ACCESORIOE LLAVERO,1,92106-4,1000031088.jpg
1000033522,,0.41,8655611888831,visible,ACCESORIOE LLAVERO,1,88883-3,1000033522.jpg
1000033524,,0.41,8655611888831,visible,ACCESORIOE LLAVERO,1,88883-5,1000033524.jpg
1000033945,ACCESORIOS PARA MANUALIDADES,0.41,8655611888831,visible,ACCESORIOE LLAVERO,1,88883-6,1000033945.jpg
1000033946,ACCESORIOS PARA MANUALIDADES,0.41,8655611888831,visible,ACCESORIOE LLAVERO,1,88883-7,1000033946.jpg
1000033947,ACCESORIOS PARA MANUALIDADES,0.41,8655611888831,visible,ACCESORIOE LLAVERO,1,88883-8,1000033947.jpg
1000033948,ACCESORIOS PARA MANUALIDADES,0.41,8655611888831,visible,ACCESORIOE LLAVERO,1,88883-9,1000033948.jpg
1000033926,ACCESORIOS PARA MANUALIDADES,0.41,8655611888831,visible,ACCESORIOE LLAVERO,1,88883-10,1000033926.jpg
1000033927,ACCESORIOS PARA MANUALIDADES,0.41,8655611888831,visible,ACCESORIOE LLAVERO,1,88883-11,1000033927.jpg
1000033928,ACCESORIOS PARA MANUALIDADES,0.41,8655611888831,visible,ACCESORIOE LLAVERO,1,88883-12,1000033928.jpg
1000033929,ACCESORIOS PARA MANUALIDADES,0.41,8655611888831,visible,ACCESORIOE LLAVERO,1,88883-13,1000033929.jpg
1000033930,ACCESORIOS PARA MANUALIDADES,0.41,8655611888831,visible,ACCESORIOE LLAVERO,1,88883-14,1000033930.jpg
1000033931,ACCESORIOS PARA MANUALIDADES,0.41,8655611888831,visible,ACCESORIOE LLAVERO,1,88883-15,1000033931.jpg
1000033932,ACCESORIOS PARA MANUALIDADES,0.41,8655611888831,visible,ACCESORIOE LLAVERO,1,88883-16,1000033932.jpg
1000033933,ACCESORIOS PARA MANUALIDADES,0.41,8655611888831,visible,ACCESORIOE LLAVERO,1,88883-17,1000033933.jpg
1000033935,ACCESORIOS PARA MANUALIDADES,0.41,8655611888831,visible,ACCESORIOE LLAVERO,1,88883-19,1000033935.jpg
1000033936,ACCESORIOS PARA MANUALIDADES,0.41,8655611888831,visible,ACCESORIOE LLAVERO,1,88883-20,1000033936.jpg
1000033937,ACCESORIOS PARA MANUALIDADES,0.41,8655611888831,visible,ACCESORIOE LLAVERO,1,88883-21,1000033937.jpg
1000033938,ACCESORIOS PARA MANUALIDADES,0.41,8655611888831,visible,ACCESORIOE LLAVERO,1,88883-22,1000033938.jpg
1000033939,ACCESORIOS PARA MANUALIDADES,0.41,8655611888831,visible,ACCESORIOE LLAVERO,1,88883-23,1000033939.jpg
1000033940,ACCESORIOS PARA MANUALIDADES,0.41,8655611888831,visible,ACCESORIOE LLAVERO,1,88883-24,1000033940.jpg
1000033943,ACCESORIOS PARA MANUALIDADES,0.41,8655611888831,visible,ACCESORIOE LLAVERO,1,88883-27,1000033943.jpg
1000033944,ACCESORIOS PARA MANUALIDADES,0.41,8655611888831,visible,ACCESORIOE LLAVERO,1,88883-28,1000033944.jpg
1000043968,BOLSA DE TERCIOPELO,0.48,8666662101114,visible,ACCESORIOE LLAVERO,1,210111,1000043968.jpg
1000043969,BOLSA DE TERCIOPELO,0.48,8666662101121,visible,ACCESORIOE LLAVERO,1,210112,1000043969.jpg
1000043970,BOLSA DE TERCIOPELO,0.48,8666662101138,visible,ACCESORIOE LLAVERO,1,210113,1000043970.jpg
1000043971,BOLSA DE TERCIOPELO,0.48,8666662101145,visible,ACCESORIOE LLAVERO,1,210114,1000043971.jpg
1000043972,BOLSA DE TERCIOPELO,0.48,8666662101152,visible,ACCESORIOE LLAVERO,1,210115,1000043972.jpg
1000043973,BOLSA DE TERCIOPELO,0.48,8666662101169,visible,ACCESORIOE LLAVERO,1,210116,1000043973.jpg
1000043974,BOLSA DE TERCIOPELO,0.48,8666662101176,visible,ACCESORIOE LLAVERO,1,210117,1000043974.jpg
1000043975,BOLSA DE TERCIOPELO,0.48,8666662101183,visible,ACCESORIOE LLAVERO,1,210118,1000043975.jpg
1000043976,BOLSA DE TERCIOPELO,0.48,8666662101190,visible,ACCESORIOE LLAVERO,1,210119,1000043976.jpg
1000043977,BOLSA DE TERCIOPELO,0.48,8666662101206,visible,ACCESORIOE LLAVERO,1,210120,1000043977.jpg
1000043978,BOLSA DE TERCIOPELO,0.52,8666662101237,visible,ACCESORIOE LLAVERO,1,210123,1000043978.jpg
1000043979,BOLSA DE TERCIOPELO,0.52,8666662101244,visible,ACCESORIOE LLAVERO,1,210124,1000043979.jpg
1000043980,BOLSA DE TERCIOPELO,0.52,8666662101251,visible,ACCESORIOE LLAVERO,1,210125,1000043980.jpg
1000043981,BOLSA DE TERCIOPELO,0.52,8666662101268,visible,ACCESORIOE LLAVERO,1,210126,1000043981.jpg
1000043982,BOLSA DE TERCIOPELO,0.52,8666662101275,visible,ACCESORIOE LLAVERO,1,210127,1000043982.jpg
1000043983,BOLSA DE TERCIOPELO,0.52,8666662101282,visible,ACCESORIOE LLAVERO,1,210128,1000043983.jpg
1000043984,BOLSA DE TERCIOPELO,0.52,8666662101299,visible,ACCESORIOE LLAVERO,1,210129,1000043984.jpg
1000043985,BOLSA DE TERCIOPELO,0.52,8666662101305,visible,ACCESORIOE LLAVERO,1,210130,1000043985.jpg
1000043986,BOLSA DE TERCIOPELO,0.52,8666662101312,visible,ACCESORIOE LLAVERO,1,210131,1000043986.jpg
1000043987,BOLSA DE TERCIOPELO,0.52,8666662101329,visible,ACCESORIOE LLAVERO,1,210132,1000043987.jpg
1000043988,BOLSA DE TERCIOPELO,0.65,8666662101350,visible,ACCESORIOE LLAVERO,1,210135,1000043988.jpg
1000043989,BOLSA DE TERCIOPELO,0.65,8666662101367,visible,ACCESORIOE LLAVERO,1,210136,1000043989.jpg
1000043990,BOLSA DE TERCIOPELO,0.65,8666662101374,visible,ACCESORIOE LLAVERO,1,210137,1000043990.jpg
1000043991,BOLSA DE TERCIOPELO,0.65,8666662101381,visible,ACCESORIOE LLAVERO,1,210138,1000043991.jpg
1000043992,BOLSA DE TERCIOPELO,0.65,8666662101398,visible,ACCESORIOE LLAVERO,1,210139,1000043992.jpg
1000043993,BOLSA DE TERCIOPELO,0.65,8666662101404,visible,ACCESORIOE LLAVERO,1,210140,1000043993.jpg
1000043994,BOLSA DE TERCIOPELO,0.65,8666662101411,visible,ACCESORIOE LLAVERO,1,210141,1000043994.jpg
1000043995,BOLSA DE TERCIOPELO,0.65,8666662101428,visible,ACCESORIOE LLAVERO,1,210142,1000043995.jpg
1000043996,BOLSA DE TERCIOPELO,0.65,8666662101435,visible,ACCESORIOE LLAVERO,1,210143,1000043996.jpg
1000043997,BOLSA DE TERCIOPELO,0.65,8666662101442,visible,ACCESORIOE LLAVERO,1,210144,1000043997.jpg
1000043998,BOLSA DE TERCIOPELO,0.68,8666662101473,visible,ACCESORIOE LLAVERO,1,210147,1000043998.jpg
1000043999,BOLSA DE TERCIOPELO,0.68,8666662101480,visible,ACCESORIOE LLAVERO,1,210148,1000043999.jpg
1000044000,BOLSA DE TERCIOPELO,0.68,8666662101497,visible,ACCESORIOE LLAVERO,1,210149,1000044000.jpg
1000044001,BOLSA DE TERCIOPELO,0.68,8666662101503,visible,ACCESORIOE LLAVERO,1,210150,1000044001.jpg
1000044002,BOLSA DE TERCIOPELO,0.68,8666662101510,visible,ACCESORIOE LLAVERO,1,210151,1000044002.jpg
1000044003,BOLSA DE TERCIOPELO,0.68,8666662101527,visible,ACCESORIOE LLAVERO,1,210152,1000044003.jpg
1000044004,BOLSA DE TERCIOPELO,0.68,8666662101534,visible,ACCESORIOE LLAVERO,1,210153,1000044004.jpg
1000044005,BOLSA DE TERCIOPELO,0.68,8666662101541,visible,ACCESORIOE LLAVERO,1,210154,1000044005.jpg
1000044006,BOLSA DE TERCIOPELO,0.68,8666662101558,visible,ACCESORIOE LLAVERO,1,210155,1000044006.jpg
1000044007,BOLSA DE TERCIOPELO,0.68,8666662101565,visible,ACCESORIOE LLAVERO,1,210156,1000044007.jpg
1000040061,,0.0,,visible,ACCESORIOE LLAVERO,1,??_20240418145130,1000040061.jpg
1000042343,SAQUITO DE YUTE,0.72,8666662053666,visible,ACCESORIOE LLAVERO,1,205366,1000042343.jpg
1000042344,SAQUITO DE YUTE,0.83,8666662053673,visible,ACCESORIOE LLAVERO,1,205367,1000042344.jpg
1000042346,SAQUITO DE YUTE,1.14,8666662053697,visible,ACCESORIOE LLAVERO,1,205369,1000042346.jpg
1000042347,SAQUITO DE YUTE,1.52,8666662053703,visible,ACCESORIOE LLAVERO,1,205370,1000042347.jpg
1000026650,BOLSA DE LINO,0.89,8666661909629,visible,ACCESORIOE LLAVERO,1,90962-2,1000026650.jpg
1000024615,BOLSA DE LINO,1.94,90963,visible,ACCESORIOE LLAVERO,1,90963,1000024615.jpg
1000026651,BOLSA DE LINO,1.94,8666661909636,visible,ACCESORIOE LLAVERO,1,90963-2,1000026651.jpg
1000024616,BOLSA DE LINO,2.04,90964,visible,ACCESORIOE LLAVERO,1,90964,1000024616.jpg
1000026652,SAQUITO LINO,2.04,8666661909643,visible,ACCESORIOE LLAVERO,1,90964-2,1000026652.jpg
1000024617,BOLSA DE LINO,2.19,90965,visible,ACCESORIOE LLAVERO,1,90965,1000024617.jpg
1000026653,BOLSA DE LINO,2.19,8666661909650,visible,ACCESORIOE LLAVERO,1,90965-2,1000026653.jpg
1000024618,BOLSA DE LINO,2.57,90966,visible,ACCESORIOE LLAVERO,1,90966,1000024618.jpg
1000026654,BOLSA DE LINO,2.57,8666661909667,visible,ACCESORIOE LLAVERO,1,90966-2,1000026654.jpg
1000026655,BOLSA DE LINO,2.67,8666661909674,visible,ACCESORIOE LLAVERO,1,90967-2,1000026655.jpg
1000024619,BOLSA DE LINO,2.67,90967,visible,ACCESORIOE LLAVERO,1,90967,1000024619.jpg
1000031253,BOLSA ALGOD? DIVERTIDA PARA PAN,2.55,8430173286437,visible,ACCESORIOE LLAVERO,1,328643,1000031253.jpg
1000034302,BOLSA MULTIUSOS,1.73,8666661927265,visible,ACCESORIOE LLAVERO,1,92726-1,1000034302.jpg
1000034303,BOLSA MULTIUSOS,1.73,8666661927265,visible,ACCESORIOE LLAVERO,1,92726-2,1000034303.jpg
1000040766,BOLSA MULTIUSOS,1.73,8666661927265,visible,ACCESORIOE LLAVERO,1,92726-3,1000040766.jpg
1000034304,BOLSA MULTIUSOS,1.94,8666661927272,visible,ACCESORIOE LLAVERO,1,92727-1,1000034304.jpg
1000034305,BOLSA MULTIUSOS,1.94,8666661927272,visible,ACCESORIOE LLAVERO,1,92727-2,1000034305.jpg
1000040767,BOLSA MULTIUSOS,1.94,8666661927272,visible,ACCESORIOE LLAVERO,1,92727-3,1000040767.jpg
1000034306,BOLSA MULTIUSOS,2.36,8666661927289,visible,ACCESORIOE LLAVERO,1,92728-1,1000034306.jpg
1000034307,BOLSA MULTIUSOS,2.36,8666661927388,visible,ACCESORIOE LLAVERO,1,92728-2,1000034307.jpg
1000040768,BOLSA MULTIUSOS,2.36,8666661927289,visible,ACCESORIOE LLAVERO,1,92728-3,1000040768.jpg
1000034309,BOLSA MULTIUSOS,1.35,8666661927296,visible,ACCESORIOE LLAVERO,1,92729-2,1000034309.jpg
1000034310,BOLSA MULTIUSOS,1.52,8666661927302,visible,ACCESORIOE LLAVERO,1,92730-1,1000034310.jpg
1000034311,BOLSA MULTIUSOS,1.52,8666661927302,visible,ACCESORIOE LLAVERO,1,92730-2,1000034311.jpg
1000041010,BOLSA MULTIUSO,1.52,866666192730,visible,ACCESORIOE LLAVERO,1,92730-3,1000041010.jpg
1000034312,BOLSA MULTIUSOS,1.73,8666661927319,visible,ACCESORIOE LLAVERO,1,92731-1,1000034312.jpg
1000034313,BOLSA MULTIUSOS,1.73,8666661927319,visible,ACCESORIOE LLAVERO,1,92731-2,1000034313.jpg
1000041011,BOLSA MULTIUSO,1.73,866666192731,visible,ACCESORIOE LLAVERO,1,92731-3,1000041011.jpg
1000034314,BOLSA MULTIUSOS,1.94,8666661927326,visible,ACCESORIOE LLAVERO,1,92732-1,1000034314.jpg
1000034315,BOLSA MULTIUSOS,1.94,8666661927326,visible,ACCESORIOE LLAVERO,1,92732-2,1000034315.jpg
1000041012,BOLSA MULTIUSO,1.94,866666192732,visible,ACCESORIOE LLAVERO,1,92732-3,1000041012.jpg
1000034317,BOLSA MULTIUSOS,2.15,8666661927333,visible,ACCESORIOE LLAVERO,1,92733-2,1000034317.jpg
1000041013,BOLSA MULTIUSO,2.15,866666192733,visible,ACCESORIOE LLAVERO,1,92733-3,1000041013.jpg
1000034318,BOLSA MULTIUSOS,2.25,8666661927340,visible,ACCESORIOE LLAVERO,1,92734-1,1000034318.jpg
1000034319,BOLSA MULTIUSOS,2.25,8666661927340,visible,ACCESORIOE LLAVERO,1,92734-2,1000034319.jpg
1000041014,BOLSA MULTIUSO,2.25,866666192734,visible,ACCESORIOE LLAVERO,1,92734-3,1000041014.jpg
1000034320,BOLSA MULTIUSOS,2.15,8666661927357,visible,ACCESORIOE LLAVERO,1,92735-1,1000034320.jpg
1000034321,BOLSA MULTIUSOS,2.15,8666661927357,visible,ACCESORIOE LLAVERO,1,92735-2,1000034321.jpg
1000041015,BOLSA MULTIUSO,2.15,866666192735,visible,ACCESORIOE LLAVERO,1,92735-3,1000041015.jpg
1000034322,BOLSA MULTIUSOS,2.36,8666661927364,visible,ACCESORIOE LLAVERO,1,92736-1,1000034322.jpg
1000034323,BOLSA MULTIUSOS,2.36,8666661927364,visible,ACCESORIOE LLAVERO,1,92736-2,1000034323.jpg
1000034324,BOLSA MULTIUSOS,2.46,8666661927371,visible,ACCESORIOE LLAVERO,1,92737-1,1000034324.jpg
1000034325,BOLSA MULTIUSOS,2.46,8666661927371,visible,ACCESORIOE LLAVERO,1,92737-2,1000034325.jpg
1000041017,BOLSA MULTIUSO,2.46,866666192737,visible,ACCESORIOE LLAVERO,1,92737-3,1000041017.jpg
1000034326,BOLSA MULTIUSOS,2.57,8666661927388,visible,ACCESORIOE LLAVERO,1,92738-1,1000034326.jpg
1000040971,BOLSA MULTIUSOS,2.57,866666192738,visible,ACCESORIOE LLAVERO,1,92738-2,1000040971.jpg
1000041018,BOLSA MULTIUSO,2.57,866666192738,visible,ACCESORIOE LLAVERO,1,92738-3,1000041018.jpg
1000034327,BOLSA MULTIUSOS,2.67,8666661927395,visible,ACCESORIOE LLAVERO,1,92739-1,1000034327.jpg
1000034328,BOLSA MULTIUSOS,2.67,8666661927395,visible,ACCESORIOE LLAVERO,1,92739-2,1000034328.jpg
1000041019,BOLSA MULTIUSO,2.67,866666192739,visible,ACCESORIOE LLAVERO,1,92739-3,1000041019.jpg
1000034329,BOLSA MULTIUSOS,2.67,8666661927401,visible,ACCESORIOE LLAVERO,1,92740-1,1000034329.jpg
1000034330,BOLSA MULTIUSOS,2.67,8666661927401,visible,ACCESORIOE LLAVERO,1,92740-2,1000034330.jpg
1000041020,BOLSA MULTIUSO,2.67,866666192740,visible,ACCESORIOE LLAVERO,1,92740-3,1000041020.jpg
1000034332,BOLSA MULTIUSOS,2.36,8666661927418,visible,ACCESORIOE LLAVERO,1,92741-2,1000034332.jpg
1000041021,BOLSA MULTIUSO,2.36,866666192741,visible,ACCESORIOE LLAVERO,1,92741-3,1000041021.jpg
1000034333,BOLSA MULTIUSOS,2.36,8666661927425,visible,ACCESORIOE LLAVERO,1,92742-1,1000034333.jpg
1000034334,BOLSA MULTIUSOS,2.36,8666661927425,visible,ACCESORIOE LLAVERO,1,92742-2,1000034334.jpg
1000041022,BOLSA MULTIUSO,2.36,866666192742,visible,ACCESORIOE LLAVERO,1,92742-3,1000041022.jpg
1000034335,BOLSA MULTIUSOS,2.36,8666661927432,visible,ACCESORIOE LLAVERO,1,92743-1,1000034335.jpg
1000034336,BOLSA MULTIUSOS,2.36,8666661927432,visible,ACCESORIOE LLAVERO,1,92743-2,1000034336.jpg
1000041691,,2.36,866666192743,visible,ACCESORIOE LLAVERO,1,92743-3,1000041691.jpg
1000034337,BOLSA MULTIUSOS,2.46,8666661927449,visible,ACCESORIOE LLAVERO,1,92744-1,1000034337.jpg
1000041023,BOLSA MULTIUSO,2.46,866666192744,visible,ACCESORIOE LLAVERO,1,92744-3,1000041023.jpg
1000034339,BOLSA MULTIUSOS,2.88,8666661927456,visible,ACCESORIOE LLAVERO,1,92745-1,1000034339.jpg
1000034340,BOLSA MULTIUSOS,2.88,8666661927456,visible,ACCESORIOE LLAVERO,1,92745-2,1000034340.jpg
1000041024,BOLSA MULTIUSO,2.88,866666192745,visible,ACCESORIOE LLAVERO,1,92745-3,1000041024.jpg
1000034341,BOLSA MULTIUSOS,3.09,8666661927463,visible,ACCESORIOE LLAVERO,1,92746-1,1000034341.jpg
1000034342,BOLSA MULTIUSOS,3.09,8666661927463,visible,ACCESORIOE LLAVERO,1,92746-2,1000034342.jpg
1000041025,BOLSA MULTIUSO,3.09,866666192746,visible,ACCESORIOE LLAVERO,1,92746-3,1000041025.jpg
1000034343,BOLSA MULTIUSOS,1.1,8666661927470,visible,ACCESORIOE LLAVERO,1,92747-1,1000034343.jpg
1000034344,BOLSA MULTIUSOS,1.1,8666661927470,visible,ACCESORIOE LLAVERO,1,92747-2,1000034344.jpg
1000034345,BOLSA MULTIUSOS,1.35,8666661927487,visible,ACCESORIOE LLAVERO,1,92748-1,1000034345.jpg
1000030173,BOLSA DE LINO,0.78,866666191762,visible,ACCESORIOE LLAVERO,1,91762-1,1000030173.jpg
1000030175,BOLSA DE LINO,0.78,866666191762,visible,ACCESORIOE LLAVERO,1,91762-2,1000030175.jpg
1000030176,BOLSA DE LINO,0.78,866666191762,visible,ACCESORIOE LLAVERO,1,91762-3,1000030176.jpg
1000030177,BOLSA DE LINO,0.78,866666191762,visible,ACCESORIOE LLAVERO,1,91762-4,1000030177.jpg
1000030178,BOLSA DE LINO,0.78,866666191762,visible,ACCESORIOE LLAVERO,1,91762-5,1000030178.jpg
1000030179,BOLSA DE LINO,0.78,866666191762,visible,ACCESORIOE LLAVERO,1,91762-6,1000030179.jpg
1000030181,BOLSA DE LINO,0.78,866666191762,visible,ACCESORIOE LLAVERO,1,91762-8,1000030181.jpg
1000030174,BOLSA DE LINO,0.78,866666191762,visible,ACCESORIOE LLAVERO,1,91762-10,1000030174.jpg
1000030185,BOLSA DE LINO,0.78,866666191763,visible,ACCESORIOE LLAVERO,1,91763-2,1000030185.jpg
1000030186,BOLSA DE LINO,0.78,866666191763,visible,ACCESORIOE LLAVERO,1,91763-3,1000030186.jpg
1000030187,BOLSA DE LINO,0.78,866666191763,visible,ACCESORIOE LLAVERO,1,91763-4,1000030187.jpg
1000030188,BOLSA DE LINO,0.78,866666191763,visible,ACCESORIOE LLAVERO,1,91763-5,1000030188.jpg
1000030189,BOLSA DE LINO,0.78,866666191763,visible,ACCESORIOE LLAVERO,1,91763-6,1000030189.jpg
1000030190,BOLSA DE LINO,0.78,866666191763,visible,ACCESORIOE LLAVERO,1,91763-7,1000030190.jpg
1000030191,BOLSA DE LINO,0.78,866666191763,visible,ACCESORIOE LLAVERO,1,91763-8,1000030191.jpg
1000030192,BOLSA DE LINO,0.78,866666191763,visible,ACCESORIOE LLAVERO,1,91763-9,1000030192.jpg
1000030184,BOLSA DE LINO,0.78,866666191763,visible,ACCESORIOE LLAVERO,1,91763-10,1000030184.jpg
1000030195,BOLSA DE LINO,0.83,866666191764,visible,ACCESORIOE LLAVERO,1,91764-2,1000030195.jpg
1000030196,BOLSA DE LINO,0.83,866666191764,visible,ACCESORIOE LLAVERO,1,91764-3,1000030196.jpg
1000030197,BOLSA DE LINO,0.83,866666191764,visible,ACCESORIOE LLAVERO,1,91764-4,1000030197.jpg
1000030198,BOLSA DE LINO,0.83,866666191764,visible,ACCESORIOE LLAVERO,1,91764-5,1000030198.jpg
1000030199,BOLSA DE LINO,0.83,866666191764,visible,ACCESORIOE LLAVERO,1,91764-6,1000030199.jpg
1000030200,BOLSA DE LINO,0.83,866666191764,visible,ACCESORIOE LLAVERO,1,91764-7,1000030200.jpg
1000030201,BOLSA DE LINO,0.83,866666191764,visible,ACCESORIOE LLAVERO,1,91764-8,1000030201.jpg
1000030202,BOLSA DE LINO,0.83,866666191764,visible,ACCESORIOE LLAVERO,1,91764-9,1000030202.jpg
1000030194,BOLSA DE LINO,0.83,866666191764,visible,ACCESORIOE LLAVERO,1,91764-10,1000030194.jpg
1000024671,BOLSA DE LINO,0.83,866666191034,visible,ACCESORIOE LLAVERO,1,91034-4,1000024671.jpg
1000024676,BOLSA DE LINO,0.93,866666191035,visible,ACCESORIOE LLAVERO,1,91035-1,1000024676.jpg
1000024677,BOLSA DE LINO,0.93,866666191035,visible,ACCESORIOE LLAVERO,1,91035-2,1000024677.jpg
1000024678,BOLSA DE LINO,0.93,866666191035,visible,ACCESORIOE LLAVERO,1,91035-3,1000024678.jpg
1000024679,BOLSA DE LINO,0.93,866666191035,visible,ACCESORIOE LLAVERO,1,91035-4,1000024679.jpg
1000024680,BOLSA DE LINO,0.93,866666191035,visible,ACCESORIOE LLAVERO,1,91035-5,1000024680.jpg
1000024681,BOLSA DE LINO,0.93,866666191035,visible,ACCESORIOE LLAVERO,1,91035-6,1000024681.jpg
1000024682,BOLSA DE LINO,0.93,866666191035,visible,ACCESORIOE LLAVERO,1,91035-7,1000024682.jpg
1000024683,BOLSA DE LINO,0.93,866666191035,visible,ACCESORIOE LLAVERO,1,91035-8,1000024683.jpg
1000024684,BOLSA DE LINO,1.04,866666191036,visible,ACCESORIOE LLAVERO,1,91036-1,1000024684.jpg
1000024685,BOLSA DE LINO,1.04,866666191036,visible,ACCESORIOE LLAVERO,1,91036-2,1000024685.jpg
1000024686,BOLSA DE LINO,1.04,866666191036,visible,ACCESORIOE LLAVERO,1,91036-3,1000024686.jpg
1000024687,BOLSA DE LINO,1.04,866666191036,visible,ACCESORIOE LLAVERO,1,91036-4,1000024687.jpg
1000024688,BOLSA DE LINO,1.04,866666191036,visible,ACCESORIOE LLAVERO,1,91036-5,1000024688.jpg
1000024689,BOLSA DE LINO,1.04,866666191036,visible,ACCESORIOE LLAVERO,1,91036-6,1000024689.jpg
1000024690,BOLSA DE LINO,1.04,866666191036,visible,ACCESORIOE LLAVERO,1,91036-7,1000024690.jpg
1000024691,BOLSA DE LINO,1.04,866666191036,visible,ACCESORIOE LLAVERO,1,91036-8,1000024691.jpg
1000024692,BOLSA DE LINO,0.99,866666191037,visible,ACCESORIOE LLAVERO,1,91037-1,1000024692.jpg
1000024693,BOLSA DE LINO,0.99,866666191037,visible,ACCESORIOE LLAVERO,1,91037-2,1000024693.jpg
1000024694,BOLSA DE LINO,0.99,866666191037,visible,ACCESORIOE LLAVERO,1,91037-3,1000024694.jpg
1000024695,BOLSA DE LINO,0.99,866666191037,visible,ACCESORIOE LLAVERO,1,91037-4,1000024695.jpg
1000024696,BOLSA DE LINO,0.99,866666191037,visible,ACCESORIOE LLAVERO,1,91037-5,1000024696.jpg
1000024697,BOLSA DE LINO,0.99,866666191037,visible,ACCESORIOE LLAVERO,1,91037-6,1000024697.jpg
1000024698,BOLSA DE LINO,0.99,866666191037,visible,ACCESORIOE LLAVERO,1,91037-7,1000024698.jpg
1000024699,BOLSA DE LINO,0.99,866666191037,visible,ACCESORIOE LLAVERO,1,91037-8,1000024699.jpg
1000040091,MALLA BRILLANTE,0.0,,visible,MALLA BRILLANTE,1,??_20240418145301,1000040091.jpg
1000037270,MALLA DE PERLAS,1.2,8666662012977,visible,MALLA BRILLANTE,1,201297,1000037270.jpg
1000037271,MALLA DE PERLAS,1.2,8666662012984,visible,MALLA BRILLANTE,1,201298,1000037271.jpg
1000037272,MALLA DE PERLAS,1.2,8666662012991,visible,MALLA BRILLANTE,1,201299,1000037272.jpg
1000015491,MALLA DE PERLAS,1.2,8666662013004,visible,MALLA BRILLANTE,1,201300,1000015491.jpg
1000037273,MALLA DE PERLAS,1.2,8666662013011,visible,MALLA BRILLANTE,1,201301,1000037273.jpg
1000037274,MALLA DE PERLAS,1.2,8666662013028,visible,MALLA BRILLANTE,1,201302,1000037274.jpg
1000037275,MALLA DE PERLAS,1.2,8666662013035,visible,MALLA BRILLANTE,1,201303,1000037275.jpg
1000037276,MALLA DE PERLAS,1.2,8666662013042,visible,MALLA BRILLANTE,1,201304,1000037276.jpg
1000037277,MALLA DE PERLAS,1.2,8666662013059,visible,MALLA BRILLANTE,1,201305,1000037277.jpg
1000037278,MALLA DE PERLAS,1.2,8666662013066,visible,MALLA BRILLANTE,1,201306,1000037278.jpg
1000037279,MALLA DE PERLAS,1.2,8666662013073,visible,MALLA BRILLANTE,1,201307,1000037279.jpg
1000037280,MALLA DE PERLAS,1.2,8666662013080,visible,MALLA BRILLANTE,1,201308,1000037280.jpg
1000037281,MALLA DE PERLAS,1.2,8666662013097,visible,MALLA BRILLANTE,1,201309,1000037281.jpg
1000037282,MALLA DE PERLAS,1.2,8666662013103,visible,MALLA BRILLANTE,1,201310,1000037282.jpg
1000037283,MALLA DE PERLAS,1.2,8666662013110,visible,MALLA BRILLANTE,1,201311,1000037283.jpg
1000037284,MALLA DE PERLAS,1.2,8666662013127,visible,MALLA BRILLANTE,1,201312,1000037284.jpg
1000037285,MALLA DE PERLAS,1.2,8666662013134,visible,MALLA BRILLANTE,1,201313,1000037285.jpg
1000037286,MALLA DE PERLAS,1.2,8666662013141,visible,MALLA BRILLANTE,1,201314,1000037286.jpg
1000037287,MALLA DE PERLAS,1.2,8666662013158,visible,MALLA BRILLANTE,1,201315,1000037287.jpg
1000037288,MALLA DE PERLAS,1.2,8666662013165,visible,MALLA BRILLANTE,1,201316,1000037288.jpg
1000047028,MALLA BRILLANTE,1.2,866666201317,visible,MALLA BRILLANTE,1,201317-1,1000047028.jpg
1000023118,MALLA BRILLANTE 8MM,1.2,8666661202010,visible,MALLA BRILLANTE,1,20201,1000023118.jpg
1000023119,MALLA BRILLANTE,1.2,8666661202003,visible,MALLA BRILLANTE,1,20200-1,1000023119.jpg
1000015052,MANTA DE BRICOLAJE,1.41,8666661200818,visible,MALLA BRILLANTE,1,20081,1000015052.jpg
1000015053,MANTA DE BRICOLAJE,1.41,8666661200825,visible,MALLA BRILLANTE,1,20082,1000015053.jpg
1000015054,MANTA DE BRICOLAJE,0.99,8666661200832,visible,MALLA BRILLANTE,1,20083,1000015054.jpg
1000015055,MANTA DE BRICOLAJE,0.99,8666661200849,visible,MALLA BRILLANTE,1,20084,1000015055.jpg
1000015056,MANTA DE BRICOLAJE,1.04,8666661200856,visible,MALLA BRILLANTE,1,20085,1000015056.jpg
1000040064,BOLSA TRANSPARENTE,0.0,,visible,BOLSA TRANSPARENTE,1,??_20240418145146,1000040064.jpg
1000043317,ALAMBRE PARA ATAR,0.41,86666622100211,visible,BOLSA TRANSPARENTE,1,210021,1000043317.jpg
1000043318,ALAMBRE PARA ATAR,0.41,86666622100221,visible,BOLSA TRANSPARENTE,1,210022,1000043318.jpg
1000041860,BOLSA TRANSPARENTE,0.51,8666662016715,visible,BOLSA TRANSPARENTE,1,201671,1000041860.jpg
1000041861,BOLSA TRANSPARENTE,0.51,8666662016722,visible,BOLSA TRANSPARENTE,1,201672,1000041861.jpg
1000039265,LAMINAS DE ACETATO,0.57,8666662016487,visible,BOLSA TRANSPARENTE,1,201648,1000039265.jpg
1000039266,LAMINAS DE ACETATO,0.6,8666662016494,visible,BOLSA TRANSPARENTE,1,201649,1000039266.jpg
1000039267,LAMINAS DE ACETATO,0.74,8666662016500,visible,BOLSA TRANSPARENTE,1,201650,1000039267.jpg
1000024807,BOLSA DE CELOFAN,0.51,90630,visible,BOLSA TRANSPARENTE,1,90630,1000024807.jpg
1000024808,BOLSA DE CELOFAN,0.51,90631,visible,BOLSA TRANSPARENTE,1,90631,1000024808.jpg
1000024809,BOLSA DE CELOFAN,0.51,90632,visible,BOLSA TRANSPARENTE,1,90632,1000024809.jpg
1000024810,BOLSA DE CELOFAN,0.57,90633,visible,BOLSA TRANSPARENTE,1,90633,1000024810.jpg
1000024903,BOLSA DE CELOFAN,0.53,91135-1,visible,BOLSA TRANSPARENTE,1,91135-1,1000024903.jpg
1000024904,BOLSA DE CELOFAN,0.53,91135-2,visible,BOLSA TRANSPARENTE,1,91135-2,1000024904.jpg
1000024905,BOLSA DE CELOFAN,0.53,91136-1,visible,BOLSA TRANSPARENTE,1,91136-1,1000024905.jpg
1000024906,BOLSA DE CELOFAN,0.53,91136-2,visible,BOLSA TRANSPARENTE,1,91136-2,1000024906.jpg
1000024907,BOLSA DE CELOFAN,0.53,91137-1,visible,BOLSA TRANSPARENTE,1,91137-1,1000024907.jpg
1000024908,BOLSA DE CELOFAN,0.53,91137-2,visible,BOLSA TRANSPARENTE,1,91137-2,1000024908.jpg
1000024909,BOLSA DE CELOFAN,0.55,91138-1,visible,BOLSA TRANSPARENTE,1,91138-1,1000024909.jpg
1000024910,BOLSA DE CELOFAN,0.55,91138-2,visible,BOLSA TRANSPARENTE,1,91138-2,1000024910.jpg
1000024911,BOLSA DE CELOFAN,0.51,91139-1,visible,BOLSA TRANSPARENTE,1,91139-1,1000024911.jpg
1000024912,BOLSA DE CELOFAN,0.51,91139-2,visible,BOLSA TRANSPARENTE,1,91139-2,1000024912.jpg
1000024913,BOLSA DE CELOFAN,0.51,91140-1,visible,BOLSA TRANSPARENTE,1,91140-1,1000024913.jpg
1000024914,BOLSA DE CELOFAN,0.51,91140-2,visible,BOLSA TRANSPARENTE,1,91140-2,1000024914.jpg
1000024915,BOLSA DE CELOFAN,0.51,91141-1,visible,BOLSA TRANSPARENTE,1,91141-1,1000024915.jpg
1000024916,BOLSA DE CELOFAN,0.51,91141-2,visible,BOLSA TRANSPARENTE,1,91141-2,1000024916.jpg
1000023880,BOLSA TRASPARENTES,0.47,866666190611,visible,BOLSA TRANSPARENTE,1,90611,1000023880.jpg
1000023881,BOLSA TRASPARENTES,0.55,866666190612,visible,BOLSA TRANSPARENTE,1,90612,1000023881.jpg
1000023882,BOLSA TRASPARENTES,0.51,866666190613,visible,BOLSA TRANSPARENTE,1,90613,1000023882.jpg
1000023883,BOLSA TRASPARENTES,0.53,866666190614,visible,BOLSA TRANSPARENTE,1,90614,1000023883.jpg
1000023885,BOLSA TRASPARENTES,0.57,866666190616,visible,BOLSA TRANSPARENTE,1,90616,1000023885.jpg
1000023886,BOLSA TRASPARENTES,0.51,866666190617,visible,BOLSA TRANSPARENTE,1,90617,1000023886.jpg
1000023887,BOLSA TRASPARENTES,0.51,866666190618,visible,BOLSA TRANSPARENTE,1,90618,1000023887.jpg
1000023888,BOLSA TRASPARENTES,0.57,866666190619,visible,BOLSA TRANSPARENTE,1,90619,1000023888.jpg
1000023889,BOLSA TRASPARENTES,0.64,866666190620,visible,BOLSA TRANSPARENTE,1,90620,1000023889.jpg
1000023890,BOLSA TRASPARENTES,0.51,866666190621,visible,BOLSA TRANSPARENTE,1,90621,1000023890.jpg
1000023891,BOLSA TRASPARENTES,0.51,866666190622,visible,BOLSA TRANSPARENTE,1,90622,1000023891.jpg
1000023892,BOLSA TRASPARENTES,0.51,866666190623,visible,BOLSA TRANSPARENTE,1,90623,1000023892.jpg
1000023893,BOLSA TRASPARENTES,0.51,866666190624,visible,BOLSA TRANSPARENTE,1,90624,1000023893.jpg
1000023894,BOLSA TRASPARENTES,0.57,866666190625,visible,BOLSA TRANSPARENTE,1,90625,1000023894.jpg
1000023895,BOLSA TRASPARENTES,0.55,866666190626,visible,BOLSA TRANSPARENTE,1,90626,1000023895.jpg
1000023896,BOLSA TRASPARENTES,0.53,866666190627,visible,BOLSA TRANSPARENTE,1,90627,1000023896.jpg
1000023897,BOLSA TRASPARENTES,0.51,866666190628,visible,BOLSA TRANSPARENTE,1,90628,1000023897.jpg
1000023898,BOLSA TRASPARENTES,0.51,866666190629,visible,BOLSA TRANSPARENTE,1,90629,1000023898.jpg
1000017888,BOLSA ADHESIVO,0.47,866661201638,visible,BOLSA TRANSPARENTE,1,20163,1000017888.jpg
1000017889,BOLSA ADHESIVO,0.51,866661201644,visible,BOLSA TRANSPARENTE,1,20164,1000017889.jpg
1000017890,BOLSA ADHESIVO,0.51,866661201650,visible,BOLSA TRANSPARENTE,1,20165,1000017890.jpg
1000017891,BOLSA ADHESIVO,0.55,866661201666,visible,BOLSA TRANSPARENTE,1,20166,1000017891.jpg
1000017892,BOLSA ADHESIVO,0.51,866661201672,visible,BOLSA TRANSPARENTE,1,20167,1000017892.jpg
1000017893,BOLSA ADHESIVO,0.47,866661201688,visible,BOLSA TRANSPARENTE,1,20168,1000017893.jpg
1000017894,BOLSA ADHESIVO,0.47,866661201694,visible,BOLSA TRANSPARENTE,1,20169,1000017894.jpg
1000017895,BOLSA ADHESIVO,0.51,866661201707,visible,BOLSA TRANSPARENTE,1,20170,1000017895.jpg
1000017896,BOLSA ADHESIVO,0.47,866661201713,visible,BOLSA TRANSPARENTE,1,20171,1000017896.jpg
1000017897,BOLSA ADHESIVO,0.47,866661201729,visible,BOLSA TRANSPARENTE,1,20172,1000017897.jpg
1000017898,BOLSA ADHESIVO,0.53,866661201735,visible,BOLSA TRANSPARENTE,1,20173,1000017898.jpg
1000017899,BOLSA ADHESIVO,0.51,866661201741,visible,BOLSA TRANSPARENTE,1,20174,1000017899.jpg
1000017900,BOLSA ADHESIVO,0.47,866661201757,visible,BOLSA TRANSPARENTE,1,20175,1000017900.jpg
1000017901,BOLSA ADHESIVO,0.47,866661201763,visible,BOLSA TRANSPARENTE,1,20176,1000017901.jpg
1000017902,BOLSA ADHESIVO,0.47,866661201779,visible,BOLSA TRANSPARENTE,1,20177,1000017902.jpg
1000017903,BOLSA ADHESIVO,0.47,866661201785,visible,BOLSA TRANSPARENTE,1,20178-1,1000017903.jpg
1000001679,BOLSA TRANSPARENTE,0.49,8666661026210,visible,BOLSA TRANSPARENTE,1,02621,1000001679.jpg
1000001680,BOLSA TRANSPARENTE,0.41,8666661026227,visible,BOLSA TRANSPARENTE,1,02622,1000001680.jpg
1000001682,BOLSA TRANSPARENTE,0.45,8666661026241,visible,BOLSA TRANSPARENTE,1,02624,1000001682.jpg
1000001683,BOLSA TRANSPARENTE,0.45,8666661026258,visible,BOLSA TRANSPARENTE,1,02625,1000001683.jpg
1000016583,BOLSA DE CELOFAN,0.51,8666661201570,visible,BOLSA TRANSPARENTE,1,20157,1000016583.jpg
1000016584,BOLSA DE CELOFAN,0.51,8666661201587,visible,BOLSA TRANSPARENTE,1,20158,1000016584.jpg
1000016585,BOLSA DE CELOFAN,0.51,8666661201594,visible,BOLSA TRANSPARENTE,1,20159,1000016585.jpg
1000016586,BOLSA DE CELOFAN,0.53,8666661201600,visible,BOLSA TRANSPARENTE,1,20160-1,1000016586.jpg
1000016587,BOLSA DE CELOFAN,0.51,8666661201617,visible,BOLSA TRANSPARENTE,1,20161,1000016587.jpg
1000016588,BOLSA DE CELOFAN,0.51,8666661201624,visible,BOLSA TRANSPARENTE,1,20162,1000016588.jpg
1000001684,BOLSA TRANSPARENTE,0.51,8666661026265,visible,BOLSA TRANSPARENTE,1,02626,1000001684.jpg
1000001685,BOLSA TRANSPARENTE,0.51,8666661026272,visible,BOLSA TRANSPARENTE,1,02627,1000001685.jpg
1000001686,BOLSA TRANSPARENTE,0.55,8666661026289,visible,BOLSA TRANSPARENTE,1,02628,1000001686.jpg
1000001687,BOLSA TRANSPARENTE,0.51,8666661026296,visible,BOLSA TRANSPARENTE,1,02629,1000001687.jpg
1000006472,BOLSA DE CELOFAN,0.51,8666661069392,visible,BOLSA TRANSPARENTE,1,06939,1000006472.jpg
1000006471,BOLSA DE CELOFAN,0.47,8666661069408,visible,BOLSA TRANSPARENTE,1,06940,1000006471.jpg
1000006473,BOLSA DE CELOFAN,0.47,8666661069415,visible,BOLSA TRANSPARENTE,1,06941,1000006473.jpg
1000006470,,0.51,8666661069422,visible,BOLSA TRANSPARENTE,1,06942,1000006470.jpg
1000006469,BOLSA DE CELOFAN,0.53,8666661069439,visible,BOLSA TRANSPARENTE,1,06943,1000006469.jpg
1000035281,BOLSA ADHESIVO,0.61,866666202009,visible,BOLSA TRANSPARENTE,1,202009,1000035281.jpg
1000011211,BOLSA CIERRE,0.41,8666661026159,visible,BOLSA TRANSPARENTE,1,02615,1000011211.jpg
1000011212,BOLSA CIERRE,0.41,8666661026166,visible,BOLSA TRANSPARENTE,1,02616,1000011212.jpg
1000011213,,0.47,8666661026173,visible,BOLSA TRANSPARENTE,1,02617,1000011213.jpg
1000001431,BOLSA CIERRE HERMETICO,0.51,8666661026180,visible,BOLSA TRANSPARENTE,1,02618,1000001431.jpg
1000011214,BOLSA CIERRE,0.51,8666661026197,visible,BOLSA TRANSPARENTE,1,02619,1000011214.jpg
1000001432,BOLSA CIERRE,0.61,8666661026203,visible,BOLSA TRANSPARENTE,1,02620,1000001432.jpg
1000035355,BOLSA CIERRE,0.6,866666191483,visible,BOLSA TRANSPARENTE,1,91483,1000035355.jpg
1000040062,,0.0,,visible,BOLSA TRANSPARENTE,1,??_20240418145134,1000040062.jpg
1000015197,BOLSA DE GASA,0.72,8666661201112,visible,BOLSA TRANSPARENTE,1,20111-1,1000015197.jpg
1000015206,BOLSA DE GASA,0.78,8666661201129,visible,BOLSA TRANSPARENTE,1,20112-1,1000015206.jpg
1000015147,BOLSA DE GASA,0.41,8666661201051,visible,BOLSA TRANSPARENTE,1,20105-2,1000015147.jpg
1000015207,BOLSA DE GASA,0.78,8666661201129,visible,BOLSA TRANSPARENTE,1,20112-2,1000015207.jpg
1000015148,BOLSA DE TELA,0.41,8666661201051,visible,BOLSA TRANSPARENTE,1,20105-3,1000015148.jpg
1000015156,BOLSA DE GASA,0.43,8666661201068,visible,BOLSA TRANSPARENTE,1,20106-3,1000015156.jpg
1000015183,BOLSA DE GASA M21058,0.45,8666661201099,visible,BOLSA TRANSPARENTE,1,20109-3,1000015183.jpg
1000015191,BOLSA DE GASA,0.47,8666661201105,visible,BOLSA TRANSPARENTE,1,20110-3,1000015191.jpg
1000015199,BOLSA DE GASA,0.72,8666661201112,visible,BOLSA TRANSPARENTE,1,20111-3,1000015199.jpg
1000015208,BOLSA DE GASA,0.78,8666661201129,visible,BOLSA TRANSPARENTE,1,20112-3,1000015208.jpg
1000015149,BOLSA DE TELA,0.41,8666661201051,visible,BOLSA TRANSPARENTE,1,20105-4,1000015149.jpg
1000015184,BOLSA DE GASA,0.45,8666661201099,visible,BOLSA TRANSPARENTE,1,20109-4,1000015184.jpg
1000022571,BOLSA DE GASA,0.47,8666661201105,visible,BOLSA TRANSPARENTE,1,20110-4,1000022571.jpg
1000015200,BOLSA DE GASA,0.72,8666661201112,visible,BOLSA TRANSPARENTE,1,20111-4,1000015200.jpg
1000015209,BOLSA DE GASA,0.78,8666661201129,visible,BOLSA TRANSPARENTE,1,20112-4,1000015209.jpg
1000015150,BOLSA DE TELA,0.41,8666661201051,visible,BOLSA TRANSPARENTE,1,20105-5,1000015150.jpg
1000015158,BOLSA DE GASA,0.43,8666661201068,visible,BOLSA TRANSPARENTE,1,20106-5,1000015158.jpg
1000015192,BOLSA DE GASA,0.47,8666661201105,visible,BOLSA TRANSPARENTE,1,20110-5,1000015192.jpg
1000015201,BOLSA DE GASA,0.72,8666661201112,visible,BOLSA TRANSPARENTE,1,20111-5,1000015201.jpg
1000015210,BOLSA DE GASA,0.78,8666661201129,visible,BOLSA TRANSPARENTE,1,20112-5,1000015210.jpg
1000015151,BOLSA DE TELA,0.41,8666661201051,visible,BOLSA TRANSPARENTE,1,20105-6,1000015151.jpg
1000015159,BOLSA DE GASA,0.43,8666661201068,visible,BOLSA TRANSPARENTE,1,20106-6,1000015159.jpg
1000015193,BOLSA DE GASA,0.47,8666661201105,visible,BOLSA TRANSPARENTE,1,20110-6,1000015193.jpg
1000015202,BOLSA DE GASA,0.72,8666661201112,visible,BOLSA TRANSPARENTE,1,20111-6,1000015202.jpg
1000015211,BOLSA DE GASA,0.78,8666661201129,visible,BOLSA TRANSPARENTE,1,20112-6,1000015211.jpg
1000022582,BOLSA DE TELA,0.41,866666120105,visible,BOLSA TRANSPARENTE,1,20105-7,1000022582.jpg
1000015194,BOLSA DE GASA M21059,0.47,8666661201105,visible,BOLSA TRANSPARENTE,1,20110-7,1000015194.jpg
1000015203,BOLSA DE GASA,0.72,8666661201112,visible,BOLSA TRANSPARENTE,1,20111-7,1000015203.jpg
1000015212,BOLSA DE GASA,0.78,8666661201129,visible,BOLSA TRANSPARENTE,1,20112-7,1000015212.jpg
1000015152,BOLSA DE TELA,0.41,8666661201051,visible,BOLSA TRANSPARENTE,1,20105-8,1000015152.jpg
1000015170,BOLSA DE GASA,0.43,8666661201075,visible,BOLSA TRANSPARENTE,1,20107-8,1000015170.jpg
1000015195,BOLSA DE GASA,0.47,8666661201105,visible,BOLSA TRANSPARENTE,1,20110-8,1000015195.jpg
1000015204,BOLSA DE GASA,0.72,8666661201112,visible,BOLSA TRANSPARENTE,1,20111-8,1000015204.jpg
1000015213,BOLSA DE GASA,0.78,8666661201129,visible,BOLSA TRANSPARENTE,1,20112-8,1000015213.jpg
1000015153,BOLSA DE TELA,0.41,8666661201051,visible,BOLSA TRANSPARENTE,1,20105-9,1000015153.jpg
1000015162,BOLSA DE GASA,0.43,8666661201068,visible,BOLSA TRANSPARENTE,1,20106-9,1000015162.jpg
1000015171,BOLSA DE GASA,0.43,8666661201075,visible,BOLSA TRANSPARENTE,1,20107-9,1000015171.jpg
1000015180,BOLSA DE GASA,0.43,8666661201082,visible,BOLSA TRANSPARENTE,1,20108-9,1000015180.jpg
1000015189,BOLSA DE GASA,0.45,8666661201099,visible,BOLSA TRANSPARENTE,1,20109-9,1000015189.jpg
1000015196,BOLSA DE GASA,0.47,8666661201105,visible,BOLSA TRANSPARENTE,1,20110-9,1000015196.jpg
1000015205,BOLSA DE GASA,0.72,8666661201112,visible,BOLSA TRANSPARENTE,1,20111-9,1000015205.jpg
1000015214,BOLSA DE GASA,0.78,8666661201129,visible,BOLSA TRANSPARENTE,1,20112-9,1000015214.jpg
1000035296,ACCESORIOS DE TELA,0.89,866666202088,visible,BOLSA TRANSPARENTE,1,202088,1000035296.jpg
1000035297,ACCESORIOS DE TELA,0.89,866666202089,visible,BOLSA TRANSPARENTE,1,202089,1000035297.jpg
1000035298,ACCESORIOS DE TELA,0.89,866666202090,visible,BOLSA TRANSPARENTE,1,202090,1000035298.jpg
1000035299,ACCESORIOS DE TELA,0.89,866666202091,visible,BOLSA TRANSPARENTE,1,202091,1000035299.jpg
1000035300,ACCESORIOS DE TELA,0.89,866666202092,visible,BOLSA TRANSPARENTE,1,202092,1000035300.jpg
1000035301,ACCESORIOS DE TELA,0.89,866666202093,visible,BOLSA TRANSPARENTE,1,202093,1000035301.jpg
1000035302,ACCESORIOS DE TELA,0.89,866666202094,visible,BOLSA TRANSPARENTE,1,202094,1000035302.jpg
1000035303,ACCESORIOS DE TELA,0.89,866666202095,visible,BOLSA TRANSPARENTE,1,202095,1000035303.jpg
1000035304,ACCESORIOS DE TELA,0.89,866666202096,visible,BOLSA TRANSPARENTE,1,202096,1000035304.jpg
1000035282,ACCESORIOS DE TELA,3.09,866666202026,visible,BOLSA TRANSPARENTE,1,202026,1000035282.jpg
1000035045,ACCESORIOS DE TELA,3.09,866666202027,visible,BOLSA TRANSPARENTE,1,202027,1000035045.jpg
1000035046,ACCESORIOS DE TELA,3.09,866666202028,visible,BOLSA TRANSPARENTE,1,202028,1000035046.jpg
1000035283,ACCESORIOS DE TELA,3.09,866666202029,visible,BOLSA TRANSPARENTE,1,202029,1000035283.jpg
1000035284,ACCESORIOS DE TELA,3.09,866666202030,visible,BOLSA TRANSPARENTE,1,202030,1000035284.jpg
1000026541,ACCESORIOS DE TELA,3.09,866666202031,visible,BOLSA TRANSPARENTE,1,202031,1000026541.jpg
1000035285,ACCESORIOS DE TELA,3.09,866666202032,visible,BOLSA TRANSPARENTE,1,202032,1000035285.jpg
1000035286,ACCESORIOS DE TELA,3.09,866666202033,visible,BOLSA TRANSPARENTE,1,202033,1000035286.jpg
1000035287,ACCESORIOS DE TELA,3.67,866666202034,visible,BOLSA TRANSPARENTE,1,202034,1000035287.jpg
1000035288,ACCESORIOS DE TELA,3.67,866666202035,visible,BOLSA TRANSPARENTE,1,202035,1000035288.jpg
1000035289,ACCESORIOS DE TELA,3.67,866666202036,visible,BOLSA TRANSPARENTE,1,202036,1000035289.jpg
1000035290,ACCESORIOS DE TELA,3.67,866666202037,visible,BOLSA TRANSPARENTE,1,202037,1000035290.jpg
1000035291,ACCESORIOS DE TELA,3.67,866666202038,visible,BOLSA TRANSPARENTE,1,202038,1000035291.jpg
1000035292,ACCESORIOS DE TELA,3.67,866666202039,visible,BOLSA TRANSPARENTE,1,202039,1000035292.jpg
1000035293,ACCESORIOS DE TELA,3.67,866666202040,visible,BOLSA TRANSPARENTE,1,202040,1000035293.jpg
1000035047,ACCESORIOS DE TELA,2.29,866666202041,visible,BOLSA TRANSPARENTE,1,202041,1000035047.jpg
1000035049,ACCESORIOS DE TELA,2.29,866666202043,visible,BOLSA TRANSPARENTE,1,202043,1000035049.jpg
1000035053,ACCESORIOS DE TELA,2.29,866666202047,visible,BOLSA TRANSPARENTE,1,202047,1000035053.jpg
1000026542,ACCESORIOS DE TELA,2.29,866666202048,visible,BOLSA TRANSPARENTE,1,202048,1000026542.jpg
1000035054,ACCESORIOS DE TELA,2.29,866666202049,visible,BOLSA TRANSPARENTE,1,202049,1000035054.jpg
1000035055,ACCESORIOS DE TELA,2.29,866666202050,visible,BOLSA TRANSPARENTE,1,202050,1000035055.jpg
1000035056,ACCESORIOS DE TELA,2.15,866666202051,visible,BOLSA TRANSPARENTE,1,202051,1000035056.jpg
1000001477,BOLSA DE CARAMELO,0.51,8666661025657,visible,BOLSA TRANSPARENTE,1,02565,1000001477.jpg
1000005094,FUNDA DE ABANICO ROSA,0.09,86666661008498,visible,BOLSA TRANSPARENTE,1,00849-3,1000005094.jpg
1000005095,FUNDA DE ABANICO NARANJA,0.09,86666661008498,visible,BOLSA TRANSPARENTE,1,00849-2,1000005095.jpg
1000005097,FUNDA DE ABANICO AZUL,0.09,86666661008498,visible,BOLSA TRANSPARENTE,1,00849-4,1000005097.jpg
1000020621,BOLSA DE REGALOS,0.3,8655666729004,visible,BOLSA TRANSPARENTE,1,72900,1000020621.jpg
1000031944,,0.0,,visible,BOLSA TRANSPARENTE,1,20220616170402,1000031944.jpg
1000023869,BOLSA DE PAPEL,0.72,866666190474,visible,BOLSA TRANSPARENTE,1,90474,1000023869.jpg
1000023870,BOLSA DE PAPEL,0.72,866666190475,visible,BOLSA TRANSPARENTE,1,90475,1000023870.jpg
1000023871,BOLSA DE PAPEL,0.72,866666190476,visible,BOLSA TRANSPARENTE,1,90476,1000023871.jpg
1000023872,BOLSA DE PAPEL,0.61,866666190477,visible,BOLSA TRANSPARENTE,1,90477,1000023872.jpg
1000022690,SOBRES DE PAPEL,0.55,8666661203727,visible,BOLSA TRANSPARENTE,1,20372-1,1000022690.jpg
1000022691,SOBRES DE PAPEL,0.55,8666661203727,visible,BOLSA TRANSPARENTE,1,20372-2,1000022691.jpg
1000022692,SOBRES DE PAPEL,0.55,8666661203727,visible,BOLSA TRANSPARENTE,1,20372-3,1000022692.jpg
1000022693,SOBRES DE PAPEL,0.55,8666661203727,visible,BOLSA TRANSPARENTE,1,20372-4,1000022693.jpg
1000022694,SOBRES DE PAPEL,0.55,8666661203727,visible,BOLSA TRANSPARENTE,1,20372-5,1000022694.jpg
1000022695,SOBRES DE PAPEL,0.57,8666661203734,visible,BOLSA TRANSPARENTE,1,20373-1,1000022695.jpg
1000022696,SOBRES DE PAPEL,0.57,8666661203734,visible,BOLSA TRANSPARENTE,1,20373-2,1000022696.jpg
1000022697,SOBRES DE PAPEL,0.57,8666661203734,visible,BOLSA TRANSPARENTE,1,20373-3,1000022697.jpg
1000022698,SOBRES DE PAPEL,0.57,8666661203734,visible,BOLSA TRANSPARENTE,1,20373-4,1000022698.jpg
1000022699,SOBRES DE PAPEL,0.57,8666661203734,visible,BOLSA TRANSPARENTE,1,20373-5,1000022699.jpg
1000022700,SOBRES DE PAPEL,0.57,8666661203741,visible,BOLSA TRANSPARENTE,1,20374-1,1000022700.jpg
1000022701,SOBRES DE PAPEL,0.57,8666661203741,visible,BOLSA TRANSPARENTE,1,20374-2,1000022701.jpg
1000022702,SOBRES DE PAPEL,0.57,8666661203741,visible,BOLSA TRANSPARENTE,1,20374-3,1000022702.jpg
1000022703,SOBRES DE PAPEL,0.57,8666661203741,visible,BOLSA TRANSPARENTE,1,20374-4,1000022703.jpg
1000022704,SOBRES DE PAPEL,0.57,8666661203741,visible,BOLSA TRANSPARENTE,1,20374-5,1000022704.jpg
1000022705,SOBRES DE PAPEL,0.57,8666661203758,visible,BOLSA TRANSPARENTE,1,20375-1,1000022705.jpg
1000022706,SOBRES DE PAPEL,0.57,8666661203758,visible,BOLSA TRANSPARENTE,1,20375-2,1000022706.jpg
1000022707,SOBRES DE PAPEL,0.57,8666661203758,visible,BOLSA TRANSPARENTE,1,20375-3,1000022707.jpg
1000022708,SOBRES DE PAPEL,0.57,8666661203758,visible,BOLSA TRANSPARENTE,1,20375-4,1000022708.jpg
1000022709,SOBRES DE PAPEL,0.57,8666661203758,visible,BOLSA TRANSPARENTE,1,20375-5,1000022709.jpg
1000022710,BOSITA DE PAPEL,0.83,8666661203765,visible,BOLSA TRANSPARENTE,1,20376-1,1000022710.jpg
1000022711,BOSITA DE PAPEL,0.83,8666661203765,visible,BOLSA TRANSPARENTE,1,20376-2,1000022711.jpg
1000022712,BOSITA DE PAPEL,0.83,8666661203765,visible,BOLSA TRANSPARENTE,1,20376-3,1000022712.jpg
1000022713,BOSITA DE PAPEL,0.83,8666661203765,visible,BOLSA TRANSPARENTE,1,20376-4,1000022713.jpg
1000022714,BOSITA DE PAPEL,0.83,8666661203765,visible,BOLSA TRANSPARENTE,1,20376-5,1000022714.jpg
1000022715,BOSITA DE PAPEL,0.83,8666661203772,visible,BOLSA TRANSPARENTE,1,20377-1,1000022715.jpg
1000022716,BOSITA DE PAPEL,0.83,8666661203772,visible,BOLSA TRANSPARENTE,1,20377-2,1000022716.jpg
1000022717,BOSITA DE PAPEL,0.83,8666661203772,visible,BOLSA TRANSPARENTE,1,20377-3,1000022717.jpg
1000022718,BOSITA DE PAPEL,0.83,8666661203772,visible,BOLSA TRANSPARENTE,1,20377-4,1000022718.jpg
1000022719,BOSITA DE PAPEL,0.83,8666661203772,visible,BOLSA TRANSPARENTE,1,20377-5,1000022719.jpg
1000022720,BOSITA DE PAPEL,0.89,8666661203789,visible,BOLSA TRANSPARENTE,1,20378-1,1000022720.jpg
1000022721,BOSITA DE PAPEL,0.89,8666661203789,visible,BOLSA TRANSPARENTE,1,20378-2,1000022721.jpg
1000022722,BOSITA DE PAPEL,0.89,8666661203789,visible,BOLSA TRANSPARENTE,1,20378-3,1000022722.jpg
1000022723,BOSITA DE PAPEL,0.89,8666661203789,visible,BOLSA TRANSPARENTE,1,20378-4,1000022723.jpg
1000022724,BOSITA DE PAPEL,0.89,8666661203789,visible,BOLSA TRANSPARENTE,1,20378-5,1000022724.jpg
1000022737,SOBRES DE PAPEL,0.45,8666661203826,visible,BOLSA TRANSPARENTE,1,20382-1,1000022737.jpg
1000022738,SOBRES DE PAPEL,0.45,8666661203826,visible,BOLSA TRANSPARENTE,1,20382-2,1000022738.jpg
1000022739,SOBRES DE PAPEL,0.45,8666661203826,visible,BOLSA TRANSPARENTE,1,20382-3,1000022739.jpg
1000022740,SOBRES DE PAPEL,0.45,8666661203826,visible,BOLSA TRANSPARENTE,1,20382-4,1000022740.jpg
1000022741,BOSITA DE PAPEL,0.63,8666661203833,visible,BOLSA TRANSPARENTE,1,20383-1,1000022741.jpg
1000022742,BOSITA DE PAPEL,0.63,8666661203833,visible,BOLSA TRANSPARENTE,1,20383-2,1000022742.jpg
1000022743,BOSITA DE PAPEL,0.63,8666661203833,visible,BOLSA TRANSPARENTE,1,20383-3,1000022743.jpg
1000022744,BOSITA DE PAPEL,0.63,8666661203833,visible,BOLSA TRANSPARENTE,1,20383-4,1000022744.jpg
1000022745,BOSITA DE PAPEL,0.63,8666661203840,visible,BOLSA TRANSPARENTE,1,20384-1,1000022745.jpg
1000022746,BOSITA DE PAPEL,0.63,8666661203840,visible,BOLSA TRANSPARENTE,1,20384-2,1000022746.jpg
1000022747,BOSITA DE PAPEL,0.63,8666661203840,visible,BOLSA TRANSPARENTE,1,20384-3,1000022747.jpg
1000022748,BOSITA DE PAPEL,0.63,8666661203840,visible,BOLSA TRANSPARENTE,1,20384-4,1000022748.jpg
1000022750,BOSITA DE PAPEL,0.63,8666661203857,visible,BOLSA TRANSPARENTE,1,20385-2,1000022750.jpg
1000022752,BOSITA DE PAPEL,0.63,8666661203857,visible,BOLSA TRANSPARENTE,1,20385-4,1000022752.jpg
1000040113,CINTA BIES TELA,0.0,,visible,CINTA BIES TELA,1,??_20240418145440,1000040113.jpg
1000030153,CINTA DE VIES TELA,1.41,866666101958,visible,CINTA BIES TELA,1,01958-1,1000030153.jpg
1000030160,CINTA DE VIES TELA,1.41,866666101958,visible,CINTA BIES TELA,1,01958-2,1000030160.jpg
1000030161,CINTA DE VIES TELA,1.41,866666101958,visible,CINTA BIES TELA,1,01958-3,1000030161.jpg
1000030162,CINTA DE VIES TELA,1.41,866666101958,visible,CINTA BIES TELA,1,01958-4,1000030162.jpg
1000030163,CINTA DE VIES TELA,1.41,866666101958,visible,CINTA BIES TELA,1,01958-5,1000030163.jpg
1000030164,CINTA DE VIES TELA,1.41,866666101958,visible,CINTA BIES TELA,1,01958-6,1000030164.jpg
1000030165,CINTA DE VIES TELA,1.41,866666101958,visible,CINTA BIES TELA,1,01958-7,1000030165.jpg
1000030166,CINTA DE VIES TELA,1.41,866666101958,visible,CINTA BIES TELA,1,01958-8,1000030166.jpg
1000030167,CINTA DE VIES TELA,1.41,866666101958,visible,CINTA BIES TELA,1,01958-9,1000030167.jpg
1000030154,CINTA DE VIES TELA,1.41,866666101958,visible,CINTA BIES TELA,1,01958-10,1000030154.jpg
1000030155,CINTA DE VIES TELA,1.41,866666101958,visible,CINTA BIES TELA,1,01958-11,1000030155.jpg
1000030156,CINTA DE VIES TELA,1.41,866666101958,visible,CINTA BIES TELA,1,01958-12,1000030156.jpg
1000030157,CINTA DE VIES TELA,1.41,866666101958,visible,CINTA BIES TELA,1,01958-13,1000030157.jpg
1000030158,CINTA DE VIES TELA,1.41,866666101958,visible,CINTA BIES TELA,1,01958-14,1000030158.jpg
1000030159,CINTA DE VIES TELA,1.41,866666101958,visible,CINTA BIES TELA,1,01958-15,1000030159.jpg
1000007104,CINTA DE RASO,0.45,8666661083916,visible,CINTA BIES TELA,1,08391-A01,1000007104.jpg
1000007139,CINTA DE RASO,0.55,8666661083923,visible,CINTA BIES TELA,1,08392-A01,1000007139.jpg
1000007173,CINTA DE RASO,0.66,8666661083930,visible,CINTA BIES TELA,1,08393-A01,1000007173.jpg
1000007208,CINTA DE RASO,0.78,8666661083947,visible,CINTA BIES TELA,1,08394-A01,1000007208.jpg
1000007243,CINTA DE RASO,1.04,8666661083954,visible,CINTA BIES TELA,1,08395-A01,1000007243.jpg
1000007278,CINTA DE RASO,1.52,8666661083961,visible,CINTA BIES TELA,1,08396-A01,1000007278.jpg
1000007313,CINTA DE RASO,1.88,8666661083978,visible,CINTA BIES TELA,1,08397-A01,1000007313.jpg
1000007105,CINTA DE RASO,0.45,8666661083916,visible,CINTA BIES TELA,1,08391-A02,1000007105.jpg
1000007140,CINTA DE RASO,0.55,8666661083923,visible,CINTA BIES TELA,1,08392-A02,1000007140.jpg
1000007174,CINTA DE RASO,0.66,8666661083930,visible,CINTA BIES TELA,1,08393-A02,1000007174.jpg
1000007209,CINTA DE RASO,0.78,8666661083947,visible,CINTA BIES TELA,1,08394-A02,1000007209.jpg
1000007244,CINTA DE RASO,1.04,8666661083954,visible,CINTA BIES TELA,1,08395-A02,1000007244.jpg
1000007279,CINTA DE RASO,1.52,8666661083961,visible,CINTA BIES TELA,1,08396-A02,1000007279.jpg
1000007314,CINTA DE RASO,1.88,8666661083978,visible,CINTA BIES TELA,1,08397-A02,1000007314.jpg
1000007106,CINTA DE RASO,0.45,8666661083916,visible,CINTA BIES TELA,1,08391-A03,1000007106.jpg
1000007141,CINTA DE RASO,0.55,8666661083923,visible,CINTA BIES TELA,1,08392-A03,1000007141.jpg
1000007175,CINTA DE RASO,0.66,8666661083930,visible,CINTA BIES TELA,1,08393-A03,1000007175.jpg
1000007210,CINTA DE RASO,0.78,8666661083947,visible,CINTA BIES TELA,1,08394-A03,1000007210.jpg
1000007245,CINTA DE RASO,1.04,8666661083954,visible,CINTA BIES TELA,1,08395-A03,1000007245.jpg
1000007280,CINTA DE RASO,1.52,8666661083961,visible,CINTA BIES TELA,1,08396-A03,1000007280.jpg
1000007315,CINTA DE RASO,1.88,8666661083978,visible,CINTA BIES TELA,1,08397-A03,1000007315.jpg
1000007107,CINTA DE RASO,0.45,8666661083916,visible,CINTA BIES TELA,1,08391-A04,1000007107.jpg
1000007142,CINTA DE RASO,0.55,8666661083923,visible,CINTA BIES TELA,1,08392-A04,1000007142.jpg
1000007176,CINTA DE RASO,0.66,8666661083930,visible,CINTA BIES TELA,1,08393-A04,1000007176.jpg
1000007211,CINTA DE RASO,0.78,8666661083947,visible,CINTA BIES TELA,1,08394-A04,1000007211.jpg
1000007246,CINTA DE RASO,1.04,8666661083954,visible,CINTA BIES TELA,1,08395-A04,1000007246.jpg
1000007281,CINTA DE RASO,1.52,8666661083961,visible,CINTA BIES TELA,1,08396-A04,1000007281.jpg
1000007316,CINTA DE RASO,1.88,8666661083978,visible,CINTA BIES TELA,1,08397-A04,1000007316.jpg
1000007108,CINTA DE RASO,0.45,8666661083916,visible,CINTA BIES TELA,1,08391-A05,1000007108.jpg
1000007143,CINTA DE RASO,0.55,8666661083923,visible,CINTA BIES TELA,1,08392-A05,1000007143.jpg
1000007177,CINTA DE RASO,0.66,8666661083930,visible,CINTA BIES TELA,1,08393-A05,1000007177.jpg
1000007212,CINTA DE RASO,0.78,8666661083947,visible,CINTA BIES TELA,1,08394-A05,1000007212.jpg
1000007247,CINTA DE RASO,1.04,8666661083954,visible,CINTA BIES TELA,1,08395-A05,1000007247.jpg
1000007282,CINTA DE RASO,1.52,8666661083961,visible,CINTA BIES TELA,1,08396-A05,1000007282.jpg
1000007317,CINTA DE RASO,1.88,8666661083978,visible,CINTA BIES TELA,1,08397-A05,1000007317.jpg
1000007109,CINTA DE RASO salmon,0.45,8666661083916,visible,CINTA BIES TELA,1,08391-A06,1000007109.jpg
1000007144,CINTA DE RASO SALMON,0.55,8666661083923,visible,CINTA BIES TELA,1,08392-A06,1000007144.jpg
1000007178,CINTA DE RASO SALMON,0.66,8666661083930,visible,CINTA BIES TELA,1,08393-A06,1000007178.jpg
1000007213,CINTA DE RASO SALMON,0.78,8666661083947,visible,CINTA BIES TELA,1,08394-A06,1000007213.jpg
1000007248,CINTA DE RASO SALMON,1.04,8666661083954,visible,CINTA BIES TELA,1,08395-A06,1000007248.jpg
1000007283,CINTA DE RASO SALMON,1.52,8666661083961,visible,CINTA BIES TELA,1,08396-A06,1000007283.jpg
1000007318,CINTA DE RASO SALMON,1.88,8666661083978,visible,CINTA BIES TELA,1,08397-A06,1000007318.jpg
1000007110,CINTA DE RASO,0.45,8666661083916,visible,CINTA BIES TELA,1,08391-A07,1000007110.jpg
1000007145,CINTA DE RASO,0.55,8666661083923,visible,CINTA BIES TELA,1,08392-A07,1000007145.jpg
1000007179,CINTA DE RASO,0.66,8666661083930,visible,CINTA BIES TELA,1,08393-A07,1000007179.jpg
1000007214,CINTA DE RASO,0.78,8666661083947,visible,CINTA BIES TELA,1,08394-A07,1000007214.jpg
1000007249,CINTA DE RASO,1.04,8666661083954,visible,CINTA BIES TELA,1,08395-A07,1000007249.jpg
1000007284,CINTA DE RASO,1.52,8666661083961,visible,CINTA BIES TELA,1,08396-A07,1000007284.jpg
1000007319,CINTA DE RASO,1.88,8666661083978,visible,CINTA BIES TELA,1,08397-A07,1000007319.jpg
1000007111,CINTA DE RASO,0.45,8666661083916,visible,CINTA BIES TELA,1,08391-A08,1000007111.jpg
1000007146,CINTA DE RASO,0.55,8666661083923,visible,CINTA BIES TELA,1,08392-A08,1000007146.jpg
1000007180,CINTA DE RASO,0.66,8666661083930,visible,CINTA BIES TELA,1,08393-A08,1000007180.jpg
1000007215,CINTA DE RASO,0.78,8666661083947,visible,CINTA BIES TELA,1,08394-A08,1000007215.jpg
1000007250,CINTA DE RASO,1.04,8666661083954,visible,CINTA BIES TELA,1,08395-A08,1000007250.jpg
1000007285,CINTA DE RASO,1.52,8666661083961,visible,CINTA BIES TELA,1,08396-A08,1000007285.jpg
1000007320,CINTA DE RASO,1.88,8666661083978,visible,CINTA BIES TELA,1,08397-A08,1000007320.jpg
1000007112,CINTA DE RASO AMARILLO,0.45,8666661083916,visible,CINTA BIES TELA,1,08391-A09,1000007112.jpg
1000007147,CINTA DE RASO AMARILLO,0.55,8666661083923,visible,CINTA BIES TELA,1,08392-A09,1000007147.jpg
1000007181,CINTA DE RASO AMARILLO,0.66,8666661083930,visible,CINTA BIES TELA,1,08393-A09,1000007181.jpg
1000007216,CINTA DE RASO AMARILLO,0.78,8666661083947,visible,CINTA BIES TELA,1,08394-A09,1000007216.jpg
1000007251,CINTA DE RASO AMARILLO,1.04,8666661083954,visible,CINTA BIES TELA,1,08395-A09,1000007251.jpg
1000007286,CINTA DE RASO AMARILLO,1.52,8666661083961,visible,CINTA BIES TELA,1,08396-A09,1000007286.jpg
1000007321,CINTA DE RASO AMARILLO,1.88,8666661083978,visible,CINTA BIES TELA,1,08397-A09,1000007321.jpg
1000007113,CINTA DE RASO,0.45,8666661083916,visible,CINTA BIES TELA,1,08391-A10,1000007113.jpg
1000007148,CINTA DE RASO,0.55,8666661083923,visible,CINTA BIES TELA,1,08392-A10,1000007148.jpg
1000007182,CINTA DE RASO,0.66,8666661083930,visible,CINTA BIES TELA,1,08393-A10,1000007182.jpg
1000007217,CINTA DE RASO,0.78,8666661083947,visible,CINTA BIES TELA,1,08394-A10,1000007217.jpg
1000007252,CINTA DE RASO,1.04,8666661083954,visible,CINTA BIES TELA,1,08395-A10,1000007252.jpg
1000007287,CINTA DE RASO,1.52,8666661083961,visible,CINTA BIES TELA,1,08396-A10,1000007287.jpg
1000007322,CINTA DE RASO,1.88,8666661083978,visible,CINTA BIES TELA,1,08397-A10,1000007322.jpg
1000007114,CINTA DE RASO,0.45,8666661083916,visible,CINTA BIES TELA,1,08391-A11,1000007114.jpg
1000012253,CINTA DE RASO,0.55,8666661083923,visible,CINTA BIES TELA,1,08392-A11,1000012253.jpg
1000007183,CINTA DE RASO,0.66,8666661083930,visible,CINTA BIES TELA,1,08393-A11,1000007183.jpg
1000007218,CINTA DE RASO,0.78,8666661083947,visible,CINTA BIES TELA,1,08394-A11,1000007218.jpg
1000007253,CINTA DE RASO,1.04,8666661083954,visible,CINTA BIES TELA,1,08395-A11,1000007253.jpg
1000007288,CINTA DE RASO,1.52,8666661083961,visible,CINTA BIES TELA,1,08396-A11,1000007288.jpg
1000007323,CINTA DE RASO,1.88,8666661083978,visible,CINTA BIES TELA,1,08397-A11,1000007323.jpg
1000007115,CINTA DE RASO,0.45,8666661083916,visible,CINTA BIES TELA,1,08391-A12,1000007115.jpg
1000007149,CINTA DE RASO,0.55,8666661083923,visible,CINTA BIES TELA,1,08392-A12,1000007149.jpg
1000007184,CINTA DE RASO,0.66,8666661083930,visible,CINTA BIES TELA,1,08393-A12,1000007184.jpg
1000007219,CINTA DE RASO,0.78,8666661083947,visible,CINTA BIES TELA,1,08394-A12,1000007219.jpg
1000007254,CINTA DE RASO,1.04,8666661083954,visible,CINTA BIES TELA,1,08395-A12,1000007254.jpg
1000007289,CINTA DE RASO,1.52,8666661083961,visible,CINTA BIES TELA,1,08396-A12,1000007289.jpg
1000007324,CINTA DE RASO,1.88,8666661083978,visible,CINTA BIES TELA,1,08397-A12,1000007324.jpg
1000007116,CINTA DE RASO,0.45,8666661083916,visible,CINTA BIES TELA,1,08391-A13,1000007116.jpg
1000007150,CINTA DE RASO,0.55,8666661083923,visible,CINTA BIES TELA,1,08392-A13,1000007150.jpg
1000007185,CINTA DE RASO,0.66,8666661083930,visible,CINTA BIES TELA,1,08393-A13,1000007185.jpg
1000007220,CINTA DE RASO,0.78,8666661083947,visible,CINTA BIES TELA,1,08394-A13,1000007220.jpg
1000007255,CINTA DE RASO,1.04,8666661083954,visible,CINTA BIES TELA,1,08395-A13,1000007255.jpg
1000007290,CINTA DE RASO,1.52,8666661083961,visible,CINTA BIES TELA,1,08396-A13,1000007290.jpg
1000007325,CINTA DE RASO,1.88,8666661083978,visible,CINTA BIES TELA,1,08397-A13,1000007325.jpg
1000007117,CINTA DE RASO,0.45,8666661083916,visible,CINTA BIES TELA,1,08391-A14,1000007117.jpg
1000007151,CINTA DE RASO,0.55,8666661083923,visible,CINTA BIES TELA,1,08392-A14,1000007151.jpg
1000007186,CINTA DE RASO,0.66,8666661083930,visible,CINTA BIES TELA,1,08393-A14,1000007186.jpg
1000007221,CINTA DE RASO,0.78,8666661083947,visible,CINTA BIES TELA,1,08394-A14,1000007221.jpg
1000007256,CINTA DE RASO,1.04,8666661083954,visible,CINTA BIES TELA,1,08395-A14,1000007256.jpg
1000007291,CINTA DE RASO,1.52,8666661083961,visible,CINTA BIES TELA,1,08396-A14,1000007291.jpg
1000007326,CINTA DE RASO,1.88,8666661083978,visible,CINTA BIES TELA,1,08397-A14,1000007326.jpg
1000007118,04843-D15 CINTA DE RASO,0.45,8666661083916,visible,CINTA BIES TELA,1,08391-A15,1000007118.jpg
1000007152,10296-D15 CINTA DE RASO,0.55,8666661083923,visible,CINTA BIES TELA,1,08392-A15,1000007152.jpg
1000007187,10296-D15 CINTA DE RASO,0.66,8666661083930,visible,CINTA BIES TELA,1,08393-A15,1000007187.jpg
1000007222,10298-D15 CINTA DE RASO,0.78,8666661083947,visible,CINTA BIES TELA,1,08394-A15,1000007222.jpg
1000007257,CINTA DE RASO,1.04,8666661083954,visible,CINTA BIES TELA,1,08395-A15,1000007257.jpg
1000007292,CINTA DE RASO,1.52,8666661083961,visible,CINTA BIES TELA,1,08396-A15,1000007292.jpg
1000007327,CINTA DE RASO,1.88,8666661083978,visible,CINTA BIES TELA,1,08397-A15,1000007327.jpg
1000007119,CINTA DE RASO,0.45,8666661083916,visible,CINTA BIES TELA,1,08391-A16,1000007119.jpg
1000007153,CINTA DE RASO,0.55,8666661083923,visible,CINTA BIES TELA,1,08392-A16,1000007153.jpg
1000007188,CINTA DE RASO,0.66,8666661083930,visible,CINTA BIES TELA,1,08393-A16,1000007188.jpg
1000007223,CINTA DE RASO,0.78,8666661083947,visible,CINTA BIES TELA,1,08394-A16,1000007223.jpg
1000007258,CINTA DE RASO,1.04,8666661083954,visible,CINTA BIES TELA,1,08395-A16,1000007258.jpg
1000007293,CINTA DE RASO,1.52,8666661083961,visible,CINTA BIES TELA,1,08396-A16,1000007293.jpg
1000007328,CINTA DE RASO,1.88,8666661083978,visible,CINTA BIES TELA,1,08397-A16,1000007328.jpg
1000007120,CINTA DE RASO,0.45,8666661083916,visible,CINTA BIES TELA,1,08391-A17,1000007120.jpg
1000007154,CINTA DE RASO,0.55,8666661083923,visible,CINTA BIES TELA,1,08392-A17,1000007154.jpg
1000007189,CINTA DE RASO,0.66,8666661083930,visible,CINTA BIES TELA,1,08393-A17,1000007189.jpg
1000007224,CINTA DE RASO,0.78,8666661083947,visible,CINTA BIES TELA,1,08394-A17,1000007224.jpg
1000007259,CINTA DE RASO,1.04,8666661083954,visible,CINTA BIES TELA,1,08395-A17,1000007259.jpg
1000007294,CINTA DE RASO,1.52,8666661083961,visible,CINTA BIES TELA,1,08396-A17,1000007294.jpg
1000007329,CINTA DE RASO,1.88,8666661083978,visible,CINTA BIES TELA,1,08397-A17,1000007329.jpg
1000007121,04843-D22 CINTA DE RASO,0.45,8666661083916,visible,CINTA BIES TELA,1,08391-A18,1000007121.jpg
1000007155,CINTA DE RASO,0.55,8666661083923,visible,CINTA BIES TELA,1,08392-A18,1000007155.jpg
1000007190,10297-D22 CINTA DE RASO,0.66,8666661083930,visible,CINTA BIES TELA,1,08393-A18,1000007190.jpg
1000007225,CINTA DE RASO,0.78,8666661083947,visible,CINTA BIES TELA,1,08394-A18,1000007225.jpg
1000007260,CINTA DE RASO,1.04,8666661083954,visible,CINTA BIES TELA,1,08395-A18,1000007260.jpg
1000007295,CINTA DE RASO,1.52,8666661083961,visible,CINTA BIES TELA,1,08396-A18,1000007295.jpg
1000007330,CINTA DE RASO,1.88,8666661083978,visible,CINTA BIES TELA,1,08397-A18,1000007330.jpg
1000007122,CINTA DE RASO,0.45,8666661083916,visible,CINTA BIES TELA,1,08391-A19,1000007122.jpg
1000007156,CINTA DE RASO,0.55,8666661083923,visible,CINTA BIES TELA,1,08392-A19,1000007156.jpg
1000007191,CINTA DE RASO,0.66,8666661083930,visible,CINTA BIES TELA,1,08393-A19,1000007191.jpg
1000007226,CINTA DE RASO,0.78,8666661083947,visible,CINTA BIES TELA,1,08394-A19,1000007226.jpg
1000007261,CINTA DE RASO,1.04,8666661083954,visible,CINTA BIES TELA,1,08395-A19,1000007261.jpg
1000007296,CINTA DE RASO,1.52,8666661083961,visible,CINTA BIES TELA,1,08396-A19,1000007296.jpg
1000007331,CINTA DE RASO,1.88,8666661083978,visible,CINTA BIES TELA,1,08397-A19,1000007331.jpg
1000007123,04843-D19 CINTA DE RASO,0.45,8666661083916,visible,CINTA BIES TELA,1,08391-A20,1000007123.jpg
1000007157,10296-D19 CINTA DE RASO,0.55,8666661083923,visible,CINTA BIES TELA,1,08392-A20,1000007157.jpg
1000007192,CINTA DE RASO,0.66,8666661083930,visible,CINTA BIES TELA,1,08393-A20,1000007192.jpg
1000007227,10298-D19 CINTA DE RASO,0.78,8666661083947,visible,CINTA BIES TELA,1,08394-A20,1000007227.jpg
1000007262,CINTA DE RASO,1.04,8666661083954,visible,CINTA BIES TELA,1,08395-A20,1000007262.jpg
1000007297,CINTA DE RASO,1.52,8666661083961,visible,CINTA BIES TELA,1,08396-A20,1000007297.jpg
1000007332,CINTA DE RASO,1.88,8666661083978,visible,CINTA BIES TELA,1,08397-A20,1000007332.jpg
1000007124,CINTA DE RASO,0.45,8666661083916,visible,CINTA BIES TELA,1,08391-A21,1000007124.jpg
1000007158,CINTA DE RASO,0.55,8666661083923,visible,CINTA BIES TELA,1,08392-A21,1000007158.jpg
1000007193,CINTA DE RASO,0.66,8666661083930,visible,CINTA BIES TELA,1,08393-A21,1000007193.jpg
1000007228,CINTA DE RASO,0.78,8666661083947,visible,CINTA BIES TELA,1,08394-A21,1000007228.jpg
1000007263,CINTA DE RASO,1.04,8666661083954,visible,CINTA BIES TELA,1,08395-A21,1000007263.jpg
1000007298,CINTA DE RASO,1.52,8666661083961,visible,CINTA BIES TELA,1,08396-A21,1000007298.jpg
1000007333,CINTA DE RASO,1.88,8666661083978,visible,CINTA BIES TELA,1,08397-A21,1000007333.jpg
1000007125,04843-D21 CINTA DE RASO,0.45,8666661083916,visible,CINTA BIES TELA,1,08391-A22,1000007125.jpg
1000007159,CINTA DE RASO,0.55,8666661083923,visible,CINTA BIES TELA,1,08392-A22,1000007159.jpg
1000007194,CINTA DE RASO,0.66,8666661083930,visible,CINTA BIES TELA,1,08393-A22,1000007194.jpg
1000007229,CINTA DE RASO,0.78,8666661083947,visible,CINTA BIES TELA,1,08394-A22,1000007229.jpg
1000007264,CINTA DE RASO,1.04,8666661083954,visible,CINTA BIES TELA,1,08395-A22,1000007264.jpg
1000007299,CINTA DE RASO,1.52,8666661083961,visible,CINTA BIES TELA,1,08396-A22,1000007299.jpg
1000007334,CINTA DE RASO,1.88,8666661083978,visible,CINTA BIES TELA,1,08397-A22,1000007334.jpg
1000007126,CINTA DE RASO,0.45,8666661083916,visible,CINTA BIES TELA,1,08391-A23,1000007126.jpg
1000007160,CINTA DE RASO,0.55,8666661083923,visible,CINTA BIES TELA,1,08392-A23,1000007160.jpg
1000007195,CINTA DE RASO,0.66,8666661083930,visible,CINTA BIES TELA,1,08393-A23,1000007195.jpg
1000007230,CINTA DE RASO,0.78,8666661083947,visible,CINTA BIES TELA,1,08394-A23,1000007230.jpg
1000007265,CINTA DE RASO,1.04,8666661083954,visible,CINTA BIES TELA,1,08395-A23,1000007265.jpg
1000007300,CINTA DE RASO,1.52,8666661083961,visible,CINTA BIES TELA,1,08396-A23,1000007300.jpg
1000007335,CINTA DE RASO,1.88,8666661083978,visible,CINTA BIES TELA,1,08397-A23,1000007335.jpg
1000007127,04843-D23 CINTA DE RASO,0.45,8666661083916,visible,CINTA BIES TELA,1,08391-A24,1000007127.jpg
1000007161,CINTA DE RASO,0.55,8666661083923,visible,CINTA BIES TELA,1,08392-A24,1000007161.jpg
1000007196,10297-D23 CINTA DE RASO,0.66,8666661083930,visible,CINTA BIES TELA,1,08393-A24,1000007196.jpg
1000007231,10298-D23 CINTA DE RASO,0.78,8666661083947,visible,CINTA BIES TELA,1,08394-A24,1000007231.jpg
1000007266,CINTA DE RASO,1.04,8666661083954,visible,CINTA BIES TELA,1,08395-A24,1000007266.jpg
1000007301,CINTA DE RASO,1.52,8666661083961,visible,CINTA BIES TELA,1,08396-A24,1000007301.jpg
1000007336,CINTA DE RASO,1.88,8666661083978,visible,CINTA BIES TELA,1,08397-A24,1000007336.jpg
1000007128,04843-D24 CINTA DE RASO,0.45,8666661083916,visible,CINTA BIES TELA,1,08391-A25,1000007128.jpg
1000007162,CINTA DE RASO,0.55,8666661083923,visible,CINTA BIES TELA,1,08392-A25,1000007162.jpg
1000007197,CINTA DE RASO,0.66,8666661083930,visible,CINTA BIES TELA,1,08393-A25,1000007197.jpg
1000007232,CINTA DE RASO,0.78,8666661083947,visible,CINTA BIES TELA,1,08394-A25,1000007232.jpg
1000007267,CINTA DE RASO,1.04,8666661083954,visible,CINTA BIES TELA,1,08395-A25,1000007267.jpg
1000007302,CINTA DE RASO,1.52,8666661083961,visible,CINTA BIES TELA,1,08396-A25,1000007302.jpg
1000007337,CINTA DE RASO,1.88,8666661083978,visible,CINTA BIES TELA,1,08397-A25,1000007337.jpg
1000007129,04843-D14 CINTA DE RASO,0.45,8666661083916,visible,CINTA BIES TELA,1,08391-A26,1000007129.jpg
1000007163,10296-D14 CINTA DE RASO,0.55,8666661083923,visible,CINTA BIES TELA,1,08392-A26,1000007163.jpg
1000007198,CINTA DE RASO,0.66,8666661083930,visible,CINTA BIES TELA,1,08393-A26,1000007198.jpg
1000007233,CINTA DE RASO,0.78,8666661083947,visible,CINTA BIES TELA,1,08394-A26,1000007233.jpg
1000007268,CINTA DE RASO,1.04,8666661083954,visible,CINTA BIES TELA,1,08395-A26,1000007268.jpg
1000007303,CINTA DE RASO,1.52,8666661083961,visible,CINTA BIES TELA,1,08396-A26,1000007303.jpg
1000007338,CINTA DE RASO,1.88,8666661083978,visible,CINTA BIES TELA,1,08397-A26,1000007338.jpg
1000007130,CINTA DE RASO,0.45,8666661083916,visible,CINTA BIES TELA,1,08391-A27,1000007130.jpg
1000007164,CINTA DE RASO,0.55,8666661083923,visible,CINTA BIES TELA,1,08392-A27,1000007164.jpg
1000007199,CINTA DE RASO,0.66,8666661083930,visible,CINTA BIES TELA,1,08393-A27,1000007199.jpg
1000007234,CINTA DE RASO,0.78,8666661083947,visible,CINTA BIES TELA,1,08394-A27,1000007234.jpg
1000007269,CINTA DE RASO,1.04,8666661083954,visible,CINTA BIES TELA,1,08395-A27,1000007269.jpg
1000007304,CINTA DE RASO,1.52,8666661083961,visible,CINTA BIES TELA,1,08396-A27,1000007304.jpg
1000007339,CINTA DE RASO,1.88,8666661083978,visible,CINTA BIES TELA,1,08397-A27,1000007339.jpg
1000007131,04843-D25 CINTA DE RASO,0.45,8666661083916,visible,CINTA BIES TELA,1,08391-A28,1000007131.jpg
1000007165,CINTA DE RASO,0.55,8666661083923,visible,CINTA BIES TELA,1,08392-A28,1000007165.jpg
1000007200,CINTA DE RASO,0.66,8666661083930,visible,CINTA BIES TELA,1,08393-A28,1000007200.jpg
1000007235,CINTA DE RASO,0.78,8666661083947,visible,CINTA BIES TELA,1,08394-A28,1000007235.jpg
1000007270,CINTA DE RASO,1.04,8666661083954,visible,CINTA BIES TELA,1,08395-A28,1000007270.jpg
1000007305,CINTA DE RASO,1.52,8666661083961,visible,CINTA BIES TELA,1,08396-A28,1000007305.jpg
1000007340,CINTA DE RASO,1.88,8666661083978,visible,CINTA BIES TELA,1,08397-A28,1000007340.jpg
1000007132,04843-D32 CINTA DE RASO,0.45,8666661083916,visible,CINTA BIES TELA,1,08391-A29,1000007132.jpg
1000007166,10296-D32 CINTA DE RASO,0.55,8666661083923,visible,CINTA BIES TELA,1,08392-A29,1000007166.jpg
1000007201,CINTA DE RASO,0.66,8666661083930,visible,CINTA BIES TELA,1,08393-A29,1000007201.jpg
1000007236,CINTA DE RASO,0.78,8666661083947,visible,CINTA BIES TELA,1,08394-A29,1000007236.jpg
1000007271,CINTA DE RASO,1.04,8666661083954,visible,CINTA BIES TELA,1,08395-A29,1000007271.jpg
1000007306,CINTA DE RASO,1.52,8666661083961,visible,CINTA BIES TELA,1,08396-A29,1000007306.jpg
1000007341,CINTA DE RASO,1.88,8666661083978,visible,CINTA BIES TELA,1,08397-A29,1000007341.jpg
1000007133,CINTA DE RASO,0.45,8666661083916,visible,CINTA BIES TELA,1,08391-A30,1000007133.jpg
1000007167,CINTA DE RASO,0.55,8666661083923,visible,CINTA BIES TELA,1,08392-A30,1000007167.jpg
1000007202,CINTA DE RASO,0.66,8666661083930,visible,CINTA BIES TELA,1,08393-A30,1000007202.jpg
1000007237,CINTA DE RASO,0.78,8666661083947,visible,CINTA BIES TELA,1,08394-A30,1000007237.jpg
1000007272,CINTA DE RASO,1.04,8666661083954,visible,CINTA BIES TELA,1,08395-A30,1000007272.jpg
1000007307,CINTA DE RASO,1.52,8666661083961,visible,CINTA BIES TELA,1,08396-A30,1000007307.jpg
1000007342,CINTA DE RASO,1.88,8666661083978,visible,CINTA BIES TELA,1,08397-A30,1000007342.jpg
1000007134,CINTA DE RASO MORADO,0.45,8666661083916,visible,CINTA BIES TELA,1,08391-A31,1000007134.jpg
1000007168,CINTA DE RASO MORADO,0.55,8666661083923,visible,CINTA BIES TELA,1,08392-A31,1000007168.jpg
1000007203,CINTA DE RASO MORADO,0.66,8666661083930,visible,CINTA BIES TELA,1,08393-A31,1000007203.jpg
1000007238,CINTA DE RASO MORADO,0.78,8666661083947,visible,CINTA BIES TELA,1,08394-A31,1000007238.jpg
1000007273,CINTA DE RASO MORADO,1.04,8666661083954,visible,CINTA BIES TELA,1,08395-A31,1000007273.jpg
1000007308,CINTA DE RASO MORADO,1.52,8666661083961,visible,CINTA BIES TELA,1,08396-A31,1000007308.jpg
1000007343,CINTA DE RASO MORADO,1.88,8666661083978,visible,CINTA BIES TELA,1,08397-A31,1000007343.jpg
1000007135,CINTA DE RASO,0.45,8666661083916,visible,CINTA BIES TELA,1,08391-A32,1000007135.jpg
1000007169,CINTA DE RASO,0.55,8666661083923,visible,CINTA BIES TELA,1,08392-A32,1000007169.jpg
1000007204,CINTA DE RASO,0.66,8666661083930,visible,CINTA BIES TELA,1,08393-A32,1000007204.jpg
1000007239,CINTA DE RASO,0.78,8666661083947,visible,CINTA BIES TELA,1,08394-A32,1000007239.jpg
1000007274,CINTA DE RASO,1.04,8666661083954,visible,CINTA BIES TELA,1,08395-A32,1000007274.jpg
1000007309,CINTA DE RASO,1.52,8666661083961,visible,CINTA BIES TELA,1,08396-A32,1000007309.jpg
1000007344,CINTA DE RASO,1.88,8666661083978,visible,CINTA BIES TELA,1,08397-A32,1000007344.jpg
1000007136,CINTA DE RASO,0.45,8666661083916,visible,CINTA BIES TELA,1,08391-A33,1000007136.jpg
1000007170,CINTA DE RASO,0.55,8666661083923,visible,CINTA BIES TELA,1,08392-A33,1000007170.jpg
1000007205,CINTA DE RASO,0.66,8666661083930,visible,CINTA BIES TELA,1,08393-A33,1000007205.jpg
1000007240,CINTA DE RASO,0.78,8666661083947,visible,CINTA BIES TELA,1,08394-A33,1000007240.jpg
1000007275,CINTA DE RASO,1.04,8666661083954,visible,CINTA BIES TELA,1,08395-A33,1000007275.jpg
1000007310,CINTA DE RASO,1.52,8666661083961,visible,CINTA BIES TELA,1,08396-A33,1000007310.jpg
1000007345,CINTA DE RASO,1.88,8666661083978,visible,CINTA BIES TELA,1,08397-A33,1000007345.jpg
1000007137,CINTA DE RASO,0.45,8666661083916,visible,CINTA BIES TELA,1,08391-A34,1000007137.jpg
1000007171,CINTA DE RASO,0.55,8666661083923,visible,CINTA BIES TELA,1,08392-A34,1000007171.jpg
1000007206,CINTA DE RASO,0.66,8666661083930,visible,CINTA BIES TELA,1,08393-A34,1000007206.jpg
1000007241,CINTA DE RASO,0.78,8666661083947,visible,CINTA BIES TELA,1,08394-A34,1000007241.jpg
1000007276,CINTA DE RASO,1.04,8666661083954,visible,CINTA BIES TELA,1,08395-A34,1000007276.jpg
1000007311,CINTA DE RASO,1.52,8666661083961,visible,CINTA BIES TELA,1,08396-A34,1000007311.jpg
1000007346,CINTA DE RASO,1.88,8666661083978,visible,CINTA BIES TELA,1,08397-A34,1000007346.jpg
1000007138,CINTA DE RASO,0.45,8666661083916,visible,CINTA BIES TELA,1,08391-A35,1000007138.jpg
1000007172,CINTA DE RASO,0.55,8666661083923,visible,CINTA BIES TELA,1,08392-A35,1000007172.jpg
1000007207,CINTA DE RASO,0.66,8666661083930,visible,CINTA BIES TELA,1,08393-A35,1000007207.jpg
1000007242,CINTA DE RASO,0.78,8666661083947,visible,CINTA BIES TELA,1,08394-A35,1000007242.jpg
1000007277,CINTA DE RASO,1.04,8666661083954,visible,CINTA BIES TELA,1,08395-A35,1000007277.jpg
1000007312,CINTA DE RASO,1.52,8666661083961,visible,CINTA BIES TELA,1,08396-A35,1000007312.jpg
1000007347,CINTA DE RASO,1.88,8666661083978,visible,CINTA BIES TELA,1,08397-A35,1000007347.jpg
1000015290,04843-D18 CINTA DE RASO,0.45,8666661083916,visible,CINTA BIES TELA,1,08391-A36,1000015290.jpg
1000015291,10296-D18 CINTA DE RASO,0.55,8666661083923,visible,CINTA BIES TELA,1,08392-A36,1000015291.jpg
1000015292,CINTA DE RASO,0.66,8666661083930,visible,CINTA BIES TELA,1,08393-A36,1000015292.jpg
1000015293,CINTA DE RASO,0.78,8666661083947,visible,CINTA BIES TELA,1,08394-A36,1000015293.jpg
1000015528,CINTA DE RASO,1.04,8666661083954,visible,CINTA BIES TELA,1,08395-A36,1000015528.jpg
1000015529,CINTA DE RASO,1.52,8666661083961,visible,CINTA BIES TELA,1,08396-A36,1000015529.jpg
1000015530,CINTA DE RASO,1.88,8666661083978,visible,CINTA BIES TELA,1,08397-A36,1000015530.jpg
1000040116,CINTA RASO,0.0,,visible,CINTA RASO,1,??_20240418145453,1000040116.jpg
1000040114,CINTA GROSGRAIN,0.0,,visible,CINTA GROSGRAIN,1,??_20240418145444,1000040114.jpg
1000025718,CINTA GROSGRAIN,0.43,8666661911226,visible,CINTA GROSGRAIN,1,91122-1,1000025718.jpg
1000025730,CINTA GROSGRAIN,0.53,8666661911233,visible,CINTA GROSGRAIN,1,91123-1,1000025730.jpg
1000025742,CINTA GROSGRAIN,0.64,8666661911240,visible,CINTA GROSGRAIN,1,91124-1,1000025742.jpg
1000025754,CINTA GROSGRAIN,0.74,8666661911257,visible,CINTA GROSGRAIN,1,91125-1,1000025754.jpg
1000025766,CINTA GROSGRAIN,1.04,8666661911264,visible,CINTA GROSGRAIN,1,91126-1,1000025766.jpg
1000025777,CINTA GROSGRAIN,1.41,8666661911271,visible,CINTA GROSGRAIN,1,91127-1,1000025777.jpg
1000025722,CINTA GROSGRAIN,0.43,8666661911226,visible,CINTA GROSGRAIN,1,91122-2,1000025722.jpg
1000025734,CINTA GROSGRAIN,0.53,8666661911233,visible,CINTA GROSGRAIN,1,91123-2,1000025734.jpg
1000025746,CINTA GROSGRAIN,0.64,8666661911240,visible,CINTA GROSGRAIN,1,91124-2,1000025746.jpg
1000025758,CINTA GROSGRAIN,0.74,8666661911257,visible,CINTA GROSGRAIN,1,91125-2,1000025758.jpg
1000025770,CINTA GROSGRAIN,1.04,8666661911264,visible,CINTA GROSGRAIN,1,91126-2,1000025770.jpg
1000025781,CINTA GROSGRAIN,1.41,8666661911271,visible,CINTA GROSGRAIN,1,91127-2,1000025781.jpg
1000025723,CINTA GROSGRAIN,0.43,8666661911226,visible,CINTA GROSGRAIN,1,91122-3,1000025723.jpg
1000025735,CINTA GROSGRAIN,0.53,8666661911233,visible,CINTA GROSGRAIN,1,91123-3,1000025735.jpg
1000025747,CINTA GROSGRAIN,0.64,8666661911240,visible,CINTA GROSGRAIN,1,91124-3,1000025747.jpg
1000025759,CINTA GROSGRAIN,0.74,8666661911257,visible,CINTA GROSGRAIN,1,91125-3,1000025759.jpg
1000025771,CINTA GROSGRAIN,1.04,8666661911264,visible,CINTA GROSGRAIN,1,91126-3,1000025771.jpg
1000025724,CINTA GROSGRAIN,0.43,8666661911226,visible,CINTA GROSGRAIN,1,91122-4,1000025724.jpg
1000025736,CINTA GROSGRAIN,0.53,8666661911233,visible,CINTA GROSGRAIN,1,91123-4,1000025736.jpg
1000025748,CINTA GROSGRAIN,0.64,8666661911240,visible,CINTA GROSGRAIN,1,91124-4,1000025748.jpg
1000025760,CINTA GROSGRAIN,0.74,8666661911257,visible,CINTA GROSGRAIN,1,91125-4,1000025760.jpg
1000025772,CINTA GROSGRAIN,1.04,8666661911264,visible,CINTA GROSGRAIN,1,91126-4,1000025772.jpg
1000025725,CINTA GROSGRAIN,0.43,8666661911226,visible,CINTA GROSGRAIN,1,91122-5,1000025725.jpg
1000025737,CINTA GROSGRAIN,0.53,8666661911233,visible,CINTA GROSGRAIN,1,91123-5,1000025737.jpg
1000025749,CINTA GROSGRAIN,0.64,8666661911240,visible,CINTA GROSGRAIN,1,91124-5,1000025749.jpg
1000025761,CINTA GROSGRAIN,0.74,8666661911257,visible,CINTA GROSGRAIN,1,91125-5,1000025761.jpg
1000025773,CINTA GROSGRAIN,1.04,8666661911264,visible,CINTA GROSGRAIN,1,91126-5,1000025773.jpg
1000025784,CINTA GROSGRAIN,1.41,8666661911271,visible,CINTA GROSGRAIN,1,91127-5,1000025784.jpg
1000025726,CINTA GROSGRAIN,0.43,8666661911226,visible,CINTA GROSGRAIN,1,91122-6,1000025726.jpg
1000025738,CINTA GROSGRAIN,0.53,8666661911233,visible,CINTA GROSGRAIN,1,91123-6,1000025738.jpg
1000025750,CINTA GROSGRAIN,0.64,8666661911240,visible,CINTA GROSGRAIN,1,91124-6,1000025750.jpg
1000025762,CINTA GROSGRAIN,0.74,8666661911257,visible,CINTA GROSGRAIN,1,91125-6,1000025762.jpg
1000025788,CINTA GROSGRAIN,1.04,8666661911264,visible,CINTA GROSGRAIN,1,91126-6,1000025788.jpg
1000025791,CINTA GROSGRAIN,1.41,8666661911271,visible,CINTA GROSGRAIN,1,91127-6,1000025791.jpg
1000025727,CINTA GROSGRAIN,0.43,8666661911226,visible,CINTA GROSGRAIN,1,91122-7,1000025727.jpg
1000025739,CINTA GROSGRAIN,0.53,8666661911233,visible,CINTA GROSGRAIN,1,91123-7,1000025739.jpg
1000025751,CINTA GROSGRAIN,0.64,8666661911240,visible,CINTA GROSGRAIN,1,91124-7,1000025751.jpg
1000025763,CINTA GROSGRAIN,0.74,8666661911257,visible,CINTA GROSGRAIN,1,91125-7,1000025763.jpg
1000025774,CINTA GROSGRAIN,1.04,8666661911264,visible,CINTA GROSGRAIN,1,91126-7,1000025774.jpg
1000025785,CINTA GROSGRAIN,1.41,8666661911271,visible,CINTA GROSGRAIN,1,91127-7,1000025785.jpg
1000025740,CINTA GROSGRAIN,0.53,8666661911233,visible,CINTA GROSGRAIN,1,91123-8,1000025740.jpg
1000025729,CINTA GROSGRAIN,0.43,8666661911226,visible,CINTA GROSGRAIN,1,91122-9,1000025729.jpg
1000025741,CINTA GROSGRAIN,0.53,8666661911233,visible,CINTA GROSGRAIN,1,91123-9,1000025741.jpg
1000025753,CINTA GROSGRAIN,0.64,8666661911240,visible,CINTA GROSGRAIN,1,91124-9,1000025753.jpg
1000025765,CINTA GROSGRAIN,0.74,8666661911257,visible,CINTA GROSGRAIN,1,91125-9,1000025765.jpg
1000025776,CINTA GROSGRAIN,1.04,8666661911264,visible,CINTA GROSGRAIN,1,91126-9,1000025776.jpg
1000025787,CINTA GROSGRAIN,1.41,8666661911271,visible,CINTA GROSGRAIN,1,91127-9,1000025787.jpg
1000025719,CINTA GROSGRAIN,0.43,8666661911226,visible,CINTA GROSGRAIN,1,91122-10,1000025719.jpg
1000025731,CINTA GROSGRAIN,0.53,8666661911233,visible,CINTA GROSGRAIN,1,91123-10,1000025731.jpg
1000025743,CINTA GROSGRAIN,0.64,8666661911240,visible,CINTA GROSGRAIN,1,91124-10,1000025743.jpg
1000025755,CINTA GROSGRAIN,0.74,8666661911257,visible,CINTA GROSGRAIN,1,91125-10,1000025755.jpg
1000025767,CINTA GROSGRAIN,1.04,8666661911264,visible,CINTA GROSGRAIN,1,91126-10,1000025767.jpg
1000025778,CINTA GROSGRAIN,1.41,8666661911271,visible,CINTA GROSGRAIN,1,91127-10,1000025778.jpg
1000025720,CINTA GROSGRAIN,0.43,8666661911226,visible,CINTA GROSGRAIN,1,91122-11,1000025720.jpg
1000025732,CINTA GROSGRAIN,0.53,8666661911233,visible,CINTA GROSGRAIN,1,91123-11,1000025732.jpg
1000025744,CINTA GROSGRAIN,0.64,8666661911240,visible,CINTA GROSGRAIN,1,91124-11,1000025744.jpg
1000025756,CINTA GROSGRAIN,0.74,8666661911257,visible,CINTA GROSGRAIN,1,91125-11,1000025756.jpg
1000025768,CINTA GROSGRAIN,1.04,8666661911264,visible,CINTA GROSGRAIN,1,91126-11,1000025768.jpg
1000025721,CINTA GROSGRAIN,0.43,8666661911226,visible,CINTA GROSGRAIN,1,91122-12,1000025721.jpg
1000025733,CINTA GROSGRAIN,0.53,8666661911233,visible,CINTA GROSGRAIN,1,91123-12,1000025733.jpg
1000025745,CINTA GROSGRAIN,0.64,8666661911240,visible,CINTA GROSGRAIN,1,91124-12,1000025745.jpg
1000025757,CINTA GROSGRAIN,0.74,8666661911257,visible,CINTA GROSGRAIN,1,91125-12,1000025757.jpg
1000025769,CINTA GROSGRAIN,1.04,8666661911264,visible,CINTA GROSGRAIN,1,91126-12,1000025769.jpg
1000025780,CINTA GROSGRAIN,1.41,8666661911271,visible,CINTA GROSGRAIN,1,91127-12,1000025780.jpg
1000025804,CINTA GROSGRAIN,0.43,8666661911226,visible,CINTA GROSGRAIN,1,91122-13,1000025804.jpg
1000025806,CINTA GROSGRAIN,0.53,8666661911233,visible,CINTA GROSGRAIN,1,91123-13,1000025806.jpg
1000025808,CINTA GROSGRAIN,0.64,8666661911240,visible,CINTA GROSGRAIN,1,91124-13,1000025808.jpg
1000025810,CINTA GROSGRAIN,0.74,8666661911257,visible,CINTA GROSGRAIN,1,91125-13,1000025810.jpg
1000025812,CINTA GROSGRAIN,1.04,8666661911264,visible,CINTA GROSGRAIN,1,91126-13,1000025812.jpg
1000025814,CINTA GROSGRAIN,1.41,8666661911271,visible,CINTA GROSGRAIN,1,91127-13,1000025814.jpg
1000027278,CINTA GROSGRAIN,1.83,8666661914005,visible,CINTA GROSGRAIN,1,91400-13,1000027278.jpg
1000025805,CINTA GROSGRAIN,0.43,8666661911226,visible,CINTA GROSGRAIN,1,91122-14,1000025805.jpg
1000025807,CINTA GROSGRAIN,0.53,8666661911233,visible,CINTA GROSGRAIN,1,91123-14,1000025807.jpg
1000025809,CINTA GROSGRAIN,0.64,8666661911240,visible,CINTA GROSGRAIN,1,91124-14,1000025809.jpg
1000025811,CINTA GROSGRAIN,0.74,8666661911257,visible,CINTA GROSGRAIN,1,91125-14,1000025811.jpg
1000025813,CINTA GROSGRAIN,1.04,8666661911264,visible,CINTA GROSGRAIN,1,91126-14,1000025813.jpg
1000025815,CINTA GROSGRAIN,1.41,8666661911271,visible,CINTA GROSGRAIN,1,91127-14,1000025815.jpg
1000027279,CINTA GROSGRAIN,1.83,8666661914005,visible,CINTA GROSGRAIN,1,91400-14,1000027279.jpg
1000040115,CINTA CASA,0.0,,visible,CINTA CASA,1,??_20240418145450,1000040115.jpg
1000025646,CINTA DE GASA,0.47,8666661911165,visible,CINTA CASA,1,91116-1,1000025646.jpg
1000025658,CINTA DE GASA,0.6,8666661911172,visible,CINTA CASA,1,91117-1,1000025658.jpg
1000025670,CINTA DE GASA,0.78,8666661911189,visible,CINTA CASA,1,91118-1,1000025670.jpg
1000025694,CINTA DE GASA,1.1,8666661911202,visible,CINTA CASA,1,91120-1,1000025694.jpg
1000025650,CINTA DE GASA,0.47,8666661911165,visible,CINTA CASA,1,91116-2,1000025650.jpg
1000025662,CINTA DE GASA,0.6,8666661911172,visible,CINTA CASA,1,91117-2,1000025662.jpg
1000025674,CINTA DE GASA,0.78,8666661911189,visible,CINTA CASA,1,91118-2,1000025674.jpg
1000025686,CINTA DE GASA,0.93,8666661911196,visible,CINTA CASA,1,91119-2,1000025686.jpg
1000025698,CINTA DE GASA,1.1,8666661911202,visible,CINTA CASA,1,91120-2,1000025698.jpg
1000025710,CINTA DE GASA,1.67,8666661911219,visible,CINTA CASA,1,91121-2,1000025710.jpg
1000027294,CINTA DE GASA,2.09,8666661914135,visible,CINTA CASA,1,91413-2,1000027294.jpg
1000025651,CINTA DE GASA,0.47,8666661911165,visible,CINTA CASA,1,91116-3,1000025651.jpg
1000025663,CINTA DE GASA,0.6,8666661911172,visible,CINTA CASA,1,91117-3,1000025663.jpg
1000025675,CINTA DE GASA,0.78,8666661911189,visible,CINTA CASA,1,91118-3,1000025675.jpg
1000025687,CINTA DE GASA,0.93,8666661911196,visible,CINTA CASA,1,91119-3,1000025687.jpg
1000025699,CINTA DE GASA,1.1,8666661911202,visible,CINTA CASA,1,91120-3,1000025699.jpg
1000025711,CINTA DE GASA,1.67,8666661911219,visible,CINTA CASA,1,91121-3,1000025711.jpg
1000027295,CINTA DE GASA,2.09,8666661914135,visible,CINTA CASA,1,91413-3,1000027295.jpg
1000025652,CINTA DE GASA,0.47,8666661911165,visible,CINTA CASA,1,91116-4,1000025652.jpg
1000025676,CINTA DE GASA,0.78,8666661911189,visible,CINTA CASA,1,91118-4,1000025676.jpg
1000025688,CINTA DE GASA,0.93,8666661911196,visible,CINTA CASA,1,91119-4,1000025688.jpg
1000025700,CINTA DE GASA,1.1,8666661911202,visible,CINTA CASA,1,91120-4,1000025700.jpg
1000025653,CINTA DE GASA,0.47,8666661911165,visible,CINTA CASA,1,91116-5,1000025653.jpg
1000025665,CINTA DE GASA,0.6,8666661911172,visible,CINTA CASA,1,91117-5,1000025665.jpg
1000025677,CINTA DE GASA,0.78,8666661911189,visible,CINTA CASA,1,91118-5,1000025677.jpg
1000025689,CINTA DE GASA,0.93,8666661911196,visible,CINTA CASA,1,91119-5,1000025689.jpg
1000025701,CINTA DE GASA,1.1,8666661911202,visible,CINTA CASA,1,91120-5,1000025701.jpg
1000025713,CINTA DE GASA,1.67,8666661911219,visible,CINTA CASA,1,91121-5,1000025713.jpg
1000025654,CINTA DE GASA,0.47,8666661911165,visible,CINTA CASA,1,91116-6,1000025654.jpg
1000025666,CINTA DE GASA,0.6,8666661911172,visible,CINTA CASA,1,91117-6,1000025666.jpg
1000025678,CINTA DE GASA,0.78,8666661911189,visible,CINTA CASA,1,91118-6,1000025678.jpg
1000025690,CINTA DE GASA,0.93,8666661911196,visible,CINTA CASA,1,91119-6,1000025690.jpg
1000025702,CINTA DE GASA,1.1,8666661911202,visible,CINTA CASA,1,91120-6,1000025702.jpg
1000025714,CINTA DE GASA,1.67,8666661911219,visible,CINTA CASA,1,91121-6,1000025714.jpg
1000027298,CINTA DE GASA,2.09,8666661914135,visible,CINTA CASA,1,91413-6,1000027298.jpg
1000025655,CINTA DE GASA,0.47,8666661911165,visible,CINTA CASA,1,91116-7,1000025655.jpg
1000025667,CINTA DE GASA,0.6,8666661911172,visible,CINTA CASA,1,91117-7,1000025667.jpg
1000025679,CINTA DE GASA,0.78,8666661911189,visible,CINTA CASA,1,91118-7,1000025679.jpg
1000025691,CINTA DE GASA,0.93,8666661911196,visible,CINTA CASA,1,91119-7,1000025691.jpg
1000025703,CINTA DE GASA,1.1,8666661911202,visible,CINTA CASA,1,91120-7,1000025703.jpg
1000025715,CINTA DE GASA,1.67,8666661911219,visible,CINTA CASA,1,91121-7,1000025715.jpg
1000027299,CINTA DE GASA,2.09,8666661914135,visible,CINTA CASA,1,91413-7,1000027299.jpg
1000025656,CINTA DE GASA,0.47,8666661911165,visible,CINTA CASA,1,91116-8,1000025656.jpg
1000025668,CINTA DE GASA,0.6,8666661911172,visible,CINTA CASA,1,91117-8,1000025668.jpg
1000025680,CINTA DE GASA,0.78,8666661911189,visible,CINTA CASA,1,91118-8,1000025680.jpg
1000025704,CINTA DE GASA,1.1,8666661911202,visible,CINTA CASA,1,91120-8,1000025704.jpg
1000025657,CINTA DE GASA,0.47,8666661911165,visible,CINTA CASA,1,91116-9,1000025657.jpg
1000025669,CINTA DE GASA,0.6,8666661911172,visible,CINTA CASA,1,91117-9,1000025669.jpg
1000025681,CINTA DE GASA,0.78,8666661911189,visible,CINTA CASA,1,91118-9,1000025681.jpg
1000025693,CINTA DE GASA,0.93,8666661911196,visible,CINTA CASA,1,91119-9,1000025693.jpg
1000025705,CINTA DE GASA,1.1,8666661911202,visible,CINTA CASA,1,91120-9,1000025705.jpg
1000025717,CINTA DE GASA,1.67,8666661911219,visible,CINTA CASA,1,91121-9,1000025717.jpg
1000025647,CINTA DE GASA,0.47,8666661911165,visible,CINTA CASA,1,91116-10,1000025647.jpg
1000025659,CINTA DE GASA,0.6,8666661911172,visible,CINTA CASA,1,91117-10,1000025659.jpg
1000025671,CINTA DE GASA,0.78,8666661911189,visible,CINTA CASA,1,91118-10,1000025671.jpg
1000025683,CINTA DE GASA,0.93,8666661911196,visible,CINTA CASA,1,91119-10,1000025683.jpg
1000025695,CINTA DE GASA,1.1,8666661911202,visible,CINTA CASA,1,91120-10,1000025695.jpg
1000025707,CINTA DE GASA,1.67,8666661911219,visible,CINTA CASA,1,91121-10,1000025707.jpg
1000025648,CINTA DE GASA,0.47,8666661911165,visible,CINTA CASA,1,91116-11,1000025648.jpg
1000025660,CINTA DE GASA,0.6,8666661911172,visible,CINTA CASA,1,91117-11,1000025660.jpg
1000025672,CINTA DE GASA,0.78,8666661911189,visible,CINTA CASA,1,91118-11,1000025672.jpg
1000025684,CINTA DE GASA,0.93,8666661911196,visible,CINTA CASA,1,91119-11,1000025684.jpg
1000025696,CINTA DE GASA,1.1,8666661911202,visible,CINTA CASA,1,91120-11,1000025696.jpg
1000025649,CINTA DE GASA,0.47,8666661911165,visible,CINTA CASA,1,91116-12,1000025649.jpg
1000025661,CINTA DE GASA,0.6,8666661911172,visible,CINTA CASA,1,91117-12,1000025661.jpg
1000025673,CINTA DE GASA,0.78,8666661911189,visible,CINTA CASA,1,91118-12,1000025673.jpg
1000025685,CINTA DE GASA,0.93,8666661911196,visible,CINTA CASA,1,91119-12,1000025685.jpg
1000025697,CINTA DE GASA,1.1,8666661911202,visible,CINTA CASA,1,91120-12,1000025697.jpg
1000025798,CINTA DE GASA,0.93,8666661911196,visible,CINTA CASA,1,91119-13,1000025798.jpg
1000025800,CINTA DE GASA,1.1,8666661911202,visible,CINTA CASA,1,91120-13,1000025800.jpg
1000025802,CINTA DE GASA,1.67,8666661911219,visible,CINTA CASA,1,91121-13,1000025802.jpg
1000027292,CINTA DE GASA,2.09,8666661914135,visible,CINTA CASA,1,91413-13,1000027292.jpg
1000025793,CINTA DE GASA,0.47,8666661911165,visible,CINTA CASA,1,91116-14,1000025793.jpg
1000025795,CINTA DE GASA,0.6,8666661911172,visible,CINTA CASA,1,91117-14,1000025795.jpg
1000025797,CINTA DE GASA,0.78,8666661911189,visible,CINTA CASA,1,91118-14,1000025797.jpg
1000025799,CINTA DE GASA,0.93,8666661911196,visible,CINTA CASA,1,91119-14,1000025799.jpg
1000025801,CINTA DE GASA,1.1,8666661911202,visible,CINTA CASA,1,91120-14,1000025801.jpg
1000025803,CINTA DE GASA,1.67,8666661911219,visible,CINTA CASA,1,91121-14,1000025803.jpg
1000027293,CINTA DE GASA,2.09,8666661914135,visible,CINTA CASA,1,91413-14,1000027293.jpg
1000037856,CINTA DE GASA,0.78,8666661017188,visible,CINTA CASA,1,01718-032,1000037856.jpg
1000000361,CINTA DE COLOR ORO,0.78,8666661017188,visible,CINTA CASA,1,01718-257,1000000361.jpg
1000002658,CINTA DE COLOR ORO,0.6,8666661017171,visible,CINTA CASA,1,01717-257,1000002658.jpg
1000040100,CUERDA LINO,0.0,,visible,CUERDA LINO,1,??_20240418145342,1000040100.jpg
1000042336,CUERDA DE LINO,0.47,8666662053598,visible,CUERDA LINO,1,205359,1000042336.jpg
1000042335,CUERDA DE LINO,0.47,8666662053581,visible,CUERDA LINO,1,205358,1000042335.jpg
1000042334,CUERDA DE LINO,0.47,8666662053574,visible,CUERDA LINO,1,205357,1000042334.jpg
1000042333,HILO DE RAFIA PAPEL,0.41,8666662053567,visible,CUERDA LINO,1,205356,1000042333.jpg
1000042332,HILO DE RAFIA PAPEL,0.41,8666662053550,visible,CUERDA LINO,1,205355,1000042332.jpg
1000042331,HILO DE YUTE,0.47,8666662053543,visible,CUERDA LINO,1,205354,1000042331.jpg
1000042330,HILO DE YUTE,0.41,8666662053536,visible,CUERDA LINO,1,205353,1000042330.jpg
1000042329,HILO DE YUTE,0.68,8666662053529,visible,CUERDA LINO,1,205352,1000042329.jpg
1000042328,HILO DE YUTE,0.68,8666662053512,visible,CUERDA LINO,1,205351,1000042328.jpg
1000042327,HILO DE YUTE,0.68,8666662053505,visible,CUERDA LINO,1,205350,1000042327.jpg
1000022361,BOBINA HILO SISAL,0.72,86666611040046,visible,CUERDA LINO,1,14004,1000022361.jpg
1000022362,CUERDA,0.93,8666661140053,visible,CUERDA LINO,1,14005,1000022362.jpg
1000022363,BOBINA HILO SISAL,0.72,8666661140060,visible,CUERDA LINO,1,14006,1000022363.jpg
1000022364,BOBINA HILO SISAL,0.93,8666661140072,visible,CUERDA LINO,1,14007-,1000022364.jpg
1000038605,BOBINA DE ALGODON,2.36,866666202443,visible,CUERDA LINO,1,202443-3,1000038605.jpg
1000038606,BOBINA DE ALGODON,2.36,866666202444,visible,CUERDA LINO,1,202444-4,1000038606.jpg
1000038607,BOBINA DE ALGODON,2.36,866666202447,visible,CUERDA LINO,1,202447-7,1000038607.jpg
1000037997,BOBINA DE ALGODON,2.36,866666202449,visible,CUERDA LINO,1,202449-9,1000037997.jpg
1000037931,BOBINA DE ALGODON,2.36,8666662024536,visible,CUERDA LINO,1,202453-1,1000037931.jpg
1000038000,BOBINA DE ALGODON,2.36,866666202454,visible,CUERDA LINO,1,202454-2,1000038000.jpg
1000037932,BOBINA DE ALGODON,2.36,8666662024550,visible,CUERDA LINO,1,202455-3,1000037932.jpg
1000037933,BOBINA DE ALGODON,2.36,8666662024567,visible,CUERDA LINO,1,202456-4,1000037933.jpg
1000037934,BOBINA DE ALGODON,2.36,8666662024574,visible,CUERDA LINO,1,202457-5,1000037934.jpg
1000037935,BOBINA DE ALGODON,2.36,8666662024581,visible,CUERDA LINO,1,202458-6,1000037935.jpg
1000037936,BOBINA DE ALGODON,2.36,8666662024598,visible,CUERDA LINO,1,202459-7,1000037936.jpg
1000038609,BOBINA DE ALGODON,2.36,866666202460,visible,CUERDA LINO,1,202460-8,1000038609.jpg
1000037939,BOBINA DE ALGODON,2.36,8666662024635,visible,CUERDA LINO,1,202463-11,1000037939.jpg
1000037941,BOBINA DE ALGODON,2.36,8666662024659,visible,CUERDA LINO,1,202465-1,1000037941.jpg
1000037942,BOBINA DE ALGODON,2.36,8666662024666,visible,CUERDA LINO,1,202466-2,1000037942.jpg
1000037943,BOBINA DE ALGODON,2.36,8666662024673,visible,CUERDA LINO,1,202467-3,1000037943.jpg
1000037944,BOBINA DE ALGODON,2.36,8666662024680,visible,CUERDA LINO,1,202468-4,1000037944.jpg
1000037945,BOBINA DE ALGODON,2.36,8666662024697,visible,CUERDA LINO,1,202469-5,1000037945.jpg
1000037946,BOBINA DE ALGODON,2.36,8666662024703,visible,CUERDA LINO,1,202470-6,1000037946.jpg
1000037947,BOBINA DE ALGODON,2.36,8666662024710,visible,CUERDA LINO,1,202471-7,1000037947.jpg
1000037948,BOBINA DE ALGODON,2.36,8666662024727,visible,CUERDA LINO,1,202472-8,1000037948.jpg
1000037949,BOBINA DE ALGODON,2.36,8666662024734,visible,CUERDA LINO,1,202473-9,1000037949.jpg
1000037950,BOBINA DE ALGODON,2.36,8666662024741,visible,CUERDA LINO,1,202474-10,1000037950.jpg
1000037951,BOBINA DE ALGODON,2.36,866666202475,visible,CUERDA LINO,1,202475-11,1000037951.jpg
1000037952,BOBINA DE ALGODON,2.36,8666662024765,visible,CUERDA LINO,1,202476-12,1000037952.jpg
1000037953,BOBINA DE SISAL,2.92,8666662024789,visible,CUERDA LINO,1,202478-1,1000037953.jpg
1000037954,BOBINA DE SISAL,2.92,8666662024796,visible,CUERDA LINO,1,202479-2,1000037954.jpg
1000038001,BOBINA DE SISAL,2.92,866666202480,visible,CUERDA LINO,1,202480-3,1000038001.jpg
1000037955,BOBINA DE SISAL,2.92,8666662024819,visible,CUERDA LINO,1,202481-4,1000037955.jpg
1000037956,BOBINA DE SISAL,2.92,8666662024826,visible,CUERDA LINO,1,202482-5,1000037956.jpg
1000037957,BOBINA DE SISAL,2.92,8666662024833,visible,CUERDA LINO,1,202483-6,1000037957.jpg
1000037958,BOBINA DE SISAL,2.92,8666662024840,visible,CUERDA LINO,1,202484-7,1000037958.jpg
1000037959,BOBINA DE SISAL,2.92,8666662024857,visible,CUERDA LINO,1,202485-8,1000037959.jpg
1000038002,BOBINA DE SISAL,2.92,866666202486,visible,CUERDA LINO,1,202486-9,1000038002.jpg
1000038003,BOBINA DE SISAL,2.92,866666202487,visible,CUERDA LINO,1,202487-10,1000038003.jpg
1000037960,BOBINA DE SISAL,2.92,866666202488,visible,CUERDA LINO,1,202488-11,1000037960.jpg
1000037961,BOBINA DE SISAL,2.92,8666662024895,visible,CUERDA LINO,1,202489-12,1000037961.jpg
1000037962,BOBINA DE SISAL,2.92,8666662024901,visible,CUERDA LINO,1,202490-1,1000037962.jpg
1000037963,BOBINA DE SISAL,2.92,8666662024918,visible,CUERDA LINO,1,202491-2,1000037963.jpg
1000038004,BOBINA DE SISAL,2.92,866666202492,visible,CUERDA LINO,1,202492-3,1000038004.jpg
1000038610,BOBINA DE SISAL,2.92,866666202493,visible,CUERDA LINO,1,202493-4,1000038610.jpg
1000037964,BOBINA DE SISAL,2.92,8666662024949,visible,CUERDA LINO,1,202494-5,1000037964.jpg
1000038005,BOBINA DE SISAL,2.92,866666202495,visible,CUERDA LINO,1,202495-6,1000038005.jpg
1000038006,BOBINA DE SISAL,2.92,866666202496,visible,CUERDA LINO,1,202496-7,1000038006.jpg
1000038007,BOBINA DE SISAL,2.92,866666202497,visible,CUERDA LINO,1,202497-8,1000038007.jpg
1000037965,BOBINA DE SISAL,2.92,8666662024987,visible,CUERDA LINO,1,202498-9,1000037965.jpg
1000038008,BOBINA DE SISAL,2.92,866666202499,visible,CUERDA LINO,1,202499-10,1000038008.jpg
1000037966,BOBINA DE SISAL,2.92,8666662025007,visible,CUERDA LINO,1,202500-11,1000037966.jpg
1000038194,BOBINA DE SISAL,2.92,866666202501,visible,CUERDA LINO,1,202501-12,1000038194.jpg
1000037967,BOBINA DE SISAL,2.92,8666662025021,visible,CUERDA LINO,1,202502,1000037967.jpg
1000038010,BOBINA DE SISAL,2.92,866666202503,visible,CUERDA LINO,1,202503,1000038010.jpg
1000038011,BOBINA DE SISAL,2.92,866666202504,visible,CUERDA LINO,1,202504,1000038011.jpg
1000037968,BOBINA DE SISAL,2.92,8666662025052,visible,CUERDA LINO,1,202505,1000037968.jpg
1000038012,BOBINA DE SISAL,2.92,866666202506,visible,CUERDA LINO,1,202506,1000038012.jpg
1000038013,BOBINA DE SISAL,2.92,866666202507,visible,CUERDA LINO,1,202507,1000038013.jpg
1000038014,BOBINA DE SISAL,2.92,866666202508,visible,CUERDA LINO,1,202508,1000038014.jpg
1000037969,BOBINA DE SISAL,2.92,8666662025090,visible,CUERDA LINO,1,202509,1000037969.jpg
1000038015,BOBINA DE SISAL,2.92,866666202510,visible,CUERDA LINO,1,202510,1000038015.jpg
1000038016,BOBINA DE SISAL,2.92,866666202511,visible,CUERDA LINO,1,202511,1000038016.jpg
1000037970,BOBINA DE SISAL,2.92,8666662025120,visible,CUERDA LINO,1,202512,1000037970.jpg
1000038017,BOBINA DE SISAL,2.92,866666202513,visible,CUERDA LINO,1,202513,1000038017.jpg
1000033954,CUERDA DE SISAL,0.99,866666192719,visible,CUERDA LINO,1,92719,1000033954.jpg
1000033953,CUERDA DE SISAL,0.72,866666192718,visible,CUERDA LINO,1,92718,1000033953.jpg
1000033951,CUERDA DE SISAL,0.57,866666192716,visible,CUERDA LINO,1,92716,1000033951.jpg
1000033950,CUERDA DE SISAL,0.44,866666192715,visible,CUERDA LINO,1,92715,1000033950.jpg
1000033949,CUERDA DE SISAL,0.41,866666192714,visible,CUERDA LINO,1,92714,1000033949.jpg
1000033960,CUERDA DE ALGOD?N,0.87,866666192725,visible,CUERDA LINO,1,92725,1000033960.jpg
1000033959,CUERDA DE ALGOD?N,0.57,866666192724,visible,CUERDA LINO,1,92724,1000033959.jpg
1000033958,CUERDA DE ALGOD?N,0.53,866666192723,visible,CUERDA LINO,1,92723,1000033958.jpg
1000033957,CUERDA DE ALGOD?,0.47,866666192722,visible,CUERDA LINO,1,92722,1000033957.jpg
1000033956,CUERDA DE ALGOD?N,0.44,866666192721,visible,CUERDA LINO,1,92721,1000033956.jpg
1000033955,CUERDA DE ALGOD?N,0.41,866666192720,visible,CUERDA LINO,1,92720,1000033955.jpg
1000031802,14001 CUERDA DE ALGODON,0.64,8666661103508,visible,CUERDA LINO,1,14001-5,1000031802.jpg
1000031804,CUERDA DE ALGODON,0.64,8666661103508,visible,CUERDA LINO,1,14001-7,1000031804.jpg
1000031806,CUERDA DE ALGODON,0.72,8666661103522,visible,CUERDA LINO,1,14003,1000031806.jpg
1000022561,CUERDA DE ALGODON 92712-7,0.72,8666661103515,visible,CUERDA LINO,1,14002,1000022561.jpg
1000033981,BOBINA HILO SISAL,0.72,8666661140008,visible,CUERDA LINO,1,14000-0,1000033981.jpg
1000033982,BOBINA HILO SISAL,0.72,8666661140008,visible,CUERDA LINO,1,14000-01,1000033982.jpg
1000033983,BOBINA HILO SISAL,0.72,8666661140008,visible,CUERDA LINO,1,14000-02,1000033983.jpg
1000033984,BOBINA HILO SISAL,0.72,8666661140008,visible,CUERDA LINO,1,14000-03,1000033984.jpg
1000033985,BOBINA HILO SISAL,0.72,8666661140008,visible,CUERDA LINO,1,14000-04,1000033985.jpg
1000033986,BOBINA HILO SISAL,0.72,8666661140008,visible,CUERDA LINO,1,14000-05,1000033986.jpg
1000033987,BOBINA HILO SISAL,0.72,8666661140008,visible,CUERDA LINO,1,14000-06,1000033987.jpg
1000033988,BOBINA HILO SISAL,0.72,8666661140008,visible,CUERDA LINO,1,14000-07,1000033988.jpg
1000033898,BOBINA HILO SISAL,1.04,92712-1,visible,CUERDA LINO,1,92712-1,1000033898.jpg
1000033900,BOBINA HILO SISAL,1.04,92712-2,visible,CUERDA LINO,1,92712-2,1000033900.jpg
1000033901,BOBINA HILO SISAL,1.04,92712-3,visible,CUERDA LINO,1,92712-3,1000033901.jpg
1000033902,BOBINA HILO SISAL,1.04,92712-4,visible,CUERDA LINO,1,92712-4,1000033902.jpg
1000033903,BOBINA HILO SISAL,1.04,92712-5,visible,CUERDA LINO,1,92712-5,1000033903.jpg
1000033904,BOBINA HILO SISAL,1.04,92712-6,visible,CUERDA LINO,1,92712-6,1000033904.jpg
1000033905,BOBINA HILO SISAL14002,1.04,92712-7,visible,CUERDA LINO,1,92712-7,1000033905.jpg
1000033906,BOBINA HILO SISAL,1.04,92712-8,visible,CUERDA LINO,1,92712-8,1000033906.jpg
1000033907,BOBINA HILO SISAL,1.04,92712-9,visible,CUERDA LINO,1,92712-9,1000033907.jpg
1000033899,BOBINA HILO SISAL,1.04,92712-10,visible,CUERDA LINO,1,92712-10,1000033899.jpg
1000034542,BOBINA DE SISAL,0.47,92898-1,visible,CUERDA LINO,1,92898-1,1000034542.jpg
1000034551,BOBINA DE SISAL,0.47,92898-2,visible,CUERDA LINO,1,92898-2,1000034551.jpg
1000034552,BOBINA DE SISAL,0.47,92898-3,visible,CUERDA LINO,1,92898-3,1000034552.jpg
1000034553,BOBINA DE SISAL,0.47,92898-4,visible,CUERDA LINO,1,92898-4,1000034553.jpg
1000034554,BOBINA DE SISAL,0.47,92898-5,visible,CUERDA LINO,1,92898-5,1000034554.jpg
1000034555,BOBINA DE SISAL,0.47,92898-6,visible,CUERDA LINO,1,92898-6,1000034555.jpg
1000034556,BOBINA DE SISAL,0.47,92898-7,visible,CUERDA LINO,1,92898-7,1000034556.jpg
1000034557,BOBINA DE SISAL,0.47,92898-8,visible,CUERDA LINO,1,92898-8,1000034557.jpg
1000034558,BOBINA DE SISAL,0.47,92898-9,visible,CUERDA LINO,1,92898-9,1000034558.jpg
1000034543,BOBINA DE SISAL,0.47,92898-10,visible,CUERDA LINO,1,92898-10,1000034543.jpg
1000034544,BOBINA DE SISAL,0.47,92898-11,visible,CUERDA LINO,1,92898-11,1000034544.jpg
1000034545,BOBINA DE SISAL,0.47,92898-12,visible,CUERDA LINO,1,92898-12,1000034545.jpg
1000034546,BOBINA DE SISAL,0.47,92898-13,visible,CUERDA LINO,1,92898-13,1000034546.jpg
1000034547,BOBINA DE SISAL,0.47,92898-14,visible,CUERDA LINO,1,92898-14,1000034547.jpg
1000034548,BOBINA DE SISAL,0.47,92898-15,visible,CUERDA LINO,1,92898-15,1000034548.jpg
1000034549,BOBINA DE SISAL,0.47,92898-16,visible,CUERDA LINO,1,92898-16,1000034549.jpg
1000034550,BOBINA DE SISAL,0.47,92898-17,visible,CUERDA LINO,1,92898-17,1000034550.jpg
1000034526,BOBINA DE SISAL,0.47,92897-1,visible,CUERDA LINO,1,92897-1,1000034526.jpg
1000034534,BOBINA DE SISAL,0.47,92897-2,visible,CUERDA LINO,1,92897-2,1000034534.jpg
1000034535,BOBINA DE SISAL,0.47,92897-3,visible,CUERDA LINO,1,92897-3,1000034535.jpg
1000034536,BOBINA DE SISAL,0.47,92897-4,visible,CUERDA LINO,1,92897-4,1000034536.jpg
1000034537,BOBINA DE SISAL,0.47,92897-5,visible,CUERDA LINO,1,92897-5,1000034537.jpg
1000034538,BOBINA DE SISAL,0.47,92897-6,visible,CUERDA LINO,1,92897-6,1000034538.jpg
1000034539,BOBINA DE SISAL,0.47,92897-7,visible,CUERDA LINO,1,92897-7,1000034539.jpg
1000034540,BOBINA DE SISAL,0.47,92897-8,visible,CUERDA LINO,1,92897-8,1000034540.jpg
1000034541,BOBINA DE SISAL,0.47,92897-9,visible,CUERDA LINO,1,92897-9,1000034541.jpg
1000034527,BOBINA DE SISAL,0.47,92897-10,visible,CUERDA LINO,1,92897-10,1000034527.jpg
1000034528,BOBINA DE SISAL,0.47,92897-11,visible,CUERDA LINO,1,92897-11,1000034528.jpg
1000034529,BOBINA DE SISAL,0.47,92897-12,visible,CUERDA LINO,1,92897-12,1000034529.jpg
1000034530,BOBINA DE SISAL,0.47,92897-13,visible,CUERDA LINO,1,92897-13,1000034530.jpg
1000034531,BOBINA DE SISAL,0.47,92897-14,visible,CUERDA LINO,1,92897-14,1000034531.jpg
1000034532,BOBINA DE SISAL,0.47,92897-15,visible,CUERDA LINO,1,92897-15,1000034532.jpg
1000034533,BOBINA DE SISAL,0.47,92897-16,visible,CUERDA LINO,1,92897-16,1000034533.jpg
1000029907,CUERDA DE LINO,1.31,866666191941,visible,CUERDA LINO,1,91941,1000029907.jpg
1000029908,CUERDA DE LINO,1.41,866666191942,visible,CUERDA LINO,1,91942,1000029908.jpg
1000029909,CUERDA DE LINO,1.35,866666191943,visible,CUERDA LINO,1,91943,1000029909.jpg
1000029910,CUERDA DE LINO,1.35,866666191944,visible,CUERDA LINO,1,91944,1000029910.jpg
1000029911,CUERDA DE LINO,1.46,866666191945,visible,CUERDA LINO,1,91945,1000029911.jpg
1000029912,CUERDA DE LINO,1.35,866666191946,visible,CUERDA LINO,1,91946,1000029912.jpg
1000029913,CUERDA DE LINO,2.36,866666191947,visible,CUERDA LINO,1,91947,1000029913.jpg
1000029914,CUERDA DE LINO,2.25,866666191948,visible,CUERDA LINO,1,91948,1000029914.jpg
1000029915,CUERDA DE LINO,2.46,866666191949,visible,CUERDA LINO,1,91949,1000029915.jpg
1000029916,CUERDA DE LINO,2.25,866666191950,visible,CUERDA LINO,1,91950,1000029916.jpg
1000030223,CUERDA DE LINO,2.36,866666191951,visible,CUERDA LINO,1,91951,1000030223.jpg
1000030224,CUERDA DE LINO,2.67,866666191952,visible,CUERDA LINO,1,91952,1000030224.jpg
1000030225,CUERDA DE LINO,3.66,866666191953,visible,CUERDA LINO,1,91953,1000030225.jpg
1000030226,CUERDA DE LINO,4.04,866666191954,visible,CUERDA LINO,1,91954,1000030226.jpg
1000029917,CUERDA DE LINO,6.24,866666191955,visible,CUERDA LINO,1,91955,1000029917.jpg
1000030227,CUERDA DE LINO,7.92,866666191956,visible,CUERDA LINO,1,91956,1000030227.jpg
1000029918,CUERDA DE ALGOD?,1.2,866666191957,visible,CUERDA LINO,1,91957,1000029918.jpg
1000029919,CUERDA DE ALGOD?,1.25,866666191958,visible,CUERDA LINO,1,91958,1000029919.jpg
1000029920,CUERDA DE ALGOD?,1.31,866666191959,visible,CUERDA LINO,1,91959,1000029920.jpg
1000029921,CUERDA DE ALGODON,1.31,866666191960,visible,CUERDA LINO,1,91960,1000029921.jpg
1000029922,CUERDA DE ALGOD?N,1.31,866666191961,visible,CUERDA LINO,1,91961,1000029922.jpg
1000029923,CUERDA DE ALGODON,2.19,866666191962,visible,CUERDA LINO,1,91962,1000029923.jpg
1000029585,CUERDA DE ALGODON,1.83,91963,visible,CUERDA LINO,1,91963,1000029585.jpg
1000029586,CUERDA DE ALGODON,2.04,91964,visible,CUERDA LINO,1,91964,1000029586.jpg
1000029587,CUERDA DE ALGODON,1.83,91965,visible,CUERDA LINO,1,91965,1000029587.jpg
1000029588,CUERDA DE ALGODON,1.83,91966,visible,CUERDA LINO,1,91966,1000029588.jpg
1000029589,CUERDA DE ALGODON,2.04,91967,visible,CUERDA LINO,1,91967,1000029589.jpg
1000029924,CUERDA DE ALGODON,2.57,866666191968,visible,CUERDA LINO,1,91968,1000029924.jpg
1000033083,CUERDA DE ALGODON,3.09,866666191969,visible,CUERDA LINO,1,91969,1000033083.jpg
1000031899,,0.0,,visible,CUERDA LINO,1,20220615114239,1000031899.jpg
1000040099,CUERDA DIY,0.0,,visible,CUERDA DIY,1,??_20240418145336,1000040099.jpg
1000038509,GOMA PARA PULSERA,0.66,866666202628,visible,CUERDA DIY,1,202628,1000038509.jpg
1000038510,GOMA PARA PULSERA,0.89,866666202629,visible,CUERDA DIY,1,202629,1000038510.jpg
1000038511,GOMA PARA PULSERA,0.83,866666202630,visible,CUERDA DIY,1,202630,1000038511.jpg
1000038513,GOMA PARA PULSERA,0.66,866666202632,visible,CUERDA DIY,1,202632,1000038513.jpg
1000038512,GOMA PARA PULSERA,0.83,866666202631,visible,CUERDA DIY,1,202631,1000038512.jpg
1000038514,GOMA PARA PULSERA,0.66,866666202633,visible,CUERDA DIY,1,202633,1000038514.jpg
1000038516,GOMA PARA PULSERA,0.92,866666202635,visible,CUERDA DIY,1,202635,1000038516.jpg
1000038515,GOMA PARA PULSERA,0.66,866666202634,visible,CUERDA DIY,1,202634,1000038515.jpg
1000042632,CORDON TIRADO,0.64,8666662019310,visible,CUERDA DIY,1,201931,1000042632.jpg
1000042633,CORDON TIRADO,0.64,8666662019327,visible,CUERDA DIY,1,201932,1000042633.jpg
1000042634,CORDON TIRADO,0.64,8666662019334,visible,CUERDA DIY,1,201933,1000042634.jpg
1000042635,CORDON TIRADO,0.64,8666662019341,visible,CUERDA DIY,1,201934,1000042635.jpg
1000042943,CORDON TIRADO,0.64,8666662019358,visible,CUERDA DIY,1,201935-1,1000042943.jpg
1000042636,CORDON TIRADO,0.64,8666662019365,visible,CUERDA DIY,1,201936,1000042636.jpg
1000042637,CORDON TIRADO,0.64,8666662019372,visible,CUERDA DIY,1,201937,1000042637.jpg
1000042638,CORDON TIRADO,0.64,8666662019389,visible,CUERDA DIY,1,201938,1000042638.jpg
1000042639,CORDON TIRADO,0.64,8666662019396,visible,CUERDA DIY,1,201939,1000042639.jpg
1000042640,CORDON TIRADO,0.64,8666662019402,visible,CUERDA DIY,1,201940,1000042640.jpg
1000042641,CORDON TIRADO,0.64,8666662019419,visible,CUERDA DIY,1,201941,1000042641.jpg
1000042944,CORDON TIRADO,0.64,8666662019426,visible,CUERDA DIY,1,201942-1,1000042944.jpg
1000042642,CORDON TIRADO,0.64,8666662019433,visible,CUERDA DIY,1,201943,1000042642.jpg
1000042643,CORDON TIRADO,0.64,8666662019440,visible,CUERDA DIY,1,201944,1000042643.jpg
1000042644,CORDON TIRADO,0.64,8666662019457,visible,CUERDA DIY,1,201945,1000042644.jpg
1000042645,CORDON TIRADO,0.64,8666662019464,visible,CUERDA DIY,1,201946,1000042645.jpg
1000042646,CORDON TIRADO,0.64,8666662019471,visible,CUERDA DIY,1,201947,1000042646.jpg
1000042647,CORDON TIRADO,0.64,8666662019488,visible,CUERDA DIY,1,201948,1000042647.jpg
1000042648,CORDON TIRADO,0.64,8666662019495,visible,CUERDA DIY,1,201949,1000042648.jpg
1000042649,CORDON TIRADO,0.64,8666662019501,visible,CUERDA DIY,1,201950,1000042649.jpg
1000042650,CORDON TIRADO,0.64,8666662019518,visible,CUERDA DIY,1,201951,1000042650.jpg
1000042651,CORDON TIRADO,0.64,8666662019525,visible,CUERDA DIY,1,201952,1000042651.jpg
1000042652,CORDON TIRADO,0.64,8666662019532,visible,CUERDA DIY,1,201953,1000042652.jpg
1000042653,CORDON TIRADO,0.64,8666662019549,visible,CUERDA DIY,1,201954,1000042653.jpg
1000042654,CORDON TIRADO,0.64,8666662019556,visible,CUERDA DIY,1,201955,1000042654.jpg
1000042655,CORDON TIRADO,0.64,8666662019563,visible,CUERDA DIY,1,201956,1000042655.jpg
1000042656,CORDON TIRADO,0.64,8666662019570,visible,CUERDA DIY,1,201957,1000042656.jpg
1000042657,CORDON TIRADO,0.64,8666662019587,visible,CUERDA DIY,1,201958,1000042657.jpg
1000007512,CORDON TIRADO,1.94,8666661082735,visible,CUERDA DIY,1,08273-1,1000007512.jpg
1000007513,CORDON TIRADO,1.94,8666661082735,visible,CUERDA DIY,1,08273-2,1000007513.jpg
1000007514,CORDON TIRADO,1.94,8666661082735,visible,CUERDA DIY,1,08273-3,1000007514.jpg
1000007515,CORDON TIRADO,1.94,8666661082735,visible,CUERDA DIY,1,08273-4,1000007515.jpg
1000007516,CORDON TIRADO,1.94,8666661082735,visible,CUERDA DIY,1,08273-5,1000007516.jpg
1000007517,CORDON TIRADO,1.94,8666661082735,visible,CUERDA DIY,1,08273-6,1000007517.jpg
1000007518,CORDON TIRADO,1.94,8666661082735,visible,CUERDA DIY,1,08273-7,1000007518.jpg
1000007519,CORDON TIRADO,1.94,8666661082735,visible,CUERDA DIY,1,08273-8,1000007519.jpg
1000007520,CORDON TIRADO,1.94,8666661082735,visible,CUERDA DIY,1,08273-9,1000007520.jpg
1000040175,CORDON TIRADO,1.94,866666108273,visible,CUERDA DIY,1,08273-10,1000040175.jpg
1000006855,HILO PARA MANUALIDAD,1.31,8666661082742,visible,CUERDA DIY,1,08274-1,1000006855.jpg
1000006856,HILO PARA MANUALIDAD,1.31,8666661082742,visible,CUERDA DIY,1,08274-2,1000006856.jpg
1000006857,HILO PARA MANUALIDAD,1.31,8666661082742,visible,CUERDA DIY,1,08274-3,1000006857.jpg
1000006858,HILO PARA MANUALIDAD,1.31,8666661082742,visible,CUERDA DIY,1,08274-4,1000006858.jpg
1000006859,HILO PARA MANUALIDAD,1.31,8666661082742,visible,CUERDA DIY,1,08274-5,1000006859.jpg
1000006860,HILO PARA MANUALIDAD,1.31,8666661082742,visible,CUERDA DIY,1,08274-6,1000006860.jpg
1000006861,HILO PARA MANUALIDAD,1.31,8666661082742,visible,CUERDA DIY,1,08274-7,1000006861.jpg
1000006862,HILO PARA MANUALIDAD,1.31,8666661082742,visible,CUERDA DIY,1,08274-8,1000006862.jpg
1000006863,HILO PARA MANUALIDAD,1.31,8666661082742,visible,CUERDA DIY,1,08274-9,1000006863.jpg
1000006864,HILO PARA MANUALIDAD,1.31,8666661082742,visible,CUERDA DIY,1,08274-10,1000006864.jpg
1000006865,HILO PARA MANUALIDAD,1.31,8666661082742,visible,CUERDA DIY,1,08274-11,1000006865.jpg
1000006866,HILO PARA MANUALIDAD,1.31,8666661082742,visible,CUERDA DIY,1,08274-12,1000006866.jpg
1000006867,HILO PARA MANUALIDAD,1.31,8666661082742,visible,CUERDA DIY,1,08274-13,1000006867.jpg
1000006868,HILO PARA MANUALIDAD,1.31,8666661082742,visible,CUERDA DIY,1,08274-14,1000006868.jpg
1000006869,HILO PARA MANUALIDAD,1.31,8666661082742,visible,CUERDA DIY,1,08274-15,1000006869.jpg
1000006870,HILO PARA MANUALIDAD,1.31,8666661082742,visible,CUERDA DIY,1,08274-16,1000006870.jpg
1000006871,HILO PARA MANUALIDAD,1.31,8666661082742,visible,CUERDA DIY,1,08274-17,1000006871.jpg
1000022232,HILO PARA MANUALIDADES,1.31,8666661082742,visible,CUERDA DIY,1,08274-18,1000022232.jpg
1000044623,HILO PARA MANUALIDAD,1.31,8666661082742,visible,CUERDA DIY,1,08274-19,1000044623.jpg
1000034689,,0.0,,visible,CUERDA DIY,1,20220615114240,1000034689.jpg
1000038855,HILO COLA DE RATON,1.41,866666202361,visible,CUERDA DIY,1,202361-1,1000038855.jpg
1000038856,HILO COLA DE RATON,1.41,866666202362,visible,CUERDA DIY,1,202362-1,1000038856.jpg
1000038857,HILO COLA DE RATON,1.41,866666202363,visible,CUERDA DIY,1,202363-1,1000038857.jpg
1000038858,HILO COLA DE RATON,1.41,866666202364,visible,CUERDA DIY,1,202364-1,1000038858.jpg
1000038859,HILO COLA DE RATON,1.41,866666202365,visible,CUERDA DIY,1,202365-1,1000038859.jpg
1000038860,HILO COLA DE RATON,1.41,866666202366,visible,CUERDA DIY,1,202366-1,1000038860.jpg
1000038861,HILO COLA DE RATON,1.41,866666202367,visible,CUERDA DIY,1,202367-1,1000038861.jpg
1000038862,HILO COLA DE RATON,1.41,866666202368,visible,CUERDA DIY,1,202368-1,1000038862.jpg
1000038863,HILO COLA DE RATON,1.41,866666202369,visible,CUERDA DIY,1,202369-1,1000038863.jpg
1000038864,HILO COLA DE RATON,1.41,866666202370,visible,CUERDA DIY,1,202370-1,1000038864.jpg
1000029423,HILO COLO DE RATON,1.2,8666661917662,visible,CUERDA DIY,1,91766-25,1000029423.jpg
1000029407,HILO COLO DE RATON,1.2,8666661917662,visible,CUERDA DIY,1,91766-1,1000029407.jpg
1000029417,HILO COLO DE RATON,1.2,8666661917662,visible,CUERDA DIY,1,91766-2,1000029417.jpg
1000029424,HILO COLO DE RATON,1.2,8666661917662,visible,CUERDA DIY,1,91766-3,1000029424.jpg
1000029425,HILO COLO DE RATON,1.2,8666661917662,visible,CUERDA DIY,1,91766-5,1000029425.jpg
1000029426,HILO COLO DE RATON,1.2,8666661917662,visible,CUERDA DIY,1,91766-6,1000029426.jpg
1000029427,HILO COLO DE RATON,1.2,8666661917662,visible,CUERDA DIY,1,91766-7,1000029427.jpg
1000029428,HILO COLO DE RATON,1.2,8666661917662,visible,CUERDA DIY,1,91766-8,1000029428.jpg
1000029429,HILO COLO DE RATON,1.2,8666661917662,visible,CUERDA DIY,1,91766-9,1000029429.jpg
1000029408,HILO COLO DE RATON,1.2,8666661917662,visible,CUERDA DIY,1,91766-10,1000029408.jpg
1000029409,HILO COLO DE RATON,1.2,8666661917662,visible,CUERDA DIY,1,91766-11,1000029409.jpg
1000029410,HILO COLO DE RATON,1.2,8666661917662,visible,CUERDA DIY,1,91766-12,1000029410.jpg
1000029411,HILO COLO DE RATON,1.2,8666661917662,visible,CUERDA DIY,1,91766-13,1000029411.jpg
1000029412,HILO COLO DE RATON,1.2,8666661917662,visible,CUERDA DIY,1,91766-15,1000029412.jpg
1000029413,HILO COLO DE RATON,1.2,8666661917662,visible,CUERDA DIY,1,91766-16,1000029413.jpg
1000029414,HILO COLO DE RATON,1.2,8666661917662,visible,CUERDA DIY,1,91766-17,1000029414.jpg
1000029415,HILO COLO DE RATON,1.2,8666661917662,visible,CUERDA DIY,1,91766-18,1000029415.jpg
1000029416,HILO COLO DE RATON,1.2,8666661917662,visible,CUERDA DIY,1,91766-19,1000029416.jpg
1000029418,HILO COLO DE RATON,1.2,8666661917662,visible,CUERDA DIY,1,91766-20,1000029418.jpg
1000029419,HILO COLO DE RATON,1.2,8666661917662,visible,CUERDA DIY,1,91766-21,1000029419.jpg
1000029420,HILO COLO DE RATON,1.2,8666661917662,visible,CUERDA DIY,1,91766-22,1000029420.jpg
1000029421,HILO COLO DE RATON,1.2,8666661917662,visible,CUERDA DIY,1,91766-23,1000029421.jpg
1000029422,HILO COLO DE RATON,1.2,8666661917662,visible,CUERDA DIY,1,91766-24,1000029422.jpg
1000034690,,0.0,,visible,CUERDA DIY,1,20220615114241,1000034690.jpg
1000035080,HILO COLA DE RATON,1.52,866666202101,visible,CUERDA DIY,1,202101,1000035080.jpg
1000035081,HILO COLA DE RATON,1.52,866666202102,visible,CUERDA DIY,1,202102,1000035081.jpg
1000035082,HILO COLA DE RATON,1.52,866666202103,visible,CUERDA DIY,1,202103,1000035082.jpg
1000035083,HILO COLA DE RATON,1.52,866666202104,visible,CUERDA DIY,1,202104,1000035083.jpg
1000035084,HILO COLA DE RATON,1.52,866666202105,visible,CUERDA DIY,1,202105,1000035084.jpg
1000035085,HILO COLA DE RATON,1.52,866666202106,visible,CUERDA DIY,1,202106,1000035085.jpg
1000026119,HILO DE RATON PARA MANUALIDADES,1.31,8666661120253,visible,CUERDA DIY,1,12025,1000026119.jpg
1000000263,HILO PARA COLLA,0.51,8666661025749,visible,CUERDA DIY,1,02574,1000000263.jpg
1000015996,HILO COLO DE RATON,1.31,8666661120253,visible,CUERDA DIY,1,12025-1,1000015996.jpg
1000016007,HILO COLO DE RATON,1.31,8666661120253,visible,CUERDA DIY,1,12025-2,1000016007.jpg
1000016013,HILO COLO DE RATON,1.31,8666661120253,visible,CUERDA DIY,1,12025-3,1000016013.jpg
1000016014,HILO COLO DE RATON,1.31,8666661120253,visible,CUERDA DIY,1,12025-4,1000016014.jpg
1000016015,HILO COLO DE RATON,1.31,8666661120253,visible,CUERDA DIY,1,12025-5,1000016015.jpg
1000016016,HILO COLO DE RATON,1.31,8666661120253,visible,CUERDA DIY,1,12025-6,1000016016.jpg
1000016017,HILO COLO DE RATON,1.31,8666661120253,visible,CUERDA DIY,1,12025-7,1000016017.jpg
1000016018,HILO COLO DE RATON,1.31,8666661120253,visible,CUERDA DIY,1,12025-8,1000016018.jpg
1000016019,HILO COLO DE RATON,1.31,8666661120253,visible,CUERDA DIY,1,12025-9,1000016019.jpg
1000015997,HILO COLO DE RATON,1.31,8666661120253,visible,CUERDA DIY,1,12025-10,1000015997.jpg
1000015998,HILO COLO DE RATON,1.31,8666661120253,visible,CUERDA DIY,1,12025-11,1000015998.jpg
1000015999,HILO COLO DE RATON,1.31,8666661120253,visible,CUERDA DIY,1,12025-12,1000015999.jpg
1000016000,HILO COLO DE RATON,1.31,8666661120253,visible,CUERDA DIY,1,12025-13,1000016000.jpg
1000016001,HILO COLO DE RATON,1.31,8666661120253,visible,CUERDA DIY,1,12025-14,1000016001.jpg
1000016002,HILO COLO DE RATON,1.31,8666661120253,visible,CUERDA DIY,1,12025-15,1000016002.jpg
1000016003,HILO COLO DE RATON,1.31,8666661120253,visible,CUERDA DIY,1,12025-16,1000016003.jpg
1000016004,HILO COLO DE RATON,1.31,8666661120253,visible,CUERDA DIY,1,12025-17,1000016004.jpg
1000016005,HILO COLO DE RATON,1.31,8666661120253,visible,CUERDA DIY,1,12025-18,1000016005.jpg
1000016006,HILO COLO DE RATON,1.31,8666661120253,visible,CUERDA DIY,1,12025-19,1000016006.jpg
1000016008,HILO COLO DE RATON,1.31,8666661120253,visible,CUERDA DIY,1,12025-20,1000016008.jpg
1000016009,HILO COLO DE RATON,1.31,8666661120253,visible,CUERDA DIY,1,12025-21,1000016009.jpg
1000016010,HILO COLO DE RATON,1.31,8666661120253,visible,CUERDA DIY,1,12025-22,1000016010.jpg
1000016011,HILO COLO DE RATON,1.31,8666661120253,visible,CUERDA DIY,1,12025-23,1000016011.jpg
1000016012,HILO COLO DE RATON,1.31,8666661120253,visible,CUERDA DIY,1,12025-24,1000016012.jpg
1000034691,,0.0,,visible,CUERDA DIY,1,20220615114243,1000034691.jpg
1000016093,HILO DE METALIZADO,0.51,8666661201488,visible,CUERDA DIY,1,20148-1,1000016093.jpg
1000016094,HILO DE METALIZADO,0.51,8666661201488,visible,CUERDA DIY,1,20148-2,1000016094.jpg
1000016095,HILO DE METALIZADO,0.51,8666661201488,visible,CUERDA DIY,1,20148-3,1000016095.jpg
1000016096,HILO DE METALIZADO,0.51,8666661201495,visible,CUERDA DIY,1,20149-1,1000016096.jpg
1000016097,HILO DE METALIZADO,0.51,8666661201495,visible,CUERDA DIY,1,20149-2,1000016097.jpg
1000016098,HILO DE METALIZADO,0.51,8666661201495,visible,CUERDA DIY,1,20149-3,1000016098.jpg
1000016099,HILO DE METALIZADO,0.51,8666661201501,visible,CUERDA DIY,1,20150-1,1000016099.jpg
1000016100,HILO DE METALIZADO,0.51,8666661201501,visible,CUERDA DIY,1,20150-2,1000016100.jpg
1000016101,HILO DE METALIZADO,0.51,8666661201501,visible,CUERDA DIY,1,20150-3,1000016101.jpg
1000016102,HILO DE METALIZADO,0.51,8666661201518,visible,CUERDA DIY,1,20151-1,1000016102.jpg
1000016103,HILO DE METALIZADO,0.51,8666661201518,visible,CUERDA DIY,1,20151-2,1000016103.jpg
1000016104,HILO DE METALIZADO,0.51,8666661201518,visible,CUERDA DIY,1,20151-3,1000016104.jpg
1000034692,HILO NYLON,0.0,,visible,HILO NYLON,1,20220615114244,1000034692.jpg
1000016105,HILO DE NYLON,0.45,8666661201525,visible,HILO NYLON,1,20152,1000016105.jpg
1000016106,HILO DE NYLON,0.45,8666661201532,visible,HILO NYLON,1,20153,1000016106.jpg
1000016107,HILO DE NYLON,0.45,8666661201549,visible,HILO NYLON,1,20154,1000016107.jpg
1000016108,HILO DE NYLON,0.45,8666661201556,visible,HILO NYLON,1,20155,1000016108.jpg
1000016109,HILO DE NYLON,0.45,8666661201563,visible,HILO NYLON,1,20156,1000016109.jpg
1000008548,CINTA DE LENTEJUELAS,0.51,091485,visible,HILO NYLON,1,091485,1000008548.jpg
1000008549,CINTA DE ADORNO,0.51,09149,visible,HILO NYLON,1,09149,1000008549.jpg
1000008550,CINTA DE ADORNO,0.51,09150,visible,HILO NYLON,1,09150,1000008550.jpg
1000034693,HILO ELASTICO,0.0,,visible,HILO ELASTICO,1,20220615114245,1000034693.jpg
1000034977,HILO DE NYLON,0.89,866666202061,visible,HILO ELASTICO,1,202061,1000034977.jpg
1000034978,HILO DE NYLON,0.89,866666202062,visible,HILO ELASTICO,1,202062,1000034978.jpg
1000034979,HILO DE NYLON,0.89,866666202063,visible,HILO ELASTICO,1,202063,1000034979.jpg
1000034980,HILO DE NYLON,0.89,866666202064,visible,HILO ELASTICO,1,202064,1000034980.jpg
1000034981,HILO DE NYLON,0.89,866666202065,visible,HILO ELASTICO,1,202065,1000034981.jpg
1000034982,HILO DE NYLON,1.31,866666202066,visible,HILO ELASTICO,1,202066,1000034982.jpg
1000034983,HILO DE NYLON,1.31,866666202067,visible,HILO ELASTICO,1,202067,1000034983.jpg
1000034984,HILO DE EL?TICO,1.14,866666202068,visible,HILO ELASTICO,1,202068,1000034984.jpg
1000034985,HILO DE EL?TICO,1.14,866666202069,visible,HILO ELASTICO,1,202069,1000034985.jpg
1000034986,HILO DE EL?TICO,1.14,866666202070,visible,HILO ELASTICO,1,202070,1000034986.jpg
1000026649,HILO DE ELASTICO,0.51,8435401414576,visible,HILO ELASTICO,1,21457,1000026649.jpg
1000026647,HILO DE ELASTICO,0.51,8435401414552,visible,HILO ELASTICO,1,21455,1000026647.jpg
1000026648,HILO DE ELASTICO,0.51,8435401414569,visible,HILO ELASTICO,1,21456,1000026648.jpg
1000034694,HILO ELASTICO,0.0,,visible,HILO ELASTICO,1,20220615114246,1000034694.jpg
1000018477,HILO DE ELASTICO,0.41,8435401409466,visible,HILO ELASTICO,1,20946-1,1000018477.jpg
1000018487,HILO DE ELASTICO,0.41,8435401409466,visible,HILO ELASTICO,1,20946-2,1000018487.jpg
1000018488,HILO DE ELASTICO,0.41,8435401409466,visible,HILO ELASTICO,1,20946-3,1000018488.jpg
1000018489,HILO DE ELASTICO,0.41,8435401409466,visible,HILO ELASTICO,1,20946-4,1000018489.jpg
1000018490,HILO DE ELASTICO,0.41,8435401409466,visible,HILO ELASTICO,1,20946-5,1000018490.jpg
1000018491,HILO DE ELASTICO,0.41,8435401409466,visible,HILO ELASTICO,1,20946-6,1000018491.jpg
1000018492,HILO DE ELASTICO,0.41,8435401409466,visible,HILO ELASTICO,1,20946-7,1000018492.jpg
1000018493,HILO DE ELASTICO,0.41,8435401409466,visible,HILO ELASTICO,1,20946-8,1000018493.jpg
1000018494,HILO DE ELASTICO,0.41,8435401409466,visible,HILO ELASTICO,1,20946-9,1000018494.jpg
1000018478,HILO DE ELASTICO,0.41,8435401409466,visible,HILO ELASTICO,1,20946-10,1000018478.jpg
1000018479,HILO DE ELASTICO,0.41,8435401409466,visible,HILO ELASTICO,1,20946-11,1000018479.jpg
1000018480,HILO DE ELASTICO,0.41,8435401409466,visible,HILO ELASTICO,1,20946-12,1000018480.jpg
1000018481,HILO DE ELASTICO,0.41,8435401409466,visible,HILO ELASTICO,1,20946-13,1000018481.jpg
1000018482,HILO DE ELASTICO,0.41,8435401409466,visible,HILO ELASTICO,1,20946-14,1000018482.jpg
1000018483,HILO DE ELASTICO,0.41,8435401409466,visible,HILO ELASTICO,1,20946-15,1000018483.jpg
1000018484,HILO DE ELASTICO,0.41,8435401409466,visible,HILO ELASTICO,1,20946-16,1000018484.jpg
1000018485,HILO DE ELASTICO,0.41,8435401409466,visible,HILO ELASTICO,1,20946-17,1000018485.jpg
1000018486,HILO DE ELASTICO,0.41,8435401409466,visible,HILO ELASTICO,1,20946-18,1000018486.jpg
1000003756,HILO PARA PULSERA,0.36,8666661050161,visible,HILO ELASTICO,1,05016,1000003756.jpg
1000024015,HILO DE EL?TICO,0.47,8666661910748,visible,HILO ELASTICO,1,91074-1,1000024015.jpg
1000024019,HILO DE EL?TICO,0.47,8666661910748,visible,HILO ELASTICO,1,91074-2,1000024019.jpg
1000024020,HILO DE EL?TICO,0.47,8666661910748,visible,HILO ELASTICO,1,91074-3,1000024020.jpg
1000024021,HILO DE EL?TICO,0.47,8666661910748,visible,HILO ELASTICO,1,91074-4,1000024021.jpg
1000024022,HILO DE EL?TICO,0.47,8666661910748,visible,HILO ELASTICO,1,91074-5,1000024022.jpg
1000024023,HILO DE EL?TICO,0.47,8666661910748,visible,HILO ELASTICO,1,91074-6,1000024023.jpg
1000024024,HILO DE EL?TICO,0.47,8666661910748,visible,HILO ELASTICO,1,91074-7,1000024024.jpg
1000024025,HILO DE EL?TICO,0.47,8666661910748,visible,HILO ELASTICO,1,91074-8,1000024025.jpg
1000024026,HILO DE EL?TICO,0.47,8666661910748,visible,HILO ELASTICO,1,91074-9,1000024026.jpg
1000024016,HILO DE EL?TICO,0.47,8666661910748,visible,HILO ELASTICO,1,91074-10,1000024016.jpg
1000024017,HILO DE EL?TICO,0.47,8666661910748,visible,HILO ELASTICO,1,91074-11,1000024017.jpg
1000024018,HILO DE EL?TICO,0.47,8666661910748,visible,HILO ELASTICO,1,91074-12,1000024018.jpg
1000034695,HILO METALIZADO,0.0,,visible,HILO METALIZADO,1,20220615114247,1000034695.jpg
1000033867,HILO DE METALICO,0.57,8666661927777,visible,HILO METALIZADO,1,92777-12,1000033867.jpg
1000033864,HILO DE METALICO,0.57,8666661927777,visible,HILO METALIZADO,1,92777-1,1000033864.jpg
1000033868,HILO DE METALICO,0.57,8666661927777,visible,HILO METALIZADO,1,92777-2,1000033868.jpg
1000033869,HILO DE METALICO,0.57,8666661927777,visible,HILO METALIZADO,1,92777-3,1000033869.jpg
1000033870,HILO DE METALICO,0.57,8666661927777,visible,HILO METALIZADO,1,92777-4,1000033870.jpg
1000033871,HILO DE METALICO,0.57,8666661927777,visible,HILO METALIZADO,1,92777-5,1000033871.jpg
1000033872,HILO DE METALICO,0.57,8666661927777,visible,HILO METALIZADO,1,92777-6,1000033872.jpg
1000033873,HILO DE METALICO,0.57,8666661927777,visible,HILO METALIZADO,1,92777-7,1000033873.jpg
1000033874,HILO DE METALICO,0.57,8666661927777,visible,HILO METALIZADO,1,92777-8,1000033874.jpg
1000033875,HILO DE METALICO,0.57,8666661927777,visible,HILO METALIZADO,1,92777-9,1000033875.jpg
1000033865,HILO DE METALICO,0.57,8666661927777,visible,HILO METALIZADO,1,92777-10,1000033865.jpg
1000033866,HILO DE METALICO,0.57,8666661927777,visible,HILO METALIZADO,1,92777-11,1000033866.jpg
1000034696,HILO DE MACRAME,0.0,,visible,HILO DE MACRAME,1,20220615114249,1000034696.jpg
1000034399,HILO DE MACRAMEN,0.47,8666661928132,visible,HILO DE MACRAME,1,92813-1,1000034399.jpg
1000034410,HILO DE MACRAMEN,0.47,8666661928132,visible,HILO DE MACRAME,1,92813-2,1000034410.jpg
1000034414,HILO DE MACRAMEN,0.47,8666661928132,visible,HILO DE MACRAME,1,92813-3,1000034414.jpg
1000034415,HILO DE MACRAMEN,0.47,8666661928132,visible,HILO DE MACRAME,1,92813-4,1000034415.jpg
1000034416,HILO DE MACRAMEN,0.47,8666661928132,visible,HILO DE MACRAME,1,92813-5,1000034416.jpg
1000034417,HILO DE MACRAMEN,0.47,8666661928132,visible,HILO DE MACRAME,1,92813-6,1000034417.jpg
1000034418,HILO DE MACRAMEN,0.47,8666661928132,visible,HILO DE MACRAME,1,92813-7,1000034418.jpg
1000034419,HILO DE MACRAMEN,0.47,8666661928132,visible,HILO DE MACRAME,1,92813-8,1000034419.jpg
1000034420,HILO DE MACRAMEN,0.47,8666661928132,visible,HILO DE MACRAME,1,92813-9,1000034420.jpg
1000034400,HILO DE MACRAMEN,0.47,8666661928132,visible,HILO DE MACRAME,1,92813-10,1000034400.jpg
1000034401,HILO DE MACRAMEN,0.47,8666661928132,visible,HILO DE MACRAME,1,92813-11,1000034401.jpg
1000034402,HILO DE MACRAMEN,0.47,8666661928132,visible,HILO DE MACRAME,1,92813-12,1000034402.jpg
1000034403,HILO DE MACRAMEN,0.47,8666661928132,visible,HILO DE MACRAME,1,92813-13,1000034403.jpg
1000034404,HILO DE MACRAMEN,0.47,8666661928132,visible,HILO DE MACRAME,1,92813-14,1000034404.jpg
1000034405,HILO DE MACRAMEN,0.47,8666661928132,visible,HILO DE MACRAME,1,92813-15,1000034405.jpg
1000034406,HILO DE MACRAMEN,0.47,8666661928132,visible,HILO DE MACRAME,1,92813-16,1000034406.jpg
1000034407,HILO DE MACRAMEN,0.47,8666661928132,visible,HILO DE MACRAME,1,92813-17,1000034407.jpg
1000034408,HILO DE MACRAMEN,0.47,8666661928132,visible,HILO DE MACRAME,1,92813-18,1000034408.jpg
1000034409,HILO DE MACRAMEN,0.47,8666661928132,visible,HILO DE MACRAME,1,92813-19,1000034409.jpg
1000034411,HILO DE MACRAMEN,0.47,8666661928132,visible,HILO DE MACRAME,1,92813-20,1000034411.jpg
1000034412,HILO DE MACRAMEN,0.47,8666661928132,visible,HILO DE MACRAME,1,92813-21,1000034412.jpg
1000034413,HILO DE MACRAMEN,0.47,8666661928132,visible,HILO DE MACRAME,1,92813-22,1000034413.jpg
1000034421,HILO DE MACRAMEN,1.04,8666661928149,visible,HILO DE MACRAME,1,92814-1,1000034421.jpg
1000034432,HILO DE MACRAMEN,1.04,8666661928149,visible,HILO DE MACRAME,1,92814-2,1000034432.jpg
1000034436,HILO DE MACRAMEN,1.04,8666661928149,visible,HILO DE MACRAME,1,92814-3,1000034436.jpg
1000034437,HILO DE MACRAMEN,1.04,8666661928149,visible,HILO DE MACRAME,1,92814-4,1000034437.jpg
1000034438,HILO DE MACRAMEN,1.04,8666661928149,visible,HILO DE MACRAME,1,92814-5,1000034438.jpg
1000034439,HILO DE MACRAMEN,1.04,8666661928149,visible,HILO DE MACRAME,1,92814-6,1000034439.jpg
1000034440,HILO DE MACRAMEN,1.04,8666661928149,visible,HILO DE MACRAME,1,92814-7,1000034440.jpg
1000034441,HILO DE MACRAMEN,1.04,8666661928149,visible,HILO DE MACRAME,1,92814-8,1000034441.jpg
1000034442,HILO DE MACRAMEN,1.04,8666661928149,visible,HILO DE MACRAME,1,92814-9,1000034442.jpg
1000034422,HILO DE MACRAMEN,1.04,8666661928149,visible,HILO DE MACRAME,1,92814-10,1000034422.jpg
1000034423,HILO DE MACRAMEN,1.04,8666661928149,visible,HILO DE MACRAME,1,92814-11,1000034423.jpg
1000034424,HILO DE MACRAMEN,1.04,8666661928149,visible,HILO DE MACRAME,1,92814-12,1000034424.jpg
1000034425,HILO DE MACRAMEN,1.04,8666661928149,visible,HILO DE MACRAME,1,92814-13,1000034425.jpg
1000034426,HILO DE MACRAMEN,1.04,8666661928149,visible,HILO DE MACRAME,1,92814-14,1000034426.jpg
1000034427,HILO DE MACRAMEN,1.04,8666661928149,visible,HILO DE MACRAME,1,92814-15,1000034427.jpg
1000034428,HILO DE MACRAMEN,1.04,8666661928149,visible,HILO DE MACRAME,1,92814-16,1000034428.jpg
1000034429,HILO DE MACRAMEN,1.04,8666661928149,visible,HILO DE MACRAME,1,92814-17,1000034429.jpg
1000034430,HILO DE MACRAMEN,1.04,8666661928149,visible,HILO DE MACRAME,1,92814-18,1000034430.jpg
1000034431,HILO DE MACRAMEN,1.04,8666661928149,visible,HILO DE MACRAME,1,92814-19,1000034431.jpg
1000034433,HILO DE MACRAMEN,1.04,8666661928149,visible,HILO DE MACRAME,1,92814-20,1000034433.jpg
1000034434,HILO DE MACRAMEN,1.04,8666661928149,visible,HILO DE MACRAME,1,92814-21,1000034434.jpg
1000034435,HILO DE MACRAMEN,1.04,8666661928149,visible,HILO DE MACRAME,1,92814-22,1000034435.jpg
1000034696,HILO DE MACRAME,0.0,,visible,HILO DE MACRAME,1,20220615114249,1000034696.jpg
1000034399,HILO DE MACRAMEN,0.47,8666661928132,visible,HILO DE MACRAME,1,92813-1,1000034399.jpg
1000034410,HILO DE MACRAMEN,0.47,8666661928132,visible,HILO DE MACRAME,1,92813-2,1000034410.jpg
1000034414,HILO DE MACRAMEN,0.47,8666661928132,visible,HILO DE MACRAME,1,92813-3,1000034414.jpg
1000034415,HILO DE MACRAMEN,0.47,8666661928132,visible,HILO DE MACRAME,1,92813-4,1000034415.jpg
1000034416,HILO DE MACRAMEN,0.47,8666661928132,visible,HILO DE MACRAME,1,92813-5,1000034416.jpg
1000034417,HILO DE MACRAMEN,0.47,8666661928132,visible,HILO DE MACRAME,1,92813-6,1000034417.jpg
1000034418,HILO DE MACRAMEN,0.47,8666661928132,visible,HILO DE MACRAME,1,92813-7,1000034418.jpg
1000034419,HILO DE MACRAMEN,0.47,8666661928132,visible,HILO DE MACRAME,1,92813-8,1000034419.jpg
1000034420,HILO DE MACRAMEN,0.47,8666661928132,visible,HILO DE MACRAME,1,92813-9,1000034420.jpg
1000034400,HILO DE MACRAMEN,0.47,8666661928132,visible,HILO DE MACRAME,1,92813-10,1000034400.jpg
1000034401,HILO DE MACRAMEN,0.47,8666661928132,visible,HILO DE MACRAME,1,92813-11,1000034401.jpg
1000034402,HILO DE MACRAMEN,0.47,8666661928132,visible,HILO DE MACRAME,1,92813-12,1000034402.jpg
1000034403,HILO DE MACRAMEN,0.47,8666661928132,visible,HILO DE MACRAME,1,92813-13,1000034403.jpg
1000034404,HILO DE MACRAMEN,0.47,8666661928132,visible,HILO DE MACRAME,1,92813-14,1000034404.jpg
1000034405,HILO DE MACRAMEN,0.47,8666661928132,visible,HILO DE MACRAME,1,92813-15,1000034405.jpg
1000034406,HILO DE MACRAMEN,0.47,8666661928132,visible,HILO DE MACRAME,1,92813-16,1000034406.jpg
1000034407,HILO DE MACRAMEN,0.47,8666661928132,visible,HILO DE MACRAME,1,92813-17,1000034407.jpg
1000034408,HILO DE MACRAMEN,0.47,8666661928132,visible,HILO DE MACRAME,1,92813-18,1000034408.jpg
1000034409,HILO DE MACRAMEN,0.47,8666661928132,visible,HILO DE MACRAME,1,92813-19,1000034409.jpg
1000034411,HILO DE MACRAMEN,0.47,8666661928132,visible,HILO DE MACRAME,1,92813-20,1000034411.jpg
1000034412,HILO DE MACRAMEN,0.47,8666661928132,visible,HILO DE MACRAME,1,92813-21,1000034412.jpg
1000034413,HILO DE MACRAMEN,0.47,8666661928132,visible,HILO DE MACRAME,1,92813-22,1000034413.jpg
1000034421,HILO DE MACRAMEN,1.04,8666661928149,visible,HILO DE MACRAME,1,92814-1,1000034421.jpg
1000034432,HILO DE MACRAMEN,1.04,8666661928149,visible,HILO DE MACRAME,1,92814-2,1000034432.jpg
1000034436,HILO DE MACRAMEN,1.04,8666661928149,visible,HILO DE MACRAME,1,92814-3,1000034436.jpg
1000034437,HILO DE MACRAMEN,1.04,8666661928149,visible,HILO DE MACRAME,1,92814-4,1000034437.jpg
1000034438,HILO DE MACRAMEN,1.04,8666661928149,visible,HILO DE MACRAME,1,92814-5,1000034438.jpg
1000034439,HILO DE MACRAMEN,1.04,8666661928149,visible,HILO DE MACRAME,1,92814-6,1000034439.jpg
1000034440,HILO DE MACRAMEN,1.04,8666661928149,visible,HILO DE MACRAME,1,92814-7,1000034440.jpg
1000034441,HILO DE MACRAMEN,1.04,8666661928149,visible,HILO DE MACRAME,1,92814-8,1000034441.jpg
1000034442,HILO DE MACRAMEN,1.04,8666661928149,visible,HILO DE MACRAME,1,92814-9,1000034442.jpg
1000034422,HILO DE MACRAMEN,1.04,8666661928149,visible,HILO DE MACRAME,1,92814-10,1000034422.jpg
1000034423,HILO DE MACRAMEN,1.04,8666661928149,visible,HILO DE MACRAME,1,92814-11,1000034423.jpg
1000034424,HILO DE MACRAMEN,1.04,8666661928149,visible,HILO DE MACRAME,1,92814-12,1000034424.jpg
1000034425,HILO DE MACRAMEN,1.04,8666661928149,visible,HILO DE MACRAME,1,92814-13,1000034425.jpg
1000034426,HILO DE MACRAMEN,1.04,8666661928149,visible,HILO DE MACRAME,1,92814-14,1000034426.jpg
1000034427,HILO DE MACRAMEN,1.04,8666661928149,visible,HILO DE MACRAME,1,92814-15,1000034427.jpg
1000034428,HILO DE MACRAMEN,1.04,8666661928149,visible,HILO DE MACRAME,1,92814-16,1000034428.jpg
1000034429,HILO DE MACRAMEN,1.04,8666661928149,visible,HILO DE MACRAME,1,92814-17,1000034429.jpg
1000034430,HILO DE MACRAMEN,1.04,8666661928149,visible,HILO DE MACRAME,1,92814-18,1000034430.jpg
1000034431,HILO DE MACRAMEN,1.04,8666661928149,visible,HILO DE MACRAME,1,92814-19,1000034431.jpg
1000034433,HILO DE MACRAMEN,1.04,8666661928149,visible,HILO DE MACRAME,1,92814-20,1000034433.jpg
1000034434,HILO DE MACRAMEN,1.04,8666661928149,visible,HILO DE MACRAME,1,92814-21,1000034434.jpg
1000034435,HILO DE MACRAMEN,1.04,8666661928149,visible,HILO DE MACRAME,1,92814-22,1000034435.jpg
1000002561,ART PERLER BEAD,0.41,8666661042173,visible,HILO DE MACRAME,1,04217-6,1000002561.jpg
1000006250,ART PERLER BEAD,0.41,8666661042173,visible,HILO DE MACRAME,1,04217-12,1000006250.jpg
1000002555,ART PERLER BEAD,0.41,8666661042173,visible,HILO DE MACRAME,1,04217-17,1000002555.jpg
1000002557,ART PERLER BEAD,0.41,8666661042173,visible,HILO DE MACRAME,1,04217-20,1000002557.jpg
1000002558,ART PERLER BEAD,0.41,8666661042173,visible,HILO DE MACRAME,1,04217-21,1000002558.jpg
1000002560,ART PERLER BEAD,0.41,8666661042173,visible,HILO DE MACRAME,1,04217-23,1000002560.jpg
1000000093,ACESORIOS DE CROCHE,0.47,8666661019557,visible,HILO DE MACRAME,1,01955,1000000093.jpg
1000002568,ACESORIOS DE CROCHE,0.47,8666661019564,visible,HILO DE MACRAME,1,019564,1000002568.jpg
1000002564,TABLA PARA PERLER,0.68,8666661042180,visible,HILO DE MACRAME,1,04218,1000002564.jpg
1000002565,TABLA PARA PERLER,0.68,8666661042197,visible,HILO DE MACRAME,1,04219,1000002565.jpg
1000006255,TABLA PARA PERLER BEAD,0.68,8666661069118,visible,HILO DE MACRAME,1,06911,1000006255.jpg
1000006256,TABLA PARA PERLER BEAD,0.68,8666661069125,visible,HILO DE MACRAME,1,06912,1000006256.jpg
1000006257,TABLA PARA PERLER BEAD,0.68,8666661069132,visible,HILO DE MACRAME,1,06913,1000006257.jpg
1000034444,ART PERLER BEAD,1.83,86666661928161,visible,HILO DE MACRAME,1,92816,1000034444.jpg
1000034445,ART PERLER BEAD,1.83,86666661928171,visible,HILO DE MACRAME,1,92817,1000034445.jpg
1000034446,ART PERLER BEAD,2.04,86666661928181,visible,HILO DE MACRAME,1,92818,1000034446.jpg
1000034447,ART PERLER BEAD,2.04,86666661928191,visible,HILO DE MACRAME,1,92819,1000034447.jpg
1000034369,ART PERLER BEAD,0.51,8666661928095,visible,HILO DE MACRAME,1,92809-1,1000034369.jpg
1000034380,ART PERLER BEAD,0.51,8666661928095,visible,HILO DE MACRAME,1,92809-2,1000034380.jpg
1000034390,ART PERLER BEAD,0.51,8666661928095,visible,HILO DE MACRAME,1,92809-3,1000034390.jpg
1000034391,ART PERLER BEAD,0.51,8666661928095,visible,HILO DE MACRAME,1,92809-4,1000034391.jpg
1000034392,ART PERLER BEAD,0.51,8666661928095,visible,HILO DE MACRAME,1,92809-5,1000034392.jpg
1000034393,ART PERLER BEAD,0.51,8666661928095,visible,HILO DE MACRAME,1,92809-6,1000034393.jpg
1000034394,ART PERLER BEAD,0.51,8666661928095,visible,HILO DE MACRAME,1,92809-7,1000034394.jpg
1000034395,ART PERLER BEAD,0.51,8666661928095,visible,HILO DE MACRAME,1,92809-8,1000034395.jpg
1000034396,ART PERLER BEAD,0.51,8666661928095,visible,HILO DE MACRAME,1,92809-9,1000034396.jpg
1000034370,ART PERLER BEAD,0.51,8666661928095,visible,HILO DE MACRAME,1,92809-10,1000034370.jpg
1000034371,ART PERLER BEAD,0.51,8666661928095,visible,HILO DE MACRAME,1,92809-11,1000034371.jpg
1000034372,ART PERLER BEAD,0.51,8666661928095,visible,HILO DE MACRAME,1,92809-12,1000034372.jpg
1000034373,ART PERLER BEAD,0.51,8666661928095,visible,HILO DE MACRAME,1,92809-13,1000034373.jpg
1000034374,ART PERLER BEAD,0.51,8666661928095,visible,HILO DE MACRAME,1,92809-14,1000034374.jpg
1000034375,ART PERLER BEAD,0.51,8666661928095,visible,HILO DE MACRAME,1,92809-15,1000034375.jpg
1000034376,ART PERLER BEAD,0.51,8666661928095,visible,HILO DE MACRAME,1,92809-16,1000034376.jpg
1000034377,ART PERLER BEAD,0.51,8666661928095,visible,HILO DE MACRAME,1,92809-17,1000034377.jpg
1000034378,ART PERLER BEAD,0.51,8666661928095,visible,HILO DE MACRAME,1,92809-18,1000034378.jpg
1000034379,ART PERLER BEAD,0.51,8666661928095,visible,HILO DE MACRAME,1,92809-19,1000034379.jpg
1000034381,ART PERLER BEAD,0.51,8666661928095,visible,HILO DE MACRAME,1,92809-20,1000034381.jpg
1000034382,ART PERLER BEAD,0.51,8666661928095,visible,HILO DE MACRAME,1,92809-21,1000034382.jpg
1000034383,ART PERLER BEAD,0.51,8666661928095,visible,HILO DE MACRAME,1,92809-22,1000034383.jpg
1000034384,ART PERLER BEAD,0.51,8666661928095,visible,HILO DE MACRAME,1,92809-23,1000034384.jpg
1000034385,ART PERLER BEAD,0.51,8666661928095,visible,HILO DE MACRAME,1,92809-24,1000034385.jpg
1000034386,ART PERLER BEAD,0.51,8666661928095,visible,HILO DE MACRAME,1,92809-25,1000034386.jpg
1000034387,ART PERLER BEAD,0.51,8666661928095,visible,HILO DE MACRAME,1,92809-26,1000034387.jpg
1000034388,ART PERLER BEAD,0.51,8666661928095,visible,HILO DE MACRAME,1,92809-27,1000034388.jpg
1000034389,ART PERLER BEAD,0.51,8666661928095,visible,HILO DE MACRAME,1,92809-28,1000034389.jpg
1000034397,ART PERLER BEAD,0.93,8666661928101,visible,HILO DE MACRAME,1,92810-1,1000034397.jpg
1000034398,ART PERLER BEAD,0.93,8666661928101,visible,HILO DE MACRAME,1,92810-2,1000034398.jpg
1000040110,TABLABEAD,0.0,,visible,TABLABEAD,1,??_20240418145428,1000040110.jpg
1000043765,OJO DE MANUALIDADES,0.51,8666662101794,visible,TABLABEAD,1,210179,1000043765.jpg
1000043766,OJO DE MANUALIDADES,0.51,8666662101800,visible,TABLABEAD,1,210180,1000043766.jpg
1000043767,OJO DE MANUALIDADES,0.51,8666662101817,visible,TABLABEAD,1,210181,1000043767.jpg
1000043768,OJO DE MANUALIDADES,0.51,8666662101824,visible,TABLABEAD,1,210182,1000043768.jpg
1000043769,OJO DE MANUALIDADES,0.51,8666662101831,visible,TABLABEAD,1,210183,1000043769.jpg
1000045922,OJO PARA MANUALIDADES,0.43,8666662103125,visible,TABLABEAD,1,210312,1000045922.jpg
1000045923,OJO PARA MANUALIDADES,0.43,8666662103132,visible,TABLABEAD,1,210313,1000045923.jpg
1000045924,OJO PARA MANUALIDADES,0.43,8666662103149,visible,TABLABEAD,1,210314,1000045924.jpg
1000045925,OJO PARA MANUALIDADES,0.43,8666662103156,visible,TABLABEAD,1,210315,1000045925.jpg
1000045926,OJO PARA MANUALIDADES,0.43,8666662103163,visible,TABLABEAD,1,210316,1000045926.jpg
1000043788,PEGATINA OJO DE MANUALIDADES,0.36,8666662102081,visible,TABLABEAD,1,210208,1000043788.jpg
1000043789,PEGATINA OJO DE MANUALIDADES,0.36,8666662102098,visible,TABLABEAD,1,210209,1000043789.jpg
1000043790,PEGATINA OJO DE MANUALIDADES,0.36,8666662102104,visible,TABLABEAD,1,210210,1000043790.jpg
1000043791,PEGATINA OJO DE MANUALIDADES,0.36,8666662102111,visible,TABLABEAD,1,210211,1000043791.jpg
1000043792,PEGATINA OJO DE MANUALIDADES,0.36,8666662102128,visible,TABLABEAD,1,210212,1000043792.jpg
1000043793,PEGATINA OJO DE MANUALIDADES,0.36,8666662102135,visible,TABLABEAD,1,210213,1000043793.jpg
1000043794,PEGATINA OJO DE MANUALIDADES,0.36,8666662102142,visible,TABLABEAD,1,210214,1000043794.jpg
1000043795,PEGATINA OJO DE MANUALIDADES,0.36,8666662102159,visible,TABLABEAD,1,210215,1000043795.jpg
1000043796,PEGATINA OJO DE MANUALIDADES,0.36,8666662102166,visible,TABLABEAD,1,210216,1000043796.jpg
1000043797,PEGATINA OJO DE MANUALIDADES,0.36,8666662102173,visible,TABLABEAD,1,210217,1000043797.jpg
1000043798,PEGATINA OJO DE MANUALIDADES,0.36,8666662102180,visible,TABLABEAD,1,210218,1000043798.jpg
1000043799,PEGATINA OJO DE MANUALIDADES,0.36,8666662102197,visible,TABLABEAD,1,210219,1000043799.jpg
1000043800,PEGATINA OJO DE MANUALIDADES,0.36,8666662102203,visible,TABLABEAD,1,210220,1000043800.jpg
1000039480,OJO PARA MANUALIDADES,0.36,8666662016357,visible,TABLABEAD,1,201635,1000039480.jpg
1000039481,OJO PARA MANUALIDADES,0.36,8666662016364,visible,TABLABEAD,1,201636,1000039481.jpg
1000039482,OJO PARA MANUALIDADES,0.36,8666662016371,visible,TABLABEAD,1,201637,1000039482.jpg
1000039483,OJO PARA MANUALIDADES,0.36,8666662016388,visible,TABLABEAD,1,201638-1,1000039483.jpg
1000039484,OJO PARA MANUALIDADES,0.36,8666662016395,visible,TABLABEAD,1,201639,1000039484.jpg
1000039485,OJO PARA MANUALIDADES,0.36,8666662016401,visible,TABLABEAD,1,201640,1000039485.jpg
1000039039,6mm OJO PARA MANUALIDADES,0.36,866666201531,visible,TABLABEAD,1,201531,1000039039.jpg
1000039040,7mm OJO PARA MANUALIDADES,0.36,866666201532,visible,TABLABEAD,1,201532,1000039040.jpg
1000039041,8mm OJO PARA MANUALIDADES,0.36,866666201533,visible,TABLABEAD,1,201533,1000039041.jpg
1000039042,10mm OJO PARA MANUALIDADES,0.36,866666201534,visible,TABLABEAD,1,201534,1000039042.jpg
1000039043,12mm OJO PARA MANUALIDADES,0.36,866666201535,visible,TABLABEAD,1,201535,1000039043.jpg
1000039044,15mm OJO PARA MANUALIDADES,0.36,866666201536,visible,TABLABEAD,1,201536,1000039044.jpg
1000039045,18mm OJO PARA MANUALIDADES,0.36,866666201537,visible,TABLABEAD,1,201537,1000039045.jpg
1000039046,20mm OJO PARA MANUALIDADES,0.36,866666201538,visible,TABLABEAD,1,201538,1000039046.jpg
1000016641,OJO PARA MANUALIDADES,0.37,8666661202126,visible,TABLABEAD,1,20212,1000016641.jpg
1000016642,OJO PARA MANUALIDADES,0.37,8666661202133,visible,TABLABEAD,1,20213,1000016642.jpg
1000026486,OJO PARA MANUALIDADES,0.37,866666191381,visible,TABLABEAD,1,91381,1000026486.jpg
1000026487,OJO PARA MANUALIDADES,0.37,866666191382,visible,TABLABEAD,1,91382,1000026487.jpg
1000026488,OJO PARA MANUALIDADES,0.37,866666191383,visible,TABLABEAD,1,91383,1000026488.jpg
1000026489,OJO PARA MANUALIDADES,0.37,866666191385,visible,TABLABEAD,1,91385,1000026489.jpg
1000040098,OJOS DIY,0.0,,visible,OJOS DIY,1,??_20240418145332,1000040098.jpg
1000043370,OJO MANUALIDADES 9MM M21593-4 M25179,0.36,8435687251797,visible,OJOS DIY,1,25179,1000043370.jpg
1000043369,OJO 7MM,0.36,8435687251773,visible,OJOS DIY,1,25177,1000043369.jpg
1000040090,CASCABEL,0.0,,visible,CASCABEL,1,??_20240418145253,1000040090.jpg
1000000231,CASCABELES DE COLORES,0.36,8666661010233,visible,CASCABEL,1,01023,1000000231.jpg
1000000232,CASCABELES DE COLORES,0.36,8666661010240,visible,CASCABEL,1,01024,1000000232.jpg
1000000233,CASCABELES DE COLORES,0.36,01025,visible,CASCABEL,1,01025,1000000233.jpg
1000035330,CAMPANA,0.47,866666203045,visible,CASCABEL,1,203045-1,1000035330.jpg
1000035331,CAMPANA,0.47,866666203045,visible,CASCABEL,1,203045-2,1000035331.jpg
1000035332,CAMPANA,0.47,866666203046,visible,CASCABEL,1,203046-1,1000035332.jpg
1000035333,CAMPANA,0.47,866666203046,visible,CASCABEL,1,203046-2,1000035333.jpg
1000035334,CAMPANA,0.47,866666203047,visible,CASCABEL,1,203047-1,1000035334.jpg
1000035335,CAMPANA,0.47,866666203047,visible,CASCABEL,1,203047-2,1000035335.jpg
1000035336,CAMPANA,0.47,866666203048,visible,CASCABEL,1,203048-1,1000035336.jpg
1000035337,CAMPANA,0.47,866666203048,visible,CASCABEL,1,203048-2,1000035337.jpg
1000035338,CAMPANA,0.47,866666203049,visible,CASCABEL,1,203049-1,1000035338.jpg
1000035339,CAMPANA,0.47,866666203049,visible,CASCABEL,1,203049-2,1000035339.jpg
1000035340,CAMPANA,0.51,866666203050,visible,CASCABEL,1,203050-1,1000035340.jpg
1000035341,CAMPANA,0.51,866666203050,visible,CASCABEL,1,203050-2,1000035341.jpg
1000035342,CAMPANA,0.51,866666203051,visible,CASCABEL,1,203051-1,1000035342.jpg
1000035343,CAMPANA,0.51,866666203051,visible,CASCABEL,1,203051-2,1000035343.jpg
1000035344,CAMPANA,0.51,866666203052,visible,CASCABEL,1,203052-1,1000035344.jpg
1000035345,CAMPANA,0.51,866666203052,visible,CASCABEL,1,203052-2,1000035345.jpg
1000035346,CAMPANA,0.51,866666203053,visible,CASCABEL,1,203053-1,1000035346.jpg
1000035347,CAMPANA,0.51,866666203053,visible,CASCABEL,1,203053-2,1000035347.jpg
1000035348,CAMPANA,0.51,866666203054,visible,CASCABEL,1,203054-1,1000035348.jpg
1000035349,CAMPANA,0.51,866666203054,visible,CASCABEL,1,203054-2,1000035349.jpg
1000035350,CAMPANA,0.51,866666203055,visible,CASCABEL,1,203055-1,1000035350.jpg
1000035351,CAMPANA,0.51,866666203055,visible,CASCABEL,1,203055-2,1000035351.jpg
1000035352,CAMPANA,0.51,866666203056,visible,CASCABEL,1,203056-1,1000035352.jpg
1000035353,CAMPANA,0.51,866666203056,visible,CASCABEL,1,203056-2,1000035353.jpg
1000034268,CAMPANA,0.57,8666662000011,visible,CASCABEL,1,200001,1000034268.jpg
1000034269,CAMPANA,0.57,8666662000028,visible,CASCABEL,1,200002,1000034269.jpg
1000034271,CAMPANA,0.57,8666662000042,visible,CASCABEL,1,200004,1000034271.jpg
1000034272,CAMPANA,0.57,8666662000059,visible,CASCABEL,1,200005,1000034272.jpg
1000034273,CAMPANA,0.57,8666662000066,visible,CASCABEL,1,200006,1000034273.jpg
1000034274,CAMPANA,0.57,8666662000073,visible,CASCABEL,1,200007,1000034274.jpg
1000034275,CAMPANA,0.57,8666662000080,visible,CASCABEL,1,200008,1000034275.jpg
1000034276,CAMPANA,0.57,8666662000097,visible,CASCABEL,1,200009,1000034276.jpg
1000034277,CAMPANA,0.57,8666662000103,visible,CASCABEL,1,200010,1000034277.jpg
1000034278,CASCABEL,0.57,866666200011,visible,CASCABEL,1,200011,1000034278.jpg
1000034279,CAMPANA,0.57,8666662000127,visible,CASCABEL,1,200012,1000034279.jpg
1000034280,CAMPANA,0.57,8666662000134,visible,CASCABEL,1,200013,1000034280.jpg
1000034281,CAMPANA,0.57,8666662000141,visible,CASCABEL,1,200014,1000034281.jpg
1000027313,CAMPANA,0.57,8666662000158,visible,CASCABEL,1,200015,1000027313.jpg
1000034282,CAMPANA,0.57,8666662000165,visible,CASCABEL,1,200016,1000034282.jpg
1000034283,CAMPANA,0.57,8666662000172,visible,CASCABEL,1,200017,1000034283.jpg
1000034284,CAMPANA,0.57,8666662000189,visible,CASCABEL,1,200018,1000034284.jpg
1000034285,CAMPANA,0.57,8666662000196,visible,CASCABEL,1,200019,1000034285.jpg
1000034286,CAMPANA,0.57,8666662000202,visible,CASCABEL,1,200020,1000034286.jpg
1000034290,CAMPANA,0.57,8666662000240,visible,CASCABEL,1,200024,1000034290.jpg
1000034291,CAMPANA,0.57,8666662000257,visible,CASCABEL,1,200025,1000034291.jpg
1000034293,CASCABEL,0.57,866666200027,visible,CASCABEL,1,200027,1000034293.jpg
1000034294,CASCABEL,0.57,866666200028,visible,CASCABEL,1,200028,1000034294.jpg
1000024812,CAMPANA,0.47,91040-2,visible,CASCABEL,1,91040-2,1000024812.jpg
1000024814,CAMPANA,0.47,91041-2,visible,CASCABEL,1,91041-2,1000024814.jpg
1000024816,CAMPANA,0.47,91042-2,visible,CASCABEL,1,91042-2,1000024816.jpg
1000024818,CAMPANA,0.47,91043-2,visible,CASCABEL,1,91043-2,1000024818.jpg
1000024820,CAMPANA,0.47,91044-2,visible,CASCABEL,1,91044-2,1000024820.jpg
1000024821,CAMPANA,0.51,91045-1,visible,CASCABEL,1,91045-1,1000024821.jpg
1000024822,CAMPANA,0.51,91045-2,visible,CASCABEL,1,91045-2,1000024822.jpg
1000024824,CAMPANA,0.51,91046-2,visible,CASCABEL,1,91046-2,1000024824.jpg
1000024830,CAMPANA,0.51,91049-2,visible,CASCABEL,1,91049-2,1000024830.jpg
1000024831,CAMPANA,0.51,91050-1,visible,CASCABEL,1,91050-1,1000024831.jpg
1000024832,CAMPANA,0.51,91050-2,visible,CASCABEL,1,91050-2,1000024832.jpg
1000024833,CAMPANA,0.51,91051-1,visible,CASCABEL,1,91051-1,1000024833.jpg
1000024834,CAMPANA,0.51,91051-2,visible,CASCABEL,1,91051-2,1000024834.jpg
1000024835,CAMPANA,0.51,91052-1,visible,CASCABEL,1,91052-1,1000024835.jpg
1000024836,CAMPANA,0.51,91052-2,visible,CASCABEL,1,91052-2,1000024836.jpg
1000024837,CAMPANA,0.51,91053-1,visible,CASCABEL,1,91053-1,1000024837.jpg
1000024838,CAMPANA,0.51,91053-2,visible,CASCABEL,1,91053-2,1000024838.jpg
1000040088,ALAMBRE DE ALUMINIO,0.0,,visible,ALAMBRE DE ALUMINIO,1,??_20240418145245,1000040088.jpg
1000034467,ALAMBRE DE ALUMINIO,0.47,8666661928996,visible,ALAMBRE DE ALUMINIO,1,92899-1,1000034467.jpg
1000034468,ALAMBRE DE ALUMINIO,0.47,8666661928996,visible,ALAMBRE DE ALUMINIO,1,92899-2,1000034468.jpg
1000034469,ALAMBRE DE ALUMINIO,0.47,8666661928996,visible,ALAMBRE DE ALUMINIO,1,92899-3,1000034469.jpg
1000034470,ALAMBRE DE ALUMINIO,0.47,8666661928996,visible,ALAMBRE DE ALUMINIO,1,92899-4,1000034470.jpg
1000034471,ALAMBRE DE ALUMINIO,0.47,8666661928996,visible,ALAMBRE DE ALUMINIO,1,92899-5,1000034471.jpg
1000034472,ALAMBRE DE ALUMINIO,0.47,8666661928996,visible,ALAMBRE DE ALUMINIO,1,92899-6,1000034472.jpg
1000034473,ALAMBRE DE ALUMINIO,0.47,8666661928996,visible,ALAMBRE DE ALUMINIO,1,92899-7,1000034473.jpg
1000034474,ALAMBRE DE ALUMINIO,0.49,8666661929009,visible,ALAMBRE DE ALUMINIO,1,92900-1,1000034474.jpg
1000034475,ALAMBRE DE ALUMINIO,0.49,8666661929009,visible,ALAMBRE DE ALUMINIO,1,92900-2,1000034475.jpg
1000034476,ALAMBRE DE ALUMINIO,0.49,8666661929009,visible,ALAMBRE DE ALUMINIO,1,92900-3,1000034476.jpg
1000034477,ALAMBRE DE ALUMINIO,0.49,8666661929009,visible,ALAMBRE DE ALUMINIO,1,92900-4,1000034477.jpg
1000034478,ALAMBRE DE ALUMINIO,0.49,8666661929009,visible,ALAMBRE DE ALUMINIO,1,92900-5,1000034478.jpg
1000034479,ALAMBRE DE ALUMINIO,0.49,8666661929009,visible,ALAMBRE DE ALUMINIO,1,92900-6,1000034479.jpg
1000034480,ALAMBRE DE ALUMINIO,0.49,8666661929009,visible,ALAMBRE DE ALUMINIO,1,92900-7,1000034480.jpg
1000046278,FLECO 8CM 6PC 90MICRAS,0.36,8666662103613,visible,ALAMBRE DE ALUMINIO,1,210361,1000046278.jpg
1000046279,FLECO 8CM 6PC 90MICRAS,0.36,8666662103620,visible,ALAMBRE DE ALUMINIO,1,210362,1000046279.jpg
1000046280,FLECO 8CM 6PC 90MICRAS,0.36,8666662103637,visible,ALAMBRE DE ALUMINIO,1,210363,1000046280.jpg
1000046281,FLECO 8CM 6PC 90MICRAS,0.36,8666662103644,visible,ALAMBRE DE ALUMINIO,1,210364,1000046281.jpg
1000046282,FLECO 8CM 6PC 90MICRAS,0.36,8666662103651,visible,ALAMBRE DE ALUMINIO,1,210365,1000046282.jpg
1000046283,FLECO 8CM 6PC 90MICRAS,0.36,8666662103668,visible,ALAMBRE DE ALUMINIO,1,210366,1000046283.jpg
1000046284,FLECO 8CM 6PC 90MICRAS,0.36,8666662103675,visible,ALAMBRE DE ALUMINIO,1,210367,1000046284.jpg
1000046285,FLECO 8CM 6PC 90MICRAS,0.36,8666662103682,visible,ALAMBRE DE ALUMINIO,1,210368,1000046285.jpg
1000046286,FLECO 8CM 6PC 90MICRAS,0.36,8666662103699,visible,ALAMBRE DE ALUMINIO,1,210369,1000046286.jpg
1000046287,FLECO 8CM 6PC 90MICRAS,0.36,8666662103705,visible,ALAMBRE DE ALUMINIO,1,210370,1000046287.jpg
1000046288,FLECO 8CM 6PC 90MICRAS,0.36,8666662103712,visible,ALAMBRE DE ALUMINIO,1,210371,1000046288.jpg
1000046289,FLECO 8CM 6PC 90MICRAS,0.36,8666662103729,visible,ALAMBRE DE ALUMINIO,1,210372,1000046289.jpg
1000024949,FLECOS PARA MANUALIDADES,0.51,866666191212,visible,ALAMBRE DE ALUMINIO,1,91212-1,1000024949.jpg
1000024950,FLECOS PARA MANUALIDADES,0.51,866666191212,visible,ALAMBRE DE ALUMINIO,1,91212-2,1000024950.jpg
1000025566,FLECOS PARA MANUALIDADES,0.51,866666191212,visible,ALAMBRE DE ALUMINIO,1,91212-4,1000025566.jpg
1000025567,FLECOS PARA MANUALIDADES,0.51,866666191212,visible,ALAMBRE DE ALUMINIO,1,91212-5,1000025567.jpg
1000025571,FLECOS PARA MANUALIDADES,0.51,866666191212,visible,ALAMBRE DE ALUMINIO,1,91212-9,1000025571.jpg
1000025564,FLECOS PARA MANUALIDADES,0.51,866666191212,visible,ALAMBRE DE ALUMINIO,1,91212-10,1000025564.jpg
1000025572,FLECOS PARA MANUALIDADES,0.51,866666191213,visible,ALAMBRE DE ALUMINIO,1,91213-1,1000025572.jpg
1000025575,FLECOS PARA MANUALIDADES,0.51,866666191213,visible,ALAMBRE DE ALUMINIO,1,91213-2,1000025575.jpg
1000025576,FLECOS PARA MANUALIDADES,0.51,866666191213,visible,ALAMBRE DE ALUMINIO,1,91213-3,1000025576.jpg
1000025581,FLECOS PARA MANUALIDADES,0.51,866666191213,visible,ALAMBRE DE ALUMINIO,1,91213-8,1000025581.jpg
1000025573,FLECOS PARA MANUALIDADES,0.51,866666191213,visible,ALAMBRE DE ALUMINIO,1,91213-10,1000025573.jpg
1000025594,FLECOS PARA MANUALIDADES,0.83,866666191214,visible,ALAMBRE DE ALUMINIO,1,91214-9,1000025594.jpg
1000025585,FLECOS PARA MANUALIDADES,0.83,866666191214,visible,ALAMBRE DE ALUMINIO,1,91214-10,1000025585.jpg
1000025598,FLECOS PARA MANUALIDADES,0.51,866666191215,visible,ALAMBRE DE ALUMINIO,1,91215-11,1000025598.jpg
1000041086,ANILLOS PARA TRENZAS PELO,0.43,8666662017415,visible,ALAMBRE DE ALUMINIO,1,201741,1000041086.jpg
1000041088,ANILLOS PARA TRENZAS PELO,0.43,8666662017439,visible,ALAMBRE DE ALUMINIO,1,201743,1000041088.jpg
1000041089,ANILLOS PARA TRENZAS PELO,0.43,8666662017446,visible,ALAMBRE DE ALUMINIO,1,201744-1,1000041089.jpg
1000041090,ANILLOS PARA TRENZAS PELO,0.43,8666662017453,visible,ALAMBRE DE ALUMINIO,1,201745,1000041090.jpg
1000041092,ANILLOS PARA TRENZAS PELO,0.43,8666662017477,visible,ALAMBRE DE ALUMINIO,1,201747,1000041092.jpg
1000041093,ANILLOS PARA TRENZAS PELO,0.43,8666662017484,visible,ALAMBRE DE ALUMINIO,1,201748,1000041093.jpg
1000041094,ANILLOS PARA TRENZAS PELO,0.43,8666662017491,visible,ALAMBRE DE ALUMINIO,1,201749,1000041094.jpg
1000041095,ANILLOS PARA TRENZAS PELO,0.43,8666662017507,visible,ALAMBRE DE ALUMINIO,1,201750,1000041095.jpg
1000041096,ANILLOS PARA TRENZAS PELO,0.43,8666662017514,visible,ALAMBRE DE ALUMINIO,1,201751-1,1000041096.jpg
1000041097,ANILLOS PARA TRENZAS PELO,0.43,8666662017521,visible,ALAMBRE DE ALUMINIO,1,201752,1000041097.jpg
1000041098,ANILLOS PARA TRENZAS PELO,0.43,8666662017538,visible,ALAMBRE DE ALUMINIO,1,201753,1000041098.jpg
1000041099,ANILLOS PARA TRENZAS PELO,0.43,8666662017545,visible,ALAMBRE DE ALUMINIO,1,201754,1000041099.jpg
1000038322,ANILLOS PARA TRENZAS PELO,0.43,202605-1,visible,ALAMBRE DE ALUMINIO,1,202605-1,1000038322.jpg
1000038323,ANILLOS PARA TRENZAS PELO,0.43,202605-2,visible,ALAMBRE DE ALUMINIO,1,202605-2,1000038323.jpg
1000038324,ANILLOS PARA TRENZAS PELO,0.43,202605-3,visible,ALAMBRE DE ALUMINIO,1,202605-3,1000038324.jpg
1000038325,ANILLOS PARA TRENZAS PELO,0.47,202606-1,visible,ALAMBRE DE ALUMINIO,1,202606-1,1000038325.jpg
1000038326,ANILLOS PARA TRENZAS PELO,0.47,202606-2,visible,ALAMBRE DE ALUMINIO,1,202606-2,1000038326.jpg
1000038327,ANILLOS PARA TRENZAS PELO,0.47,202606-3,visible,ALAMBRE DE ALUMINIO,1,202606-3,1000038327.jpg
1000038328,ANILLOS PARA TRENZAS PELO,0.51,202607-1,visible,ALAMBRE DE ALUMINIO,1,202607-1,1000038328.jpg
1000038329,ANILLOS PARA TRENZAS PELO,0.51,202607-2,visible,ALAMBRE DE ALUMINIO,1,202607-2,1000038329.jpg
1000038330,ANILLOS PARA TRENZAS PELO,0.51,202607-3,visible,ALAMBRE DE ALUMINIO,1,202607-3,1000038330.jpg
1000038331,ANILLOS PARA TRENZAS PELO,0.55,202608-1,visible,ALAMBRE DE ALUMINIO,1,202608-1,1000038331.jpg
1000038332,ANILLOS PARA TRENZAS PELO,0.55,202608-2,visible,ALAMBRE DE ALUMINIO,1,202608-2,1000038332.jpg
1000038333,ANILLOS PARA TRENZAS PELO,0.55,202608-3,visible,ALAMBRE DE ALUMINIO,1,202608-3,1000038333.jpg
1000038334,ANILLOS PARA TRENZAS PELO,0.51,202609,visible,ALAMBRE DE ALUMINIO,1,202609,1000038334.jpg
1000038336,ANILLOS PARA TRENZAS PELO,0.53,202611,visible,ALAMBRE DE ALUMINIO,1,202611,1000038336.jpg
1000038337,ANILLOS PARA TRENZAS PELO,0.47,866666202612,visible,ALAMBRE DE ALUMINIO,1,202612-1,1000038337.jpg
1000038338,ANILLOS PARA TRENZAS PELO,0.47,8666662026127,visible,ALAMBRE DE ALUMINIO,1,202612-2,1000038338.jpg
1000038339,ANILLOS PARA TRENZAS PELO,0.47,202612-3,visible,ALAMBRE DE ALUMINIO,1,202612-3,1000038339.jpg
1000038340,ANILLOS PARA TRENZAS PELO,0.57,8666662026134,visible,ALAMBRE DE ALUMINIO,1,202613-1,1000038340.jpg
1000038341,ANILLOS PARA TRENZAS PELO,0.57,8666662026134,visible,ALAMBRE DE ALUMINIO,1,202613-2,1000038341.jpg
1000038342,ANILLOS PARA TRENZAS PELO,0.57,202613-3,visible,ALAMBRE DE ALUMINIO,1,202613-3,1000038342.jpg
1000038343,ANILLOS PARA TRENZAS PELO,0.43,202614,visible,ALAMBRE DE ALUMINIO,1,202614,1000038343.jpg
1000038344,ANILLOS PARA TRENZAS PELO,0.51,202615,visible,ALAMBRE DE ALUMINIO,1,202615,1000038344.jpg
1000040094,FLOR LAZO,0.0,,visible,FLOR LAZO,1,??_20240418145314,1000040094.jpg
1000017689,PETALOS ARTIFICIALES,0.72,8666661045242,visible,FLOR LAZO,1,04524-2,1000017689.jpg
1000046509,04524-2 PETALOS ARTIFICIALES BLANCO,0.72,8666662030704,visible,FLOR LAZO,1,203070,1000046509.jpg
1000046510,04524-7 PETALOS ARTIFICIALES ROJO,0.72,8666662030711,visible,FLOR LAZO,1,203071,1000046510.jpg
1000031813,PETALOS ARTIFICIALES,0.72,866666104524,visible,FLOR LAZO,1,04524-10A,1000031813.jpg
1000017695,PETALOS ARTIFICIALES,0.72,8666661045242,visible,FLOR LAZO,1,04524-8,1000017695.jpg
1000017696,PETALOS ARTIFICIALES,0.72,8666661045242,visible,FLOR LAZO,1,04524-9,1000017696.jpg
1000017690,PETALOS ARTIFICIALES,0.72,8666661045242,visible,FLOR LAZO,1,04524-3,1000017690.jpg
1000017688,PETALOS ARTIFICIALES,0.72,8666661045242,visible,FLOR LAZO,1,04524-10,1000017688.jpg
1000024874,FLORES ARTIFICIALES,0.47,91095-1,visible,FLOR LAZO,1,91095-1,1000024874.jpg
1000024875,FLORES ARTIFICIALES,0.47,91095-2,visible,FLOR LAZO,1,91095-2,1000024875.jpg
1000024876,FLORES ARTIFICIALES,0.47,91095-3,visible,FLOR LAZO,1,91095-3,1000024876.jpg
1000016111,??????2CM 30PC,0.47,8666661201921,visible,FLOR LAZO,1,20192-2,1000016111.jpg
1000016115,??????3CM 15PC,0.47,8666661201938,visible,FLOR LAZO,1,20193-2,1000016115.jpg
1000016119,??????5CM 10PC,0.47,8666661201945,visible,FLOR LAZO,1,20194-2,1000016119.jpg
1000016120,??????5CM 10PC,0.47,8666661201945,visible,FLOR LAZO,1,20194-3,1000016120.jpg
1000006888,???????,0.47,8666661082537,visible,FLOR LAZO,1,08253,1000006888.jpg
1000006887,?????????,0.47,8666661082537,visible,FLOR LAZO,1,08253-1,1000006887.jpg
1000007412,???????,0.51,8666661082551,visible,FLOR LAZO,1,08255,1000007412.jpg
1000009226,5#???????,0.51,5609813315223,visible,FLOR LAZO,1,31522,1000009226.jpg
1000016600,??2CM???,0.51,8666661201846,visible,FLOR LAZO,1,20184-9,1000016600.jpg
1000016612,??3CM??6PC,0.51,8666661201853,visible,FLOR LAZO,1,20185-9,1000016612.jpg
1000016603,???3CM??6PC,0.51,8666661201853,visible,FLOR LAZO,1,20185-11,1000016603.jpg
1000016604,??3CM??6PC,0.51,8666661201853,visible,FLOR LAZO,1,20185-12,1000016604.jpg
1000016539,??4.5CM??4PC,0.51,8666661201860,visible,FLOR LAZO,1,20186-9,1000016539.jpg
1000016530,???4.5CM??4PC,0.51,8666661201860,visible,FLOR LAZO,1,20186-11,1000016530.jpg
1000016531,??4.5CM??4PC,0.51,8666661201860,visible,FLOR LAZO,1,20186-12,1000016531.jpg
1000016544,??2.5????6PC,0.51,8666661201877,visible,FLOR LAZO,1,20187-4,1000016544.jpg
1000016547,??2.5????6PC,0.51,8666661201877,visible,FLOR LAZO,1,20187-7,1000016547.jpg
1000016548,??2.5????6PC,0.51,8666661201877,visible,FLOR LAZO,1,20187-8,1000016548.jpg
1000016549,??2.5????6PC,0.51,8666661201877,visible,FLOR LAZO,1,20187-9,1000016549.jpg
1000016541,??2.5????6PC,0.51,8666661201877,visible,FLOR LAZO,1,20187-10,1000016541.jpg
1000016550,??4CM????4PC,0.51,8666661201884,visible,FLOR LAZO,1,20188-1,1000016550.jpg
1000016557,??4CM????4PC,0.51,8666661201884,visible,FLOR LAZO,1,20188-7,1000016557.jpg
1000016558,??4CM????4PC,0.51,8666661201884,visible,FLOR LAZO,1,20188-8,1000016558.jpg
1000016559,??4CM????4PC,0.51,8666661201884,visible,FLOR LAZO,1,20188-9,1000016559.jpg
1000016551,??4CM????4PC,0.51,8666661201884,visible,FLOR LAZO,1,20188-10,1000016551.jpg
1000016614,??????2PC,0.51,8666661201853,visible,FLOR LAZO,1,20189-2,1000016614.jpg
1000016617,FLOR DE TELA,0.51,8.666661202,visible,FLOR LAZO,1,20190-1,1000016617.jpg
1000016633,??15????,0.51,8666661201914,visible,FLOR LAZO,1,20191-2,1000016633.jpg
1000042337,ARTE FLORE YUTE,0.83,8666662053604,visible,FLOR LAZO,1,205360,1000042337.jpg
1000042338,ARTE FLORE YUTE,0.83,8666662053611,visible,FLOR LAZO,1,205361,1000042338.jpg
1000042339,ARTE FLORE YUTE,0.87,8666662053628,visible,FLOR LAZO,1,205362,1000042339.jpg
1000042340,ARTE FLORE YUTE,0.99,8666662053635,visible,FLOR LAZO,1,205363,1000042340.jpg
1000042341,ARTE FLORE YUTE,0.99,8666662053642,visible,FLOR LAZO,1,205364,1000042341.jpg
1000042342,ARTE FLORE YUTE,1.1,8666662053659,visible,FLOR LAZO,1,205365,1000042342.jpg
1000042348,FLECO DE YUTE,0.6,8666662053710,visible,FLOR LAZO,1,205371,1000042348.jpg
1000042349,FLECO DE YUTE,0.68,8666662053727,visible,FLOR LAZO,1,205372,1000042349.jpg
1000042350,FLECO DE YUTE,0.72,8666662053734,visible,FLOR LAZO,1,205373,1000042350.jpg
1000043666,ADORNO DECORACION,0.93,8666662101619,visible,FLOR LAZO,1,210161,1000043666.jpg
1000043667,ADORNO DECORACION,0.93,8666662101626,visible,FLOR LAZO,1,210162,1000043667.jpg
1000043668,ADORNO DECORACION,0.89,8666662101633,visible,FLOR LAZO,1,210163,1000043668.jpg
1000043669,ADORNO DECORACION,0.89,8666662101640,visible,FLOR LAZO,1,210164,1000043669.jpg
1000043670,ADORNO DECORACION,0.89,8666662101657,visible,FLOR LAZO,1,210165,1000043670.jpg
1000043671,ADORNO DECORACION,0.55,8666662101664,visible,FLOR LAZO,1,210166,1000043671.jpg
1000043672,ADORNO DECORACION,0.6,8666662101671,visible,FLOR LAZO,1,210167,1000043672.jpg
1000043673,ADORNO DECORACION,0.6,8666662101688,visible,FLOR LAZO,1,210168,1000043673.jpg
1000043674,ADORNO DECORACION,0.6,8666662101695,visible,FLOR LAZO,1,210169,1000043674.jpg
1000043675,ADORNO DECORACION,0.6,8666662101701,visible,FLOR LAZO,1,210170,1000043675.jpg
1000043676,ADORNO DECORACION,0.47,8666662101718,visible,FLOR LAZO,1,210171,1000043676.jpg
1000043677,ADORNO DECORACION,0.6,8666662101725,visible,FLOR LAZO,1,210172,1000043677.jpg
1000043678,ADORNO DECORACION,0.6,8666662101732,visible,FLOR LAZO,1,210173,1000043678.jpg
1000043679,ADORNO DECORACION,0.68,8666662101749,visible,FLOR LAZO,1,210174,1000043679.jpg
1000043680,ADORNO DECORACION,0.68,8666662101756,visible,FLOR LAZO,1,210175,1000043680.jpg
1000043681,ADORNO DECORACION,0.68,8666662101763,visible,FLOR LAZO,1,210176,1000043681.jpg
1000043763,ADORNO DE MANUALIDADES,0.97,8666662101770,visible,FLOR LAZO,1,210177,1000043763.jpg
1000043764,ADORNO DE MANUALIDADES,0.97,8666662101787,visible,FLOR LAZO,1,210178,1000043764.jpg
1000043770, ADORNO DE MANUALIDADES,0.51,8666662101848,visible,FLOR LAZO,1,210184,1000043770.jpg
1000043771, ADORNO DE MANUALIDADES,0.51,8666662101855,visible,FLOR LAZO,1,210185,1000043771.jpg
1000043772, ADORNO DE MANUALIDADES,0.51,8666662101862,visible,FLOR LAZO,1,210186,1000043772.jpg
1000043773, ADORNO DE MANUALIDADES,0.51,8666662101879,visible,FLOR LAZO,1,210187,1000043773.jpg
1000043774, ADORNO DE MANUALIDADES,0.51,8666662101886,visible,FLOR LAZO,1,210188,1000043774.jpg
1000043775,ADORNO DE MANUALIDADES,0.6,8666662101893,visible,FLOR LAZO,1,210189,1000043775.jpg
1000043776, ADORNO DE MANUALIDADES,0.68,8666662101909,visible,FLOR LAZO,1,210190,1000043776.jpg
1000043777,ADORNO DE MANUALIDADES,0.68,8666662101916,visible,FLOR LAZO,1,210191,1000043777.jpg
1000043778, ADORNO DE MANUALIDADES,0.51,8666662101923,visible,FLOR LAZO,1,210192,1000043778.jpg
1000043779, ADORNO DE MANUALIDADES,0.51,8666662101930,visible,FLOR LAZO,1,210193,1000043779.jpg
1000043780, ADORNO DE MANUALIDADES,0.51,8666662101947,visible,FLOR LAZO,1,210194,1000043780.jpg
1000043781, ADORNO DE MANUALIDADES,0.51,8666662101954,visible,FLOR LAZO,1,210195,1000043781.jpg
1000043782, ADORNO DE MANUALIDADES,0.51,8666662101978,visible,FLOR LAZO,1,210197,1000043782.jpg
1000043783, ADORNO DE MANUALIDADES,0.51,8666662101985,visible,FLOR LAZO,1,210198,1000043783.jpg
1000043784,ADORNO DE MANUALIDADES,0.6,8666662101992,visible,FLOR LAZO,1,210199,1000043784.jpg
1000043785,ADORNO DE MANUALIDADES,0.6,8666662102005,visible,FLOR LAZO,1,210200,1000043785.jpg
1000043786,ADORNO DE MANUALIDADES,0.6,8666662102012,visible,FLOR LAZO,1,210201,1000043786.jpg
1000043787,ADORNO DE MANUALIDADES,0.6,8666662102029,visible,FLOR LAZO,1,210202,1000043787.jpg
1000040097,Pompon,0.0,,visible,Pompon,1,??_20240418145328,1000040097.jpg
1000037395,BOLITA POMPOM,0.47,8666662040062,visible,Pompon,1,204006,1000037395.jpg
1000037396,BOLITA POMPOM,0.47,8666662040079,visible,Pompon,1,204007,1000037396.jpg
1000037397,BOLITA POMPOM,0.47,8666662040086,visible,Pompon,1,204008,1000037397.jpg
1000037398,BOLITA POMPOM,0.49,8666662040093,visible,Pompon,1,204009,1000037398.jpg
1000037399,BOLITA POMPOM,0.51,8666662040109,visible,Pompon,1,204010,1000037399.jpg
1000037400,BOLITA POMPOM,0.51,8666662040116,visible,Pompon,1,204011,1000037400.jpg
1000037407,BOLITA POMPOM,0.47,8666662040185,visible,Pompon,1,204018,1000037407.jpg
1000037409,BOLITA POMPOM,0.47,8666662040208,visible,Pompon,1,204020,1000037409.jpg
1000037410,BOLITA POMPOM,0.49,8666662040215,visible,Pompon,1,204021,1000037410.jpg
1000037411,BOLITA POMPOM,0.51,8666662040222,visible,Pompon,1,204022,1000037411.jpg
1000037412,BOLITA POMPOM,0.51,8666662040239,visible,Pompon,1,204023,1000037412.jpg
1000022396,POMPONES PARA MANUALIDADES,0.51,8666661010110,visible,Pompon,1,01011-1,1000022396.jpg
1000000292,POMPONES PARA MANUALIDADES,0.51,8666661010110,visible,Pompon,1,01011,1000000292.jpg
1000019993,BOLITA POMPOM COLORES,0.43,8666661300105,visible,Pompon,1,30010,1000019993.jpg
1000019994,BOLITA POMPOM COLORES,0.45,8666661300112,visible,Pompon,1,30011-1,1000019994.jpg
1000019996,BOLITA POMPOM COLORES,0.47,8666661300129,visible,Pompon,1,30012-1,1000019996.jpg
1000019997,BOLITA POMPOM COLORES,0.49,8666661300136,visible,Pompon,1,30013-1,1000019997.jpg
1000019998,BOLITA POMPOM COLORES,0.51,866666130014,visible,Pompon,1,30014-1,1000019998.jpg
1000019999,BOLITA POMPOM COLORES,0.51,8666661300150,visible,Pompon,1,30015-1,1000019999.jpg
1000020000,BOLITA POMPOM COLORES,0.43,866666120126,visible,Pompon,1,20126,1000020000.jpg
1000020007,BOLITA POMPOM,0.45,8666661201273,visible,Pompon,1,20127,1000020007.jpg
1000020008,BOLITA DE POMPOM,0.47,8666661201280,visible,Pompon,1,20128,1000020008.jpg
1000020009,BOLITA DE POMPOM,0.51,8666661201297,visible,Pompon,1,20129,1000020009.jpg
1000020010,BOLITA DE POMPOM,0.51,8666661201303,visible,Pompon,1,20130,1000020010.jpg
1000023011,BOLITA POMPOM,0.53,8412131300096,visible,Pompon,1,30009-A,1000023011.jpg
1000015417,BOLITA POMPOM,0.43,8666661201266,visible,Pompon,1,20126-1,1000015417.jpg
1000015432,BOLITA POMPOM,0.45,8666661201273,visible,Pompon,1,20127-1,1000015432.jpg
1000015447,BOLITA POMPOM,0.47,8666661201280,visible,Pompon,1,20128-1,1000015447.jpg
1000015462,BOLITA POMPOM,0.51,8666661201297,visible,Pompon,1,20129-1,1000015462.jpg
1000015477,BOLITA POMPOM,0.51,8666661201303,visible,Pompon,1,20130-1,1000015477.jpg
1000019995,BOLITA POMPOM,0.53,8666661300099,visible,Pompon,1,30009-1,1000019995.jpg
1000015423,BOLITA POMPOM,0.43,8666661201266,visible,Pompon,1,20126-2,1000015423.jpg
1000015438,BOLITA POMPOM,0.45,8666661201273,visible,Pompon,1,20127-2,1000015438.jpg
1000015453,BOLITA POMPOM,0.47,8666661201280,visible,Pompon,1,20128-2,1000015453.jpg
1000015468,BOLITA POMPOM,0.51,8666661201297,visible,Pompon,1,20129-2,1000015468.jpg
1000015483,BOLITA POMPOM,0.51,8666661201303,visible,Pompon,1,20130-2,1000015483.jpg
1000023003,BOLITA POMPOM,0.53,8666661300099,visible,Pompon,1,30009-2,1000023003.jpg
1000015424,BOLITA POMPOM,0.43,8666661201266,visible,Pompon,1,20126-3,1000015424.jpg
1000015439,BOLITA POMPOM,0.45,8666661201273,visible,Pompon,1,20127-3,1000015439.jpg
1000015454,BOLITA POMPOM,0.47,8666661201280,visible,Pompon,1,20128-3,1000015454.jpg
1000015469,BOLITA POMPOM,0.51,8666661201297,visible,Pompon,1,20129-3,1000015469.jpg
1000015484,BOLITA POMPOM,0.51,8666661201303,visible,Pompon,1,20130-3,1000015484.jpg
1000023004,BOLITA POMPOM,0.53,8666661300099,visible,Pompon,1,30009-3,1000023004.jpg
1000015425,BOLITA POMPOM,0.43,8666661201266,visible,Pompon,1,20126-4,1000015425.jpg
1000015440,BOLITA POMPOM,0.45,8666661201273,visible,Pompon,1,20127-4,1000015440.jpg
1000015455,BOLITA POMPOM,0.47,8666661201280,visible,Pompon,1,20128-4,1000015455.jpg
1000015470,BOLITA POMPOM,0.51,8666661201297,visible,Pompon,1,20129-4,1000015470.jpg
1000015485,BOLITA POMPOM,0.51,8666661201303,visible,Pompon,1,20130-4,1000015485.jpg
1000023005,BOLITA POMPOM,0.53,8666661300099,visible,Pompon,1,30009-4,1000023005.jpg
1000015441,BOLITA POMPOM,0.45,8666661201273,visible,Pompon,1,20127-5,1000015441.jpg
1000015456,BOLITA POMPOM,0.47,8666661201280,visible,Pompon,1,20128-5,1000015456.jpg
1000015471,BOLITA POMPOM,0.51,8666661201297,visible,Pompon,1,20129-5,1000015471.jpg
1000015486,BOLITA POMPOM,0.51,8666661201303,visible,Pompon,1,20130-5,1000015486.jpg
1000023006,BOLITA POMPOM,0.53,8666661300099,visible,Pompon,1,30009-5,1000023006.jpg
1000015426,BOLITA POMPOM,0.43,8666661201266,visible,Pompon,1,20126-5,1000015426.jpg
1000015427,BOLITA POMPOM,0.43,8666661201266,visible,Pompon,1,20126-6,1000015427.jpg
1000015442,BOLITA POMPOM,0.45,8666661201273,visible,Pompon,1,20127-6,1000015442.jpg
1000015457,BOLITA POMPOM,0.47,8666661201280,visible,Pompon,1,20128-6,1000015457.jpg
1000015472,BOLITA POMPOM,0.51,8666661201297,visible,Pompon,1,20129-6,1000015472.jpg
1000015487,BOLITA POMPOM,0.51,8666661201303,visible,Pompon,1,20130-6,1000015487.jpg
1000023007,BOLITA POMPOM,0.53,8666661300099,visible,Pompon,1,30009-6,1000023007.jpg
1000015443,BOLITA POMPOM,0.45,8666661201273,visible,Pompon,1,20127-7,1000015443.jpg
1000015458,BOLITA POMPOM,0.47,8666661201280,visible,Pompon,1,20128-7,1000015458.jpg
1000015473,BOLITA POMPOM,0.51,8666661201297,visible,Pompon,1,20129-7,1000015473.jpg
1000015488,BOLITA POMPOM,0.51,8666661201303,visible,Pompon,1,20130-7,1000015488.jpg
1000023008,BOLITA POMPOM,0.53,8666661300099,visible,Pompon,1,30009-7,1000023008.jpg
1000015428,BOLITA POMPOM,0.43,8666661201266,visible,Pompon,1,20126-7,1000015428.jpg
1000015429,BOLITA POMPOM,0.43,8666661201266,visible,Pompon,1,20126-8,1000015429.jpg
1000015444,BOLITA POMPOM,0.45,8666661201273,visible,Pompon,1,20127-8,1000015444.jpg
1000015459,BOLITA POMPOM,0.47,8666661201280,visible,Pompon,1,20128-8,1000015459.jpg
1000015474,BOLITA POMPOM,0.51,8666661201297,visible,Pompon,1,20129-8,1000015474.jpg
1000015489,BOLITA POMPOM,0.51,8666661201303,visible,Pompon,1,20130-8,1000015489.jpg
1000023009,BOLITA POMPOM,0.53,8666661300099,visible,Pompon,1,30009-8,1000023009.jpg
1000015430,BOLITA POMPOM,0.43,8666661201266,visible,Pompon,1,20126-9,1000015430.jpg
1000015445,BOLITA POMPOM,0.45,8666661201273,visible,Pompon,1,20127-9,1000015445.jpg
1000015460,BOLITA POMPOM,0.47,8666661201280,visible,Pompon,1,20128-9,1000015460.jpg
1000015475,BOLITA POMPOM,0.51,8666661201297,visible,Pompon,1,20129-9,1000015475.jpg
1000015490,BOLITA POMPOM,0.51,8666661201303,visible,Pompon,1,20130-9,1000015490.jpg
1000023010,BOLITA POMPOM,0.53,8666661300099,visible,Pompon,1,30009-9,1000023010.jpg
1000015418,BOLITA POMPOM,0.36,8666661201266,visible,Pompon,1,20126-10,1000015418.jpg
1000015433,BOLITA POMPOM,0.45,8666661201273,visible,Pompon,1,20127-10,1000015433.jpg
1000015448,BOLITA POMPOM,0.47,8666661201280,visible,Pompon,1,20128-10,1000015448.jpg
1000015463,BOLITA POMPOM,0.51,8666661201297,visible,Pompon,1,20129-10,1000015463.jpg
1000015478,BOLITA POMPOM,0.51,8666661201303,visible,Pompon,1,20130-10,1000015478.jpg
1000022995,BOLITA POMPOM,0.53,8666661300099,visible,Pompon,1,30009-10,1000022995.jpg
1000015419,BOLITA POMPOM,0.43,8666661201266,visible,Pompon,1,20126-11,1000015419.jpg
1000015434,BOLITA POMPOM,0.45,8666661201273,visible,Pompon,1,20127-11,1000015434.jpg
1000015449,BOLITA POMPOM,0.47,8666661201280,visible,Pompon,1,20128-11,1000015449.jpg
1000015464,BOLITA POMPOM,0.51,8666661201297,visible,Pompon,1,20129-11,1000015464.jpg
1000015479,BOLITA POMPOM,0.51,8666661201303,visible,Pompon,1,20130-11,1000015479.jpg
1000022996,BOLITA POMPOM,0.53,8666661300099,visible,Pompon,1,30009-11,1000022996.jpg
1000015420,BOLITA POMPOM,0.43,8666661201266,visible,Pompon,1,20126-12,1000015420.jpg
1000015435,BOLITA POMPOM,0.45,8666661201273,visible,Pompon,1,20127-12,1000015435.jpg
1000015450,BOLITA POMPOM,0.47,8666661201280,visible,Pompon,1,20128-12,1000015450.jpg
1000015465,BOLITA POMPOM,0.51,8666661201297,visible,Pompon,1,20129-12,1000015465.jpg
1000015480,BOLITA POMPOM,0.51,8666661201303,visible,Pompon,1,20130-12,1000015480.jpg
1000022997,BOLITA POMPOM,0.53,8666661300099,visible,Pompon,1,30009-12,1000022997.jpg
1000015421,BOLITA POMPOM,0.43,8666661201266,visible,Pompon,1,20126-13,1000015421.jpg
1000015436,BOLITA POMPOM,0.45,8666661201273,visible,Pompon,1,20127-13,1000015436.jpg
1000015451,BOLITA POMPOM,0.47,8666661201280,visible,Pompon,1,20128-13,1000015451.jpg
1000015466,BOLITA POMPOM,0.51,8666661201297,visible,Pompon,1,20129-13,1000015466.jpg
1000015481,BOLITA POMPOM,0.51,8666661201303,visible,Pompon,1,20130-13,1000015481.jpg
1000022998,BOLITA POMPOM,0.53,8666661300099,visible,Pompon,1,30009-13,1000022998.jpg
1000015422,BOLITA POMPOM,0.43,8666661201266,visible,Pompon,1,20126-14,1000015422.jpg
1000015437,BOLITA POMPOM,0.45,8666661201273,visible,Pompon,1,20127-14,1000015437.jpg
1000015452,BOLITA POMPOM,0.47,8666661201280,visible,Pompon,1,20128-14,1000015452.jpg
1000015467,BOLITA POMPOM,0.51,8666661201297,visible,Pompon,1,20129-14,1000015467.jpg
1000015482,BOLITA POMPOM,0.51,8666661201303,visible,Pompon,1,20130-14,1000015482.jpg
1000022999,BOLITA POMPOM,0.53,8666661300099,visible,Pompon,1,30009-14,1000022999.jpg
1000022830,BOLITA POMPOM,0.43,8666661201266,visible,Pompon,1,20126-15,1000022830.jpg
1000022833,BOLITA POMPOM,0.45,8666661201273,visible,Pompon,1,20127-15,1000022833.jpg
1000022836,BOLITA POMPOM,0.47,8666661201280,visible,Pompon,1,20128-15,1000022836.jpg
1000022839,BOLITA POMPOM,0.51,8666661201297,visible,Pompon,1,20129-15,1000022839.jpg
1000022842,BOLITA POMPOM,0.51,8666661201303,visible,Pompon,1,20130-15,1000022842.jpg
1000023000,BOLITA POMPOM,0.53,8666661300099,visible,Pompon,1,30009-15,1000023000.jpg
1000022834,BOLITA POMPOM,0.45,8666661201273,visible,Pompon,1,20127-16,1000022834.jpg
1000022837,BOLITA POMPOM,0.47,8666661201280,visible,Pompon,1,20128-16,1000022837.jpg
1000022840,BOLITA POMPOM,0.51,8666661201297,visible,Pompon,1,20129-16,1000022840.jpg
1000022843,BOLITA POMPOM,0.51,8666661201303,visible,Pompon,1,20130-16,1000022843.jpg
1000023001,BOLITA POMPOM,0.53,8666661300099,visible,Pompon,1,30009-16,1000023001.jpg
1000022831,BOLITA POMPOM,0.43,8666661201266,visible,Pompon,1,20126-16,1000022831.jpg
1000022832,BOLITA POMPOM,0.43,8666661201266,visible,Pompon,1,20126-17,1000022832.jpg
1000022835,BOLITA POMPOM,0.45,8666661201273,visible,Pompon,1,20127-17,1000022835.jpg
1000022838,BOLITA POMPOM,0.47,8666661201280,visible,Pompon,1,20128-17,1000022838.jpg
1000022841,BOLITA POMPOM,0.51,8666661201297,visible,Pompon,1,20129-17,1000022841.jpg
1000022844,BOLITA POMPOM,0.51,8666661201303,visible,Pompon,1,20130-17,1000022844.jpg
1000023002,BOLITA POMPOM,0.53,8666661300099,visible,Pompon,1,30009-17,1000023002.jpg
1000040296,BOLITA POMPOM,0.43,866666120126,visible,Pompon,1,20126-17A,1000040296.jpg
1000040297,BOLITA POMPOM,0.45,866666120127,visible,Pompon,1,20127-17A,1000040297.jpg
1000040298,BOLITA POMPOM,0.47,866666120128,visible,Pompon,1,20128-17A,1000040298.jpg
1000040299,BOLITA POMPOM,0.51,866666120129,visible,Pompon,1,20129-17A,1000040299.jpg
1000040300,BOLITA POMPOM,0.51,866666120130,visible,Pompon,1,20130-17A,1000040300.jpg
1000040301,BOLITA POMPOM,0.53,866666130009,visible,Pompon,1,30009-17A,1000040301.jpg
1000042224,CINTA DE POMP?N,0.51,8666662017811,visible,Pompon,1,201781,1000042224.jpg
1000042225,CINTA DE POMP?N,0.51,8666662017828,visible,Pompon,1,201782,1000042225.jpg
1000042226,CINTA DE POMP?N,0.51,8666662017842,visible,Pompon,1,201784,1000042226.jpg
1000042605,CINTA DE POMP?N PARA MANUALIDADES,0.51,8666662017859,visible,Pompon,1,201785,1000042605.jpg
1000042227,CINTA DE POMP?N,0.51,8666662017866,visible,Pompon,1,201786,1000042227.jpg
1000042228,CINTA DE POMP?N,0.51,8666662017873,visible,Pompon,1,201787,1000042228.jpg
1000042229,CINTA DE POMP?N,0.51,8666662017880,visible,Pompon,1,201788,1000042229.jpg
1000042606,CINTA DE POMP?N PARA MANUALIDADES,0.51,8666662017897,visible,Pompon,1,201789,1000042606.jpg
1000042607,CINTA DE POMP?N PARA MANUALIDADES,0.51,8666662017903,visible,Pompon,1,201790,1000042607.jpg
1000042230,CINTA DE POMP?N,0.6,8666662017910,visible,Pompon,1,201791,1000042230.jpg
1000042608,CINTA DE POMP?N PARA MANUALIDADES,0.6,8666662017927,visible,Pompon,1,201792,1000042608.jpg
1000042231,CINTA DE POMP?N,0.6,8666662017934,visible,Pompon,1,201793,1000042231.jpg
1000042609,CINTA DE POMP?N PARA MANUALIDADES,0.6,8666662017941,visible,Pompon,1,201794,1000042609.jpg
1000042232,CINTA DE POMP?N,0.6,8666662017958,visible,Pompon,1,201795,1000042232.jpg
1000042233,CINTA DE POMP?,0.6,8666662017965,visible,Pompon,1,201796,1000042233.jpg
1000042988,CINTA DE POMP?,0.6,866666201797,visible,Pompon,1,201797,1000042988.jpg
1000041828,DIAMANTE 5D PARA PINTURA,0.34,8666662005313,visible,Pompon,1,200531,1000041828.jpg
1000041829,DIAMANTE 5D PARA PINTURA,0.34,8666662005320,visible,Pompon,1,200532,1000041829.jpg
1000041830,DIAMANTE 5D PARA PINTURA,0.34,8666662005337,visible,Pompon,1,200533,1000041830.jpg
1000041831,DIAMANTE 5D PARA PINTURA,0.34,8666662005344,visible,Pompon,1,200534,1000041831.jpg
1000041832,DIAMANTE 5D PARA PINTURA,0.34,8666662005351,visible,Pompon,1,200535,1000041832.jpg
1000041833,DIAMANTE 5D PARA PINTURA,0.34,8666662005368,visible,Pompon,1,200536,1000041833.jpg
1000041834,DIAMANTE 5D PARA PINTURA,0.34,8666662005375,visible,Pompon,1,200537,1000041834.jpg
1000041835,DIAMANTE 5D PARA PINTURA,0.34,8666662005382,visible,Pompon,1,200538,1000041835.jpg
1000041836,DIAMANTE 5D PARA PINTURA,0.34,8666662005399,visible,Pompon,1,200539,1000041836.jpg
1000041837,DIAMANTE 5D PARA PINTURA,0.34,8666662005405,visible,Pompon,1,200540,1000041837.jpg
1000041838,DIAMANTE 5D PARA PINTURA,0.34,8666662005412,visible,Pompon,1,200541,1000041838.jpg
1000041839,DIAMANTE 5D PARA PINTURA,0.34,8666662005429,visible,Pompon,1,200542,1000041839.jpg
1000041840,DIAMANTE 5D PARA PINTURA,0.34,8666662005436,visible,Pompon,1,200543,1000041840.jpg
1000041841,DIAMANTE 5D PARA PINTURA,0.34,8666662005443,visible,Pompon,1,200544,1000041841.jpg
1000041842,DIAMANTE 5D PARA PINTURA,0.34,8666662005450,visible,Pompon,1,200545,1000041842.jpg
1000041843,DIAMANTE 5D PARA PINTURA,0.34,8666662005467,visible,Pompon,1,200546,1000041843.jpg
1000041844,DIAMANTE 5D PARA PINTURA,0.34,8666662005474,visible,Pompon,1,200547,1000041844.jpg
1000041845,DIAMANTE 5D PARA PINTURA,0.34,8666662005481,visible,Pompon,1,200548,1000041845.jpg
1000041846,DIAMANTE 5D PARA PINTURA,0.34,8666662005498,visible,Pompon,1,200549,1000041846.jpg
1000041847,DIAMANTE 5D PARA PINTURA,0.34,8666662005504,visible,Pompon,1,200550,1000041847.jpg
1000041848,DIAMANTE 5D PARA PINTURA,0.34,8666662005511,visible,Pompon,1,200551,1000041848.jpg
1000041849,DIAMANTE 5D PARA PINTURA,0.34,8666662005528,visible,Pompon,1,200552,1000041849.jpg
1000041850,DIAMANTE 5D PARA PINTURA,0.34,8666662005535,visible,Pompon,1,200553,1000041850.jpg
1000041851,DIAMANTE 5D PARA PINTURA,0.34,8666662005542,visible,Pompon,1,200554,1000041851.jpg
1000041852,DIAMANTE 5D PARA PINTURA,0.34,8666662005559,visible,Pompon,1,200555,1000041852.jpg
1000041853,DIAMANTE 5D PARA PINTURA,0.34,8666662005566,visible,Pompon,1,200556,1000041853.jpg
1000041854,DIAMANTE 5D PARA PINTURA,0.34,8666662005573,visible,Pompon,1,200557,1000041854.jpg
1000041855,DIAMANTE 5D PARA PINTURA,0.34,8666662005580,visible,Pompon,1,200558,1000041855.jpg
1000041856,DIAMANTE 5D PARA PINTURA,0.34,8666662005597,visible,Pompon,1,200559,1000041856.jpg
1000041857,GEL PINTURA 5D,0.39,8666662005603,visible,Pompon,1,200560,1000041857.jpg
1000041858,ACCESORIO PINTURA 5D,0.47,8666662005610,visible,Pompon,1,200561,1000041858.jpg
1000041859,ACCESORIO PINTURA 5D,0.47,8666662005627,visible,Pompon,1,200562,1000041859.jpg
1000043191,KIT PINTURA DIAMANTES 5D,2.46,866666206032,visible,Pompon,1,206032,1000043191.jpg
1000043193,LIENZO PARA PINTURA 5D,1.04,866666206034,visible,Pompon,1,206034,1000043193.jpg
1000043194,LIENZO PARA PINTURA 5D,1.2,866666206035,visible,Pompon,1,206035,1000043194.jpg
1000043195,LIENZO PARA PINTURA 5D,1.83,866666206036,visible,Pompon,1,206036,1000043195.jpg
1000043196,LIENZO PARA PINTURA 5D,2.46,866666206037,visible,Pompon,1,206037,1000043196.jpg
1000046512,"PIPE CLEANER LIMPIA PIPAS 20PC 0,6*30CM",0.51,8666662043285,visible,Pompon,1,204328,1000046512.jpg
1000046513,"PIPE CLEANER LIMPIA PIPAS 20PC 0,6*30CM",0.51,8666662043292,visible,Pompon,1,204329,1000046513.jpg
1000046514,"PIPE CLEANER LIMPIA PIPAS 20PC 0,6*30CM",0.51,8666662043308,visible,Pompon,1,204330,1000046514.jpg
1000046515,"PIPE CLEANER LIMPIA PIPAS 20PC 0,6*30CM",0.51,8666662043315,visible,Pompon,1,204331,1000046515.jpg
1000046516,"PIPE CLEANER LIMPIA PIPAS 20PC 0,6*30CM",0.51,8666662043322,visible,Pompon,1,204332,1000046516.jpg
1000046517,"PIPE CLEANER LIMPIA PIPAS 20PC 0,6*30CM",0.51,8666662043339,visible,Pompon,1,204333,1000046517.jpg
1000046518,"PIPE CLEANER LIMPIA PIPAS 20PC 0,6*30CM",0.51,8666662043346,visible,Pompon,1,204334,1000046518.jpg
1000046519,"PIPE CLEANER LIMPIA PIPAS 20PC 0,6*30CM",0.51,8666662043353,visible,Pompon,1,204335,1000046519.jpg
1000046520,"PIPE CLEANER LIMPIA PIPAS 20PC 0,6*30CM",0.51,8666662043360,visible,Pompon,1,204336,1000046520.jpg
1000046521,"PIPE CLEANER LIMPIA PIPAS 20PC 0,6*30CM",0.51,8666662043377,visible,Pompon,1,204337,1000046521.jpg
1000046522,"PIPE CLEANER LIMPIA PIPAS 0,6*30CM",0.51,8666662043384,visible,Pompon,1,204338,1000046522.jpg
1000046523,"PIPE CLEANER LIMPIA PIPAS 0,6*30CM",0.51,8666662043391,visible,Pompon,1,204339,1000046523.jpg
1000046524,"PIPE CLEANER LIMPIA PIPAS 0,6*30CM",0.51,8666662043407,visible,Pompon,1,204340,1000046524.jpg
1000046525,"PIPE CLEANER LIMPIA PIPAS 20PC 0,6*30CM",0.51,8666662043414,visible,Pompon,1,204341,1000046525.jpg
1000046526,"PIPE CLEANER LIMPIA PIPAS 0,6*30CM",0.51,8666662043421,visible,Pompon,1,204342,1000046526.jpg
1000046527,"PIPE CLEANER LIMPIA PIPAS 20PC 0,6*30CM",0.51,8666662043438,visible,Pompon,1,204343,1000046527.jpg
1000046528,"PIPE CLEANER LIMPIA PIPAS 0,6*30CM",0.51,8666662043445,visible,Pompon,1,204344,1000046528.jpg
1000046529,"PIPE CLEANER LIMPIA PIPAS 0,6*30CM",0.51,8666662043452,visible,Pompon,1,204345,1000046529.jpg
1000046530,"PIPE CLEANER LIMPIA PIPAS 20PC 0,6*30CM",0.51,8666662043469,visible,Pompon,1,204346,1000046530.jpg
1000046531,"PIPE CLEANER LIMPIA PIPAS 20PC 0,6*30CM",0.51,8666662043476,visible,Pompon,1,204347,1000046531.jpg
1000046532,"PIPE CLEANER LIMPIA PIPAS 0,6*30CM",0.51,8666662043483,visible,Pompon,1,204348,1000046532.jpg
1000046533,"PIPE CLEANER LIMPIA PIPAS 20PC 0,6*30CM",0.51,8666662043490,visible,Pompon,1,204349,1000046533.jpg
1000046534,"PIPE CLEANER LIMPIA PIPAS 20PC 0,6*30CM",0.51,8666662043506,visible,Pompon,1,204350,1000046534.jpg
1000046535,"PIPE CLEANER LIMPIA PIPAS 20PC 0,6*30CM",0.51,8666662043513,visible,Pompon,1,204351,1000046535.jpg
1000046536,"PIPE CLEANER LIMPIA PIPAS 0,6*30CM",0.51,8666662043520,visible,Pompon,1,204352,1000046536.jpg
1000046537,"PIPE CLEANER LIMPIA PIPAS 20PC 0,6*30CM",0.51,8666662043537,visible,Pompon,1,204353,1000046537.jpg
1000046538,"PIPE CLEANER LIMPIA PIPAS 20PC 0,6*30CM",0.51,8666662043544,visible,Pompon,1,204354,1000046538.jpg
1000046539,"PIPE CLEANER LIMPIA PIPAS 20PC 0,6*30CM",0.51,8666662043551,visible,Pompon,1,204355,1000046539.jpg
1000046540,"PIPE CLEANER LIMPIA PIPAS 20PC 0,6*30CM",0.51,8666662043568,visible,Pompon,1,204356,1000046540.jpg
1000046541,"PIPE CLEANER LIMPIA PIPAS 20PC 0,6*30CM",0.51,8666662043575,visible,Pompon,1,204357,1000046541.jpg
1000046542,"PIPE CLEANER LIMPIA PIPAS 20PC 0,6*30CM",0.51,8666662043582,visible,Pompon,1,204358,1000046542.jpg
1000046543,"PIPE CLEANER LIMPIA PIPAS 20PC 0,6*30CM",0.51,8666662043599,visible,Pompon,1,204359,1000046543.jpg
1000046544,"PIPE CLEANER LIMPIA PIPAS 20PC 0,6*30CM",0.51,8666662043605,visible,Pompon,1,204360,1000046544.jpg
1000046545,"PIPE CLEANER LIMPIA PIPAS 20PC 0,6*30CM",0.51,8666662043612,visible,Pompon,1,204361,1000046545.jpg
1000046926,"PIPE CLEANER LIMPIA PIPAS 10PC 1,2*30CM",0.51,8666662043629,visible,Pompon,1,204362,1000046926.jpg
1000046927,"PIPE CLEANER LIMPIA PIPAS 10PC 1,2*30CM",0.51,8666662043636,visible,Pompon,1,204363,1000046927.jpg
1000046928,"PIPE CLEANER LIMPIA PIPAS 10PC 1,2*30CM",0.51,8666662043643,visible,Pompon,1,204364,1000046928.jpg
1000046929,"PIPE CLEANER LIMPIA PIPAS 10PC 1,2*30CM",0.51,8666662043650,visible,Pompon,1,204365,1000046929.jpg
1000046930,"PIPE CLEANER LIMPIA PIPAS 10PC 1,2*30CM",0.51,8666662043667,visible,Pompon,1,204366,1000046930.jpg
1000046931,"PIPE CLEANER LIMPIA PIPAS 10PC 1,2*30CM",0.51,8666662043674,visible,Pompon,1,204367,1000046931.jpg
1000046932,"PIPE CLEANER LIMPIA PIPAS 10PC 1,2*30CM",0.51,8666662043681,visible,Pompon,1,204368,1000046932.jpg
1000046933,"PIPE CLEANER LIMPIA PIPAS 10PC 1,2*30CM",0.51,8666662043698,visible,Pompon,1,204369,1000046933.jpg
1000046934,"PIPE CLEANER LIMPIA PIPAS 10PC 1,2*30CM",0.51,8666662043704,visible,Pompon,1,204370,1000046934.jpg
1000046935,"PIPE CLEANER LIMPIA PIPAS 10PC 1,2*30CM",0.51,8666662043711,visible,Pompon,1,204371,1000046935.jpg
1000046936,"PIPE CLEANER LIMPIA PIPAS 10PC 1,2*30CM",0.51,8666662043728,visible,Pompon,1,204372,1000046936.jpg
1000046937,"PIPE CLEANER LIMPIA PIPAS 10PC 1,2*30CM",0.51,8666662043735,visible,Pompon,1,204373,1000046937.jpg
1000046938,"PIPE CLEANER LIMPIA PIPAS 10PC 1,2*30CM",0.51,8666662043742,visible,Pompon,1,204374,1000046938.jpg
1000046939,"PIPE CLEANER LIMPIA PIPAS 10PC 1,2*30CM",0.51,8666662043759,visible,Pompon,1,204375,1000046939.jpg
1000046940,"PIPE CLEANER LIMPIA PIPAS 10PC 1,2*30CM",0.51,8666662043766,visible,Pompon,1,204376,1000046940.jpg
1000046941,"PIPE CLEANER LIMPIA PIPAS 8PC 1,2*30CM",0.51,8666662043773,visible,Pompon,1,204377,1000046941.jpg
1000046942,"PIPE CLEANER LIMPIA PIPAS 8PC 1,2*30CM",0.51,8666662043780,visible,Pompon,1,204378,1000046942.jpg
1000046943,"PIPE CLEANER LIMPIA PIPAS 8PC 1,2*30CM",0.51,8666662043797,visible,Pompon,1,204379,1000046943.jpg
1000046944,"PIPE CLEANER LIMPIA PIPAS 8PC 1,2*30CM",0.51,8666662043803,visible,Pompon,1,204380,1000046944.jpg
1000046945,"PIPE CLEANER LIMPIA PIPAS 8PC 1,2*30CM",0.51,8666662043810,visible,Pompon,1,204381,1000046945.jpg
1000046946,"PIPE CLEANER LIMPIA PIPAS 8PC 1,2*30CM",0.51,8666662043827,visible,Pompon,1,204382,1000046946.jpg
1000046947,"PIPE CLEANER LIMPIA PIPAS 8PC 1,2*30CM",0.51,8666662043834,visible,Pompon,1,204383-1,1000046947.jpg
1000046948,"PIPE CLEANER LIMPIA PIPAS 8PC 1,2*30CM",0.51,8666662043841,visible,Pompon,1,204384,1000046948.jpg
1000040092,PEGATINA DE DIAMANTE,0.0,,visible,PEGATINA DE DIAMANTE,1,??_20240418145307,1000040092.jpg
1000041578,PEGATINA,0.41,8666662055660,visible,PEGATINA DE DIAMANTE,1,205566,1000041578.jpg
1000041581,PEGATINA,0.41,8666662055691,visible,PEGATINA DE DIAMANTE,1,205569,1000041581.jpg
1000045406, PEGATINA DIAMANTE PARA PELO,0.47,8666662062798,visible,PEGATINA DE DIAMANTE,1,206279,1000045406.jpg
1000045407, PEGATINA DIAMANTE PARA PELO,0.47,8666662062804,visible,PEGATINA DE DIAMANTE,1,206280,1000045407.jpg
1000045408, PEGATINA DIAMANTE PARA PELO,0.47,8666662062811,visible,PEGATINA DE DIAMANTE,1,206281,1000045408.jpg
1000045409, PEGATINA DIAMANTE PARA PELO,0.47,8666662062828,visible,PEGATINA DE DIAMANTE,1,206282,1000045409.jpg
1000045411, PEGATINA DIAMANTE PARA PELO,0.47,8666662062842,visible,PEGATINA DE DIAMANTE,1,206284,1000045411.jpg
1000043183,PEGATINA BRILLANTE,0.45,866666206024,visible,PEGATINA DE DIAMANTE,1,206024,1000043183.jpg
1000043184,PEGATINA BRILLANTE,0.45,866666206025,visible,PEGATINA DE DIAMANTE,1,206025,1000043184.jpg
1000043185,PEGATINA BRILLANTE,0.45,866666206026,visible,PEGATINA DE DIAMANTE,1,206026,1000043185.jpg
1000043186,PEGATINA BRILLANTE,0.45,866666206027,visible,PEGATINA DE DIAMANTE,1,206027,1000043186.jpg
1000043187,PEGATINA BRILLANTE,0.6,866666206028,visible,PEGATINA DE DIAMANTE,1,206028,1000043187.jpg
1000043188,PEGATINA BRILLANTE,0.6,866666206029,visible,PEGATINA DE DIAMANTE,1,206029,1000043188.jpg
1000043189,PEGATINA BRILLANTE,0.6,866666206030,visible,PEGATINA DE DIAMANTE,1,206030,1000043189.jpg
1000004383,PEGATINA DE DIAMANTE COLORES,0.51,8666661061558,visible,PEGATINA DE DIAMANTE,1,06155,1000004383.jpg
1000004388,PEGATINA DE DIAMANTE COLORES,0.51,8666661061541,visible,PEGATINA DE DIAMANTE,1,06154,1000004388.jpg
1000004378,PEGATINA DE DIAMANTE COLORES,0.51,8666661061534,visible,PEGATINA DE DIAMANTE,1,06153,1000004378.jpg
1000004411,PEGATINA DE DIAMANTE COLORES,0.51,8666661061565,visible,PEGATINA DE DIAMANTE,1,06156,1000004411.jpg
1000006970,PEGATINA DE DIAMANTE COLORES,0.51,8666661085019,visible,PEGATINA DE DIAMANTE,1,08501,1000006970.jpg
1000004397,PEGATINA DE DIAMANTE PLATA,0.51,8666661061558,visible,PEGATINA DE DIAMANTE,1,06155-1,1000004397.jpg
1000004389,PEGATINA DE DIAMANTE PLATA,0.51,8666661061541,visible,PEGATINA DE DIAMANTE,1,06154-1,1000004389.jpg
1000004379,PEGATINA DE DIAMANTE PLATA,0.51,8666661061534,visible,PEGATINA DE DIAMANTE,1,06153-1,1000004379.jpg
1000006966,PEGATINA DE DIAMANTE PLATA,0.51,8666661061565,visible,PEGATINA DE DIAMANTE,1,06156-1,1000006966.jpg
1000006971,PEGATINA DE DIAMANTE PLATA,0.51,8666661085019,visible,PEGATINA DE DIAMANTE,1,08501-1,1000006971.jpg
1000004398,PEGATINA DE DIAMANTE ROJO,0.51,8666661061558,visible,PEGATINA DE DIAMANTE,1,06155-2,1000004398.jpg
1000004390,PEGATINA DE DIAMANTE ROJO,0.51,8666661061541,visible,PEGATINA DE DIAMANTE,1,06154-2,1000004390.jpg
1000004380,PEGATINA DE DIAMANTE ROJO,0.51,8666661061534,visible,PEGATINA DE DIAMANTE,1,06153-2,1000004380.jpg
1000004410,PEGATINA DE DIAMANTE ROJO,0.51,8666661061565,visible,PEGATINA DE DIAMANTE,1,06156-2,1000004410.jpg
1000006972,PEGATINA DE DIAMANTE ROJO,0.51,8666661085019,visible,PEGATINA DE DIAMANTE,1,08501-2,1000006972.jpg
1000004399,PEGATINA DE DIAMANTE AZUL CLARO,0.51,8666661061558,visible,PEGATINA DE DIAMANTE,1,06155-3,1000004399.jpg
1000004391,PEGATINA DE DIAMANTE AZUL CLARO,0.51,8666661061541,visible,PEGATINA DE DIAMANTE,1,06154-3,1000004391.jpg
1000004381,PEGATINA DE DIAMANTE AZUL CLARO,0.51,8666661061534,visible,PEGATINA DE DIAMANTE,1,06153-3,1000004381.jpg
1000004412,PEGATINA DE DIAMANTE AZUL CLARO,0.51,8666661061565,visible,PEGATINA DE DIAMANTE,1,06156-3,1000004412.jpg
1000006973,PEGATINA DE DIAMANTE AZUL CLARO,0.51,8666661085019,visible,PEGATINA DE DIAMANTE,1,08501-3,1000006973.jpg
1000006961,PEGATINA DE DIAMANTE  ROSA,0.51,8666661061558,visible,PEGATINA DE DIAMANTE,1,06155-4,1000006961.jpg
1000004392,PEGATINA DE DIAMANTE  ROSA,0.51,8666661061541,visible,PEGATINA DE DIAMANTE,1,06154-4,1000004392.jpg
1000004382,PEGATINA DE DIAMANTE  ROSA,0.51,8666661061534,visible,PEGATINA DE DIAMANTE,1,06153-4,1000004382.jpg
1000004413,PEGATINA DE DIAMANTE  ROSA,0.51,8666661061565,visible,PEGATINA DE DIAMANTE,1,06156-4,1000004413.jpg
1000006974,PEGATINA DE DIAMANTE  ROSA,0.51,8666661085019,visible,PEGATINA DE DIAMANTE,1,08501-4,1000006974.jpg
1000004400,PEGATINA DE DIAMANTE  AZUL MARINO,0.51,8666661061558,visible,PEGATINA DE DIAMANTE,1,06155-5,1000004400.jpg
1000004387,PEGATINA DE DIAMANTE  AZUL MARINO,0.51,8666661061541,visible,PEGATINA DE DIAMANTE,1,06154-5,1000004387.jpg
1000004384,PEGATINA DE DIAMANTE  AZUL MARINO,0.51,8666661061534,visible,PEGATINA DE DIAMANTE,1,06153-5,1000004384.jpg
1000004409,PEGATINA DE DIAMANTE  AZUL MARINO,0.51,8666661061565,visible,PEGATINA DE DIAMANTE,1,06156-5,1000004409.jpg
1000006975,PEGATINA DE DIAMANTE  AZUL MARINO,0.51,8666661085019,visible,PEGATINA DE DIAMANTE,1,08501-5,1000006975.jpg
1000004401,PEGATINA DE DIAMANTE FUSCIA,0.51,8666661061558,visible,PEGATINA DE DIAMANTE,1,06155-6,1000004401.jpg
1000004386,PEGATINA DE DIAMANTE FUSCIA,0.51,8666661061541,visible,PEGATINA DE DIAMANTE,1,06154-6,1000004386.jpg
1000004396,PEGATINA DE DIAMANTE FUSCIA,0.51,8666661061534,visible,PEGATINA DE DIAMANTE,1,06153-6,1000004396.jpg
1000004408,PEGATINA DE DIAMANTE FUSCIA,0.51,8666661061565,visible,PEGATINA DE DIAMANTE,1,06156-6,1000004408.jpg
1000006976,PEGATINA DE DIAMANTE FUSCIA,0.51,8666661085019,visible,PEGATINA DE DIAMANTE,1,08501-6,1000006976.jpg
1000004402,PEGATINA DE DIAMANTE VERDE CLARO,0.51,8666661061558,visible,PEGATINA DE DIAMANTE,1,06155-7,1000004402.jpg
1000004393,PEGATINA DE DIAMANTE VERDE CLARO,0.51,8666661061541,visible,PEGATINA DE DIAMANTE,1,06154-7,1000004393.jpg
1000004417,PEGATINA DE DIAMANTE VERDE CLARO,0.51,8666661061534,visible,PEGATINA DE DIAMANTE,1,06153-7,1000004417.jpg
1000004407,PEGATINA DE DIAMANTE VERDE CLARO,0.51,8666661061565,visible,PEGATINA DE DIAMANTE,1,06156-7,1000004407.jpg
1000006977,PEGATINA DE DIAMANTE VERDE CLARO,0.51,8666661085019,visible,PEGATINA DE DIAMANTE,1,08501-7,1000006977.jpg
1000004403,PEGATINA DE DIAMANTE ORO CLARO,0.51,8666661061558,visible,PEGATINA DE DIAMANTE,1,06155-8,1000004403.jpg
1000004394,PEGATINA DE DIAMANTE ORO CLARO,0.51,8666661061541,visible,PEGATINA DE DIAMANTE,1,06154-8,1000004394.jpg
1000004416,PEGATINA DE DIAMANTE ORO CLARO,0.51,8666661061534,visible,PEGATINA DE DIAMANTE,1,06153-8,1000004416.jpg
1000004406,PEGATINA DE DIAMANTE ORO CLARO,0.51,8666661061565,visible,PEGATINA DE DIAMANTE,1,06156-8,1000004406.jpg
1000006978,PEGATINA DE DIAMANTE ORO CLARO,0.51,8666661085019,visible,PEGATINA DE DIAMANTE,1,08501-8,1000006978.jpg
1000004404,PEGATINA DE DIAMANTE ORO,0.51,8666661061558,visible,PEGATINA DE DIAMANTE,1,06155-9,1000004404.jpg
1000004395,PEGATINA DE DIAMANTE ORO,0.51,8666661061541,visible,PEGATINA DE DIAMANTE,1,06154-9,1000004395.jpg
1000004415,PEGATINA DE DIAMANTE ORO,0.51,8666661061534,visible,PEGATINA DE DIAMANTE,1,06153-9,1000004415.jpg
1000006967,PEGATINA DE DIAMANTE ORO,0.51,8666661061565,visible,PEGATINA DE DIAMANTE,1,06156-9,1000006967.jpg
1000006979,PEGATINA DE DIAMANTE ORO,0.51,8666661085019,visible,PEGATINA DE DIAMANTE,1,08501-9,1000006979.jpg
1000004405,PEGATINA DE DIAMANTE MARADO CLARO,0.51,8666661061558,visible,PEGATINA DE DIAMANTE,1,06155-10,1000004405.jpg
1000004385,PEGATINA DE DIAMANTE MARADO CLARO,0.51,8666661061541,visible,PEGATINA DE DIAMANTE,1,06154-10,1000004385.jpg
1000004414,PEGATINA DE DIAMANTE MARADO CLARO,0.51,8666661061534,visible,PEGATINA DE DIAMANTE,1,06153-10,1000004414.jpg
1000006968,PEGATINA DE DIAMANTE MARADO CLARO,0.51,8666661061565,visible,PEGATINA DE DIAMANTE,1,06156-10,1000006968.jpg
1000006980,PEGATINA DE DIAMANTE MARADO CLARO,0.51,8666661085019,visible,PEGATINA DE DIAMANTE,1,08501-10,1000006980.jpg
1000006962,PEGATINA DE DIAMANTE MORADO,0.51,8666661061558,visible,PEGATINA DE DIAMANTE,1,06155-11,1000006962.jpg
1000006960,PEGATINA DE DIAMANTE MORADO,0.51,8666661061541,visible,PEGATINA DE DIAMANTE,1,06154-11,1000006960.jpg
1000019990,PEGATINA DE DIAMANTE MORADO,0.51,8666661061534,visible,PEGATINA DE DIAMANTE,1,06153-11,1000019990.jpg
1000006969,PEGATINA DE DIAMANTE MORADO,0.51,8666661061565,visible,PEGATINA DE DIAMANTE,1,06156-11,1000006969.jpg
1000006981,PEGATINA DE DIAMANTE MORADO,0.51,8666661085019,visible,PEGATINA DE DIAMANTE,1,08501-11,1000006981.jpg
1000031598,PEGATINA DE DIAMANTE NEGRO,0.51,8666661061558,visible,PEGATINA DE DIAMANTE,1,06155-12,1000031598.jpg
1000031599,PEGATINA DE DIAMANTE NEGRO,0.51,8666661061541,visible,PEGATINA DE DIAMANTE,1,06154-12,1000031599.jpg
1000028092,PEGATINA DE DIAMANTE NEGRO,0.51,8666661061534,visible,PEGATINA DE DIAMANTE,1,06153-12,1000028092.jpg
1000031601,PEGATINA DE DIAMANTE NEGRO,0.51,8666661061565,visible,PEGATINA DE DIAMANTE,1,06156-12,1000031601.jpg
1000031602,PEGATINA DE DIAMANTE NEGRO,0.51,8666661085019,visible,PEGATINA DE DIAMANTE,1,08501-12,1000031602.jpg
1000031969,PEGATINA DE DIAMANTE VERDE OSCURO,0.51,8666661061558,visible,PEGATINA DE DIAMANTE,1,06155-13,1000031969.jpg
1000031807,PEGATINA DE DIAMANTE VERDE OSCURO,0.51,8666661061541,visible,PEGATINA DE DIAMANTE,1,06154-13,1000031807.jpg
1000031600,PEGATINA DE DIAMANTE VERDE OSCURO,0.51,8666661061534,visible,PEGATINA DE DIAMANTE,1,06153-13,1000031600.jpg
1000036468,PEGATINA DE DIAMANTE VERDE OSCURO,0.51,8666661061565,visible,PEGATINA DE DIAMANTE,1,06156-13,1000036468.jpg
1000031603,PEGATINA DE DIAMANTE VERDE OSCURO,0.51,8666661085019,visible,PEGATINA DE DIAMANTE,1,08501-13,1000031603.jpg
1000029826,PEGATINA DE DIAMANTE,0.51,866666191741,visible,PEGATINA DE DIAMANTE,1,91741-1,1000029826.jpg
1000029828,PEGATINA DE DIAMANTE,0.51,866666191741,visible,PEGATINA DE DIAMANTE,1,91741-3,1000029828.jpg
1000029827,PEGATINA DE DIAMANTE,0.51,866666191741,visible,PEGATINA DE DIAMANTE,1,91741-2,1000029827.jpg
1000029829,PEGATINA DE DIAMANTE,0.51,866666191741,visible,PEGATINA DE DIAMANTE,1,91741-4,1000029829.jpg
1000029830,PEGATINA DE DIAMANTE,0.51,866666191741,visible,PEGATINA DE DIAMANTE,1,91741-5,1000029830.jpg
1000029831,PEGATINA DE DIAMANTE,0.51,866666191741,visible,PEGATINA DE DIAMANTE,1,91741-6,1000029831.jpg
1000029832,PEGATINA DE DIAMANTE,0.51,866666191741,visible,PEGATINA DE DIAMANTE,1,91741-7,1000029832.jpg
1000029833,PEGATINA DE DIAMANTE,0.51,866666191742,visible,PEGATINA DE DIAMANTE,1,91742-1,1000029833.jpg
1000029834,PEGATINA DE DIAMANTE,0.51,866666191742,visible,PEGATINA DE DIAMANTE,1,91742-2,1000029834.jpg
1000029835,PEGATINA DE DIAMANTE,0.51,866666191742,visible,PEGATINA DE DIAMANTE,1,91742-3,1000029835.jpg
1000029836,PEGATINA DE DIAMANTE,0.51,866666191742,visible,PEGATINA DE DIAMANTE,1,91742-4,1000029836.jpg
1000029837,PEGATINA DE DIAMANTE,0.51,866666191742,visible,PEGATINA DE DIAMANTE,1,91742-5,1000029837.jpg
1000029838,PEGATINA DE DIAMANTE,0.51,866666191742,visible,PEGATINA DE DIAMANTE,1,91742-6,1000029838.jpg
1000029839,PEGATINA DE DIAMANTE,0.51,866666191742,visible,PEGATINA DE DIAMANTE,1,91742-7,1000029839.jpg
1000029840,PEGATINA DE DIAMANTE,0.51,866666191743,visible,PEGATINA DE DIAMANTE,1,91743-1,1000029840.jpg
1000029841,PEGATINA DE DIAMANTE,0.51,866666191743,visible,PEGATINA DE DIAMANTE,1,91743-2,1000029841.jpg
1000029842,PEGATINA DE DIAMANTE,0.51,866666191743,visible,PEGATINA DE DIAMANTE,1,91743-3,1000029842.jpg
1000029843,PEGATINA DE DIAMANTE,0.51,866666191743,visible,PEGATINA DE DIAMANTE,1,91743-4,1000029843.jpg
1000029844,PEGATINA DE DIAMANTE,0.51,866666191743,visible,PEGATINA DE DIAMANTE,1,91743-5,1000029844.jpg
1000029845,PEGATINA DE DIAMANTE,0.51,866666191744,visible,PEGATINA DE DIAMANTE,1,91744-1,1000029845.jpg
1000029846,PEGATINA DE DIAMANTE,0.51,866666191744,visible,PEGATINA DE DIAMANTE,1,91744-2,1000029846.jpg
1000029847,PEGATINA DE DIAMANTE,0.51,866666191744,visible,PEGATINA DE DIAMANTE,1,91744-3,1000029847.jpg
1000029848,PEGATINA DE DIAMANTE,0.51,866666191744,visible,PEGATINA DE DIAMANTE,1,91744-4,1000029848.jpg
1000029849,PEGATINA DE DIAMANTE,0.51,866666191744,visible,PEGATINA DE DIAMANTE,1,91744-5,1000029849.jpg
1000029852,PEGATINA DE DIAMANTE,0.51,866666191745,visible,PEGATINA DE DIAMANTE,1,91745-3,1000029852.jpg
1000029854,PEGATINA DE DIAMANTE,0.51,866666191745,visible,PEGATINA DE DIAMANTE,1,91745-5,1000029854.jpg
1000029855,PEGATINA DE DIAMANTE,0.51,866666191745,visible,PEGATINA DE DIAMANTE,1,91745-6,1000029855.jpg
1000024767,PEGATINA DE DIAMANTE,0.51,8666661909872,visible,PEGATINA DE DIAMANTE,1,90987-2,1000024767.jpg
1000024770,PEGATINA DE CORAZON ROJO,0.68,8666661909971,visible,PEGATINA DE DIAMANTE,1,90997-3,1000024770.jpg
1000024769,PEGATINA DE CORAZON COLOR SURTIDO,0.68,8666661909971,visible,PEGATINA DE DIAMANTE,1,90997-2,1000024769.jpg
1000024768,PEGATINA DE CORAZON PLATA,0.68,8666661909971,visible,PEGATINA DE DIAMANTE,1,90997-1,1000024768.jpg
1000024552,PEGATINA DE DIAMANTE,0.45,90998-1,visible,PEGATINA DE DIAMANTE,1,90998-1,1000024552.jpg
1000024553,PEGATINA DE DIAMANTE,0.45,90998-2,visible,PEGATINA DE DIAMANTE,1,90998-2,1000024553.jpg
1000024554,PEGATINA DE DIAMANTE,0.45,90998-3,visible,PEGATINA DE DIAMANTE,1,90998-3,1000024554.jpg
1000024555,PEGATINA DE DIAMANTE,0.45,90999-1,visible,PEGATINA DE DIAMANTE,1,90999-1,1000024555.jpg
1000024556,PEGATINA DE DIAMANTE,0.45,90999-2,visible,PEGATINA DE DIAMANTE,1,90999-2,1000024556.jpg
1000024557,PEGATINA DE DIAMANTE,0.45,90999-3,visible,PEGATINA DE DIAMANTE,1,90999-3,1000024557.jpg
1000024561,PEGATINA DE DIAMANTE,0.45,91001-1,visible,PEGATINA DE DIAMANTE,1,91001-1,1000024561.jpg
1000024562,PEGATINA DE DIAMANTE,0.45,91001-2,visible,PEGATINA DE DIAMANTE,1,91001-2,1000024562.jpg
1000024563,PEGATINA DE DIAMANTE,0.45,91001-3,visible,PEGATINA DE DIAMANTE,1,91001-3,1000024563.jpg
1000024558,PEGATINA DE DIAMANTE,0.45,91000-1,visible,PEGATINA DE DIAMANTE,1,91000-1,1000024558.jpg
1000024559,PEGATINA DE DIAMANTE,0.45,91000-2,visible,PEGATINA DE DIAMANTE,1,91000-2,1000024559.jpg
1000024560,PEGATINA DE DIAMANTE,0.45,91000-3,visible,PEGATINA DE DIAMANTE,1,91000-3,1000024560.jpg
1000024549,PEGATINA DE DIAMANTE,0.51,86666661909940,visible,PEGATINA DE DIAMANTE,1,90994-3,1000024549.jpg
1000024546,PEGATINA DE DIAMANTE,0.51,8666661909933,visible,PEGATINA DE DIAMANTE,1,90993-2,1000024546.jpg
1000024570,PEGATINA DE DIAMANTE,0.51,8666661909933,visible,PEGATINA DE DIAMANTE,1,90993,1000024570.jpg
1000024534,PEGATINA DE DIAMANTE,0.51,90986-1,visible,PEGATINA DE DIAMANTE,1,90986-1,1000024534.jpg
1000024535,PEGATINA DE DIAMANTE,0.51,90986-2,visible,PEGATINA DE DIAMANTE,1,90986-2,1000024535.jpg
1000024536,PEGATINA DE DIAMANTE,0.51,90986-3,visible,PEGATINA DE DIAMANTE,1,90986-3,1000024536.jpg
1000024537,PEGATINA DE DIAMANTE,0.51,8666661909889,visible,PEGATINA DE DIAMANTE,1,90988-1,1000024537.jpg
1000024543,PEGATINA DE DIAMANTE,0.51,90991,visible,PEGATINA DE DIAMANTE,1,90991,1000024543.jpg
1000024539,PEGATINA DE DIAMANTE,0.51,90989-1,visible,PEGATINA DE DIAMANTE,1,90989-1,1000024539.jpg
1000024540,PEGATINA DE DIAMANTE,0.51,90989-2,visible,PEGATINA DE DIAMANTE,1,90989-2,1000024540.jpg
1000024541,PEGATINA DE DIAMANTE,0.51,90990-1,visible,PEGATINA DE DIAMANTE,1,90990-1,1000024541.jpg
1000024542,PEGATINA DE DIAMANTE,0.51,90990-2,visible,PEGATINA DE DIAMANTE,1,90990-2,1000024542.jpg
1000015330,PEGATINAS,0.6,5609813325734,visible,PEGATINA DE DIAMANTE,1,32573,1000015330.jpg
1000015332,PEGATINAS,0.51,5609813325758,visible,PEGATINA DE DIAMANTE,1,32575,1000015332.jpg
1000015328,PEGATINAS,0.51,5609813325710,visible,PEGATINA DE DIAMANTE,1,32571,1000015328.jpg
1000040095,PLUMA,0.0,,visible,PLUMA,1,??_20240418145318,1000040095.jpg
1000041389,PLUMA PARA MANUALIDADES,0.6,8666662051372,visible,PLUMA,1,205137,1000041389.jpg
1000041388,PLUMA PARA MANUALIDADES,0.47,8666662051365,visible,PLUMA,1,205136,1000041388.jpg
1000041390,PLUMA PARA MANUALIDADES,0.57,8666662051389,visible,PLUMA,1,205138,1000041390.jpg
1000041387,PLUMA PARA MANUALIDADES,0.66,8666662051358,visible,PLUMA,1,205135,1000041387.jpg
1000021582,PLUMA PARA FIESTA,0.51,8666661901814,visible,PLUMA,1,90181-1,1000021582.jpg
1000021588,PLUMA PARA FIESTA,0.51,8666661901814,visible,PLUMA,1,90181-4,1000021588.jpg
1000021589,PLUMA PARA FIESTA,0.51,8666661901814,visible,PLUMA,1,90181-5,1000021589.jpg
1000021457,PLUMA,0.47,8666661901791,visible,PLUMA,1,90179-1,1000021457.jpg
1000021461,PLUMA,0.47,8666661901791,visible,PLUMA,1,90179-2,1000021461.jpg
1000021462,PLUMA,0.47,8666661901791,visible,PLUMA,1,90179-3,1000021462.jpg
1000021463,PLUMA,0.47,8666661901791,visible,PLUMA,1,90179-4,1000021463.jpg
1000021464,PLUMA,0.47,8666661901791,visible,PLUMA,1,90179-5,1000021464.jpg
1000021465,PLUMA,0.47,8666661901791,visible,PLUMA,1,90179-6,1000021465.jpg
1000021466,PLUMA,0.47,8666661901791,visible,PLUMA,1,90179-7,1000021466.jpg
1000021467,PLUMA,0.47,8666661901791,visible,PLUMA,1,90179-8,1000021467.jpg
1000021468,PLUMA,0.47,8666661901791,visible,PLUMA,1,90179-9,1000021468.jpg
1000021458,PLUMA,0.47,8666661901791,visible,PLUMA,1,90179-10,1000021458.jpg
1000021459,PLUMA,0.47,8666661901791,visible,PLUMA,1,90179-11,1000021459.jpg
1000021460,PLUMA,0.47,8666661901791,visible,PLUMA,1,90179-12,1000021460.jpg
1000021469,PLUMA,0.57,8666661901807,visible,PLUMA,1,90180-1,1000021469.jpg
1000021473,PLUMA,0.57,8666661901807,visible,PLUMA,1,90180-2,1000021473.jpg
1000021474,PLUMA,0.57,8666661901807,visible,PLUMA,1,90180-3,1000021474.jpg
1000021475,PLUMA,0.57,8666661901807,visible,PLUMA,1,90180-4,1000021475.jpg
1000021476,PLUMA,0.57,8666661901807,visible,PLUMA,1,90180-5,1000021476.jpg
1000021477,PLUMA,0.57,8666661901807,visible,PLUMA,1,90180-6,1000021477.jpg
1000021478,PLUMA,0.57,8666661901807,visible,PLUMA,1,90180-7,1000021478.jpg
1000021479,PLUMA,0.57,8666661901807,visible,PLUMA,1,90180-8,1000021479.jpg
1000021480,PLUMA,0.57,8666661901807,visible,PLUMA,1,90180-9,1000021480.jpg
1000021470,PLUMA,0.57,8666661901807,visible,PLUMA,1,90180-10,1000021470.jpg
1000021471,PLUMA,0.57,8666661901807,visible,PLUMA,1,90180-11,1000021471.jpg
1000021472,PLUMA,0.57,8666661901807,visible,PLUMA,1,90180-12,1000021472.jpg
1000009380,PLUMA,0.57,8666661085781,visible,PLUMA,1,08578,1000009380.jpg
1000009381,PLUMA NEGRA,0.57,8666661085781,visible,PLUMA,1,08578-1,1000009381.jpg
1000009382,PLUMA AMALILLA,0.57,8666661085781,visible,PLUMA,1,08578-2,1000009382.jpg
1000009383,PLUMA AZUL,0.57,8666661085781,visible,PLUMA,1,08578-3,1000009383.jpg
1000009384,PLUMA VERDE,0.57,8666661085781,visible,PLUMA,1,08578-4,1000009384.jpg
1000009385,PLUMA NARANJA,0.57,8666661085781,visible,PLUMA,1,08578-5,1000009385.jpg
1000009386,PLUMA ROJO,0.57,8666661085781,visible,PLUMA,1,08578-6,1000009386.jpg
1000009387,PLUMA ROSA,0.57,8666661085781,visible,PLUMA,1,08578-7,1000009387.jpg
1000009388,PLUMA BLANCA,0.57,8666661085781,visible,PLUMA,1,08578-8,1000009388.jpg
1000009389,PLUMA ROSA,0.57,8666661085781,visible,PLUMA,1,08578-9,1000009389.jpg
1000009390,PLUMA VERDE,0.57,8666661085781,visible,PLUMA,1,08578-10,1000009390.jpg
1000009391,,0.57,8666661085781,visible,PLUMA,1,08578-11,1000009391.jpg
1000009393,PLUMA ROSA,0.57,8666661085798,visible,PLUMA,1,08579-1,1000009393.jpg
1000009394,PLUMA,0.57,8666661085798,visible,PLUMA,1,08579-2,1000009394.jpg
1000009395,PLUMA NEGRA,0.57,8666661085798,visible,PLUMA,1,08579-3,1000009395.jpg
1000009397,PLUMA ROSA,0.57,8666661085798,visible,PLUMA,1,08579-5,1000009397.jpg
1000009398,PLUMA ROJO,0.57,8666661085798,visible,PLUMA,1,08579-6,1000009398.jpg
1000009399,PLUMA NARANJA,0.57,8666661085798,visible,PLUMA,1,08579-8,1000009399.jpg
1000009400,PLUMA AZUL,0.57,8666661085798,visible,PLUMA,1,08579-9,1000009400.jpg
1000009401,PLUMA VERDE,0.57,8666661085798,visible,PLUMA,1,08579-10,1000009401.jpg
1000009402,PLUMA AMARILLO,0.57,8666661085798,visible,PLUMA,1,08579-11,1000009402.jpg
1000009403,PLUMA VERDE,0.57,8666661085798,visible,PLUMA,1,08579-12,1000009403.jpg
1000009392,PLUMA AZUL,0.57,8666661085798,visible,PLUMA,1,08579,1000009392.jpg
1000009405,PLUMA LILA,0.61,8666661085804,visible,PLUMA,1,08580-1,1000009405.jpg
1000009406,PLUMA VERDE,0.61,8666661085804,visible,PLUMA,1,08580-2,1000009406.jpg
1000009407,PLUMA ROSA,0.61,8666661085804,visible,PLUMA,1,08580-3,1000009407.jpg
1000009408,PLUMA NARANJA,0.61,8666661085804,visible,PLUMA,1,08580-4,1000009408.jpg
1000009409,PLUMA NEGRA,0.61,8666661085804,visible,PLUMA,1,08580-5,1000009409.jpg
1000009410,PLUMA ROJA,0.61,8666661085804,visible,PLUMA,1,08580-6,1000009410.jpg
1000009411,PLUMA VERDE,0.61,8666661085804,visible,PLUMA,1,08580-7,1000009411.jpg
1000009412,PLUMA AMARILLA,0.61,8666661085804,visible,PLUMA,1,08580-8,1000009412.jpg
1000009413,PLUMA AZUL,0.61,8666661085804,visible,PLUMA,1,08580-9,1000009413.jpg
1000009414,PLUMA ROSA,0.61,8666661085804,visible,PLUMA,1,08580-10,1000009414.jpg
1000009415,PLUMA AZUL,0.61,8666661085804,visible,PLUMA,1,08580-11,1000009415.jpg
1000009404,PLUMA BLANCA,0.61,8666661085804,visible,PLUMA,1,08580,1000009404.jpg
1000046075,PLUMA PARA FIESTA,0.78,8666661901784,visible,PLUMA,1,90178-1-,1000046075.jpg
1000046079,PLUMA PARA FIESTA,0.78,8666661901784,visible,PLUMA,1,90178-2-,1000046079.jpg
1000046080,PLUMA PARA FIESTA,0.78,8666661901784,visible,PLUMA,1,90178-3-,1000046080.jpg
1000046081,PLUMA PARA FIESTA,0.78,8666661901784,visible,PLUMA,1,90178-4-,1000046081.jpg
1000046082,PLUMA PARA FIESTA,0.78,8666661901784,visible,PLUMA,1,90178-5-,1000046082.jpg
1000046083,PLUMA PARA FIESTA,0.78,8666661901784,visible,PLUMA,1,90178-6-,1000046083.jpg
1000046084,PLUMA PARA FIESTA,0.78,8666661901784,visible,PLUMA,1,90178-7-,1000046084.jpg
1000046085,PLUMA PARA FIESTA,0.78,8666661901784,visible,PLUMA,1,90178-8-,1000046085.jpg
1000046086,PLUMA PARA FIESTA,0.78,8666661901784,visible,PLUMA,1,90178-9-,1000046086.jpg
1000046076,PLUMA PARA FIESTA,0.78,8666661901784,visible,PLUMA,1,90178-10-,1000046076.jpg
1000046077,PLUMA PARA FIESTA,0.78,8666661901784,visible,PLUMA,1,90178-11-,1000046077.jpg
1000046078,PLUMA PARA FIESTA,0.78,8666661901784,visible,PLUMA,1,90178-12-,1000046078.jpg
1000021570,PLUMA PARA FIESTA,0.78,8666661901784,visible,PLUMA,1,90178-1,1000021570.jpg
1000021575,PLUMA PARA FIESTA,0.78,8666661901784,visible,PLUMA,1,90178-3,1000021575.jpg
1000021576,PLUMA PARA FIESTA,0.78,8666661901784,visible,PLUMA,1,90178-4,1000021576.jpg
1000021578,PLUMA PARA FIESTA,0.78,8666661901784,visible,PLUMA,1,90178-6,1000021578.jpg
1000021581,PLUMA PARA FIESTA,0.78,8666661901784,visible,PLUMA,1,90178-9,1000021581.jpg
1000021571,PLUMA PARA FIESTA,0.78,8666661901784,visible,PLUMA,1,90178-10,1000021571.jpg
1000021572,PLUMA PARA FIESTA,0.78,8666661901784,visible,PLUMA,1,90178-11,1000021572.jpg
1000040119,BOTELLA,0.0,,visible,BOTELLA,1,1231615615,1000040119.jpg
1000032744,CAJA  MULTIUSOS  REDONDA  3 UNIDADES  COLORES,0.89,8666661926176,visible,BOTELLA,1,92617,1000032744.jpg
1000032745,CAJA  MULTIUSOS  RECTANGULAR  3 UNIDADES  COLORES,0.89,8666661926183,visible,BOTELLA,1,92618,1000032745.jpg
1000012533,CAJA MULTIUSOS,0.83,8666661104949,visible,BOTELLA,1,10494,1000012533.jpg
1000012534,CAJA MULTIUSOS,0.83,8666661104956,visible,BOTELLA,1,10495,1000012534.jpg
1000042234,CAJA ORGANIZADORA,0.51,8666662018511,visible,BOTELLA,1,201851,1000042234.jpg
1000042235,CAJA ORGANIZADORA,0.51,8666662018528,visible,BOTELLA,1,201852,1000042235.jpg
1000042236,CAJA ORGANIZADORA,0.57,8666662018535,visible,BOTELLA,1,201853,1000042236.jpg
1000042237,CAJA ORGANIZADORA,0.51,8666662018542,visible,BOTELLA,1,201854,1000042237.jpg
1000042238,CAJA ORGANIZADORA,0.66,8666662018559,visible,BOTELLA,1,201855,1000042238.jpg
1000042239,CAJA ORGANIZADORA,0.66,8666662018566,visible,BOTELLA,1,201856,1000042239.jpg
1000042240,CAJA ORGANIZADORA,0.45,8666662018573,visible,BOTELLA,1,201857,1000042240.jpg
1000042630,CAJA ORGANIZADORA,0.53,8666662018580,visible,BOTELLA,1,201858,1000042630.jpg
1000042241,CAJA ORGANIZADORA,0.68,8666662018597,visible,BOTELLA,1,201859,1000042241.jpg
1000041249,TARROS CON ESPATULA,0.43,8666662017613,visible,BOTELLA,1,201761,1000041249.jpg
1000041250,TARROS CON ESPATULA,0.47,8666662017620,visible,BOTELLA,1,201762,1000041250.jpg
1000041251,TARROS CON ESPATULA,0.58,8666662017637,visible,BOTELLA,1,201763,1000041251.jpg
1000041252,TARROS CON ESPATULA,0.47,8666662017644,visible,BOTELLA,1,201764,1000041252.jpg
1000041253,TARROS CON ESPATULA,0.53,8666662017651,visible,BOTELLA,1,201765,1000041253.jpg
1000041254,TARROS CON ESPATULA,0.6,8666662017668,visible,BOTELLA,1,201766,1000041254.jpg
1000026507,CAJA DE ORGANIZADORA,0.61,866666201546,visible,BOTELLA,1,201546,1000026507.jpg
1000039173,CAJA DE ORGANIZADORA,0.76,866666201547,visible,BOTELLA,1,201547,1000039173.jpg
1000039025,80G BOTE MULTIUSOS,0.61,866666201440,visible,BOTELLA,1,201440,1000039025.jpg
1000039026,100G BOTE MULTIUSOS,0.68,866666201441,visible,BOTELLA,1,201441,1000039026.jpg
1000039027,150G BOTE MULTIUSOS,0.72,866666201442,visible,BOTELLA,1,201442,1000039027.jpg
1000039028,BOTE MULTIUSOS 4.5*4cm,0.51,866666201443,visible,BOTELLA,1,201443,1000039028.jpg
1000039029,BOTE MULTIUSOS 4.5*5cm,0.55,866666201444,visible,BOTELLA,1,201444,1000039029.jpg
1000039030,BOTE MULTIUSOS 29326,0.59,866666201445,visible,BOTELLA,1,201445,1000039030.jpg
1000039031,BOTE MULTIUSOS 29327,0.61,866666201446,visible,BOTELLA,1,201446,1000039031.jpg
1000039032,BOTE MULTIUSOS 5.5*5cm,0.66,866666201447,visible,BOTELLA,1,201447,1000039032.jpg
1000039033,BOTE MULTIUSOS 29329,0.68,866666201448,visible,BOTELLA,1,201448,1000039033.jpg
1000039034,BOTE MULTIUSOS 29330,0.78,866666201449,visible,BOTELLA,1,201449,1000039034.jpg
1000039035,BOTE MULTIUSOS 7*6cm,0.85,866666201450,visible,BOTELLA,1,201450,1000039035.jpg
1000039036,BOTE MULTIUSOS 29332,0.89,866666201451,visible,BOTELLA,1,201451,1000039036.jpg
1000034349,BOTELLA DE VIDRIO,0.51,8666661927784,visible,BOTELLA,1,92778,1000034349.jpg
1000034350,BOTELLA DE VIDRIO,0.55,8666661927791,visible,BOTELLA,1,92779,1000034350.jpg
1000034351,BOTELLA DE VIDRIO,0.6,8666661927807,visible,BOTELLA,1,92780,1000034351.jpg
1000034352,BOTELLA DE VIDRIO,0.63,8666661927814,visible,BOTELLA,1,92781,1000034352.jpg
1000034353,BOTELLA DE VIDRIO,0.72,8666661927821,visible,BOTELLA,1,92782,1000034353.jpg
1000034354,BOTELLA DE VIDRIO,0.78,8666661927838,visible,BOTELLA,1,92783,1000034354.jpg
1000034355,BOTELLA DE VIDRIO,0.99,8666661927845,visible,BOTELLA,1,92784,1000034355.jpg
1000034356,BOTELLA DE VIDRIO,1.2,8666661927852,visible,BOTELLA,1,92785,1000034356.jpg
1000034357,BOTELLA DE VIDRIO,0.57,8666661927869,visible,BOTELLA,1,92786,1000034357.jpg
1000034358,BOTELLA DE VIDRIO,0.57,8666661927876,visible,BOTELLA,1,92787,1000034358.jpg
1000034359,BOTELLA DE VIDRIO,0.6,8666661927883,visible,BOTELLA,1,92788,1000034359.jpg
1000034360,BOTELLA DE VIDRIO,0.51,8666661927890,visible,BOTELLA,1,92789,1000034360.jpg
1000034361,BOTELLA DE VIDRIO,0.55,8666661927906,visible,BOTELLA,1,92790,1000034361.jpg
1000034362,BOTELLA DE VIDRIO,0.68,8666661927913,visible,BOTELLA,1,92791,1000034362.jpg
1000034363,BOTELLA DE VIDRIO,0.68,8666661927920,visible,BOTELLA,1,92792,1000034363.jpg
1000034364,BOTELLA DE VIDRIO,0.6,8666661927937,visible,BOTELLA,1,92793,1000034364.jpg
1000034365,BOTELLA DE VIDRIO,0.63,8666661927944,visible,BOTELLA,1,92794,1000034365.jpg
1000034366,BOTELLA DE VIDRIO,0.72,8666661927951,visible,BOTELLA,1,92795,1000034366.jpg
1000034367,BOTELLA DE VIDRIO,0.83,8666661927968,visible,BOTELLA,1,92796,1000034367.jpg
1000034368,BOTELLA DE VIDRIO,0.85,8666661927975,visible,BOTELLA,1,92797,1000034368.jpg
1000040304,FRASCO GOTERO VIDRIO,0.37,8666662050870,visible,BOTELLA,1,205087,1000040304.jpg
1000040305,FRASCO GOTERO VIDRIO,0.37,8666662050887,visible,BOTELLA,1,205088,1000040305.jpg
1000040306,FRASCO GOTERO VIDRIO,0.41,8666662050894,visible,BOTELLA,1,205089,1000040306.jpg
1000040307,FRASCO GOTERO VIDRIO,0.41,8666662050900,visible,BOTELLA,1,205090,1000040307.jpg
1000040308,FRASCO GOTERO VIDRIO,0.45,8666662050917,visible,BOTELLA,1,205091,1000040308.jpg
1000040309,FRASCO GOTERO VIDRIO,0.45,8666662050924,visible,BOTELLA,1,205092,1000040309.jpg
1000040310,FRASCO GOTERO VIDRIO,0.48,8666662050931,visible,BOTELLA,1,205093,1000040310.jpg
1000040311,FRASCO GOTERO VIDRIO,0.48,8666662050948,visible,BOTELLA,1,205094,1000040311.jpg
1000040312,FRASCO GOTERO VIDRIO,0.51,8666662050955,visible,BOTELLA,1,205095,1000040312.jpg
1000040313,FRASCO GOTERO VIDRIO,0.93,8666662050962,visible,BOTELLA,1,205096,1000040313.jpg
1000045114,,0.0,,visible,BOTELLA,1,EXPOSITOR,1000045114.jpg
1000042659,CINTA DECORATIVA(0.24/M),0.27,8666662055370,visible,BOTELLA,1,205537-1,1000042659.jpg
1000042660,CINTA DECORATIVA(0.24/M),0.27,8666662055370,visible,BOTELLA,1,205537-2,1000042660.jpg
1000042661,CINTA DECORATIVA(0.24/M),0.27,8666662055370,visible,BOTELLA,1,205537-3,1000042661.jpg
1000042662,CINTA DECORATIVA(0.24/M),0.27,8666662055370,visible,BOTELLA,1,205537-4,1000042662.jpg
1000042663,CINTA DECORATIVA(0.33/M),0.36,8666662055387,visible,BOTELLA,1,205538-1,1000042663.jpg
1000042664,CINTA DECORATIVA(0.33/M),0.36,8666662055387,visible,BOTELLA,1,205538-2,1000042664.jpg
1000042665,CINTA DECORATIVA(0.33/M),0.36,8666662055387,visible,BOTELLA,1,205538-3,1000042665.jpg
1000042666,CINTA DECORATIVA(0.33/M),0.36,8666662055387,visible,BOTELLA,1,205538-4,1000042666.jpg
1000042667,CINTA DECORATIVA(0.25/M),0.27,8666662055394,visible,BOTELLA,1,205539-1,1000042667.jpg
1000042668,CINTA DECORATIVA(0.25/M),0.27,8666662055394,visible,BOTELLA,1,205539-2,1000042668.jpg
1000042669,CINTA DECORATIVA(0.25/M),0.27,8666662055394,visible,BOTELLA,1,205539-3,1000042669.jpg
1000042670,CINTA DECORATIVA(0.25/M),0.27,8666662055394,visible,BOTELLA,1,205539-4,1000042670.jpg
1000042671,CINTA DECORATIVA(0.25/M),0.27,8666662055394,visible,BOTELLA,1,205539-5,1000042671.jpg
1000042672,CINTA DECORATIVA(0.25/M),0.27,8666662055394,visible,BOTELLA,1,205539-6,1000042672.jpg
1000042673,CINTA DECORATIVA(0.32/M),0.36,8666662055400,visible,BOTELLA,1,205540-1,1000042673.jpg
1000042674,CINTA DECORATIVA(0.32/M),0.36,8666662055400,visible,BOTELLA,1,205540-2,1000042674.jpg
1000042675,CINTA DECORATIVA(0.32/M),0.36,8666662055400,visible,BOTELLA,1,205540-3,1000042675.jpg
1000042676,CINTA DECORATIVA(0.32/M),0.36,8666662055400,visible,BOTELLA,1,205540-4,1000042676.jpg
1000042677,CINTA DECORATIVA(0.32/M),0.36,8666662055400,visible,BOTELLA,1,205540-5,1000042677.jpg
1000042678,CINTA DECORATIVA(0.32/M),0.36,8666662055400,visible,BOTELLA,1,205540-6,1000042678.jpg
1000042679,CINTA DECORATIVA(0.21/M),0.24,8666662055417,visible,BOTELLA,1,205541-1,1000042679.jpg
1000042680,CINTA DECORATIVA(0.21/M),0.24,8666662055417,visible,BOTELLA,1,205541-2,1000042680.jpg
1000042681,CINTA DECORATIVA(0.21/M),0.24,8666662055417,visible,BOTELLA,1,205541-3,1000042681.jpg
1000042682,CINTA DECORATIVA(0.21/M),0.24,8666662055417,visible,BOTELLA,1,205541-4,1000042682.jpg
1000042683,CINTA DECORATIVA(0.21/M),0.24,8666662055417,visible,BOTELLA,1,205541-5,1000042683.jpg
1000042684,CINTA DECORATIVA(0.25/M),0.29,8666662055424,visible,BOTELLA,1,205542-1,1000042684.jpg
1000042685,CINTA DECORATIVA(0.25/M),0.29,8666662055424,visible,BOTELLA,1,205542-2,1000042685.jpg
1000042686,CINTA DECORATIVA(0.25/M),0.29,8666662055424,visible,BOTELLA,1,205542-3,1000042686.jpg
1000042687,CINTA DECORATIVA(0.25/M),0.29,8666662055424,visible,BOTELLA,1,205542-4,1000042687.jpg
1000042688,CINTA DECORATIVA(0.25/M),0.29,8666662055424,visible,BOTELLA,1,205542-5,1000042688.jpg
1000042689,CINTA DECORATIVA(0.33/M),0.37,8666662055431,visible,BOTELLA,1,205543-1,1000042689.jpg
1000042690,CINTA DECORATIVA(0.33/M),0.37,8666662055431,visible,BOTELLA,1,205543-2,1000042690.jpg
1000042691,CINTA DECORATIVA(0.33/M),0.37,8666662055431,visible,BOTELLA,1,205543-3,1000042691.jpg
1000042692,CINTA DECORATIVA(0.38/M),0.46,8666662055448,visible,BOTELLA,1,205544-1,1000042692.jpg
1000042693,CINTA DECORATIVA(0.38/M),0.46,8666662055448,visible,BOTELLA,1,205544-2,1000042693.jpg
1000042694,CINTA DECORATIVA(0.38/M),0.46,8666662055448,visible,BOTELLA,1,205544-3,1000042694.jpg
1000042695,CINTA DECORATIVA(0.24/M),0.28,8666662055455,visible,BOTELLA,1,205545-1,1000042695.jpg
1000042696,CINTA DECORATIVA(0.24/M),0.28,8666662055455,visible,BOTELLA,1,205545-2,1000042696.jpg
1000042697,CINTA DECORATIVA(0.24/M),0.28,8666662055455,visible,BOTELLA,1,205545-3,1000042697.jpg
1000042698,CINTA DECORATIVA(0.24/M),0.28,8666662055455,visible,BOTELLA,1,205545-4,1000042698.jpg
1000042699,CINTA DECORATIVA(0.24/M),0.28,8666662055455,visible,BOTELLA,1,205545-5,1000042699.jpg
1000042700,CINTA DECORATIVA(0.24/M),0.28,8666662055455,visible,BOTELLA,1,205545-6,1000042700.jpg
1000042701,CINTA DECORATIVA(0.39/M),0.45,8666662055462,visible,BOTELLA,1,205546-1,1000042701.jpg
1000042702,CINTA DECORATIVA(0.39/M),0.45,8666662055462,visible,BOTELLA,1,205546-2,1000042702.jpg
1000042703,CINTA DECORATIVA(0.39/M),0.45,8666662055462,visible,BOTELLA,1,205546-3,1000042703.jpg
1000042704,CINTA DECORATIVA(0.39/M),0.45,8666662055462,visible,BOTELLA,1,205546-4,1000042704.jpg
1000042705,CINTA DECORATIVA(0.39/M),0.45,8666662055462,visible,BOTELLA,1,205546-5,1000042705.jpg
1000042706,CINTA DECORATIVA(0.39/M),0.45,8666662055462,visible,BOTELLA,1,205546-6,1000042706.jpg
1000042707,CINTA DECORATIVA(0.24/M),0.28,8666662055479,visible,BOTELLA,1,205547-1,1000042707.jpg
1000042708,CINTA DECORATIVA(0.24/M),0.28,8666662055479,visible,BOTELLA,1,205547-2,1000042708.jpg
1000042709,CINTA DECORATIVA(0.24/M),0.28,8666662055479,visible,BOTELLA,1,205547-3,1000042709.jpg
1000042710,CINTA DECORATIVA(0.24/M),0.28,8666662055479,visible,BOTELLA,1,205547-4,1000042710.jpg
1000042711,CINTA DECORATIVA(0.24/M),0.28,8666662055479,visible,BOTELLA,1,205547-5,1000042711.jpg
1000042712,CINTA DECORATIVA(0.24/M),0.28,8666662055479,visible,BOTELLA,1,205547-6,1000042712.jpg
1000042713,CINTA DECORATIVA(0.39/M),0.45,8666662055486,visible,BOTELLA,1,205548-1,1000042713.jpg
1000042714,CINTA DECORATIVA(0.39/M),0.45,8666662055486,visible,BOTELLA,1,205548-2,1000042714.jpg
1000042715,CINTA DECORATIVA(0.39/M),0.45,8666662055486,visible,BOTELLA,1,205548-3,1000042715.jpg
1000042716,CINTA DECORATIVA(0.39/M),0.45,8666662055486,visible,BOTELLA,1,205548-4,1000042716.jpg
1000042717,CINTA DECORATIVA(0.39/M),0.45,8666662055486,visible,BOTELLA,1,205548-5,1000042717.jpg
1000042718,CINTA DECORATIVA(0.39/M),0.45,8666662055486,visible,BOTELLA,1,205548-6,1000042718.jpg
1000042719,CINTA DECORATIVA(0.37/M),0.46,8666662055493,visible,BOTELLA,1,205549-1,1000042719.jpg
1000042720,CINTA DECORATIVA(0.37/M),0.46,8666662055493,visible,BOTELLA,1,205549-2,1000042720.jpg
1000042721,CINTA DECORATIVA(0.37/M),0.46,8666662055493,visible,BOTELLA,1,205549-3,1000042721.jpg
1000042723,CINTA DECORATIVA(0.37/M),0.46,8666662055493,visible,BOTELLA,1,205549-5,1000042723.jpg
1000042724,CINTA DECORATIVA(0.37/M),0.46,8666662055493,visible,BOTELLA,1,205549-6,1000042724.jpg
1000042725,CINTA DECORATIVA(0.37/M),0.46,8666662055493,visible,BOTELLA,1,205549-7,1000042725.jpg
1000042726,CINTA DECORATIVA(0.52/M),0.6,8666662055509,visible,BOTELLA,1,205550-1,1000042726.jpg
1000042727,CINTA DECORATIVA(0.52/M),0.6,8666662055509,visible,BOTELLA,1,205550-2,1000042727.jpg
1000042728,CINTA DECORATIVA(0.52/M),0.6,8666662055509,visible,BOTELLA,1,205550-3,1000042728.jpg
1000042729,CINTA DECORATIVA(0.52/M),0.6,8666662055509,visible,BOTELLA,1,205550-4,1000042729.jpg
1000042730,CINTA DECORATIVA(0.52/M),0.6,8666662055509,visible,BOTELLA,1,205550-5,1000042730.jpg
1000042731,CINTA DECORATIVA(0.52/M),0.6,8666662055509,visible,BOTELLA,1,205550-6,1000042731.jpg
1000042732,CINTA DECORATIVA(0.52/M),0.6,8666662055509,visible,BOTELLA,1,205550-7,1000042732.jpg
1000042733,CINTA DECORATIVA(0.30/M),0.34,8666662055516,visible,BOTELLA,1,205551-1,1000042733.jpg
1000042734,CINTA DECORATIVA(0.30/M),0.34,8666662055516,visible,BOTELLA,1,205551-2,1000042734.jpg
1000042735,CINTA DECORATIVA(0.30/M),0.34,8666662055516,visible,BOTELLA,1,205551-3,1000042735.jpg
1000042736,CINTA DECORATIVA(0.30/M),0.43,8666662055523,visible,BOTELLA,1,205552-1,1000042736.jpg
1000042738,CINTA DECORATIVA(0.30/M),0.43,8666662055523,visible,BOTELLA,1,205552-3,1000042738.jpg
1000042739,CINTA DECORATIVA(0.30/M),0.43,8666662055523,visible,BOTELLA,1,205552-4,1000042739.jpg
1000041878,CINTA DECORATIVA(0.24/M),0.29,8666662018313,visible,BOTELLA,1,201831,1000041878.jpg
1000041879,CINTA DECORATIVA(0.24/M),0.29,8666662018320,visible,BOTELLA,1,201832,1000041879.jpg
1000041880,CINTA DECORATIVA(0.24/M),0.29,8666662018337,visible,BOTELLA,1,201833,1000041880.jpg
1000041881,CINTA DECORATIVA(0.24/M),0.29,8666662018344,visible,BOTELLA,1,201834,1000041881.jpg
1000041882,CINTA DECORATIVA(0.24/M),0.29,8666662018351,visible,BOTELLA,1,201835,1000041882.jpg
1000026527,CINTA DECORATIVA(0.24/M),0.29,8666662018368,visible,BOTELLA,1,201836,1000026527.jpg
1000041883,CINTA DECORATIVA(0.24/M),0.29,8666662018375,visible,BOTELLA,1,201837,1000041883.jpg
1000041884,CINTA DECORATIVA(0.24/M),0.29,8666662018382,visible,BOTELLA,1,201838,1000041884.jpg
1000041885,CINTA DECORATIVA(0.24/M),0.29,8666662018399,visible,BOTELLA,1,201839,1000041885.jpg
1000041886,CINTA DECORATIVA(0.35/M),0.42,8666662018405,visible,BOTELLA,1,201840,1000041886.jpg
1000041887,CINTA DECORATIVA(0.35/M),0.42,8666662018412,visible,BOTELLA,1,201841,1000041887.jpg
1000041888,CINTA DECORATIVA(0.35/M),0.42,8666662018429,visible,BOTELLA,1,201842,1000041888.jpg
1000002128,CINTA DECORATIVA(0.35/M),0.42,8666662018436,visible,BOTELLA,1,201843,1000002128.jpg
1000041889,CINTA DECORATIVA(0.35/M),0.42,8666662018443,visible,BOTELLA,1,201844,1000041889.jpg
1000041890,CINTA DECORATIVA(0.35/M),0.42,8666662018450,visible,BOTELLA,1,201845,1000041890.jpg
1000041891,CINTA DECORATIVA(0.35/M),0.42,8666662018467,visible,BOTELLA,1,201846,1000041891.jpg
1000041892,CINTA DECORATIVA(0.35/M),0.42,8666662018474,visible,BOTELLA,1,201847,1000041892.jpg
1000041893,CINTA DECORATIVA(0.35/M),0.42,8666662018481,visible,BOTELLA,1,201848,1000041893.jpg
1000038306,CINTA DE CORREA DE BOLSO,1.04,866666201502,visible,BOTELLA,1,201502,1000038306.jpg
1000038307,CINTA DE CORREA DE BOLSO,0.99,866666201503,visible,BOTELLA,1,201503,1000038307.jpg
1000038308,CINTA DE CORREA DE BOLSO,1.2,866666201504,visible,BOTELLA,1,201504,1000038308.jpg
1000038309,CINTA DE CORREA DE BOLSO,1.2,866666201505,visible,BOTELLA,1,201505,1000038309.jpg
1000038310,CINTA DE CORREA DE BOLSO,1.83,866666201506,visible,BOTELLA,1,201506,1000038310.jpg
1000038311,CINTA DE CORREA DE BOLSO,1.83,866666201507,visible,BOTELLA,1,201507,1000038311.jpg
1000038456,CINTA DE CORREA DE BOLSO,1.83,866666201508,visible,BOTELLA,1,201508-1,1000038456.jpg
1000038312,CINTA DE CORREA DE BOLSO,1.83,866666201509,visible,BOTELLA,1,201509,1000038312.jpg
1000038313,CINTA DE CORREA DE BOLSO,1.83,866666201510,visible,BOTELLA,1,201510,1000038313.jpg
1000038314,CINTA DE CORREA DE BOLSO,1.83,866666201511,visible,BOTELLA,1,201511,1000038314.jpg
1000038315,CINTA DE CORREA DE BOLSO,1.83,866666201512,visible,BOTELLA,1,201512,1000038315.jpg
1000038316,CINTA DE CORREA DE BOLSO,1.83,866666201513,visible,BOTELLA,1,201513,1000038316.jpg
1000038317,CINTA DE CORREA DE BOLSO,0.72,866666201514,visible,BOTELLA,1,201514,1000038317.jpg
1000038318,CINTA DE CORREA DE BOLSO,0.78,866666201515,visible,BOTELLA,1,201515,1000038318.jpg
1000038319,CINTA DE CORREA DE BOLSO,0.83,866666201516,visible,BOTELLA,1,201516,1000038319.jpg
1000038457,CINTA DE CORREA DE BOLSO,0.93,866666201517,visible,BOTELLA,1,201517-1,1000038457.jpg
1000038320,CINTA DE CORREA DE BOLSO,0.99,866666201518,visible,BOTELLA,1,201518,1000038320.jpg
1000038321,CINTA DE CORREA DE BOLSO,1.35,866666201519,visible,BOTELLA,1,201519,1000038321.jpg
1000037978,CINTA DE CORREA DE BOLSO,0.89,866666201471,visible,BOTELLA,1,201471,1000037978.jpg
1000037979,CINTA DE CORREA DE BOLSO,0.89,866666201472,visible,BOTELLA,1,201472,1000037979.jpg
1000037980,CINTA DE CORREA DE BOLSO,0.89,866666201473,visible,BOTELLA,1,201473,1000037980.jpg
1000038303,CINTA DE CORREA DE BOLSO,0.89,866666201474,visible,BOTELLA,1,201474,1000038303.jpg
1000037981,CINTA DE CORREA DE BOLSO,0.89,866666201475,visible,BOTELLA,1,201475,1000037981.jpg
1000037982,CINTA DE CORREA DE BOLSO,0.89,866666201476,visible,BOTELLA,1,201476,1000037982.jpg
1000037983,CINTA DE CORREA DE BOLSO,0.89,866666201477,visible,BOTELLA,1,201477,1000037983.jpg
1000037984,CINTA DE CORREA DE BOLSO,0.89,866666201478,visible,BOTELLA,1,201478,1000037984.jpg
1000037985,CINTA DE CORREA DE BOLSO,0.89,866666201479,visible,BOTELLA,1,201479,1000037985.jpg
1000037986,CINTA DE CORREA DE BOLSO,1.2,866666201480,visible,BOTELLA,1,201480,1000037986.jpg
1000037987,CINTA DE CORREA DE BOLSO,1.2,866666201481,visible,BOTELLA,1,201481,1000037987.jpg
1000037988,CINTA DE CORREA DE BOLSO,1.2,866666201482,visible,BOTELLA,1,201482,1000037988.jpg
1000037989,CINTA DE CORREA DE BOLSO,1.2,866666201483,visible,BOTELLA,1,201483,1000037989.jpg
1000037990,CINTA DE CORREA DE BOLSO,1.2,866666201484,visible,BOTELLA,1,201484,1000037990.jpg
1000037991,CINTA DE CORREA DE BOLSO,1.2,866666201485,visible,BOTELLA,1,201485,1000037991.jpg
1000037992,CINTA DE CORREA DE BOLSO,1.2,866666201486,visible,BOTELLA,1,201486,1000037992.jpg
1000037993,CINTA DE CORREA DE BOLSO,1.2,866666201487,visible,BOTELLA,1,201487,1000037993.jpg
1000037994,CINTA DE CORREA DE BOLSO,1.2,866666201488,visible,BOTELLA,1,201488,1000037994.jpg
1000040084,CINTA VIES TELA,0.0,,visible,CINTA VIES TELA,1,??_20240418145230,1000040084.jpg
1000031951,CINTA CORREA DE BOLSO,1.46,8666661919703,visible,CINTA VIES TELA,1,91970-1,1000031951.jpg
1000031954,CINTA CORREA DE BOLSO,1.46,8666661919703,visible,CINTA VIES TELA,1,91970-2,1000031954.jpg
1000031955,CINTA CORREA DE BOLSO,1.46,8666661919703,visible,CINTA VIES TELA,1,91970-3,1000031955.jpg
1000031956,CINTA CORREA DE BOLSO,1.46,8666661919703,visible,CINTA VIES TELA,1,91970-4,1000031956.jpg
1000031957,CINTA CORREA DE BOLSO,1.46,8666661919703,visible,CINTA VIES TELA,1,91970-5,1000031957.jpg
1000031958,CINTA CORREA DE BOLSO,1.46,8666661919703,visible,CINTA VIES TELA,1,91970-6,1000031958.jpg
1000031959,CINTA CORREA DE BOLSO,1.46,8666661919703,visible,CINTA VIES TELA,1,91970-7,1000031959.jpg
1000031960,CINTA CORREA DE BOLSO,1.46,8666661919703,visible,CINTA VIES TELA,1,91970-8,1000031960.jpg
1000031961,CINTA CORREA DE BOLSO,1.46,8666661919703,visible,CINTA VIES TELA,1,91970-9,1000031961.jpg
1000031952,CINTA CORREA DE BOLSO,1.46,8666661919703,visible,CINTA VIES TELA,1,91970-10,1000031952.jpg
1000031953,CINTA CORREA DE BOLSO,1.46,8666661919703,visible,CINTA VIES TELA,1,91970-11,1000031953.jpg
1000046876,[44546] CABEZA POREX BASIC,4.19,8435621445466,visible,CINTA VIES TELA,1,445466,1000046876.jpg
1000040070,BOLA CORCHO,0.0,,visible,BOLA CORCHO,1,??_20240418145215,1000040070.jpg
1000040991,BOLA DE ESPUMA MANUALIDADES,0.74,866666205045,visible,BOLA CORCHO,1,205045,1000040991.jpg
1000040992,BOLA DE ESPUMA MANUALIDADES,0.74,866666205046,visible,BOLA CORCHO,1,205046,1000040992.jpg
1000040993,BOLA DE ESPUMA MANUALIDADES,0.74,866666205047,visible,BOLA CORCHO,1,205047,1000040993.jpg
1000040994,BOLA DE ESPUMA MANUALIDADES,0.74,866666205050,visible,BOLA CORCHO,1,205050,1000040994.jpg
1000000296,CONOS PARA MANUALIDADES,0.99,8666661010158,visible,BOLA CORCHO,1,01015,1000000296.jpg
1000000297,CONOS PARA MANUALIDADES,1.35,8666661010165,visible,BOLA CORCHO,1,01016,1000000297.jpg
1000000298,CONOS DE CORCHO,1.31,8666661010172,visible,BOLA CORCHO,1,01017,1000000298.jpg
1000000299,HUEVO PARA MANUALIDADES,1.14,8666661010189,visible,BOLA CORCHO,1,01018,1000000299.jpg
1000000300,HUEVO PARA MANUALIDADES,1.04,8666661010196,visible,BOLA CORCHO,1,01019,1000000300.jpg
1000000301,HUEVO DE MANUALIDADES,0.78,8666661010202,visible,BOLA CORCHO,1,01020,1000000301.jpg
1000000302,HUEVO PARA MANUALIDADES,0.78,8666661010219,visible,BOLA CORCHO,1,01021,1000000302.jpg
1000000303,HUEVO PARA MANUALIDADES,0.49,8666661010226,visible,BOLA CORCHO,1,01022,1000000303.jpg
1000000309,BOLA DE MANUALIDADES,0.83,8666661010349,visible,BOLA CORCHO,1,01034,1000000309.jpg
1000000308,BOLA DE MANUALIDADES,1.04,8666661010332,visible,BOLA CORCHO,1,01033,1000000308.jpg
1000000307,BOLA DE CORCHO,1.04,8666661010325,visible,BOLA CORCHO,1,01032,1000000307.jpg
1000000306,BOLA DE MANUALIDADES,1.25,8666661010318,visible,BOLA CORCHO,1,01031,1000000306.jpg
1000000305,BOLA DE MANUALIDADES,0.99,8666661010301,visible,BOLA CORCHO,1,01030,1000000305.jpg
1000024771,BOLA DE CORCHO,1.31,8666661910885,visible,BOLA CORCHO,1,91088,1000024771.jpg
1000024772,BOLA DE CORCHO,1.31,8666661910892,visible,BOLA CORCHO,1,91089,1000024772.jpg
1000000304,BOLA DE MANUALIDADES,1.15,8666661010295,visible,BOLA CORCHO,1,01029,1000000304.jpg
1000002544,BOLA DE MANUALIDADES,0.83,8666661042319,visible,BOLA CORCHO,1,04231,1000002544.jpg
1000008664,BOLA DE CORCHO,1.98,8666661042333,visible,BOLA CORCHO,1,04233,1000008664.jpg
1000043009,BOLA POREX 4CM 8UDS.,0.51,8435621407310,visible,BOLA CORCHO,1,407310,1000043009.jpg
1000043010,BOLA POREX 5CM 4UDS.,0.42,8435621407327,visible,BOLA CORCHO,1,407327,1000043010.jpg
1000043011,BOLA POREX 6CM 4UDS.,0.85,8435621407334,visible,BOLA CORCHO,1,407334,1000043011.jpg
1000043012,BOLA POREX 7CM 2UDS.,0.65,8435621407341,visible,BOLA CORCHO,1,407341,1000043012.jpg
1000043013,BOLA POREX 8CM 2UDS.,0.79,8435621407358,visible,BOLA CORCHO,1,407358,1000043013.jpg
1000043053,BOLA POREX 9CM,0.52,8435621407365,visible,BOLA CORCHO,1,40736,1000043053.jpg
1000043054,BOLA POREX 10CM,0.73,8435621407372,visible,BOLA CORCHO,1,40737,1000043054.jpg
1000043055,BOLA POREX 12CM,1.04,8435621407389,visible,BOLA CORCHO,1,40738,1000043055.jpg
1000043002,BOLA POREX 35CM,13.28,8436539070207,visible,BOLA CORCHO,1,070207,1000043002.jpg
1000043004,BOLA POREX 15CM,1.77,8435621400168,visible,BOLA CORCHO,1,400168,1000043004.jpg
1000043005,BOLA POREX 20CM,4.06,8435621400175,visible,BOLA CORCHO,1,400175,1000043005.jpg
1000043006,BOLA POREX 25CM,6.09,8435621400182,visible,BOLA CORCHO,1,400182,1000043006.jpg
1000042995,[CORAZON300] CORAZON POREX 300MM,1.57,8436539063568,visible,BOLA CORCHO,1,063568,1000042995.jpg
1000042999,[CORAZON400] CORAZON POREX 400MM,1.44,8436539065746,visible,BOLA CORCHO,1,065746,1000042999.jpg
1000043000,[CIRCULO200] CIRCULO POREX 200MM 2UDS.,1.57,8436539065753,visible,BOLA CORCHO,1,065753,1000043000.jpg
1000046021,[CIRCULO300] CIRCULO POREX 300MM,1.57,8436539063582,visible,BOLA CORCHO,1,063582,1000046021.jpg
1000046020,[KIT CAKE 4] KIT CAKE 4,3.93,8436539063537,visible,BOLA CORCHO,1,063537,1000046020.jpg
1000040173,,0.0,,visible,BOLA CORCHO,1,0005YT000-3,1000040173.jpg
1000038267,BOLA TRANSPARENTE,0.83,866666201343,visible,BOLA CORCHO,1,201343,1000038267.jpg
1000038268,BOLA TRANSPARENTE,1.2,866666201344,visible,BOLA CORCHO,1,201344,1000038268.jpg
1000024072,BOLA PLASTICO PARA MANUALIDADES,0.37,8666661910601,visible,BOLA CORCHO,1,91060,1000024072.jpg
1000024073,BOLA PLASTICO PARA MANUALIDADES,0.61,8666661910618,visible,BOLA CORCHO,1,91061,1000024073.jpg
1000024074,BOLA PLASTICO PARA MANUALIDADES,0.72,86666619106256,visible,BOLA CORCHO,1,91062,1000024074.jpg
1000024075,BOLA PLASTICO PARA MANUALIDADES,1.14,8666661910632,visible,BOLA CORCHO,1,91063,1000024075.jpg
1000024076,BOLA PLASTICO PARA MANUALIDADES,0.41,8666661910649,visible,BOLA CORCHO,1,91064,1000024076.jpg
1000024077,BOLA PLASTICO PARA MANUALIDADES,0.72,8666661910656,visible,BOLA CORCHO,1,91065,1000024077.jpg
1000024078,BOLA PLASTICO PARA MANUALIDADES,0.83,8666661910663,visible,BOLA CORCHO,1,91066,1000024078.jpg
1000024079,BOLA PLASTICO PARA MANUALIDADES,1.2,8666661910670,visible,BOLA CORCHO,1,91067,1000024079.jpg
1000024082,ESTRELLA PLASTICO PARA MANUALIDADES,0.53,8666661910717,visible,BOLA CORCHO,1,91071,1000024082.jpg
1000024083,ESTRELLA PLASTICO PARA MANUALIDADES,0.72,8666661910724,visible,BOLA CORCHO,1,91072,1000024083.jpg
1000040067,,0.0,,visible,BOLA CORCHO,1,??_20240418145200,1000040067.jpg
1000042610,CUERDAS PARA COLGAR ETIQUETAS,0.47,8666662018009,visible,BOLA CORCHO,1,201800,1000042610.jpg
1000042942,CUERDAS PARA COLGAR ETIQUETAS,0.47,8666662017996,visible,BOLA CORCHO,1,201799-1,1000042942.jpg
1000036932,CUERDA ANILLO SILICONA DIY,0.55,201150,visible,BOLA CORCHO,1,201150,1000036932.jpg
1000042613,ETIQUETA COLGANTE,0.47,8666662018054,visible,BOLA CORCHO,1,201805-1,1000042613.jpg
1000042614,ETIQUETA COLGANTE,0.47,8666662018061,visible,BOLA CORCHO,1,201806,1000042614.jpg
1000042615,ETIQUETA COLGANTE,0.47,8666662018078,visible,BOLA CORCHO,1,201807,1000042615.jpg
1000042616,ETIQUETA COLGANTE,0.47,8666662018085,visible,BOLA CORCHO,1,201808,1000042616.jpg
1000042617,ETIQUETA COLGANTE,0.47,8666662018092,visible,BOLA CORCHO,1,201809,1000042617.jpg
1000042618,ETIQUETA COLGANTE,0.47,8666662018108,visible,BOLA CORCHO,1,201810,1000042618.jpg
1000042619,ETIQUETA COLGANTE,0.47,8666662018122,visible,BOLA CORCHO,1,201812-1,1000042619.jpg
1000042620,ETIQUETA COLGANTE,0.47,8666662018139,visible,BOLA CORCHO,1,201813,1000042620.jpg
1000042621,ETIQUETA COLGANTE,0.47,8666662018146,visible,BOLA CORCHO,1,201814,1000042621.jpg
1000042622,ETIQUETA COLGANTE,0.47,8666662018153,visible,BOLA CORCHO,1,201815,1000042622.jpg
1000042623,ETIQUETA COLGANTE,0.47,8666662018160,visible,BOLA CORCHO,1,201816,1000042623.jpg
1000042624,ETIQUETA COLGANTE,0.47,8666662018177,visible,BOLA CORCHO,1,201817,1000042624.jpg
1000042625,ETIQUETA COLGANTE,0.47,8666662018184,visible,BOLA CORCHO,1,201818,1000042625.jpg
1000042626,ETIQUETA COLGANTE,0.47,8666662018191,visible,BOLA CORCHO,1,201819,1000042626.jpg
1000042627,ETIQUETA COLGANTE,0.47,8666662018207,visible,BOLA CORCHO,1,201820,1000042627.jpg
1000042628,ETIQUETA COLGANTE,0.47,8666662018214,visible,BOLA CORCHO,1,201821,1000042628.jpg
1000042629,ETIQUETA COLGANTE,0.47,8666662018221,visible,BOLA CORCHO,1,201822,1000042629.jpg
1000037521,Etiquetas golgantes,0.47,8666662012656,visible,BOLA CORCHO,1,201265,1000037521.jpg
1000015446,Etiquetas golgantes,0.47,8666662012700,visible,BOLA CORCHO,1,201270,1000015446.jpg
1000037526,Etiquetas golgantes,0.47,8666662012717,visible,BOLA CORCHO,1,201271,1000037526.jpg
1000037533,Etiquetas golgantes,0.47,8666662012786,visible,BOLA CORCHO,1,201278,1000037533.jpg
1000035589,Etiquetas Colgantes,0.51,8666662012472,visible,BOLA CORCHO,1,201247,1000035589.jpg
1000035590,Etiquetas Colgantes,0.51,8666662012489,visible,BOLA CORCHO,1,201248,1000035590.jpg
1000015415,Etiquetas Colgantes,0.51,8666662012496,visible,BOLA CORCHO,1,201249,1000015415.jpg
1000035591,Etiquetas Colgantes,0.51,8666662012502,visible,BOLA CORCHO,1,201250,1000035591.jpg
1000035592,Etiquetas Colgantes,0.51,8666662012519,visible,BOLA CORCHO,1,201251,1000035592.jpg
1000035593,Etiquetas Colgantes,0.51,8666662012526,visible,BOLA CORCHO,1,201252,1000035593.jpg
1000035594,Etiquetas Colgantes,0.51,8666662012533,visible,BOLA CORCHO,1,201253,1000035594.jpg
1000035595,Etiquetas Colgantes,0.51,8666662012540,visible,BOLA CORCHO,1,201254,1000035595.jpg
1000015416,Etiquetas Adhesivos,0.49,8666662012564,visible,BOLA CORCHO,1,201256,1000015416.jpg
1000035596,Etiquetas Adhesivos,0.49,8666662012557,visible,BOLA CORCHO,1,201255,1000035596.jpg
1000035597,Etiquetas Adhesivos,0.49,8666662012571,visible,BOLA CORCHO,1,201257,1000035597.jpg
1000035598,Etiquetas Adhesivos,0.49,8666662012588,visible,BOLA CORCHO,1,201258,1000035598.jpg
1000010160,ACCESORIOS PARA COMUNION,0.51,8666661087228,visible,BOLA CORCHO,1,08722,1000010160.jpg
1000010159,ACCESORIOS PARA COMUNION,0.53,8666661087211,visible,BOLA CORCHO,1,08721,1000010159.jpg
1000010156,ACCESORIOS PARA COMUNION,0.53,8666661087181,visible,BOLA CORCHO,1,08718,1000010156.jpg
1000010155,ACCESORIOS PARA COMUNION,0.53,8666661087174,visible,BOLA CORCHO,1,08717,1000010155.jpg
1000010157,ACCESORIOS PARA COMUNION,0.53,8666661087198,visible,BOLA CORCHO,1,08719,1000010157.jpg
1000010165,ACCESORIOS PARA COMUNION,0.53,8666661087273,visible,BOLA CORCHO,1,08727,1000010165.jpg
1000004564,ACCESORIOS PARA COMUNION,0.78,8666661062621,visible,BOLA CORCHO,1,06262,1000004564.jpg
1000004565,ACCESORIOS PARA COMUNION,0.78,8666661062638,visible,BOLA CORCHO,1,06263,1000004565.jpg
1000004557,ACCESORIOS PARA COMUNION,0.78,8666661062645,visible,BOLA CORCHO,1,06264,1000004557.jpg
1000004566,ACCESORIOS PARA COMUNION,0.78,8666661062645,visible,BOLA CORCHO,1,06265,1000004566.jpg
1000004567,ACCESORIOS PARA COMUNION,0.78,8666661062669,visible,BOLA CORCHO,1,06266,1000004567.jpg
1000004568,ACCESORIOS PARA COMUNION,0.78,8666661062676,visible,BOLA CORCHO,1,06267,1000004568.jpg
1000004559,ACCESORIOS PARA COMUNION,1.04,8666661062584,visible,BOLA CORCHO,1,06258,1000004559.jpg
1000004562,ACCESORIOS PARA COMUNION,1.04,8666661062614,visible,BOLA CORCHO,1,06261,1000004562.jpg
1000004560,ACCESORIOS PARA COMUNION,1.04,8666661062591,visible,BOLA CORCHO,1,06259,1000004560.jpg
1000004561,ACCESORIOS PARA COMUNION,1.04,8666661062607,visible,BOLA CORCHO,1,06260,1000004561.jpg
1000005337,MOLDE DE MANUALIDAD,0.31,8666661068364,visible,BOLA CORCHO,1,06836,1000005337.jpg
1000005338,MOLDE DE MANUALIDAD,0.34,8666661068456,visible,BOLA CORCHO,1,06845,1000005338.jpg
1000005339,MOLDE DE MANUALIDAD,0.34,8666661068463,visible,BOLA CORCHO,1,06846,1000005339.jpg
1000005340,MOLDE DE MANUALIDAD,0.44,8666661068470,visible,BOLA CORCHO,1,06847,1000005340.jpg
1000005357,MOLDE DE MANUALIDAD,0.78,8666661068357,visible,BOLA CORCHO,1,06835,1000005357.jpg
1000005356,MOLDE DE MANUALIDAD,0.78,8666661068357,visible,BOLA CORCHO,1,06835-1,1000005356.jpg
1000005355,MOLDE DE MANUALIDAD,0.78,8666661068357,visible,BOLA CORCHO,1,06835-2,1000005355.jpg
1000005354,MOLDE DE MANUALIDAD,0.78,8666661068357,visible,BOLA CORCHO,1,06835-3,1000005354.jpg
1000005353,MOLDE DE MANUALIDAD,0.78,8666661068357,visible,BOLA CORCHO,1,06835-4,1000005353.jpg
1000005351,MOLDE DE MANUALIDAD,0.78,8666661068357,visible,BOLA CORCHO,1,06835-6,1000005351.jpg
1000005350,MOLDE DE MANUALIDAD,0.78,8666661068357,visible,BOLA CORCHO,1,06835-7,1000005350.jpg
1000005349,MOLODE DE MANUALIDAD,0.78,8666661068357,visible,BOLA CORCHO,1,06835-8,1000005349.jpg
1000005362,MOLDE DE MANUALIDAD,0.94,8666661068357,visible,BOLA CORCHO,1,06835-9,1000005362.jpg
1000005348,MOLDE DE MANUALIDAD,0.78,8666661068357,visible,BOLA CORCHO,1,06835-10,1000005348.jpg
1000005347,MOLDE DE MANUALIDAD,0.78,8666661068357,visible,BOLA CORCHO,1,06835-11,1000005347.jpg
1000005346,MOLDE DE MANUALIDAD,0.78,8666661068357,visible,BOLA CORCHO,1,06835-12,1000005346.jpg
1000005345,MOLDE DE MANUALIDAD,0.78,8666661068357,visible,BOLA CORCHO,1,06835-13,1000005345.jpg
1000005344,MOLDE DE MANUALIDAD,0.78,8666661068357,visible,BOLA CORCHO,1,06835-14,1000005344.jpg
1000005342,MOLDE DE MANUALIDAD,0.78,8666661068357,visible,BOLA CORCHO,1,06835-16,1000005342.jpg
1000005341,MOLDE DE MANUALIDAD,0.78,8666661068357,visible,BOLA CORCHO,1,06835-17,1000005341.jpg
1000006911,MOLDE DE MANUALIDAD,0.78,8666661068357,visible,BOLA CORCHO,1,06835-18,1000006911.jpg
1000006912,MOLDE DE MANUALIDAD,0.78,8666661068357,visible,BOLA CORCHO,1,06835-19,1000006912.jpg
1000006913,MOLDE DE MANUALIDAD,0.78,8666661068357,visible,BOLA CORCHO,1,06835-20,1000006913.jpg
1000006914,MOLDE DE MANUALIDAD,0.78,8666661068357,visible,BOLA CORCHO,1,06835-21,1000006914.jpg
1000006915,MOLDE DE MANUALIDAD,0.78,8666661068357,visible,BOLA CORCHO,1,06835-22,1000006915.jpg
1000006916,MOLDE DE MANUALIDAD,0.78,8666661068357,visible,BOLA CORCHO,1,06835-23,1000006916.jpg
1000006918,MOLDE DE MANUALIDAD,0.78,8666661068357,visible,BOLA CORCHO,1,06835-25,1000006918.jpg
1000006920,MOLDE DE MANUALIDAD,0.78,8666661068357,visible,BOLA CORCHO,1,06835-27,1000006920.jpg
1000006921,MOLDE DE MANUALIDAD,0.78,8666661068357,visible,BOLA CORCHO,1,06835-28,1000006921.jpg
1000006922,MOLDE DE MANUALIDAD,0.78,8666661068357,visible,BOLA CORCHO,1,06835-29,1000006922.jpg
1000006923,MOLDE DE MANUALIDAD,0.78,8666661068357,visible,BOLA CORCHO,1,06835-30,1000006923.jpg
1000006924,MOLDE DE MANUALIDAD,0.78,8666661068357,visible,BOLA CORCHO,1,06835-31,1000006924.jpg
1000006925,MOLDE DE MANUALIDAD,0.78,8666661068357,visible,BOLA CORCHO,1,06835-32,1000006925.jpg
1000005367,MOLDE DE MANUALIDAD,0.94,8666661068340,visible,BOLA CORCHO,1,06834,1000005367.jpg
1000005366,MOLDE DE MANUALIDAD,0.94,8666661068340,visible,BOLA CORCHO,1,06834-1,1000005366.jpg
1000005365,MOLDE DE MANUALIDAD,0.94,8666661068340,visible,BOLA CORCHO,1,06834-2,1000005365.jpg
1000005364,MOLDE DE MANUALIDAD,0.94,8666661068340,visible,BOLA CORCHO,1,06834-3,1000005364.jpg
1000005363,MOLDE DE MANUALIDAD,0.94,8666661068340,visible,BOLA CORCHO,1,06834-4,1000005363.jpg
1000005361,MOLDE DE MANUALIDAD,0.94,8666661068340,visible,BOLA CORCHO,1,06834-5,1000005361.jpg
1000005360,MOLDE DE MANUALIDAD,0.94,8666661068340,visible,BOLA CORCHO,1,06834-6,1000005360.jpg
1000005359,MOLDE DE MANUALIDAD,0.94,8666661068340,visible,BOLA CORCHO,1,06834-7,1000005359.jpg
1000005358,MOLDE DE MANUALIDAD,0.94,8666661068340,visible,BOLA CORCHO,1,06834-8,1000005358.jpg
1000006926,MOLDE DE MANUALIDAD,0.94,8666661068340,visible,BOLA CORCHO,1,06834-9,1000006926.jpg
1000006927,MOLDE DE MANUALIDAD,0.94,8666661068340,visible,BOLA CORCHO,1,06834-10,1000006927.jpg
1000006928,MOLDE DE MANUALIDAD,0.94,8666661068340,visible,BOLA CORCHO,1,06834-11,1000006928.jpg
1000006929,MOLDE DE MANUALIDAD,0.94,8666661068340,visible,BOLA CORCHO,1,06834-12,1000006929.jpg
1000006930,MOLDE DE MANUALIDAD,1.14,8666661068449,visible,BOLA CORCHO,1,06844,1000006930.jpg
1000040060,,0.0,,visible,BOLA CORCHO,1,??_20240418145124,1000040060.jpg
1000003685,MOSTRAR CERTIFICADO,0.39,8666661046935,visible,BOLA CORCHO,1,04693,1000003685.jpg
1000026554,CORGADOR,0.57,8666661913534,visible,BOLA CORCHO,1,91353-1,1000026554.jpg
1000026555,CORGADOR,0.57,8666661913534,visible,BOLA CORCHO,1,91353-2,1000026555.jpg
1000026557,CORGADOR ,0.57,8666661913534,visible,BOLA CORCHO,1,91353-4,1000026557.jpg
1000026558,CORGADOR ,0.57,8666661913534,visible,BOLA CORCHO,1,91353-5,1000026558.jpg
1000026559,CORGADOR,0.68,8666661913541,visible,BOLA CORCHO,1,91354-1,1000026559.jpg
1000026560,CORGADOR,0.68,8666661913541,visible,BOLA CORCHO,1,91354-2,1000026560.jpg
1000026561,CORGADOR,0.68,8666661913541,visible,BOLA CORCHO,1,91354-3,1000026561.jpg
1000026562,CORGADOR ,0.68,8666661913541,visible,BOLA CORCHO,1,91354-4,1000026562.jpg
1000026563,CORGADOR ,0.68,8666661913541,visible,BOLA CORCHO,1,91354-5,1000026563.jpg
1000026564,CORGADOR,0.43,8666661913558,visible,BOLA CORCHO,1,91355-1,1000026564.jpg
1000026569,CORGADOR,0.43,8666661913558,visible,BOLA CORCHO,1,91355-3,1000026569.jpg
1000026570,CORGADOR,0.43,8666661913558,visible,BOLA CORCHO,1,91355-4,1000026570.jpg
1000026571,CORGADOR,0.43,8666661913558,visible,BOLA CORCHO,1,91355-5,1000026571.jpg
1000026572,CORGADOR,0.43,8666661913558,visible,BOLA CORCHO,1,91355-6,1000026572.jpg
1000026573,CORGADOR,0.43,8666661913558,visible,BOLA CORCHO,1,91355-7,1000026573.jpg
1000026574,CORGADOR,0.43,8666661913558,visible,BOLA CORCHO,1,91355-8,1000026574.jpg
1000026575,CORGADOR,0.43,8666661913558,visible,BOLA CORCHO,1,91355-9,1000026575.jpg
1000026565,CORGADOR,0.43,8666661913558,visible,BOLA CORCHO,1,91355-10,1000026565.jpg
1000026566,CORGADOR,0.43,8666661913558,visible,BOLA CORCHO,1,91355-11,1000026566.jpg
1000026567,CORGADOR,0.43,8666661913558,visible,BOLA CORCHO,1,91355-12,1000026567.jpg
1000026576,CORGADOR,0.51,8666661913565,visible,BOLA CORCHO,1,91356-1,1000026576.jpg
1000026578,CORGADOR,0.51,8666661913565,visible,BOLA CORCHO,1,91356-2,1000026578.jpg
1000026579,CORGADOR,0.51,8666661913565,visible,BOLA CORCHO,1,91356-3,1000026579.jpg
1000026580,CORGADOR,0.51,8666661913565,visible,BOLA CORCHO,1,91356-4,1000026580.jpg
1000026581,CORGADOR,0.51,8666661913565,visible,BOLA CORCHO,1,91356-5,1000026581.jpg
1000026582,CORGADOR,0.51,8666661913565,visible,BOLA CORCHO,1,91356-6,1000026582.jpg
1000026583,CORGADOR,0.51,8666661913565,visible,BOLA CORCHO,1,91356-7,1000026583.jpg
1000026584,CORGADOR,0.51,8666661913565,visible,BOLA CORCHO,1,91356-8,1000026584.jpg
1000026585,CORGADOR,0.51,8666661913565,visible,BOLA CORCHO,1,91356-9,1000026585.jpg
1000026577,CORGADOR,0.51,8666661913565,visible,BOLA CORCHO,1,91356-10,1000026577.jpg
1000026586,CORGADOR ,0.61,8666661913572,visible,BOLA CORCHO,1,91358-1,1000026586.jpg
1000026588,CORGADOR ,0.61,8666661913589,visible,BOLA CORCHO,1,91358-2,1000026588.jpg
1000026589,CORGADOR,0.61,8666661913589,visible,BOLA CORCHO,1,91358-3,1000026589.jpg
1000026590,CORGADOR,0.61,8666661913589,visible,BOLA CORCHO,1,91358-4,1000026590.jpg
1000026591,CORGADOR ,0.61,8666661913589,visible,BOLA CORCHO,1,91358-5,1000026591.jpg
1000026592,CORGADOR ,0.61,8666661913589,visible,BOLA CORCHO,1,91358-6,1000026592.jpg
1000026593,CORGADOR ,0.61,8666661913589,visible,BOLA CORCHO,1,91358-7,1000026593.jpg
1000026594,CORGADOR,0.61,8666661913589,visible,BOLA CORCHO,1,91358-8,1000026594.jpg
1000026595,CORGADOR,0.61,8666661913589,visible,BOLA CORCHO,1,91358-9,1000026595.jpg
1000026587,CORGADOR,0.61,8666661913589,visible,BOLA CORCHO,1,91358-10,1000026587.jpg
1000026596,CORGADOR ,0.68,8666661913596,visible,BOLA CORCHO,1,91359-1,1000026596.jpg
1000026597,CORGADOR,0.68,8666661913596,visible,BOLA CORCHO,1,91359-2,1000026597.jpg
1000026598,CORGADOR ,0.68,8666661913596,visible,BOLA CORCHO,1,91359-3,1000026598.jpg
1000026599,CORGADOR ,0.68,8666661913596,visible,BOLA CORCHO,1,91359-4,1000026599.jpg
1000026600,CORGADOR ,0.68,8666661913596,visible,BOLA CORCHO,1,91359-5,1000026600.jpg
1000026601,CORGADOR ,0.68,8666661913596,visible,BOLA CORCHO,1,91359-6,1000026601.jpg
1000026602,CORGADOR ,0.68,8666661913596,visible,BOLA CORCHO,1,91359-7,1000026602.jpg
1000026603,CORGADOR ,0.68,8666661913596,visible,BOLA CORCHO,1,91359-8,1000026603.jpg
1000026604,CORGADOR,0.57,8666661913602,visible,BOLA CORCHO,1,91360-1,1000026604.jpg
1000026605,CORGADOR,0.57,8666661913602,visible,BOLA CORCHO,1,91360-2,1000026605.jpg
1000026606,CORGADOR,0.57,8666661913602,visible,BOLA CORCHO,1,91360-3,1000026606.jpg
1000026607,CORGADOR,0.57,8666661913602,visible,BOLA CORCHO,1,91360-4,1000026607.jpg
1000026608,CORGADOR,0.41,8666661913619,visible,BOLA CORCHO,1,91361-1,1000026608.jpg
1000026609,CORGADOR,0.41,8666661913619,visible,BOLA CORCHO,1,91361-2,1000026609.jpg
1000026610,CORGADOR,0.41,8666661913619,visible,BOLA CORCHO,1,91361-3,1000026610.jpg
1000026611,CORGADOR,0.41,8666661913619,visible,BOLA CORCHO,1,91361-4,1000026611.jpg
1000026612,CORGADOR,0.6,8666661913626,visible,BOLA CORCHO,1,91362-1,1000026612.jpg
1000026613,CORGADOR,0.6,8666661913626,visible,BOLA CORCHO,1,91362-2,1000026613.jpg
1000026614,CORGADOR,0.6,8666661913626,visible,BOLA CORCHO,1,91362-3,1000026614.jpg
1000026615,CORGADOR,0.6,8666661913626,visible,BOLA CORCHO,1,91362-4,1000026615.jpg
1000026616,CORGADOR,0.51,8666661913633,visible,BOLA CORCHO,1,91363-1,1000026616.jpg
1000026617,CORGADOR,0.51,8666661913633,visible,BOLA CORCHO,1,91363-2,1000026617.jpg
1000026618,CORGADOR,0.51,8666661913633,visible,BOLA CORCHO,1,91363-3,1000026618.jpg
1000026619,CORGADOR,0.51,8666661913633,visible,BOLA CORCHO,1,91363-4,1000026619.jpg
1000026620,CORGADOR,0.51,8666661913633,visible,BOLA CORCHO,1,91363-5,1000026620.jpg
1000026621,CORGADOR,0.51,8666661913633,visible,BOLA CORCHO,1,91363-6,1000026621.jpg
1000026622,CORGADOR,0.51,8666661913633,visible,BOLA CORCHO,1,91363-7,1000026622.jpg
1000026623,CORGADOR,0.51,8666661913640,visible,BOLA CORCHO,1,91364-1,1000026623.jpg
1000026624,CORGADOR,0.51,8666661913640,visible,BOLA CORCHO,1,91364-2,1000026624.jpg
1000026625,CORGADOR,0.51,8666661913640,visible,BOLA CORCHO,1,91364-3,1000026625.jpg
1000026626,CORGADOR,0.51,8666661913640,visible,BOLA CORCHO,1,91364-4,1000026626.jpg
1000026627,CORGADOR,0.51,8666661913640,visible,BOLA CORCHO,1,91364-5,1000026627.jpg
1000026628,CORGADOR,0.51,8666661913640,visible,BOLA CORCHO,1,91364-6,1000026628.jpg
1000026629,CORGADOR,0.51,8666661913640,visible,BOLA CORCHO,1,91364-7,1000026629.jpg
1000026630,CORGADOR,0.57,8666661913657,visible,BOLA CORCHO,1,91365-1,1000026630.jpg
1000026631,CORGADOR,0.57,8666661913657,visible,BOLA CORCHO,1,91365-2,1000026631.jpg
1000026632,CORGADOR,0.57,8666661913657,visible,BOLA CORCHO,1,91365-3,1000026632.jpg
1000026633,CORGADOR,0.57,8666661913657,visible,BOLA CORCHO,1,91365-4,1000026633.jpg
1000026717,,0.57,8666661913664,visible,BOLA CORCHO,1,91366-1,1000026717.jpg
1000026718,,0.57,8666661913664,visible,BOLA CORCHO,1,91366-2,1000026718.jpg
1000026719,,0.57,8666661913664,visible,BOLA CORCHO,1,91366-3,1000026719.jpg
1000026720,,0.57,866666191364,visible,BOLA CORCHO,1,91366-4,1000026720.jpg
1000026634,CORGADOR ,0.68,8666661913671,visible,BOLA CORCHO,1,91367-1,1000026634.jpg
1000026636,CORGADOR,0.89,8666661913688,visible,BOLA CORCHO,1,91368-1,1000026636.jpg
1000026637,CORGADOR,0.89,8666661913688,visible,BOLA CORCHO,1,91368-2,1000026637.jpg
1000026638,CORGADOR,0.93,8666661913695,visible,BOLA CORCHO,1,91369,1000026638.jpg
