artId,namees,precio,bianhao,Visibilidad en el cat?ogo,categoria,Publicado,usercode,imageUrl
1000009874,PLUMA Y PAPEL EN ROLLO,0.3,8666661105373,visible,ROLLO DE COLOR,1,10537,https://img-eu-2.freex.es/img/071/1000009874/1024x1024/4eb54d2cf587353aaeeab047f3225288
1000009830,ROLLOS DE COLOR,0.41,8666661105311,visible,ROLLO DE COLOR,1,10531,https://img-eu-2.freex.es/img/071/1000009830/1024x1024/49b09a9c74f752076c3a6adce7d214d2
1000009831,ROLLOS DE COLOR,0.41,8666661105311,visible,ROLLO DE COLOR,1,10531-1,https://img-eu-2.freex.es/img/071/1000009831/1024x1024/4811126c7f9d0909604abfa3ba59322b
1000009840,ROLLOS DE COLOR,0.41,8666661105311,visible,ROLLO DE COLOR,1,10531-2,https://img-eu-2.freex.es/img/071/1000009840/1024x1024/156384f17a0eeb5ba2f71912ad31289b
1000009832,ROLLOS DE COLOR,0.41,8666661105311,visible,ROLLO DE COLOR,1,10531-3,https://img-eu-2.freex.es/img/071/1000009832/1024x1024/a71506b7db760dd06a1ccb44ff5711d4
1000009833,ROLLOS DE COLOR,0.41,8666661105311,visible,ROLLO DE COLOR,1,10531-4,https://img-eu-2.freex.es/img/071/1000009833/1024x1024/36e8a8248cd0219919ea7e1bb41b5e06
1000009841,ROLLOS DE COLOR,0.41,8666661105311,visible,ROLLO DE COLOR,1,10531-5,https://img-eu-2.freex.es/img/071/1000009841/1024x1024/746b9f2ca349efc3325a0314112549cb
1000009834,ROLLOS DE COLOR,0.41,8666661105311,visible,ROLLO DE COLOR,1,10531-6,https://img-eu-2.freex.es/img/071/1000009834/1024x1024/3f04978f39b9fa57038bfcca2856af49
1000009835,ROLLOS DE COLOR,0.41,8666661105311,visible,ROLLO DE COLOR,1,10531-7,https://img-eu-2.freex.es/img/071/1000009835/1024x1024/d4e38caf074e8acf2c567aa2796c4003
1000009842,ROLLOS DE COLOR,0.41,8666661105311,visible,ROLLO DE COLOR,1,10531-8,https://img-eu-2.freex.es/img/071/1000009842/1024x1024/98603739fc55acb303132df01bf8f7fe
1000009836,ROLLOS DE COLOR,0.41,8666661105311,visible,ROLLO DE COLOR,1,10531-9,https://img-eu-2.freex.es/img/071/1000009836/1024x1024/1bff13481d3bca387a1f49fff8b01d9e
1000009837,ROLLOS DE COLOR,0.41,8666661105311,visible,ROLLO DE COLOR,1,10531-10,https://img-eu-2.freex.es/img/071/1000009837/1024x1024/36e3900a6b0204adc1adaf5e4cb3edad
1000009838,ROLLOS DE COLOR,0.41,8666661105311,visible,ROLLO DE COLOR,1,10531-11,https://img-eu-2.freex.es/img/071/1000009838/1024x1024/cb5a8191f98a93d4d0a1a18c3069c29c
1000009839,ROLLOS DE COLOR,0.41,8666661105311,visible,ROLLO DE COLOR,1,10531-12,https://img-eu-2.freex.es/img/071/1000009839/1024x1024/11a3dbb80698ce5fcb489a12ad6a4b5b
1000009843,ROLLOS DE COLOR,0.41,8666661105311,visible,ROLLO DE COLOR,1,10531-13,https://img-eu-2.freex.es/img/071/1000009843/1024x1024/c777500d260115eaefe9d95b20f0f367
1000009844,ROLLOS DE COLOR,0.47,8666661105328,visible,ROLLO DE COLOR,1,10532,https://img-eu-2.freex.es/img/071/1000009844/1024x1024/78be0a81bc0e657e21b8e97f90a47927
1000009845,ROLLOS DE COLOR,0.47,8666661105328,visible,ROLLO DE COLOR,1,10532-1,https://img-eu-2.freex.es/img/071/1000009845/1024x1024/6c5e0f21a20fe51d67d6d4b90a0c00fc
1000009846,ROLLOS DE COLOR,0.47,8666661105328,visible,ROLLO DE COLOR,1,10532-2,https://img-eu-2.freex.es/img/071/1000009846/1024x1024/46b6e6718eda7b753cc921235f24d5b8
1000009847,ROLLOS DE COLOR,0.47,8666661105328,visible,ROLLO DE COLOR,1,10532-3,https://img-eu-2.freex.es/img/071/1000009847/1024x1024/15a6d4fa05ce4e01a9c84b32687749ad
1000009848,ROLLOS DE COLOR,0.47,8666661105328,visible,ROLLO DE COLOR,1,10532-4,https://img-eu-2.freex.es/img/071/1000009848/1024x1024/bd8d5ecf27f50cd74a1768396ce467b0
1000009849,ROLLOS DE COLOR,0.47,8666661105328,visible,ROLLO DE COLOR,1,10532-5,https://img-eu-2.freex.es/img/071/1000009849/1024x1024/4ffdc4324ee46a61364c64ea33063145
1000009850,ROLLOS DE COLOR,0.47,8666661105328,visible,ROLLO DE COLOR,1,10532-6,https://img-eu-2.freex.es/img/071/1000009850/1024x1024/eeed79b29018e22c4d19dee572c93566
1000009851,ROLLOS DE COLOR,0.47,8666661105328,visible,ROLLO DE COLOR,1,10532-7,https://img-eu-2.freex.es/img/071/1000009851/1024x1024/9a25c2ca3d2349050302507f4a84f539
1000009852,ROLLOS DE COLOR,0.47,8666661105328,visible,ROLLO DE COLOR,1,10532-8,https://img-eu-2.freex.es/img/071/1000009852/1024x1024/aa7b7b0145db932c75700753368e2a31
1000009853,ROLLOS DE COLOR,0.47,8666661105328,visible,ROLLO DE COLOR,1,10532-9,https://img-eu-2.freex.es/img/071/1000009853/1024x1024/2c614b255275815e676eb339df43401d
1000009854,ROLLOS DE COLOR,0.47,8666661105328,visible,ROLLO DE COLOR,1,10532-10,https://img-eu-2.freex.es/img/071/1000009854/1024x1024/ce7a076beca6c8b4f3c796c3fe131771
1000009855,ROLLOS DE COLOR,0.47,8666661105328,visible,ROLLO DE COLOR,1,10532-11,https://img-eu-2.freex.es/img/071/1000009855/1024x1024/f6f622fb8ea2e50f50178f604f437c11
1000009856,ROLLOS DE COLOR,0.47,8666661105328,visible,ROLLO DE COLOR,1,10532-12,https://img-eu-2.freex.es/img/071/1000009856/1024x1024/c15d10949866e65fbbf916340aeffe04
1000009857,ROLLOS DE COLOR,0.51,8666661105335,visible,ROLLO DE COLOR,1,10533,https://img-eu-2.freex.es/img/071/1000009857/1024x1024/0e448c625c34a3a82aac1cfcdfad5e27
1000009858,ROLLOS DE COLOR,0.51,8666661105335,visible,ROLLO DE COLOR,1,10533-1,https://img-eu-2.freex.es/img/071/1000009858/1024x1024/c9585302bae54403e0082ce7e5c3355f
1000009860,ROLLOS DE COLOR,0.51,8666661105335,visible,ROLLO DE COLOR,1,10533-2,https://img-eu-2.freex.es/img/071/1000009860/1024x1024/2ce2451b8d6c003723ee2b45886f9edb
1000009859,ROLLOS DE COLOR,0.51,8666661105335,visible,ROLLO DE COLOR,1,10533-3,https://img-eu-2.freex.es/img/071/1000009859/1024x1024/e11b2e2e8db166e6418e99deb7689a64
1000009861,ROLLOS DE COLOR,0.51,8666661105335,visible,ROLLO DE COLOR,1,10533-4,https://img-eu-2.freex.es/img/071/1000009861/1024x1024/0fb1d69def5116a436163f0abf04956b
1000009862,ROLLOS DE COLOR,0.51,8666661105335,visible,ROLLO DE COLOR,1,10533-5,https://img-eu-2.freex.es/img/071/1000009862/1024x1024/13e84eb42a0e399b63825339977e5f23
1000009863,ROLLOS DE COLOR,0.51,8666661105335,visible,ROLLO DE COLOR,1,10533-6,https://img-eu-2.freex.es/img/071/1000009863/1024x1024/d8ac015f2810d5f33fc8a5fe3408be20
1000009864,ROLLOS DE COLOR,0.51,8666661105335,visible,ROLLO DE COLOR,1,10533-7,https://img-eu-2.freex.es/img/071/1000009864/1024x1024/11c7a1c16c8a3b390f4fc380b7e5624d
1000009865,ROLLOS DE COLOR,0.51,8666661105335,visible,ROLLO DE COLOR,1,10533-8,https://img-eu-2.freex.es/img/071/1000009865/1024x1024/1bfc0b54fe81ec01a4530ffc0a36194d
1000009866,ROLLOS DE COLOR,0.51,8666661105335,visible,ROLLO DE COLOR,1,10533-9,https://img-eu-2.freex.es/img/071/1000009866/1024x1024/1595b961c952033396ba3991b805c503
1000009867,ROLLOS DE COLOR,0.51,8666661105335,visible,ROLLO DE COLOR,1,10533-10,https://img-eu-2.freex.es/img/071/1000009867/1024x1024/90afeb06b1a2fccf9bb7e7e0d5eca3a7
1000009868,ROLLOS DE COLOR,0.51,8666661105335,visible,ROLLO DE COLOR,1,10533-11,https://img-eu-2.freex.es/img/071/1000009868/1024x1024/bccb02b0b860f2672c970390180ae6ba
1000009869,ROLLOS DE COLOR,0.51,8666661105335,visible,ROLLO DE COLOR,1,10533-12,https://img-eu-2.freex.es/img/071/1000009869/1024x1024/4422b6079c4807d6d9f22adf87067552
1000009870,ROLLOS DE COLOR,0.51,8666661105335,visible,ROLLO DE COLOR,1,10533-14,https://img-eu-2.freex.es/img/071/1000009870/1024x1024/8bc367dee155f1a8feda97c5d2e7b6dc
1000044366,PAJARO CON PINZA,0.99,8666662030599,visible,ROLLO DE COLOR,1,203059,https://img-eu-2.freex.es/img/071/1000044366/1024x1024/92722f6506b043b3447f679725cc1849
1000044367,PAJARO CON PINZA,1.1,8666662030605,visible,ROLLO DE COLOR,1,203060,https://img-eu-2.freex.es/img/071/1000044367/1024x1024/a59f5bd39a16a795d4f04dc66c1664c4
1000044368,PAJARO CON PINZA,0.99,8666662030612,visible,ROLLO DE COLOR,1,203061,https://img-eu-2.freex.es/img/071/1000044368/1024x1024/9c6876c033904baa8c4347245dc712ac
1000044369,PAJARO CON PINZA,1.14,8666662030629,visible,ROLLO DE COLOR,1,203062,https://img-eu-2.freex.es/img/071/1000044369/1024x1024/005e3c96ba7d5335c61e732b46c20374
1000044370,PAJARO CON PINZA,0.89,8666662030636,visible,ROLLO DE COLOR,1,203063,https://img-eu-2.freex.es/img/071/1000044370/1024x1024/33bf2f78b8992ea6545f88651997cda1
1000044371,PAJARO CON PINZA,0.99,8666662030643,visible,ROLLO DE COLOR,1,203064,https://img-eu-2.freex.es/img/071/1000044371/1024x1024/d65fe898329aeae64d2edd97dd411a67
1000044372,PAJARO CON PINZA,0.99,8666662030650,visible,ROLLO DE COLOR,1,203065,https://img-eu-2.freex.es/img/071/1000044372/1024x1024/a8f57708441b0304c869c9cff9bde73a
1000044373,PAJARO CON PINZA,0.99,8666662030667,visible,ROLLO DE COLOR,1,203066,https://img-eu-2.freex.es/img/071/1000044373/1024x1024/35554f122153e0c69f4eb224924af5c9
1000044374,PAJARO CON PINZA,0.89,8666662030674,visible,ROLLO DE COLOR,1,203067,https://img-eu-2.freex.es/img/071/1000044374/1024x1024/cad5542b3fac047202e3e1f253821aaf
1000044375,PAJARO CON PINZA,0.99,8666662030681,visible,ROLLO DE COLOR,1,203068,https://img-eu-2.freex.es/img/071/1000044375/1024x1024/ca50e06a6cdfbcaa0d71ca5ecb50fcf8
1000044376,PAJARO CON PINZA,0.89,8666662030698,visible,ROLLO DE COLOR,1,203069,https://img-eu-2.freex.es/img/071/1000044376/1024x1024/1c922b7a43176d4448f1bd5a68c5768d
1000025239,PINZA DE MARIPOSA,1.2,8666661911295,visible,ROLLO DE COLOR,1,91129-1,https://img-eu-2.freex.es/img/071/1000025239/1024x1024/726950a7e01a73b5a49be0f8daf6c35b
1000025240,PINZA DE MARIPOSA,1.2,8666661911295,visible,ROLLO DE COLOR,1,91129-2,https://img-eu-2.freex.es/img/071/1000025240/1024x1024/b2b0f14dd4c2885950ba9aaa40ee8819
1000025241,PINZA DE MARIPOSA,1.2,8666661911295,visible,ROLLO DE COLOR,1,91129-3,https://img-eu-2.freex.es/img/071/1000025241/1024x1024/ced0b56a7e2c3e50301298adf320a669
1000025238,PINZA DE MARIPOSA,4.14,8666661911301,visible,ROLLO DE COLOR,1,91130-1,https://img-eu-2.freex.es/img/071/1000025238/1024x1024/52ccaad8ba9aff64c5af9a85b3efda7d
1000025242,PINZA DE MARIPOSA,4.14,8666661911301,visible,ROLLO DE COLOR,1,91130-2,https://img-eu-2.freex.es/img/071/1000025242/1024x1024/559e088b8befd8541e4999682b2026e0
1000025243,PINZA DE MARIPOSA,4.14,8666661911301,visible,ROLLO DE COLOR,1,91130-3,https://img-eu-2.freex.es/img/071/1000025243/1024x1024/22b3ca2dedf869933ecaf58378757087
1000021738,PINZA DE MAERA,0.6,8666661950171,visible,ROLLO DE COLOR,1,95017,https://img-eu-2.freex.es/img/071/1000021738/1024x1024/35c41a37a68470835ad6d9d6c5251499
1000021737,PINZA DE MADERA,0.6,8666661950164,visible,ROLLO DE COLOR,1,95016,https://img-eu-2.freex.es/img/071/1000021737/1024x1024/c01f0b4d43c66611c06bacc73ed861b4
1000021739,PINZA DE MAERA,0.6,8666661950188,visible,ROLLO DE COLOR,1,95018-1,https://img-eu-2.freex.es/img/071/1000021739/1024x1024/348012eae3e9e1961548e4e05f85247d
1000021736,PINZA DE MADERA,0.6,8666661950195,visible,ROLLO DE COLOR,1,95019,https://img-eu-2.freex.es/img/071/1000021736/1024x1024/c506d4e6f646a4178711af514daeaeb0
1000046558,"MINI PINZAS DE MADERA 2,5CM 50PC",0.65,8666662043209,visible,ROLLO DE COLOR,1,204320,https://img-eu-2.freex.es/img/071/1000046558/1024x1024/db98f045ddcf6d0c1d3c406fe6a709b3
1000046559,"MINI PINZAS DE MADERA 3,0CM 35PC",0.65,8666662043216,visible,ROLLO DE COLOR,1,204321,https://img-eu-2.freex.es/img/071/1000046559/1024x1024/d43055322bf22e2a315668dd87b36c6e
1000046560,"MINI PINZAS DE MADERA 3,5CM 25PC",0.65,8666662043223,visible,ROLLO DE COLOR,1,204322,https://img-eu-2.freex.es/img/071/1000046560/1024x1024/49eddcc337b5a9fa7fd45a2803f85a34
1000046561,"MINI PINZAS DE MADERA 4,8CM 20PC",0.65,8666662043230,visible,ROLLO DE COLOR,1,204323,https://img-eu-2.freex.es/img/071/1000046561/1024x1024/d712b714caec1376f6eaa0b2c764c953
1000020189,MINI PINZA DE MADERA,0.6,866666100075,visible,ROLLO DE COLOR,1,00075-4,https://img-eu-2.freex.es/img/071/1000020189/1024x1024/d712b714caec1376f6eaa0b2c764c953
1000024806,MINI PINZA ROJO,0.41,866666190567,visible,ROLLO DE COLOR,1,90567-1,https://img-eu-2.freex.es/img/071/1000024806/1024x1024/cb204a946ab47372f5b8a3ec35703e5b
1000025195,MINI PINZAS DE MADERA,0.41,8666661905683,visible,ROLLO DE COLOR,1,90568-1,https://img-eu-2.freex.es/img/071/1000025195/1024x1024/24cd8cd6a7788716243c523092a429b5
1000025201,MINI PINZAS DE MADERA,0.41,8666661905690,visible,ROLLO DE COLOR,1,90569-1,https://img-eu-2.freex.es/img/071/1000025201/1024x1024/fff9a753ca0a71f19fd432cd342d952b
1000025207,MINI PINZAS DE MADERA,0.41,8666661905706,visible,ROLLO DE COLOR,1,90570-1,https://img-eu-2.freex.es/img/071/1000025207/1024x1024/bc059ceea4b4ef2b164a62dd17a4d284
1000025158,MINI PINZAS DE MADERA,0.41,8666661905676,visible,ROLLO DE COLOR,1,90567-2,https://img-eu-2.freex.es/img/071/1000025158/1024x1024/c4034c8024733ae05b3012d075e40e52
1000025196,MINI PINZAS DE MADERA,0.41,8666661905683,visible,ROLLO DE COLOR,1,90568-2,https://img-eu-2.freex.es/img/071/1000025196/1024x1024/9ed3cbf025e88f167ebb0bef0ec02ec2
1000025202,MINI PINZAS DE MADERA,0.41,8666661905690,visible,ROLLO DE COLOR,1,90569-2,https://img-eu-2.freex.es/img/071/1000025202/1024x1024/f1c57ad057b4bfccd9922a3c6f5d6782
1000025208,MINI PINZAS DE MADERA,0.41,8666661905706,visible,ROLLO DE COLOR,1,90570-2,https://img-eu-2.freex.es/img/071/1000025208/1024x1024/ae2da20984648f9683d0550bf42bcc4b
1000025159,MINI PINZAS DE MADERA,0.41,8666661905676,visible,ROLLO DE COLOR,1,905678-3,https://img-eu-2.freex.es/img/071/1000025159/1024x1024/d4c1a2f135a2ec1489be85ab3d9979cc
1000025197,MINI PINZAS DE MADERA,0.41,8666661905683,visible,ROLLO DE COLOR,1,90568-3,https://img-eu-2.freex.es/img/071/1000025197/1024x1024/b598edd54dd48503e31d69794bbc50b6
1000025203,MINI PINZAS DE MADERA,0.41,8666661905690,visible,ROLLO DE COLOR,1,90569-3,https://img-eu-2.freex.es/img/071/1000025203/1024x1024/0536dd62e3dee9ea39e329df939720ab
1000025209,MINI PINZAS DE MADERA,0.41,8666661905706,visible,ROLLO DE COLOR,1,90570-3,https://img-eu-2.freex.es/img/071/1000025209/1024x1024/65fedeefdb8a26af8e71847f5fc521ce
1000025160,MINI PINZAS DE MADERA,0.41,8666661905676,visible,ROLLO DE COLOR,1,90567-4,https://img-eu-2.freex.es/img/071/1000025160/1024x1024/6837f5ffd5954004c7bb5f2f64bff419
1000025198,MINI PINZAS DE MADERA,0.41,8666661905683,visible,ROLLO DE COLOR,1,90568-4,https://img-eu-2.freex.es/img/071/1000025198/1024x1024/f35560b0fc2ac682b158402f6665df3c
1000025204,MINI PINZAS DE MADERA,0.41,8666661905690,visible,ROLLO DE COLOR,1,90569-4,https://img-eu-2.freex.es/img/071/1000025204/1024x1024/f4941f3f1bce2eb488e5a3ec94acb420
1000025210,MINI PINZAS DE MADERA,0.41,8666661905706,visible,ROLLO DE COLOR,1,90570-4,https://img-eu-2.freex.es/img/071/1000025210/1024x1024/976e574f99db46b71db834646748d4b2
1000025161,MINI PINZAS DE MADERA,0.41,8666661905676,visible,ROLLO DE COLOR,1,90567-5,https://img-eu-2.freex.es/img/071/1000025161/1024x1024/3820d8b36e28f035bb96dedb3a97a71b
1000025199,MINI PINZAS DE MADERA,0.41,8666661905683,visible,ROLLO DE COLOR,1,90568-5,https://img-eu-2.freex.es/img/071/1000025199/1024x1024/6271ec4d5a33ef73d81ab231a4be0ac7
1000025222,PINZA DE MADERA FUCIA,0.41,90569-5,visible,ROLLO DE COLOR,1,90569-5,https://img-eu-2.freex.es/img/071/1000025222/1024x1024/47409d13ee12c7f5f1ee62bda0da6549
1000025211,MINI PINZAS DE MADERA,0.41,8666661905706,visible,ROLLO DE COLOR,1,90570-5,https://img-eu-2.freex.es/img/071/1000025211/1024x1024/bad0c1bfb9296664aecb55b632c2669a
1000025162,MINI PINZAS DE MADERA,0.41,8666661905676,visible,ROLLO DE COLOR,1,90567-6,https://img-eu-2.freex.es/img/071/1000025162/1024x1024/a11e68de1023521a4fc100e97e5d767e
1000025200,MINI PINZAS DE MADERA,0.41,8666661905683,visible,ROLLO DE COLOR,1,90568-6,https://img-eu-2.freex.es/img/071/1000025200/1024x1024/aa8cf3856a28971778320a596afaf272
1000025205,MINI PINZAS DE MADERA,0.41,8666661905690,visible,ROLLO DE COLOR,1,90569-6,https://img-eu-2.freex.es/img/071/1000025205/1024x1024/7d4f15307d47b52d8715c77724f4de24
1000025212,MINI PINZAS DE MADERA,0.41,8666661905706,visible,ROLLO DE COLOR,1,90570-6,https://img-eu-2.freex.es/img/071/1000025212/1024x1024/3efff3ccc20625ec063686a657e2fc05
1000025163,PINZA DE MADERA NEGRO,0.41,8666661905676,visible,ROLLO DE COLOR,1,90567-7,https://img-eu-2.freex.es/img/071/1000025163/1024x1024/dd0e02fbc991180f45cec752b41dd6f8
1000025218,PINZA DE MADERA NEGRA,0.41,90568-7,visible,ROLLO DE COLOR,1,90568-7,https://img-eu-2.freex.es/img/071/1000025218/1024x1024/88bf64637fe0dcf35f7c9fdec50e6fb3
1000025206,MINI PINZAS DE MADERA,0.41,8666661905690,visible,ROLLO DE COLOR,1,90569-7,https://img-eu-2.freex.es/img/071/1000025206/1024x1024/986310dc06824ab21cb30184b9d45fe6
1000025226,PINZA DE MADERA NEGRA,0.41,90570-7,visible,ROLLO DE COLOR,1,90570-7,https://img-eu-2.freex.es/img/071/1000025226/1024x1024/cf6e099d38ad25f9e47f6fbce2e90483
1000025165,PINZA DE MADERA AZUL MARINO,0.41,866666cm1905676,visible,ROLLO DE COLOR,1,90567-8,https://img-eu-2.freex.es/img/071/1000025165/1024x1024/9a6bdfcc597d036e77d1ec70eb92c0f5
1000025219,PINZA DE MADERA AZUL MARINO,0.41,90568-8,visible,ROLLO DE COLOR,1,90568-8,https://img-eu-2.freex.es/img/071/1000025219/1024x1024/697c2c144d83ed1f7521b703765eb046
1000025223,PINZA DE MADERA AZUL MARINO,0.41,90569-8,visible,ROLLO DE COLOR,1,90569-8,https://img-eu-2.freex.es/img/071/1000025223/1024x1024/9f16843ffb9ce03c6142f53f4c17892a
1000025227,PINZA DE MADERA AZUL MARINO,0.41,90570-8,visible,ROLLO DE COLOR,1,90570-8,https://img-eu-2.freex.es/img/071/1000025227/1024x1024/6af24fec07039f930d5c3b4ec3ac8824
1000025166,PINZA DE MADERA ORO,0.41,8666661905676,visible,ROLLO DE COLOR,1,90567-9,https://img-eu-2.freex.es/img/071/1000025166/1024x1024/a0e5cdd4bd8dbcf078f5346ec661781e
1000025220,PINZA DE MADERA ORO,0.41,90568-9,visible,ROLLO DE COLOR,1,90568-9,https://img-eu-2.freex.es/img/071/1000025220/1024x1024/a9125488609bc8456e3dcde10e5d1de8
1000025224,PINZA DE MADERA ORO,0.41,90569-9,visible,ROLLO DE COLOR,1,90569-9,https://img-eu-2.freex.es/img/071/1000025224/1024x1024/a1b47ba1dd608f1ca5a99e6092b78474
1000025228,PINZA DE MADERA ORO,0.41,90570-9,visible,ROLLO DE COLOR,1,90570-9,https://img-eu-2.freex.es/img/071/1000025228/1024x1024/e5140c72fc2dcff043634b65ef9a736b
1000025164,PINZA DE MADERA PLATA,0.41,8666661905676,visible,ROLLO DE COLOR,1,90567-10,https://img-eu-2.freex.es/img/071/1000025164/1024x1024/a1c0fecda102b8f889a86ba8025c14a7
1000025217,PINZA DE MADERA PLATA,0.41,90568-10,visible,ROLLO DE COLOR,1,90568-10,https://img-eu-2.freex.es/img/071/1000025217/1024x1024/8ca3c57d76e0c3e6dfb94569bcb3f05c
1000025221,PINZA DE MADERA PLATA,0.41,90569-10,visible,ROLLO DE COLOR,1,90569-10,https://img-eu-2.freex.es/img/071/1000025221/1024x1024/0e79f13dbdf439f87231054f8a9e3aea
1000025225,PINZA DE MADERA PLATA,0.41,90570-10,visible,ROLLO DE COLOR,1,90570-10,https://img-eu-2.freex.es/img/071/1000025225/1024x1024/0bd6f067526432a5e2747c34f040d3fd
1000020205,,0.36,00076-23,visible,ROLLO DE COLOR,1,00076-23,https://img-eu-2.freex.es/img/071/1000020205/1024x1024/595efda1d14ecdf5a501ba52d3d18d57
1000020204,,0.36,00076-22,visible,ROLLO DE COLOR,1,00076-22,https://img-eu-2.freex.es/img/071/1000020204/1024x1024/4914182962678a413b04647a7ac381ec
1000020203,,0.36,00076-21,visible,ROLLO DE COLOR,1,00076-21,https://img-eu-2.freex.es/img/071/1000020203/1024x1024/283442256ee3df03fe6b0e8b9eef2d2e
1000010164,ACCESORIOS PARA COMUNION,0.51,8666661087266,visible,ROLLO DE COLOR,1,08726,https://img-eu-2.freex.es/img/071/1000010164/1024x1024/8782c530109eeb50f729452513c5cf8d
1000010163,ACCESORIOS PARA COMUNION,0.44,8666661087259,visible,ROLLO DE COLOR,1,08725,https://img-eu-2.freex.es/img/071/1000010163/1024x1024/c88d19df6ecad3d284f68f14cd640bb5
1000040104,PINZA DE MADERA,0,,visible,PINZA DE MADERA,1,??_20240418145403,https://img-eu-2.freex.es/img/071/1000040104/1024x1024/3f947e7e1600d9046a477cf97813f6f9
1000046905,PINZA DE PIZARRA,0.81,8666662042820,visible,PINZA DE MADERA,1,204282,https://img-eu-2.freex.es/img/071/1000046905/1024x1024/48ac00f4c4ee7eabd2e126d28776f193
1000046906,PINZA DE PIZARRA,1.26,8666662042837,visible,PINZA DE MADERA,1,204283,https://img-eu-2.freex.es/img/071/1000046906/1024x1024/810d83f798062e35b806ab499ab226da
1000046907,PINZA DE PIZARRA,1.83,8666662042844,visible,PINZA DE MADERA,1,204284,https://img-eu-2.freex.es/img/071/1000046907/1024x1024/7046e352506b5aeafd7fe154a21de775
1000046908,PINZA DE PIZARRA,0.66,8666662042851,visible,PINZA DE MADERA,1,204285,https://img-eu-2.freex.es/img/071/1000046908/1024x1024/9385a1c79bf898f18fb873217f6df129
1000046909,PINZA DE PIZARRA CASA,1.04,8666662042868,visible,PINZA DE MADERA,1,204286,https://img-eu-2.freex.es/img/071/1000046909/1024x1024/6787e77afb8187b35c56428e21e6a436
1000046910,PINZA DE PIZARRA ESTRELLA,1.04,8666662042875,visible,PINZA DE MADERA,1,204287,https://img-eu-2.freex.es/img/071/1000046910/1024x1024/55374616e8844242353b10915e64af48
1000046911,PINZA DE PIZARRA CORAZON,1.04,8666662042882,visible,PINZA DE MADERA,1,204288,https://img-eu-2.freex.es/img/071/1000046911/1024x1024/3270bddf782833178dfbf0b5a39f709a
1000046912,PINZA DE PIZARRA BORDE,1.04,8666662042899,visible,PINZA DE MADERA,1,204289,https://img-eu-2.freex.es/img/071/1000046912/1024x1024/61bd4894fcd3ba3e863d2e166349fc0e
1000046913,PINZA DE PIZARRA NUBE,1.04,8666662042905,visible,PINZA DE MADERA,1,204290,https://img-eu-2.freex.es/img/071/1000046913/1024x1024/aba3c95595e6db6129193dc823d4f45f
1000046914,PINZA DE PIZARRA CUADRADO,1.04,8666662042912,visible,PINZA DE MADERA,1,204291,https://img-eu-2.freex.es/img/071/1000046914/1024x1024/fd4851a5934ac8f5c075e60ca9c739f4
1000044529,PINZA DE MADERA ,0.61,8666662042363,visible,PINZA DE MADERA,1,204236,https://img-eu-2.freex.es/img/071/1000044529/1024x1024/d85a4faea33bb1c9d128959577360225
1000044530,PINZA DE MADERA ,0.61,8666662042370,visible,PINZA DE MADERA,1,204237,https://img-eu-2.freex.es/img/071/1000044530/1024x1024/bba033222aff4fcc0045dab776a5f4c7
1000044531,PINZA DE MADERA ,0.61,8666662042387,visible,PINZA DE MADERA,1,204238,https://img-eu-2.freex.es/img/071/1000044531/1024x1024/74cd0dff5950f97cd086aeb35a865742
1000044532,PINZA DE MADERA ,0.61,8666662042394,visible,PINZA DE MADERA,1,204239,https://img-eu-2.freex.es/img/071/1000044532/1024x1024/f8ff33c11c9fd547de02e95f07c1a8a0
1000044533,PINZA DE MADERA ,0.61,8666662042400,visible,PINZA DE MADERA,1,204240,https://img-eu-2.freex.es/img/071/1000044533/1024x1024/c8d185746dfc148278248cd8bdb6d75e
1000044534,PINZA DE MADERA ,0.61,8666662042417,visible,PINZA DE MADERA,1,204241,https://img-eu-2.freex.es/img/071/1000044534/1024x1024/e5ad5ce253c79bcfbd8157d45081a6a2
1000044535,PINZA DE MADERA ,0.61,8666662042424,visible,PINZA DE MADERA,1,204242,https://img-eu-2.freex.es/img/071/1000044535/1024x1024/c743daedfbc3565859bbefd8725d0a97
1000044536,PINZA DE MADERA ,0.61,8666662042431,visible,PINZA DE MADERA,1,204243,https://img-eu-2.freex.es/img/071/1000044536/1024x1024/dd193d0a0bd16576aa97dff4bcf0c2c3
1000044537,PINZA DE MADERA ,0.61,8666662042448,visible,PINZA DE MADERA,1,204244,https://img-eu-2.freex.es/img/071/1000044537/1024x1024/1148e228c3968b2d897247bb3567a90c
1000044538,PINZA DE MADERA ,0.61,8666662042455,visible,PINZA DE MADERA,1,204245,https://img-eu-2.freex.es/img/071/1000044538/1024x1024/e7a8ee6b68e49fde69220deeb487875a
1000044539,PINZA DE MADERA ,0.61,8666662042462,visible,PINZA DE MADERA,1,204246,https://img-eu-2.freex.es/img/071/1000044539/1024x1024/2c203b717b120664c157e3b0cbf615bd
1000044540,PINZA DE MADERA ,0.61,8666662042479,visible,PINZA DE MADERA,1,204247,https://img-eu-2.freex.es/img/071/1000044540/1024x1024/d13243d04c626660721e7f2aa50cd305
1000043266,PINZA DE MADERA,0.61,8666662057008,visible,PINZA DE MADERA,1,205700,https://img-eu-2.freex.es/img/071/1000043266/1024x1024/c530f42ffa587f3645c1e93084cddbf4
1000043267,PINZA DE MADERA,0.61,8666662057015,visible,PINZA DE MADERA,1,205701,https://img-eu-2.freex.es/img/071/1000043267/1024x1024/482fed83cb9582ff27546db6c4c83d18
1000043268,PINZA DE MADERA,0.61,8666662057022,visible,PINZA DE MADERA,1,205702,https://img-eu-2.freex.es/img/071/1000043268/1024x1024/88d4748fa564302e26cc64c36007ad99
1000043269,PINZA DE MADERA,0.61,8666662057039,visible,PINZA DE MADERA,1,205703,https://img-eu-2.freex.es/img/071/1000043269/1024x1024/f11e090c62e5773604c8d0c0e5f48f72
1000043270,PINZA DE MADERA,0.61,8666662057046,visible,PINZA DE MADERA,1,205704,https://img-eu-2.freex.es/img/071/1000043270/1024x1024/aec37901fe4af22cdb71c31b3f5666c6
1000043271,PINZA DE MADERA,0.61,8666662057053,visible,PINZA DE MADERA,1,205705,https://img-eu-2.freex.es/img/071/1000043271/1024x1024/79db9cecf43096ef2151c224bbe8c28b
1000043272,PINZA DE MADERA,0.61,8666662057060,visible,PINZA DE MADERA,1,205706,https://img-eu-2.freex.es/img/071/1000043272/1024x1024/d782bcf9deb871976742543f98538b73
1000043273,PINZA DE MADERA,0.61,8666662057077,visible,PINZA DE MADERA,1,205707,https://img-eu-2.freex.es/img/071/1000043273/1024x1024/0b18b6ce8f2ca9d0c0f820aa71fb59cd
1000043274,PINZA DE MADERA,0.61,8666662057084,visible,PINZA DE MADERA,1,205708,https://img-eu-2.freex.es/img/071/1000043274/1024x1024/f1824bba52c9ed056f73ccee14d8b0b2
1000043275,PINZA DE MADERA,0.61,8666662057091,visible,PINZA DE MADERA,1,205709,https://img-eu-2.freex.es/img/071/1000043275/1024x1024/8d5fb1a72db6945f8da0c4bfed8f907b
1000043276,PINZA DE MADERA,0.61,8666662057107,visible,PINZA DE MADERA,1,205710,https://img-eu-2.freex.es/img/071/1000043276/1024x1024/58becb15b30962b02cc30fdb4e782d68
1000043277,PINZA DE MADERA,0.61,8666662057114,visible,PINZA DE MADERA,1,205711,https://img-eu-2.freex.es/img/071/1000043277/1024x1024/658acb6ef183d18fa34ed4929929a257
1000043278,PINZA DE MADERA,0.61,8666662057121,visible,PINZA DE MADERA,1,205712,https://img-eu-2.freex.es/img/071/1000043278/1024x1024/bdcd03a40cb3f17136c6427af2ccdbbc
1000043279,PINZA DE MADERA,0.61,8666662057138,visible,PINZA DE MADERA,1,205713,https://img-eu-2.freex.es/img/071/1000043279/1024x1024/53596dcafff6fb2566fa0f94bb604d18
1000043280,PINZA DE MADERA,0.61,8666662057145,visible,PINZA DE MADERA,1,205714,https://img-eu-2.freex.es/img/071/1000043280/1024x1024/a8a0f6b41e8d06949aac1b7ac84ad0fe
1000043281,PINZA DE MADERA,0.61,8666662057152,visible,PINZA DE MADERA,1,205715,https://img-eu-2.freex.es/img/071/1000043281/1024x1024/62717c21779d6ddc60bd55ae07d45775
1000043282,PINZA DE MADERA,0.61,8666662057169,visible,PINZA DE MADERA,1,205716,https://img-eu-2.freex.es/img/071/1000043282/1024x1024/bdc9eb0b7594bfbaa42910301840c0a4
1000043283,PINZA DE MADERA,0.61,8666662057176,visible,PINZA DE MADERA,1,205717,https://img-eu-2.freex.es/img/071/1000043283/1024x1024/29b91e0cbf14bd853a4f70681b409b02
1000043284,PINZA DE MADERA,0.61,8666662057183,visible,PINZA DE MADERA,1,205718,https://img-eu-2.freex.es/img/071/1000043284/1024x1024/591a3262d7ce1257a45f8fffe348db7a
1000043285,PINZA DE MADERA,0.61,8666662057190,visible,PINZA DE MADERA,1,205719,https://img-eu-2.freex.es/img/071/1000043285/1024x1024/19d32b0d5305d50f83467bed745e02eb
1000043286,PINZA DE MADERA,0.68,8666662057206,visible,PINZA DE MADERA,1,205720,https://img-eu-2.freex.es/img/071/1000043286/1024x1024/fd67a5596b181bbd6ea19f27432c6a04
1000043287,PINZA DE MADERA,0.68,8666662057213,visible,PINZA DE MADERA,1,205721,https://img-eu-2.freex.es/img/071/1000043287/1024x1024/aab49503cd7b52a4d3e97d480214703d
1000043288,PINZA DE MADERA,0.68,8666662057220,visible,PINZA DE MADERA,1,205722,https://img-eu-2.freex.es/img/071/1000043288/1024x1024/f586e343069dd2ccb7d14c008b907d2c
1000043289,PINZA DE MADERA,0.68,8666662057237,visible,PINZA DE MADERA,1,205723,https://img-eu-2.freex.es/img/071/1000043289/1024x1024/8637c110ee13eacb439f83dbdab6d5c0
1000043290,PINZA DE MADERA,0.68,8666662057244,visible,PINZA DE MADERA,1,205724,https://img-eu-2.freex.es/img/071/1000043290/1024x1024/cc86f07267dafa8633d768ae4f9a828d
1000043291,PINZA DE MADERA,0.68,8666662057251,visible,PINZA DE MADERA,1,205725,https://img-eu-2.freex.es/img/071/1000043291/1024x1024/71b4c93b432725f592355c69880494f0
1000043292,PINZA DE MADERA,0.68,8666662057268,visible,PINZA DE MADERA,1,205726,https://img-eu-2.freex.es/img/071/1000043292/1024x1024/ec875bd05f5b1a2114d514cb0c07c055
1000043293,PINZA DE MADERA,0.68,8666662057275,visible,PINZA DE MADERA,1,205727,https://img-eu-2.freex.es/img/071/1000043293/1024x1024/504a46df7963e4bcf1d6a51223c0341c
1000043294,PINZA DE MADERA,0.68,8666662057282,visible,PINZA DE MADERA,1,205728,https://img-eu-2.freex.es/img/071/1000043294/1024x1024/d002ba402524bec15519cccb09775434
1000043295,PINZA DE MADERA,0.68,8666662057299,visible,PINZA DE MADERA,1,205729,https://img-eu-2.freex.es/img/071/1000043295/1024x1024/3728c65eb278348eab566ccea40fbd5c
1000046460,POLIPROPILENO PLASTONDA A3(297*420mm),0.81,8666662103415,visible,PINZA DE MADERA,1,210341,https://img-eu-2.freex.es/img/071/1000046460/1024x1024/20662389b151e740004fbbae2598813a
1000046461,POLIPROPILENO PLASTONDA A4(210*297mm),0.51,8666662103422,visible,PINZA DE MADERA,1,210342,https://img-eu-2.freex.es/img/071/1000046461/1024x1024/7755b77e14ec3815e20cbd259ccca063
1000046462,POLIPROPILENO PLASTONDA 3*200*300mm,0.51,8666662103439,visible,PINZA DE MADERA,1,210343,https://img-eu-2.freex.es/img/071/1000046462/1024x1024/adc0a790e940d9a2cd6afbbccd19d85a
1000046463,POLIPROPILENO PLASTONDA 3*300*400mm,0.81,8666662103446,visible,PINZA DE MADERA,1,210344,https://img-eu-2.freex.es/img/071/1000046463/1024x1024/6d4a6721a671e56637f94967306ebfa6
1000046464,POLIPROPILENO PLASTONDA 3*400*500mm,1.35,8666662103453,visible,PINZA DE MADERA,1,210345,https://img-eu-2.freex.es/img/071/1000046464/1024x1024/eb38df036b618bc91a82e070e211d0a1
1000046465,POLIPROPILENO PLASTONDA 3*400*600mm,1.52,8666662103460,visible,PINZA DE MADERA,1,210346,https://img-eu-2.freex.es/img/071/1000046465/1024x1024/0430083de1fc1a46bf1e7b504a7f1257
1000046466,POLIPROPILENO PLASTONDA 3*500*700mm,2.09,8666662103477,visible,PINZA DE MADERA,1,210347,https://img-eu-2.freex.es/img/071/1000046466/1024x1024/811e9f539f69be4c5cad9eec21d712e0
1000046467,POLIPROPILENO PLASTONDA 3*600*900mm,3.09,8666662103484,visible,PINZA DE MADERA,1,210348,https://img-eu-2.freex.es/img/071/1000046467/1024x1024/86e880d0730f2d2b373c0f4609e84d63
1000046292,[40216] CARTON PLUMA A4 NEGRO,0.5,8435621402162,visible,PINZA DE MADERA,1,402162,https://img-eu-2.freex.es/img/071/1000046292/1024x1024/904920e2563f1a9b9ae26e9258c49cdb
1000046294,[40220] CARTON PLUMA A3 NEGRO,0.99,8435621402209,visible,PINZA DE MADERA,1,402209,https://img-eu-2.freex.es/img/071/1000046294/1024x1024/a3e183570d5f77aa711e79df1ff80a32
1000046299,[43495] CARTON PLUMA 40X60 NEGRO,1.2,8435621434958,visible,PINZA DE MADERA,1,434958,https://img-eu-2.freex.es/img/071/1000046299/1024x1024/22c0eb2fa3799064e13451c75008505e
1000046296,[40224] CARTON PLUMA 50X70CM NEGRO,1.67,8435621402247,visible,PINZA DE MADERA,1,402247,https://img-eu-2.freex.es/img/071/1000046296/1024x1024/23c755638d8d12ca8cc340e750198c73
1000046301,[43499] CARTON PLUMA 60X90 NEGRO,2.57,8435621434996,visible,PINZA DE MADERA,1,434996,https://img-eu-2.freex.es/img/071/1000046301/1024x1024/70378db5f37b0b3564e4470eff37e09a
1000046298,[43493] CARTON PLUMA 40X60 BLANCO,1.06,8435621434934,visible,PINZA DE MADERA,1,434934,https://img-eu-2.freex.es/img/071/1000046298/1024x1024/227781901c3f2147fa01db7a29a5a96f
1000046295,[40222] CARTON PLUMA 50X70CM BLANCO,1.42,8435621402223,visible,PINZA DE MADERA,1,402223,https://img-eu-2.freex.es/img/071/1000046295/1024x1024/f7e3dc949769d74bb808aa5bc6493966
1000046300,[43497] CARTON PLUMA 60X90 BLANCO,2.29,8435621434972,visible,PINZA DE MADERA,1,434972,https://img-eu-2.freex.es/img/071/1000046300/1024x1024/f1f604045d734a066790880c8ac030cc
1000043958,POLIESTIRENO PLACA DE VIDRIO SINT?ICO,0.39,8666662100315,visible,PINZA DE MADERA,1,210031,https://img-eu-2.freex.es/img/071/1000043958/1024x1024/5a749da395a362fd1597f33671e09850
1000043959,POLIESTIRENO PLACA DE VIDRIO SINT?ICO,0.45,8666662100322,visible,PINZA DE MADERA,1,210032,https://img-eu-2.freex.es/img/071/1000043959/1024x1024/c0626feea547384c1010cd0842aa952c
1000043960,POLIESTIRENO PLACA DE VIDRIO SINT?ICO,0.5,8666662100339,visible,PINZA DE MADERA,1,210033,https://img-eu-2.freex.es/img/071/1000043960/1024x1024/ddfce67559b20e408d8aef37e36191ef
1000043961,POLIESTIRENO PLACA DE VIDRIO SINT?ICO,0.55,8666662100346,visible,PINZA DE MADERA,1,210034,https://img-eu-2.freex.es/img/071/1000043961/1024x1024/ad6261bc1083886ce07ed735a071eb09
1000043962,POLIESTIRENO PLACA DE VIDRIO SINT?ICO,0.59,8666662100353,visible,PINZA DE MADERA,1,210035,https://img-eu-2.freex.es/img/071/1000043962/1024x1024/7fc8915b504d111bd20fd56420528d24
1000043963,POLIESTIRENO PLACA DE VIDRIO SINT?ICO,0.93,8666662100360,visible,PINZA DE MADERA,1,210036,https://img-eu-2.freex.es/img/071/1000043963/1024x1024/6164386e9dde15e2424fec2d1f9b4b2c
1000043964,POLIESTIRENO PLACA DE VIDRIO SINT?ICO,1.18,8666662100377,visible,PINZA DE MADERA,1,210037,https://img-eu-2.freex.es/img/071/1000043964/1024x1024/80fb75220efe77bc5dfe449f61c868d2
1000043965,POLIESTIRENO PLACA DE VIDRIO SINT?ICO,0.8,8666662100421,visible,PINZA DE MADERA,1,210042,https://img-eu-2.freex.es/img/071/1000043965/1024x1024/0b6807e459e66e55e96dda260e9113ab
1000043966,POLIESTIRENO PLACA DE VIDRIO SINT?ICO,1.12,8666662100438,visible,PINZA DE MADERA,1,210043,https://img-eu-2.freex.es/img/071/1000043966/1024x1024/0f666a2779e9531b964c5a1b75e5d344
1000043967,POLIESTIRENO PLACA DE VIDRIO SINT?ICO,1.77,8666662100445,visible,PINZA DE MADERA,1,210044,https://img-eu-2.freex.es/img/071/1000043967/1024x1024/ed484e1e7189db5237ae4d12a5913ede
1000043116,POLIESTIRENO PLACA DE VIDRIO SINT?TICO,0.45,8666662019037,visible,PINZA DE MADERA,1,201903,https://img-eu-2.freex.es/img/071/1000043116/1024x1024/70c89dfd5b7f24ffb8bf6d7e00a47071
1000043117,POLIESTIRENO PLACA DE VIDRIO SINT?TICO,0.49,8666662019044,visible,PINZA DE MADERA,1,201904-1,https://img-eu-2.freex.es/img/071/1000043117/1024x1024/c0c8d0ec6707d8a6cfbd56486812af5c
1000043118,POLIESTIRENO PLACA DE VIDRIO SINT?ICO,0.53,8666662019051,visible,PINZA DE MADERA,1,201905,https://img-eu-2.freex.es/img/071/1000043118/1024x1024/e286f8f50f3a60c2d442241e868f2182
1000043119,POLIESTIRENO PLACA DE VIDRIO SINT?TICO,0.6,8666662019068,visible,PINZA DE MADERA,1,201906,https://img-eu-2.freex.es/img/071/1000043119/1024x1024/41c307c01dbb887e4d205341f01bda1b
1000043120,POLIESTIRENO PLACA DE VIDRIO SINT?TICO,0.68,8666662019075,visible,PINZA DE MADERA,1,201907,https://img-eu-2.freex.es/img/071/1000043120/1024x1024/5909781fae0a56a7b7348f4164801b27
1000043121,POLIESTIRENO PLACA DE VIDRIO SINT?ICO,0.95,8666662019082,visible,PINZA DE MADERA,1,201908,https://img-eu-2.freex.es/img/071/1000043121/1024x1024/34c19041e295f8f847d092f8c63f2d22
1000043122,POLIESTIRENO PLACA DE VIDRIO SINT?TICO,1.14,8666662019099,visible,PINZA DE MADERA,1,201909,https://img-eu-2.freex.es/img/071/1000043122/1024x1024/78c068945379ec489d0db3f4cd7a211a
1000043123,POLIESTIRENO PLACA DE VIDRIO SINT?ICO,1.62,8666662019105,visible,PINZA DE MADERA,1,201910,https://img-eu-2.freex.es/img/071/1000043123/1024x1024/8a2208f2179c64d41f58e633be846b2e
1000043124,POLIESTIRENO PLACA DE VIDRIO SINT?TICO,2.25,8666662019112,visible,PINZA DE MADERA,1,201911-1,https://img-eu-2.freex.es/img/071/1000043124/1024x1024/954d831c24d3a68a113f924d58a002bd
1000043125,POLIESTIRENO PLACA DE VIDRIO SINT?TICO,2.88,8666662019129,visible,PINZA DE MADERA,1,201912,https://img-eu-2.freex.es/img/071/1000043125/1024x1024/69bdf5d972c9db7ba351ba4b200f482b
1000043126,POLIESTIRENO PLACA DE VIDRIO SINT?TICO,4.14,8666662019136,visible,PINZA DE MADERA,1,201913,https://img-eu-2.freex.es/img/071/1000043126/1024x1024/8dbc376a5e01e732509099fd49f79c07
1000043127,POLIESTIRENO PLACA DE VIDRIO SINT?TICO,0.95,8666662019143,visible,PINZA DE MADERA,1,201914,https://img-eu-2.freex.es/img/071/1000043127/1024x1024/5856c6a22789e465744d456c56bbf2a8
1000043128,POLIESTIRENO PLACA DE VIDRIO SINT?TICO,1.14,8666662019174,visible,PINZA DE MADERA,1,201917,https://img-eu-2.freex.es/img/071/1000043128/1024x1024/405b3c4afae63e60362711d6f5d137a2
1000043129,POLIESTIRENO PLACA DE VIDRIO SINT?TICO,2.36,8666662019181,visible,PINZA DE MADERA,1,201918,https://img-eu-2.freex.es/img/071/1000043129/1024x1024/91984b8b25b20dd2fa8d72b287955033
1000043130,POLIESTIRENO PLACA DE VIDRIO SINT?TICO,3.93,8666662019198,visible,PINZA DE MADERA,1,201919,https://img-eu-2.freex.es/img/071/1000043130/1024x1024/c50b488e35cdc8ef98c609541c3de12c
1000043131,POLIESTIRENO PLACA DE VIDRIO SINT?TICO,4.98,8666662019211,visible,PINZA DE MADERA,1,201921,https://img-eu-2.freex.es/img/071/1000043131/1024x1024/06095dad7cbed0cdf4144ef3c102fb08
1000043132,POLIESTIRENO PLACA DE VIDRIO SINT?TICO,6.03,8666662019228,visible,PINZA DE MADERA,1,201922,https://img-eu-2.freex.es/img/071/1000043132/1024x1024/e01360f9e83f20deae2a429c08aa9823
1000043133,POLIESTIRENO PLACA DE VIDRIO SINT?TICO,4.19,8666662019235,visible,PINZA DE MADERA,1,201923,https://img-eu-2.freex.es/img/071/1000043133/1024x1024/32e5d80d8204c1a62b2721860cd7ccb6
1000043134,POLIESTIRENO PLACA DE VIDRIO SINT?TICO,5.19,8666662019242,visible,PINZA DE MADERA,1,201924,https://img-eu-2.freex.es/img/071/1000043134/1024x1024/ce2aedf8a76cd6556c6034fb21c86992
1000043875,ABALORIOS,0.48,8666662007393,visible,PINZA DE MADERA,1,200739,https://img-eu-2.freex.es/img/071/1000043875/1024x1024/5a08682bb044d97afe83a1c78c899293
1000043876,ABALORIOS,0.48,8666662007409,visible,PINZA DE MADERA,1,200740,https://img-eu-2.freex.es/img/071/1000043876/1024x1024/30311d67c785d3beb18d19c465931696
1000043877,ABALORIOS,0.48,8666662007416,visible,PINZA DE MADERA,1,200741,https://img-eu-2.freex.es/img/071/1000043877/1024x1024/8c271dd0493b17284ed9f04d69b085d3
1000043878,ABALORIOS,0.48,8666662007423,visible,PINZA DE MADERA,1,200742,https://img-eu-2.freex.es/img/071/1000043878/1024x1024/59321b6cb47011a45f24dc9fb58bf1b4
1000043879,ABALORIOS,0.48,8666662007430,visible,PINZA DE MADERA,1,200743,https://img-eu-2.freex.es/img/071/1000043879/1024x1024/de2c168210f90397b36a261333ee2cad
1000043880,ABALORIOS,0.48,8666662007447,visible,PINZA DE MADERA,1,200744,https://img-eu-2.freex.es/img/071/1000043880/1024x1024/b03aad2fef38258201aec16f2a340805
1000043881,ABALORIOS,0.48,8666662007454,visible,PINZA DE MADERA,1,200745,https://img-eu-2.freex.es/img/071/1000043881/1024x1024/7faf477de8f16e24ec4998ea048ba6e2
1000043882,ABALORIOS,0.48,8666662007461,visible,PINZA DE MADERA,1,200746,https://img-eu-2.freex.es/img/071/1000043882/1024x1024/28d15124d57d2d8d3f01a4876c18ec03
1000043883,ABALORIOS,0.48,8666662007478,visible,PINZA DE MADERA,1,200747,https://img-eu-2.freex.es/img/071/1000043883/1024x1024/4c43980956a8d4cfbb886ab3c43bb8d8
1000043884,ABALORIOS,0.48,8666662007485,visible,PINZA DE MADERA,1,200748,https://img-eu-2.freex.es/img/071/1000043884/1024x1024/6b82f9026087b663483f83878e7afdac
1000043885,ABALORIOS,0.48,8666662007492,visible,PINZA DE MADERA,1,200749,https://img-eu-2.freex.es/img/071/1000043885/1024x1024/f5b884001ffdd9daf4627ae45e82bafa
1000043886,ABALORIOS,0.48,8666662007508,visible,PINZA DE MADERA,1,200750,https://img-eu-2.freex.es/img/071/1000043886/1024x1024/3b8e17e35c09c593f96154a8854f63af
1000043887,ABALORIOS,0.48,8666662007515,visible,PINZA DE MADERA,1,200751,https://img-eu-2.freex.es/img/071/1000043887/1024x1024/425b817a6849dd3bf10c5a9f7bd78e96
1000043888,ABALORIOS,0.48,8666662007522,visible,PINZA DE MADERA,1,200752,https://img-eu-2.freex.es/img/071/1000043888/1024x1024/15cb843ce9633dd79a4ca67791f42ecd
1000043889,ABALORIOS,0.48,8666662007539,visible,PINZA DE MADERA,1,200753,https://img-eu-2.freex.es/img/071/1000043889/1024x1024/cff1866017d2be9b102f33fa79adf3da
1000043890,ABALORIOS,0.48,8666662007546,visible,PINZA DE MADERA,1,200754,https://img-eu-2.freex.es/img/071/1000043890/1024x1024/e507cd01774d16e8c4a9a18e017c9f26
1000043891,ABALORIOS,0.48,8666662007553,visible,PINZA DE MADERA,1,200755,https://img-eu-2.freex.es/img/071/1000043891/1024x1024/fbcfaacf106228f1d0fcd4155ae17cf9
1000043892,ABALORIOS,0.48,8666662007560,visible,PINZA DE MADERA,1,200756,https://img-eu-2.freex.es/img/071/1000043892/1024x1024/01101b2f6ab11d8ca9672db68703fba9
1000043893,ABALORIOS,0.48,8666662007577,visible,PINZA DE MADERA,1,200757,https://img-eu-2.freex.es/img/071/1000043893/1024x1024/fddc559d20775da99a95b3490363c066
1000043894,ABALORIOS,0.48,8666662007584,visible,PINZA DE MADERA,1,200758,https://img-eu-2.freex.es/img/071/1000043894/1024x1024/871a15e143d817b3844ec72208c9fe8e
1000043895,ABALORIOS,0.48,8666662007591,visible,PINZA DE MADERA,1,200759,https://img-eu-2.freex.es/img/071/1000043895/1024x1024/dab9e449575be69ec442763a2de762bf
1000043860,ABALORIOS,0.48,8666662007119,visible,PINZA DE MADERA,1,200711,https://img-eu-2.freex.es/img/071/1000043860/1024x1024/455a96d6bf5b8d54c42bd1a0b17b8619
1000043861,ABALORIOS,0.48,8666662007126,visible,PINZA DE MADERA,1,200712-1,https://img-eu-2.freex.es/img/071/1000043861/1024x1024/2a857bc5202bb348569e3ceb355b20bd
1000043862,ABALORIOS,0.48,8666662007133,visible,PINZA DE MADERA,1,200713,https://img-eu-2.freex.es/img/071/1000043862/1024x1024/d5ad18a0dc61d68e1aa14190aad0a69f
1000043863,ABALORIOS,0.48,8666662007270,visible,PINZA DE MADERA,1,200727,https://img-eu-2.freex.es/img/071/1000043863/1024x1024/7add2bcec54de572b175919f85531d46
1000043864,ABALORIOS,0.48,8666662007287,visible,PINZA DE MADERA,1,200728,https://img-eu-2.freex.es/img/071/1000043864/1024x1024/cb1da4bb8f62cf771c774495ff8fdfac
1000043865,ABALORIOS,0.48,8666662007294,visible,PINZA DE MADERA,1,200729,https://img-eu-2.freex.es/img/071/1000043865/1024x1024/6b91ea6050a82adf798e7492ae7ccd34
1000043866,ABALORIOS,0.48,8666662007300,visible,PINZA DE MADERA,1,200730,https://img-eu-2.freex.es/img/071/1000043866/1024x1024/8072b67e3b163a456aacf1232aaef7a6
1000043867,ABALORIOS,0.48,8666662007317,visible,PINZA DE MADERA,1,200731,https://img-eu-2.freex.es/img/071/1000043867/1024x1024/1ccb50f39a300d32f705056cb14ef923
1000043868,ABALORIOS,0.48,8666662007324,visible,PINZA DE MADERA,1,200732,https://img-eu-2.freex.es/img/071/1000043868/1024x1024/c56b2cfc3b522abe6bf4173c4f5fd9a6
1000043869,ABALORIOS,0.48,8666662007331,visible,PINZA DE MADERA,1,200733,https://img-eu-2.freex.es/img/071/1000043869/1024x1024/65c120bccd755a86f0315f90040c6026
1000043870,ABALORIOS,0.48,8666662007348,visible,PINZA DE MADERA,1,200734,https://img-eu-2.freex.es/img/071/1000043870/1024x1024/2da213aa1c78282ecd95e8fdadb08762
1000043871,ABALORIOS,0.48,8666662007355,visible,PINZA DE MADERA,1,200735,https://img-eu-2.freex.es/img/071/1000043871/1024x1024/a6ab564737fa7c5463fcd25b5cf3c8b3
1000043872,ABALORIOS,0.48,8666662007362,visible,PINZA DE MADERA,1,200736,https://img-eu-2.freex.es/img/071/1000043872/1024x1024/8497d02b160ecd9b9dff7e1df91d4004
1000043873,ABALORIOS,0.48,8666662007379,visible,PINZA DE MADERA,1,200737,https://img-eu-2.freex.es/img/071/1000043873/1024x1024/c0ff08ca361638379090a09a48cbec43
1000043874,ABALORIOS,0.48,8666662007386,visible,PINZA DE MADERA,1,200738,https://img-eu-2.freex.es/img/071/1000043874/1024x1024/740724657700e73536a3e6ec89c18e3e
1000043917,ABALORIOS,0.48,8666662007812,visible,PINZA DE MADERA,1,200781-1,https://img-eu-2.freex.es/img/071/1000043917/1024x1024/ac1fd40a7420441881a5426bdc05f106
1000043918,ABALORIOS,0.48,8666662007829,visible,PINZA DE MADERA,1,200782,https://img-eu-2.freex.es/img/071/1000043918/1024x1024/7ff37d002744936723a6da010b57be0c
1000043919,ABALORIOS,0.48,8666662007836,visible,PINZA DE MADERA,1,200783,https://img-eu-2.freex.es/img/071/1000043919/1024x1024/cfcf1cc68c89c89dd335e72d24d169f1
1000043920,ABALORIOS,0.48,8666662007843,visible,PINZA DE MADERA,1,200784,https://img-eu-2.freex.es/img/071/1000043920/1024x1024/8045d44446f6d100215568689b90fc35
1000043921,ABALORIOS,0.48,8666662007850,visible,PINZA DE MADERA,1,200785,https://img-eu-2.freex.es/img/071/1000043921/1024x1024/ff9ace2fa30dfd9adf42218cdacc61ab
1000043922,ABALORIOS,0.48,8666662007867,visible,PINZA DE MADERA,1,200786,https://img-eu-2.freex.es/img/071/1000043922/1024x1024/35f77b6d915eac8edc86001cb0b7e1ef
1000043923,ABALORIOS,0.48,8666662007874,visible,PINZA DE MADERA,1,200787,https://img-eu-2.freex.es/img/071/1000043923/1024x1024/41628a8392317875fc388f6f70001151
1000043924,ABALORIOS,0.48,8666662007881,visible,PINZA DE MADERA,1,200788,https://img-eu-2.freex.es/img/071/1000043924/1024x1024/e81311fa9df59e70901ef6bacf6e1060
1000043925,ABALORIOS,0.48,8666662007898,visible,PINZA DE MADERA,1,200789,https://img-eu-2.freex.es/img/071/1000043925/1024x1024/ddab7a19caf7819956d4ead269950ddc
1000043926,ABALORIOS,0.48,8666662007904,visible,PINZA DE MADERA,1,200790,https://img-eu-2.freex.es/img/071/1000043926/1024x1024/4b46b55eccca444da43b4db17010fec8
1000043927,ABALORIOS,0.48,8666662007911,visible,PINZA DE MADERA,1,200791,https://img-eu-2.freex.es/img/071/1000043927/1024x1024/fac35224fb15de9fc74a501374a16f93
1000043928,ABALORIOS,0.48,8666662007928,visible,PINZA DE MADERA,1,200792,https://img-eu-2.freex.es/img/071/1000043928/1024x1024/b93c431f50a5f8b5418c6d71ceca5f7b
1000043929,ABALORIOS,0.48,8666662007935,visible,PINZA DE MADERA,1,200793,https://img-eu-2.freex.es/img/071/1000043929/1024x1024/447e02f6ab9785138929cdc6a24434e1
1000043930,ABALORIOS,0.48,8666662007942,visible,PINZA DE MADERA,1,200794,https://img-eu-2.freex.es/img/071/1000043930/1024x1024/9c263598809b91f588aa0355f6f18790
1000043931,ABALORIOS,0.48,8666662007959,visible,PINZA DE MADERA,1,200795-1,https://img-eu-2.freex.es/img/071/1000043931/1024x1024/77aff7e5546478bbe6127a46b0ead221
1000043896,ABALORIOS,0.48,8666662007607,visible,PINZA DE MADERA,1,200760,https://img-eu-2.freex.es/img/071/1000043896/1024x1024/171709c3f0a23e8a42a19361783044ee
1000043897,ABALORIOS,0.48,8666662007614,visible,PINZA DE MADERA,1,200761,https://img-eu-2.freex.es/img/071/1000043897/1024x1024/ed11c01a54c38b5cd3b4ebdd84b0280b
1000043898,ABALORIOS,0.48,8666662007621,visible,PINZA DE MADERA,1,200762,https://img-eu-2.freex.es/img/071/1000043898/1024x1024/2a6f2a4b266a2c7544e78c5d25b3bae6
1000043899,ABALORIOS,0.48,8666662007638,visible,PINZA DE MADERA,1,200763,https://img-eu-2.freex.es/img/071/1000043899/1024x1024/ae046105186347461edddc601b9628b4
1000043900,ABALORIOS,0.48,8666662007645,visible,PINZA DE MADERA,1,200764,https://img-eu-2.freex.es/img/071/1000043900/1024x1024/a6c5a2c710c6fab5df634e9d651e59ae
1000043901,ABALORIOS,0.48,8666662007652,visible,PINZA DE MADERA,1,200765,https://img-eu-2.freex.es/img/071/1000043901/1024x1024/c3100d2f746fe8e62c7a07a263ef4613
1000043902,ABALORIOS,0.48,8666662007669,visible,PINZA DE MADERA,1,200766,https://img-eu-2.freex.es/img/071/1000043902/1024x1024/5f8fd1d71904dc80d06e99fcc34e2e29
1000043903,ABALORIOS,0.48,8666662007676,visible,PINZA DE MADERA,1,200767,https://img-eu-2.freex.es/img/071/1000043903/1024x1024/c388d9dc3164a3ab33121bea7d2bd40b
1000043904,ABALORIOS,0.48,8666662007683,visible,PINZA DE MADERA,1,200768,https://img-eu-2.freex.es/img/071/1000043904/1024x1024/9a6241d2bc11c28900ff8241001205ca
1000043905,ABALORIOS,0.48,8666662007690,visible,PINZA DE MADERA,1,200769,https://img-eu-2.freex.es/img/071/1000043905/1024x1024/bc608d17d071dbf3e01f74428f5c4718
1000043906,ABALORIOS,0.48,8666662007706,visible,PINZA DE MADERA,1,200770,https://img-eu-2.freex.es/img/071/1000043906/1024x1024/54c05ac1b461bfd1329380c703fdf06b
1000043907,ABALORIOS,0.48,8666662007713,visible,PINZA DE MADERA,1,200771,https://img-eu-2.freex.es/img/071/1000043907/1024x1024/c809da8686494034168fecdda5f3e579
1000043908,ABALORIOS,0.48,8666662007720,visible,PINZA DE MADERA,1,200772,https://img-eu-2.freex.es/img/071/1000043908/1024x1024/255bdc69e46f4af60f142da9bb1f7e5b
1000043909,ABALORIOS,0.48,8666662007737,visible,PINZA DE MADERA,1,200773,https://img-eu-2.freex.es/img/071/1000043909/1024x1024/dc020099fcad91c47b4f34d49257f92a
1000043910,ABALORIOS,0.48,8666662007744,visible,PINZA DE MADERA,1,200774,https://img-eu-2.freex.es/img/071/1000043910/1024x1024/5e6e6bc816e31907f37e343de8830ae5
1000043911,ABALORIOS,0.48,8666662007751,visible,PINZA DE MADERA,1,200775,https://img-eu-2.freex.es/img/071/1000043911/1024x1024/a62860c229677631714a6ef5cefbff47
1000043912,ABALORIOS,0.48,8666662007768,visible,PINZA DE MADERA,1,200776,https://img-eu-2.freex.es/img/071/1000043912/1024x1024/c09fad8522c44b910fcdca5bc386103a
1000043913,ABALORIOS,0.48,8666662007775,visible,PINZA DE MADERA,1,200777,https://img-eu-2.freex.es/img/071/1000043913/1024x1024/9ec7136f18c9a2f3a2f70ac696b6b36d
1000043914,ABALORIOS,0.48,8666662007782,visible,PINZA DE MADERA,1,200778,https://img-eu-2.freex.es/img/071/1000043914/1024x1024/cc905e37f23d3330fe442317ea52a6f8
1000043915,ABALORIOS,0.48,8666662007799,visible,PINZA DE MADERA,1,200779,https://img-eu-2.freex.es/img/071/1000043915/1024x1024/12aa4018b22b7fdb954f5f5eec755526
1000043916,ABALORIOS,0.48,8666662007805,visible,PINZA DE MADERA,1,200780,https://img-eu-2.freex.es/img/071/1000043916/1024x1024/55ce31c2763155128bcaf4cabece100e
1000043932,ABALORIOS,0.48,8666662007966,visible,PINZA DE MADERA,1,200796,https://img-eu-2.freex.es/img/071/1000043932/1024x1024/3e9932dbab6bf2223e86a8046633cd76
1000043933,ABALORIOS,0.48,8666662007973,visible,PINZA DE MADERA,1,200797,https://img-eu-2.freex.es/img/071/1000043933/1024x1024/b5ea95229bcc76eee94daff08b662aad
1000043934,ABALORIOS,0.48,8666662007980,visible,PINZA DE MADERA,1,200798,https://img-eu-2.freex.es/img/071/1000043934/1024x1024/219af4f9296f3d24f19166a950a87425
1000043935,ABALORIOS,0.48,8666662007997,visible,PINZA DE MADERA,1,200799,https://img-eu-2.freex.es/img/071/1000043935/1024x1024/7f86aa5030205535880fa663ad1c256c
1000043936,ABALORIOS,0.48,8666662008000,visible,PINZA DE MADERA,1,200800,https://img-eu-2.freex.es/img/071/1000043936/1024x1024/1669e75beff121f047a6238b6c2c9500
1000043937,ABALORIOS,0.48,8666662008017,visible,PINZA DE MADERA,1,200801,https://img-eu-2.freex.es/img/071/1000043937/1024x1024/607583cb1ddceec934435166c85b33e2
1000043938,ABALORIOS,0.48,8666662008024,visible,PINZA DE MADERA,1,200802,https://img-eu-2.freex.es/img/071/1000043938/1024x1024/99bf2575f7208fe085513b2b97a5e89e
1000043939,ABALORIOS,0.48,8666662008031,visible,PINZA DE MADERA,1,200803,https://img-eu-2.freex.es/img/071/1000043939/1024x1024/c9d64603e34d6af34037ff4f7a646628
1000043941,ABALORIOS,0.48,8666662008055,visible,PINZA DE MADERA,1,200805,https://img-eu-2.freex.es/img/071/1000043941/1024x1024/33b5e43cd53354cb8c44160575b2c95d
1000043942,ABALORIOS,0.48,8666662008062,visible,PINZA DE MADERA,1,200806,https://img-eu-2.freex.es/img/071/1000043942/1024x1024/3203481aa057caa9f578f51ab86c812e
1000043944,ABALORIOS,0.48,8666662008086,visible,PINZA DE MADERA,1,200808,https://img-eu-2.freex.es/img/071/1000043944/1024x1024/244aea223f9a8208ea83e2567ae57736
1000043945,ABALORIOS,0.48,8666662008093,visible,PINZA DE MADERA,1,200809,https://img-eu-2.freex.es/img/071/1000043945/1024x1024/91e6363147ea1eb7714d70923eb03718
1000043946,ABALORIOS,0.48,8666662008109,visible,PINZA DE MADERA,1,200810,https://img-eu-2.freex.es/img/071/1000043946/1024x1024/b9a530e1a4e971fa5c2769b649f51b94
1000043947,ABALORIOS,0.48,8666662008116,visible,PINZA DE MADERA,1,200811,https://img-eu-2.freex.es/img/071/1000043947/1024x1024/f061d16957b5302eacf1f281b5d7a3e0
1000043948,ABALORIOS,0.48,8666662008123,visible,PINZA DE MADERA,1,200812,https://img-eu-2.freex.es/img/071/1000043948/1024x1024/682d5d3f811e13f804193f0ab8815b6e
1000043949,ABALORIOS,0.48,8666662008130,visible,PINZA DE MADERA,1,200813,https://img-eu-2.freex.es/img/071/1000043949/1024x1024/ceb875d2d05e4f2bcd748b62b07d9ca7
1000043950,ABALORIOS,0.48,8666662008147,visible,PINZA DE MADERA,1,200814,https://img-eu-2.freex.es/img/071/1000043950/1024x1024/ba84d4e54b622f4649999c53593802e6
1000043951,ABALORIOS,0.48,8666662008154,visible,PINZA DE MADERA,1,200815,https://img-eu-2.freex.es/img/071/1000043951/1024x1024/178305d0a4616a7bd064a185fcccf2bb
1000043952,ABALORIOS,0.48,8666662008161,visible,PINZA DE MADERA,1,200816,https://img-eu-2.freex.es/img/071/1000043952/1024x1024/bc7e4cb4b00ae474b8611819dcd66a91
1000043953,ABALORIOS,0.48,8666662008178,visible,PINZA DE MADERA,1,200817,https://img-eu-2.freex.es/img/071/1000043953/1024x1024/841169dd768c938138bf73116c9df732
1000043954,ABALORIOS,0.48,8666662008185,visible,PINZA DE MADERA,1,200818,https://img-eu-2.freex.es/img/071/1000043954/1024x1024/4d0af3008bf3fa9bb505cb1ae4e1fba0
1000043955,ABALORIOS,0.48,8666662008192,visible,PINZA DE MADERA,1,200819,https://img-eu-2.freex.es/img/071/1000043955/1024x1024/0f6ea8e334e91121c41d9911ae31ede5
1000043956,ABALORIOS,0.48,8666662008208,visible,PINZA DE MADERA,1,200820,https://img-eu-2.freex.es/img/071/1000043956/1024x1024/6447fe6d5fd065898a6957d4d87c5873
1000043957,ABALORIOS,0.48,8666662008215,visible,PINZA DE MADERA,1,200821,https://img-eu-2.freex.es/img/071/1000043957/1024x1024/2cbc9bc8652566c84f0a1344fb9b57b1
1000031889,,0,,visible,PINZA DE MADERA,1,????_20220615111043,https://img-eu-2.freex.es/img/071/1000031889/1024x1024/4959276ba808446e6c1aefd1e8f45894
1000043651,LETRA DE MADERA DE MANUALIDAD,0.61,8666662042110,visible,PINZA DE MADERA,1,204211,https://img-eu-2.freex.es/img/071/1000043651/1024x1024/bd9726c243a5d21a67041023e9bc9565
1000043652,LETRA DE MADERA DE MANUALIDAD,0.61,8666662042127,visible,PINZA DE MADERA,1,204212,https://img-eu-2.freex.es/img/071/1000043652/1024x1024/078ad700fdac0053adf1ae722de0f09e
1000043653,LETRA DE MADERA DE MANUALIDAD,0.61,8666662042134,visible,PINZA DE MADERA,1,204213,https://img-eu-2.freex.es/img/071/1000043653/1024x1024/2f6fa44d78e241046bc401726734ac35
1000022366,LETRA DE MADERA,1.62,8666661300006,visible,PINZA DE MADERA,1,30000-A,https://img-eu-2.freex.es/img/071/1000022366/1024x1024/b6afad3229e66ce77a6cf6e858477cd2
1000022367,LETRA DE MADERA,1.62,8666661300006,visible,PINZA DE MADERA,1,30000-B,https://img-eu-2.freex.es/img/071/1000022367/1024x1024/d23740aac7b6560ada8e5665a0860d6d
1000022368,LETRA DE MADERA,1.62,8666661300006,visible,PINZA DE MADERA,1,30000-C,https://img-eu-2.freex.es/img/071/1000022368/1024x1024/e2829cf33bd9f493300244ef3ee6b23e
1000022369,LETRA DE MADERA,1.62,8666661300006,visible,PINZA DE MADERA,1,30000-D,https://img-eu-2.freex.es/img/071/1000022369/1024x1024/b4e010d4fab760e7a572c011c5c22afb
1000022370,LETRA DE MADERA,1.62,8666661300006,visible,PINZA DE MADERA,1,30000-E,https://img-eu-2.freex.es/img/071/1000022370/1024x1024/7ce9b07d2fb2bdc16655d1995c994d44
1000022371,LETRA DE MADERA,1.62,8666661300006,visible,PINZA DE MADERA,1,30000-F,https://img-eu-2.freex.es/img/071/1000022371/1024x1024/de75ba7a0c01a3a542d4e808f9b228be
1000022372,LETRA DE MADERA,1.62,8666661300006,visible,PINZA DE MADERA,1,30000-G,https://img-eu-2.freex.es/img/071/1000022372/1024x1024/ce6b017108d36209c6e29157f503573c
1000022373,LETRA DE MADERA,1.62,8666661300006,visible,PINZA DE MADERA,1,30000-H,https://img-eu-2.freex.es/img/071/1000022373/1024x1024/35d970dfd1e9940d79cb2e83a9baae10
1000022374,LETRA DE MADERA,1.62,8666661300006,visible,PINZA DE MADERA,1,30000-I,https://img-eu-2.freex.es/img/071/1000022374/1024x1024/da00acd4e7fdcd1b145a7da916f2b77b
1000022375,LETRA DE MADERA,1.62,8666661300006,visible,PINZA DE MADERA,1,30000-J,https://img-eu-2.freex.es/img/071/1000022375/1024x1024/e94e949c11ba76014cfe3ed1a80e3fe1
1000022376,LETRA DE MADERA,1.62,8666661300006,visible,PINZA DE MADERA,1,30000-K,https://img-eu-2.freex.es/img/071/1000022376/1024x1024/e431ac49a04d532187d47f146b6795d6
1000022377,LETRA DE MADERA,1.62,8666661300006,visible,PINZA DE MADERA,1,30000-L,https://img-eu-2.freex.es/img/071/1000022377/1024x1024/33652095a3bde0abdd379724d463bc93
1000022378,LETRA DE MADERA,1.62,8666661300006,visible,PINZA DE MADERA,1,30000-M,https://img-eu-2.freex.es/img/071/1000022378/1024x1024/25861c7a23b9f043847639dca7e62152
1000022379,LETRA DE MADERA,1.62,8666661300006,visible,PINZA DE MADERA,1,30000-N,https://img-eu-2.freex.es/img/071/1000022379/1024x1024/9a41e25595c87eaa1860d53eaf06fd3a
1000022780,LETRA DE MADERA,1.62,8666661300006,visible,PINZA DE MADERA,1,30000-NN,https://img-eu-2.freex.es/img/071/1000022780/1024x1024/b0349c034e073218f1dad42ec5c36a70
1000022380,LETRA DE MADERA,1.62,8666661300006,visible,PINZA DE MADERA,1,30000-O,https://img-eu-2.freex.es/img/071/1000022380/1024x1024/87ba7bce5d6ccb361f1c5a3e8f57c40d
1000022381,LETRA DE MADERA,1.62,8666661300006,visible,PINZA DE MADERA,1,30000-P,https://img-eu-2.freex.es/img/071/1000022381/1024x1024/57f9b84ca270d49d18b251be8d63cd31
1000022382,LETRA DE MADERA,1.62,8666661300006,visible,PINZA DE MADERA,1,30000-Q,https://img-eu-2.freex.es/img/071/1000022382/1024x1024/d703b8f74e783ef33a6cf8da0e05df23
1000022383,LETRA DE MADERA,1.62,8666661300006,visible,PINZA DE MADERA,1,30000-R,https://img-eu-2.freex.es/img/071/1000022383/1024x1024/b5a014a311d1da6bf40bdc98d13978dd
1000022384,LETRA DE MADERA,1.62,8666661300006,visible,PINZA DE MADERA,1,30000-S,https://img-eu-2.freex.es/img/071/1000022384/1024x1024/327c32af4961a2edd1a2a08775265cd1
1000022385,LETRA DE MADERA,1.62,8666661300006,visible,PINZA DE MADERA,1,30000-T,https://img-eu-2.freex.es/img/071/1000022385/1024x1024/f16b759a5410ec713962961551251ef8
1000022386,LETRA DE MADERA,1.62,8666661300006,visible,PINZA DE MADERA,1,30000-U,https://img-eu-2.freex.es/img/071/1000022386/1024x1024/a1f4d6c99741c7d0cea55317c933b0c5
1000022387,LETRA DE MADERA,1.62,8666661300006,visible,PINZA DE MADERA,1,30000-V,https://img-eu-2.freex.es/img/071/1000022387/1024x1024/1c6d02efb7f6b5a55eee2c11479f9d55
1000022388,LETRA DE MADERA,1.62,8666661300006,visible,PINZA DE MADERA,1,30000-W,https://img-eu-2.freex.es/img/071/1000022388/1024x1024/e1012ef947c1ea75a19772efcdb87971
1000022389,LETRA DE MADERA,1.62,8666661300006,visible,PINZA DE MADERA,1,30000-X,https://img-eu-2.freex.es/img/071/1000022389/1024x1024/18d67c0d2051860d7a3822a89db6bfe2
1000022390,LETRA DE MADERA,1.62,8666661300006,visible,PINZA DE MADERA,1,30000-Y,https://img-eu-2.freex.es/img/071/1000022390/1024x1024/9ee07deebd9976a529685c71a192e5bd
1000022391,LETRA DE MADERA,1.62,8666661300006,visible,PINZA DE MADERA,1,30000-Z,https://img-eu-2.freex.es/img/071/1000022391/1024x1024/582c9f19ab92e44388f09750541eb411
1000022025,LETRA DE MADERA,0.47,8666661901951,visible,PINZA DE MADERA,1,90195-&,https://img-eu-2.freex.es/img/071/1000022025/1024x1024/6b1cffbfb438a4a581c7200963db76bd
1000022026,CORAZON DE MADERA,0.47,8666661901951,visible,PINZA DE MADERA,1,90195-1,https://img-eu-2.freex.es/img/071/1000022026/1024x1024/17c5997105a2c461ae36e2ac8bb9e8a1
1000022027,CORAZON DE MADERA,0.47,8666661901951,visible,PINZA DE MADERA,1,90195-2,https://img-eu-2.freex.es/img/071/1000022027/1024x1024/180d4e56e9cefa7a5fc1150362009143
1000022028,LETRA DE MADERA,0.47,8666661901951,visible,PINZA DE MADERA,1,90195-A,https://img-eu-2.freex.es/img/071/1000022028/1024x1024/20123f29ce086bcaf6ea431dda6d075c
1000022029,LETRA DE MADERA,0.47,8666661901951,visible,PINZA DE MADERA,1,90195-B,https://img-eu-2.freex.es/img/071/1000022029/1024x1024/a2ae12f01fd81d53d894122bb361ad70
1000022030,LETRA DE MADERA,0.47,8666661901951,visible,PINZA DE MADERA,1,90195-C,https://img-eu-2.freex.es/img/071/1000022030/1024x1024/edc56ef2562690d5058b3e0e67b86e5a
1000022031,LETRA DE MADERA,0.47,8666661901951,visible,PINZA DE MADERA,1,90195-D,https://img-eu-2.freex.es/img/071/1000022031/1024x1024/326d48d256d8b5e051a068a0840aaae5
1000022032,LETRA DE MADERA,0.47,8666661901951,visible,PINZA DE MADERA,1,90195-E,https://img-eu-2.freex.es/img/071/1000022032/1024x1024/8392b7da46198a0d313f1b5f0c09cb39
1000022033,LETRA DE MADERA,0.47,8666661901951,visible,PINZA DE MADERA,1,90195-F,https://img-eu-2.freex.es/img/071/1000022033/1024x1024/5e5db0a129ddd2a5889c6fe21d24a0d3
1000022034,LETRA DE MADERA,0.47,8666661901951,visible,PINZA DE MADERA,1,90195-G,https://img-eu-2.freex.es/img/071/1000022034/1024x1024/35270979178164461da3611e3b14c3ef
1000022035,LETRA DE MADERA,0.47,8666661901951,visible,PINZA DE MADERA,1,90195-H,https://img-eu-2.freex.es/img/071/1000022035/1024x1024/851dd54dd5a003428c93c383184da01b
1000022036,LETRA DE MADERA,0.47,8666661901951,visible,PINZA DE MADERA,1,90195-I,https://img-eu-2.freex.es/img/071/1000022036/1024x1024/448bb970293198463f5172f753ab1e75
1000022037,LETRA DE MADERA,0.47,8666661901951,visible,PINZA DE MADERA,1,90195-J,https://img-eu-2.freex.es/img/071/1000022037/1024x1024/06966f9f119a04821156c841ca6f0f6b
1000022038,LETRA DE MADERA,0.47,8666661901951,visible,PINZA DE MADERA,1,90195-K,https://img-eu-2.freex.es/img/071/1000022038/1024x1024/16615bd7263e9e482657d426cd6da5de
1000022039,LETRA DE MADERA,0.47,8666661901951,visible,PINZA DE MADERA,1,90195-L,https://img-eu-2.freex.es/img/071/1000022039/1024x1024/bf6203be2963e5eb05091b80ecb7f474
1000022040,LETRA DE MADERA,0.47,8666661901951,visible,PINZA DE MADERA,1,90195-M,https://img-eu-2.freex.es/img/071/1000022040/1024x1024/947ff678827fad5da6d37bde7c9a15c5
1000022041,LETRA DE MADERA,0.47,8666661901951,visible,PINZA DE MADERA,1,90195-N,https://img-eu-2.freex.es/img/071/1000022041/1024x1024/552bf0c0d1f767d60633f30c3d66b871
1000022042,LETRA DE MADERA ?,0.47,8666661901951,visible,PINZA DE MADERA,1,90195-NN,https://img-eu-2.freex.es/img/071/1000022042/1024x1024/d093b3f885a7c5c8a37c6ff382b30060
1000022043,LETRA DE MADERA,0.47,8666661901951,visible,PINZA DE MADERA,1,90195-O,https://img-eu-2.freex.es/img/071/1000022043/1024x1024/7702dcc87b8778704959cc7e32c3ab80
1000022044,LETRA DE MADERA,0.47,8666661901951,visible,PINZA DE MADERA,1,90195-P,https://img-eu-2.freex.es/img/071/1000022044/1024x1024/64e87e224a62c3fcf72427fffe68857a
1000022045,LETRA DE MADERA,0.47,8666661901951,visible,PINZA DE MADERA,1,90195-Q,https://img-eu-2.freex.es/img/071/1000022045/1024x1024/83f7ea249dc6001078723529698b1215
1000022046,LETRA DE MADERA,0.47,8666661901951,visible,PINZA DE MADERA,1,90195-R,https://img-eu-2.freex.es/img/071/1000022046/1024x1024/b9a2d310836fed368050a03ea538868a
1000022047,LETRA DE MADERA,0.47,8666661901951,visible,PINZA DE MADERA,1,90195-S,https://img-eu-2.freex.es/img/071/1000022047/1024x1024/92573222d6a70aac0ff41217f431b830
1000022048,LETRA DE MADERA,0.47,8666661901951,visible,PINZA DE MADERA,1,90195-T,https://img-eu-2.freex.es/img/071/1000022048/1024x1024/58f2f2fb4bad990237abb9043a29377f
1000022049,LETRA DE MADERA,0.47,8666661901951,visible,PINZA DE MADERA,1,90195-U,https://img-eu-2.freex.es/img/071/1000022049/1024x1024/2d518ed62078d1a8b54dcd29a4a7f351
1000022050,LETRA DE MADERA,0.47,8666661901951,visible,PINZA DE MADERA,1,90195-V,https://img-eu-2.freex.es/img/071/1000022050/1024x1024/f4e1229204d99fc1fd06e43f4026212f
1000022051,LETRA DE MADERA,0.47,8666661901951,visible,PINZA DE MADERA,1,90195-W,https://img-eu-2.freex.es/img/071/1000022051/1024x1024/3a0e3da2a72246eb82482187548a2bc3
1000022052,LETRA DE MADERA,0.47,8666661901951,visible,PINZA DE MADERA,1,90195-X,https://img-eu-2.freex.es/img/071/1000022052/1024x1024/0a443826712e088e36a8df23d56690d3
1000022053,LETRA DE MADERA,0.47,8666661901951,visible,PINZA DE MADERA,1,90195-Y,https://img-eu-2.freex.es/img/071/1000022053/1024x1024/c1e7775e7fab7591a5586d0f90544811
1000022054,LETRA DE MADERA,0.47,8666661901951,visible,PINZA DE MADERA,1,90195-Z,https://img-eu-2.freex.es/img/071/1000022054/1024x1024/508c7eb7ca28a98a21a5b08dd1bb7b12
1000019787,*???*LETRA DE MADERA,1.25,8666661150007,visible,PINZA DE MADERA,1,15000-&,https://img-eu-2.freex.es/img/071/1000019787/1024x1024/6eab83f43c08d2a3272aeb0560bad8f3
1000029046,LETRA DE MADERA @,1.25,8666661150007,visible,PINZA DE MADERA,1,15000-@,https://img-eu-2.freex.es/img/071/1000029046/1024x1024/800a89cf0da439cea9f5b396110d274c
1000019759,*???*LETRA DE MADERA,1.25,8666661150007,visible,PINZA DE MADERA,1,15000-A,https://img-eu-2.freex.es/img/071/1000019759/1024x1024/4198ee23f2a2900f341b39e4e8b80340
1000019789,*???*LETRA DE MADERA,1.25,8666661150007,visible,PINZA DE MADERA,1,15000-B,https://img-eu-2.freex.es/img/071/1000019789/1024x1024/a58a5665dd4d2b884287868303692bf5
1000019790,*???*LETRA DE MADERA,1.25,8666661150007,visible,PINZA DE MADERA,1,15000-C,https://img-eu-2.freex.es/img/071/1000019790/1024x1024/767a7b4b864d996965e735938dabf1ba
1000019791,*???*LETRA DE MADERA,1.25,8666661150007,visible,PINZA DE MADERA,1,15000-D,https://img-eu-2.freex.es/img/071/1000019791/1024x1024/aa2fe339fd359fb914ffbfd8d5890bb6
1000019792,*???*LETRA DE MADERA,1.25,8666661150007,visible,PINZA DE MADERA,1,15000-E,https://img-eu-2.freex.es/img/071/1000019792/1024x1024/35e341c113cc97eac3dd767b236337cc
1000019793,*???*LETRA DE MADERA,1.25,8666661150007,visible,PINZA DE MADERA,1,15000-F,https://img-eu-2.freex.es/img/071/1000019793/1024x1024/7e5a37bfd2871f31f7a27fd3bc484d76
1000019794,*???*LETRA DE MADERA,1.25,8666661150007,visible,PINZA DE MADERA,1,15000-G,https://img-eu-2.freex.es/img/071/1000019794/1024x1024/af29f6e143c7b77f1f606ad552ae8e17
1000019795,*???*LETRA DE MADERA,1.25,8666661150007,visible,PINZA DE MADERA,1,15000-H,https://img-eu-2.freex.es/img/071/1000019795/1024x1024/7dc2f9d87d2197e13f1d6be7007d87ff
1000019796,*???*LETRA DE MADERA,1.25,8666661150007,visible,PINZA DE MADERA,1,15000-I,https://img-eu-2.freex.es/img/071/1000019796/1024x1024/412e0ca7e2a9c3956f45789ea65bd158
1000019797,*???*LETRA DE MADERA,1.25,8666661150007,visible,PINZA DE MADERA,1,15000-J,https://img-eu-2.freex.es/img/071/1000019797/1024x1024/bcc2f7e7083a86ab92471c4bb9f14922
1000019798,*???*LETRA DE MADERA,1.25,8666661150007,visible,PINZA DE MADERA,1,15000-K,https://img-eu-2.freex.es/img/071/1000019798/1024x1024/9518ad03a60af831bc7b50a03a525d78
1000019799,*???*LETRA DE MADERA,1.25,8666661150007,visible,PINZA DE MADERA,1,15000-L,https://img-eu-2.freex.es/img/071/1000019799/1024x1024/3b9cebff777b7813a873c3532485eb9f
1000019800,*???*LETRA DE MADERA,1.25,8666661150007,visible,PINZA DE MADERA,1,15000-M,https://img-eu-2.freex.es/img/071/1000019800/1024x1024/6a9cba6debb899b0327e171c8a639d0a
1000019801,*???*LETRA DE MADERA,1.25,8666661150007,visible,PINZA DE MADERA,1,15000-N,https://img-eu-2.freex.es/img/071/1000019801/1024x1024/90335c623f1b97090da6940700a1d5a5
1000019814,*???*LETRA DE MADERA,1.25,8666661150007,visible,PINZA DE MADERA,1,15000-NN,https://img-eu-2.freex.es/img/071/1000019814/1024x1024/cbcba07604fa12467bda3d8d891817d5
1000019802,*???*LETRA DE MADERA,1.25,8666661150007,visible,PINZA DE MADERA,1,15000-O,https://img-eu-2.freex.es/img/071/1000019802/1024x1024/bb90811dacd7cbd3f338ffb472e36c34
1000019803,*???*LETRA DE MADERA,1.25,8666661150007,visible,PINZA DE MADERA,1,15000-P,https://img-eu-2.freex.es/img/071/1000019803/1024x1024/471b479a9565e7738b67de5d02db61ff
1000019804,*???*LETRA DE MADERA,1.25,8666661150007,visible,PINZA DE MADERA,1,15000-Q,https://img-eu-2.freex.es/img/071/1000019804/1024x1024/e41b4f8f196b96fdaa150a72a9acdda2
1000019805,*???*LETRA DE MADERA,1.25,8666661150007,visible,PINZA DE MADERA,1,15000-R,https://img-eu-2.freex.es/img/071/1000019805/1024x1024/339eb0bc20a89825437623f472fa2724
1000019806,*???*LETRA DE MADERA,1.25,8666661150007,visible,PINZA DE MADERA,1,15000-S,https://img-eu-2.freex.es/img/071/1000019806/1024x1024/028645192c1d89ebfc418753452e172a
1000019807,*???*LETRA DE MADERA,1.25,8666661150007,visible,PINZA DE MADERA,1,15000-T,https://img-eu-2.freex.es/img/071/1000019807/1024x1024/a9b511b9016b7ccb1fd7ec0c8e8cb996
1000019808,*???*LETRA DE MADERA,1.25,8666661150007,visible,PINZA DE MADERA,1,15000-U,https://img-eu-2.freex.es/img/071/1000019808/1024x1024/d801362a3fe626bc6240acc1cf53596b
1000019809,*???*LETRA DE MADERA,1.25,8666661150007,visible,PINZA DE MADERA,1,15000-V,https://img-eu-2.freex.es/img/071/1000019809/1024x1024/ae33c34b66ccd740b138703fb925beb2
1000019810,*???*LETRA DE MADERA,1.25,8666661150007,visible,PINZA DE MADERA,1,15000-W,https://img-eu-2.freex.es/img/071/1000019810/1024x1024/41759e38a545864e3c3f03f8eb5f09b7
1000019811,*???*LETRA DE MADERA,1.25,8666661150007,visible,PINZA DE MADERA,1,15000-X,https://img-eu-2.freex.es/img/071/1000019811/1024x1024/d8909f9d363818879278cf11647d60ad
1000019812,*???*LETRA DE MADERA,1.25,8666661150007,visible,PINZA DE MADERA,1,15000-Y,https://img-eu-2.freex.es/img/071/1000019812/1024x1024/1ba91404ce336123e5cea635b1f03ec7
1000019813,*???*LETRA DE MADERA,1.25,8666661150007,visible,PINZA DE MADERA,1,15000-Z,https://img-eu-2.freex.es/img/071/1000019813/1024x1024/41993b2f65e2ff49737545a30758aa18
1000015092,LETRA DE MADERA &,0.45,8666661060108,visible,PINZA DE MADERA,1,06010-&,https://img-eu-2.freex.es/img/071/1000015092/1024x1024/4c9db6c30e347593ce756388aea0bcac
1000015091,LETRA DE MADERA @,0.45,8666661060108,visible,PINZA DE MADERA,1,06010-@,https://img-eu-2.freex.es/img/071/1000015091/1024x1024/d535ffc528448efefc6b114f999106e7
1000003939,LETRA DE MADERA A,0.45,8666661060108,visible,PINZA DE MADERA,1,06010-A,https://img-eu-2.freex.es/img/071/1000003939/1024x1024/cc3e3eeaddd27d49ed9c042c187933d8
1000003933,LETRA DE MADERA,0.45,8666661060108,visible,PINZA DE MADERA,1,06010-B,https://img-eu-2.freex.es/img/071/1000003933/1024x1024/f18310f9fe532862e3389ebf33a12520
1000003940,LETRA DE MADERA,0.45,8666661060108,visible,PINZA DE MADERA,1,06010-C,https://img-eu-2.freex.es/img/071/1000003940/1024x1024/5ca20b77df87ff96fb80975d020adb64
1000003938,LETRA DE MADERA,0.45,8666661060108,visible,PINZA DE MADERA,1,06010-D,https://img-eu-2.freex.es/img/071/1000003938/1024x1024/18cf425b53f8f92f2fe9290684e3cb6c
1000003941,LETRA DE MADERA,0.45,8666661060108,visible,PINZA DE MADERA,1,06010-E,https://img-eu-2.freex.es/img/071/1000003941/1024x1024/ca671fa20c52d7881cb5900cda40913d
1000003937,LETRA DE MADERA,0.45,8666661060108,visible,PINZA DE MADERA,1,06010-F,https://img-eu-2.freex.es/img/071/1000003937/1024x1024/6a4909cf7b9a83c6fc80fe0ec591a6ed
1000003942,LETRA DE MADERA,0.45,8666661060108,visible,PINZA DE MADERA,1,06010-G,https://img-eu-2.freex.es/img/071/1000003942/1024x1024/07c9ae6f9cea9e167acfd7ecbceaa35c
1000003944,LETRA DE MADERA,0.45,8666661060108,visible,PINZA DE MADERA,1,06010-H,https://img-eu-2.freex.es/img/071/1000003944/1024x1024/dedc1096be13f5ca602ce0a656908230
1000003936,LETRA DE MADERA,0.45,8666661060108,visible,PINZA DE MADERA,1,06010-I,https://img-eu-2.freex.es/img/071/1000003936/1024x1024/7dec3fd7b86dfa2c159ef347cdd6e2f8
1000003947,LETRA DE MADERA,0.45,8666661060108,visible,PINZA DE MADERA,1,06010-J,https://img-eu-2.freex.es/img/071/1000003947/1024x1024/6bb5e33022c0d0bf8782943ca7dc580c
1000003948,LETRA DE MADERA,0.45,8666661060108,visible,PINZA DE MADERA,1,06010-K,https://img-eu-2.freex.es/img/071/1000003948/1024x1024/253f202e88bf19460d8b355caad41d54
1000003949,LETRA DE MADERA,0.45,8666661060108,visible,PINZA DE MADERA,1,06010-L,https://img-eu-2.freex.es/img/071/1000003949/1024x1024/51545a3af5f8e493fb69f99d1ffdf4c2
1000003950,LETRA DE MADERA,0.45,8666661060108,visible,PINZA DE MADERA,1,06010-M,https://img-eu-2.freex.es/img/071/1000003950/1024x1024/ae9a2253cc399fa9eaea9ae8b0454f15
1000003943,LETRA DE MADERA,0.45,8666661060108,visible,PINZA DE MADERA,1,06010-N,https://img-eu-2.freex.es/img/071/1000003943/1024x1024/6a814633021e8358a8dbcd81eceb7076
1000003945,LETRA DE MADERA,0.45,8666661060108,visible,PINZA DE MADERA,1,06010-NN,https://img-eu-2.freex.es/img/071/1000003945/1024x1024/2c85318162df72276aea4bf0312e5e99
1000003946,LETRA DE MADERA,0.45,8666661060108,visible,PINZA DE MADERA,1,06010-O,https://img-eu-2.freex.es/img/071/1000003946/1024x1024/0391314ae4c86b33b6fe24de334286e3
1000003951,LETRA DE MADERA,0.45,8666661060108,visible,PINZA DE MADERA,1,06010-P,https://img-eu-2.freex.es/img/071/1000003951/1024x1024/dc6afbc085a1f3589a585b18825c9fae
1000003935,LETRA DE MADERA,0.45,8666661060108,visible,PINZA DE MADERA,1,06010-Q,https://img-eu-2.freex.es/img/071/1000003935/1024x1024/34fafa2e751ee4baaff3df7824527767
1000003934,LETRA DE MADERA,0.45,8666661060108,visible,PINZA DE MADERA,1,06010-R,https://img-eu-2.freex.es/img/071/1000003934/1024x1024/6c9d3399db1eae1ae9936188d8ae39d5
1000003927,LETRA DE MADERA,0.45,8666661060108,visible,PINZA DE MADERA,1,06010-S,https://img-eu-2.freex.es/img/071/1000003927/1024x1024/4de2bda1253030970e83805aa14c6466
1000003922,LETRA DE MADERA,0.45,8666661060108,visible,PINZA DE MADERA,1,06010-T,https://img-eu-2.freex.es/img/071/1000003922/1024x1024/5f23b40f92a230702fc4b15af7b4daa4
1000003923,LETRA DE MADERA,0.45,8666661060108,visible,PINZA DE MADERA,1,06010-U,https://img-eu-2.freex.es/img/071/1000003923/1024x1024/ad5b9a7151adb7375d1fe1abbeafb061
1000003924,LETRA DE MADERA,0.45,8666661060108,visible,PINZA DE MADERA,1,06010-V,https://img-eu-2.freex.es/img/071/1000003924/1024x1024/15debe65d58ff67edd05c807485e7842
1000003925,LETRA DE MADERA,0.45,8666661060108,visible,PINZA DE MADERA,1,06010-W,https://img-eu-2.freex.es/img/071/1000003925/1024x1024/6a1fef9b4f87c619b4a106411ff8a6a0
1000003926,LETRA DE MADERA,0.45,8666661060108,visible,PINZA DE MADERA,1,06010-X,https://img-eu-2.freex.es/img/071/1000003926/1024x1024/acd2db1d065f3a29566d1f3f4939a344
1000003928,LETRA DE MADERA,0.45,8666661060108,visible,PINZA DE MADERA,1,06010-Y,https://img-eu-2.freex.es/img/071/1000003928/1024x1024/86f9a59afd5ab1dfcde633777d803845
1000003929,LETRA DE MADERA,0.45,8666661060108,visible,PINZA DE MADERA,1,06010-Z,https://img-eu-2.freex.es/img/071/1000003929/1024x1024/79f65b50e9502626ac07c5ba50249eae
1000003919,NUMERO DE MADERA,0.45,8666661060115,visible,PINZA DE MADERA,1,06011-0,https://img-eu-2.freex.es/img/071/1000003919/1024x1024/2e916bb64040346b4dd755713a8480ed
1000003930,NUMERO DE MADERA,0.45,8666661060115,visible,PINZA DE MADERA,1,06011-1,https://img-eu-2.freex.es/img/071/1000003930/1024x1024/e5dbb6ddb115b0782ac7227e7fbd60aa
1000003956,NUMERO DE MADERA,0.45,8666661060115,visible,PINZA DE MADERA,1,06011-2,https://img-eu-2.freex.es/img/071/1000003956/1024x1024/c0c9d3fca0cacb7ef021d39919507ed3
1000003921,NUMERO DE MADERA,0.45,8666661060115,visible,PINZA DE MADERA,1,06011-3,https://img-eu-2.freex.es/img/071/1000003921/1024x1024/6532a8b12d044039ff697d6e0522cb90
1000003931,NUMERO DE MADERA,0.45,8666661060115,visible,PINZA DE MADERA,1,06011-4,https://img-eu-2.freex.es/img/071/1000003931/1024x1024/1f3594740ad6173795b3f2d107768ce5
1000003920,NUMERO DE MADERA,0.45,8666661060115,visible,PINZA DE MADERA,1,06011-5,https://img-eu-2.freex.es/img/071/1000003920/1024x1024/4c8eb3ec08cb9adb91268de4661c11b2
1000003932,NUMERO DE MADERA,0.45,8666661060115,visible,PINZA DE MADERA,1,06011-6,https://img-eu-2.freex.es/img/071/1000003932/1024x1024/fece839611b437c09e8f5b55567dd9a5
1000003957,NUMERO DE MADERA,0.45,8666661060115,visible,PINZA DE MADERA,1,06011-7,https://img-eu-2.freex.es/img/071/1000003957/1024x1024/c078db905004fea539d96f98149319f6
1000003958,NUMERO DE MADERA,0.45,8666661060115,visible,PINZA DE MADERA,1,06011-8,https://img-eu-2.freex.es/img/071/1000003958/1024x1024/8d1701a642a7fa4f540d36a3325d7046
1000003959,NUMERO DE MADERA,0.45,8666661060115,visible,PINZA DE MADERA,1,06011-9,https://img-eu-2.freex.es/img/071/1000003959/1024x1024/1c4d913a20edf78c618cc6aa1139fe33
1000040108,LETRA MADERA,0,,visible,LETRA MADERA,1,??_20240418145419,https://img-eu-2.freex.es/img/071/1000040108/1024x1024/7116342e1810516eb56e549cba708162
1000040105,BASE MADERA,0,,visible,BASE MADERA,1,??_20240418145407,https://img-eu-2.freex.es/img/071/1000040105/1024x1024/d95e2285f7634e1df70a651581880420
1000044542,TRONCO DE MADERA,3.2,8666662042493,visible,BASE MADERA,1,204249,https://img-eu-2.freex.es/img/071/1000044542/1024x1024/2b96108db469d9ae7c2a58ebdccc6db7
1000044543,TRONCO DE MADERA,4.35,8666662042509,visible,BASE MADERA,1,204250,https://img-eu-2.freex.es/img/071/1000044543/1024x1024/7fabd6e6deedf3dbf94a624d48e525af
1000043655,BASTIDOR DE MADERA DE MANUALIDAD,0.51,8666662042158,visible,BASE MADERA,1,204215,https://img-eu-2.freex.es/img/071/1000043655/1024x1024/20ca28bd388158e5a64a9b910df441ef
1000043656,BASTIDOR DE MADERA DE MANUALIDAD,0.57,8666662042165,visible,BASE MADERA,1,204216,https://img-eu-2.freex.es/img/071/1000043656/1024x1024/0bcd884c2ea42a1656b9a9501839d3a3
1000043660,FLOR DE MADERA,0.51,8666662042301,visible,BASE MADERA,1,204230,https://img-eu-2.freex.es/img/071/1000043660/1024x1024/e4f6cb151b81294142ec2d523ffe64f7
1000043661,FLOR DE MADERA,0.74,8666662042318,visible,BASE MADERA,1,204231,https://img-eu-2.freex.es/img/071/1000043661/1024x1024/b4c700d0341669d379b024f8518937c0
1000043662,FLOR DE MADERA,1.35,8666662042325,visible,BASE MADERA,1,204232,https://img-eu-2.freex.es/img/071/1000043662/1024x1024/6230484dda3d6d8fbd9d9fa7110c6102
1000043663,LUNA DE MADERA,0.51,8666662042332,visible,BASE MADERA,1,204233,https://img-eu-2.freex.es/img/071/1000043663/1024x1024/ac313e909e69741f14f96dcfa6103d92
1000043664,LUNA DE MADERA,0.74,8666662042349,visible,BASE MADERA,1,204234,https://img-eu-2.freex.es/img/071/1000043664/1024x1024/fb8fbd8a51de2b29da213ba5cb6667d7
1000043665,LUNA DE MADERA,1.35,8666662042356,visible,BASE MADERA,1,204235,https://img-eu-2.freex.es/img/071/1000043665/1024x1024/c5a1bfe22146d419ceea876329a8ebbe
1000039259,PLACHA CART?,1.2,8666662016418,visible,BASE MADERA,1,201641,https://img-eu-2.freex.es/img/071/1000039259/1024x1024/4ef500766a1ff692d4df674111fefe7e
1000039260,PLACHA CART?,1.2,8666662016425,visible,BASE MADERA,1,201642,https://img-eu-2.freex.es/img/071/1000039260/1024x1024/e5512cd15838fdd41ab3c7982763a996
1000039261,PLACHA CART?,1.1,8666662016432,visible,BASE MADERA,1,201643,https://img-eu-2.freex.es/img/071/1000039261/1024x1024/c0598d33d35c26239013fd423b950368
1000026515,BASE MADERA MANUALIDADES,1.1,8666662016456,visible,BASE MADERA,1,201645,https://img-eu-2.freex.es/img/071/1000026515/1024x1024/1d2c7a80f7f51874c479f7d17b838edc
1000037570,TABLERO DE MADERA CUADRADO,0.6,8666662040307,visible,BASE MADERA,1,204030,https://img-eu-2.freex.es/img/071/1000037570/1024x1024/71674e4a46bf04335751c194184a3760
1000037571,TABLERO DE MADERA CUADRADO,0.99,8666662040314,visible,BASE MADERA,1,204031,https://img-eu-2.freex.es/img/071/1000037571/1024x1024/0713fbb7e4bc594777ad50a6bd9f116f
1000037572,TABLERO DE MADERA CUADRADO,1.14,8666662040321,visible,BASE MADERA,1,204032,https://img-eu-2.freex.es/img/071/1000037572/1024x1024/39f020c156a2fb904f91b1d392799d51
1000037573,TABLERO DE MADERA CUADRADO,2.09,8666662040338,visible,BASE MADERA,1,204033,https://img-eu-2.freex.es/img/071/1000037573/1024x1024/93b552699cdd4b0b1f665e798b62be07
1000037574,TABLERO DE MADERA CUADRADO,3.09,8666662040345,visible,BASE MADERA,1,204034,https://img-eu-2.freex.es/img/071/1000037574/1024x1024/ea08ad2530d9689f81aa1fdf4098a1b8
1000037575,TABLERO DE MADERA CUADRADO,3.3,8666662040352,visible,BASE MADERA,1,204035,https://img-eu-2.freex.es/img/071/1000037575/1024x1024/b82a3a4b40e60fb754d9d178b29a4217
1000037576,TABLERO DE MADERA CUADRADO,7.08,8666662040369,visible,BASE MADERA,1,204036,https://img-eu-2.freex.es/img/071/1000037576/1024x1024/873f83c0286972113360f7a25053310a
1000037577,TABLERO DE MADERA CUADRADO,9.81,8666662040376,visible,BASE MADERA,1,204037,https://img-eu-2.freex.es/img/071/1000037577/1024x1024/76f13ad97c1f71c00489ade4fea60367
1000037578,TABLERO DE MADERA CUADRADO,9.81,8666662040383,visible,BASE MADERA,1,204038,https://img-eu-2.freex.es/img/071/1000037578/1024x1024/d2105194a81da4ba32bcb4cb939bea98
1000038285,CORCHO CUADRADO,0.41,866666201453,visible,BASE MADERA,1,201453,https://img-eu-2.freex.es/img/071/1000038285/1024x1024/50a9f85bccfc5c23302da2ba6aff0df8
1000038286,CORCHO CUADRADO,0.74,866666201454,visible,BASE MADERA,1,201454,https://img-eu-2.freex.es/img/071/1000038286/1024x1024/24ae70d8582dff0f3b9c0c445a5133a7
1000038287,CORCHO CUADRADO,1.2,866666201455,visible,BASE MADERA,1,201455,https://img-eu-2.freex.es/img/071/1000038287/1024x1024/ea85f0122915b84ed7c269533c701c1c
1000038288,CORCHO CUADRADO,1.98,866666201456,visible,BASE MADERA,1,201456,https://img-eu-2.freex.es/img/071/1000038288/1024x1024/52b883e1962cf36b4c4a1a244801faff
1000038289,CORCHO CUADRADO,2.57,866666201457,visible,BASE MADERA,1,201457,https://img-eu-2.freex.es/img/071/1000038289/1024x1024/d2dd34e867a6bd14bbffbaecdae21552
1000038290,CORCHO CUADRADO,0.93,866666201458,visible,BASE MADERA,1,201458,https://img-eu-2.freex.es/img/071/1000038290/1024x1024/72e86ac754ecde6739ca30a9387e9538
1000038291,CORCHO CUADRADO,1.46,866666201459,visible,BASE MADERA,1,201459,https://img-eu-2.freex.es/img/071/1000038291/1024x1024/cc8424f455b52ee0440fa0cf24e23418
1000038292,CORCHO CUADRADO,3.03,866666201460,visible,BASE MADERA,1,201460,https://img-eu-2.freex.es/img/071/1000038292/1024x1024/0b35827748017cf9562a8ceb840d5e06
1000038293,CORCHO REDONDO,0.41,866666201461,visible,BASE MADERA,1,201461,https://img-eu-2.freex.es/img/071/1000038293/1024x1024/e7d24baf0f76e7866e86452c248e8e9f
1000038294,CORCHO REDONDO,0.74,866666201462,visible,BASE MADERA,1,201462,https://img-eu-2.freex.es/img/071/1000038294/1024x1024/b562331088c9a8d7120e62705b47bd07
1000038295,CORCHO REDONDO,1.14,866666201463,visible,BASE MADERA,1,201463,https://img-eu-2.freex.es/img/071/1000038295/1024x1024/b19c2428497f1a38b56b1c1bac69438a
1000038296,CORCHO REDONDO,1.94,866666201464,visible,BASE MADERA,1,201464,https://img-eu-2.freex.es/img/071/1000038296/1024x1024/aa57906b472072bb2eef1bf6cf193c20
1000038297,CORCHO REDONDO,2.46,866666201465,visible,BASE MADERA,1,201465,https://img-eu-2.freex.es/img/071/1000038297/1024x1024/b0dc1da4db5930680a4f3264a6aa3a10
1000038298,CORCHO REDONDO,0.47,866666201466,visible,BASE MADERA,1,201466,https://img-eu-2.freex.es/img/071/1000038298/1024x1024/67f5aa28dc6535cc5adc672efb4d73d6
1000038299,CORCHO REDONDO,0.83,866666201467,visible,BASE MADERA,1,201467,https://img-eu-2.freex.es/img/071/1000038299/1024x1024/1ca9ef067d5d31e4381da7ebd1dd2f24
1000038300,CORCHO REDONDO,1.25,866666201468,visible,BASE MADERA,1,201468,https://img-eu-2.freex.es/img/071/1000038300/1024x1024/7ddddd40ffbcd923c6b36380066019a2
1000038301,CORCHO REDONDO,2.25,866666201469,visible,BASE MADERA,1,201469,https://img-eu-2.freex.es/img/071/1000038301/1024x1024/04f0b2cb8a7c91becff0050a6008161f
1000038302,CORCHO REDONDO,2.67,866666201470,visible,BASE MADERA,1,201470,https://img-eu-2.freex.es/img/071/1000038302/1024x1024/04906249c193705da6e0e49f22ea142c
1000039114,HEX?ONO DE MADERA 10*0.5CM,0.51,866666204066,visible,BASE MADERA,1,204066,https://img-eu-2.freex.es/img/071/1000039114/1024x1024/41be3e3c1d8437b022d9b85cad09199f
1000039115,HEX?GONO DE MADERA 15*0.5CM,0.68,866666204067,visible,BASE MADERA,1,204067,https://img-eu-2.freex.es/img/071/1000039115/1024x1024/be206740423a9394efc3f69584fc79b4
1000039116,HEX?GONO DE MADERA 20*0.5CM,1.35,866666204068,visible,BASE MADERA,1,204068,https://img-eu-2.freex.es/img/071/1000039116/1024x1024/fd14c08cae55e43602f8c78489d94c5e
1000039117,ESTRELLA DE MADERA 10*0.5CM,0.51,866666204069,visible,BASE MADERA,1,204069,https://img-eu-2.freex.es/img/071/1000039117/1024x1024/429a1819e0ac99828b5b2362e516bce7
1000039118,ESTRELLA DE MADERA 15*0.5CM,0.74,866666204070,visible,BASE MADERA,1,204070,https://img-eu-2.freex.es/img/071/1000039118/1024x1024/a5eed2a9840fbb5a6659ca3dede28ff0
1000039119,ESTRELLA DE MADERA 20*0.5CM,1.35,866666204071,visible,BASE MADERA,1,204071,https://img-eu-2.freex.es/img/071/1000039119/1024x1024/440d62f9f06975a4c3a67f5b1bba9dbf
1000045038,ESTRELLA DE MADERA,0.3,8666662043162,visible,BASE MADERA,1,204316,https://img-eu-2.freex.es/img/071/1000045038/1024x1024/8254e070943714e4bc1851ab1f88a4a1
1000045039,ESTRELLA DE MADERA,0.36,8666662043179,visible,BASE MADERA,1,204317,https://img-eu-2.freex.es/img/071/1000045039/1024x1024/0770aa371f80d19595ad74ee2c9407d1
1000045040,ESTRELLA DE MADERA,0.52,8666662043186,visible,BASE MADERA,1,204318,https://img-eu-2.freex.es/img/071/1000045040/1024x1024/e51c5e3f050d9454b73aece6a2d9b54c
1000045041,ESTRELLA DE MADERA,0.67,8666662043193,visible,BASE MADERA,1,204319,https://img-eu-2.freex.es/img/071/1000045041/1024x1024/b5c6c1c3e665a37b238e883dbb1f4bf1
1000045034,ESTRELLA DE MADERA,0.37,8666662043124,visible,BASE MADERA,1,204312,https://img-eu-2.freex.es/img/071/1000045034/1024x1024/98f4234f4ec6dfc16c2e7aa8c0684638
1000045035,ESTRELLA DE MADERA,0.45,8666662043131,visible,BASE MADERA,1,204313,https://img-eu-2.freex.es/img/071/1000045035/1024x1024/1ef231bd103a8eab700afdf1808280d0
1000045036,ESTRELLA DE MADERA,0.52,8666662043148,visible,BASE MADERA,1,204314,https://img-eu-2.freex.es/img/071/1000045036/1024x1024/e10b4664bc1f1b71689f918b2e9c5a9b
1000045037,ESTRELLA DE MADERA,0.45,8666662043155,visible,BASE MADERA,1,204315,https://img-eu-2.freex.es/img/071/1000045037/1024x1024/06844c1765cbf2828523125be4fda1df
1000043138,TABLERO DE MADERA REDONDO,0.41,8666662042233,visible,BASE MADERA,1,204223,https://img-eu-2.freex.es/img/071/1000043138/1024x1024/895deddcd282755e24e17884e22a2198
1000043139,TABLERO DE MADERA REDONDO ,0.51,8666662042240,visible,BASE MADERA,1,204224,https://img-eu-2.freex.es/img/071/1000043139/1024x1024/44be175878e1f47dc91f7091bb253bb0
1000043140,TABLERO DE MADERA REDONDO ,0.72,8666662042257,visible,BASE MADERA,1,204225,https://img-eu-2.freex.es/img/071/1000043140/1024x1024/02e9b01ade9b4dfc825f34c071c1e7b2
1000034989,TABLERO DE MADERA,0.72,8666662030247,visible,BASE MADERA,1,203024,https://img-eu-2.freex.es/img/071/1000034989/1024x1024/f8b491b184adaf5bdfc2d354193221c3
1000034990,TABLERO DE MADERA,0.93,8666662030254,visible,BASE MADERA,1,203025,https://img-eu-2.freex.es/img/071/1000034990/1024x1024/d168b45fbbeaf827bf207be5cb842452
1000034991,TABLERO DE MADERA,1.14,8666662030261,visible,BASE MADERA,1,203026,https://img-eu-2.freex.es/img/071/1000034991/1024x1024/98d85f0eece1c786e7092dd62c0fc48b
1000043135,TABLERO DE MADERA CUADRADO,0.41,8666662042202,visible,BASE MADERA,1,204220,https://img-eu-2.freex.es/img/071/1000043135/1024x1024/03ff9daa3af3485a97ef99927e628ae5
1000043136,TABLERO DE MADERA CUADRADO,0.51,8666662042219,visible,BASE MADERA,1,204221,https://img-eu-2.freex.es/img/071/1000043136/1024x1024/ed25fa22bb1144309e38895de80c66b2
1000043137,TABLERO DE MADERA CUADRADO,0.72,8666662042226,visible,BASE MADERA,1,204222,https://img-eu-2.freex.es/img/071/1000043137/1024x1024/7c3252c96972825c5a052c6baeed9632
1000034994,TABLERO DE MADERA,0.72,203029,visible,BASE MADERA,1,203029,https://img-eu-2.freex.es/img/071/1000034994/1024x1024/cf48f4d84cb508b0d6a53899bc90325b
1000034995,TABLERO DE MADERA,0.93,203030,visible,BASE MADERA,1,203030,https://img-eu-2.freex.es/img/071/1000034995/1024x1024/7aabd9e28a5b635110393def7fd32b06
1000034996,TABLERO DE MADERA,1.14,8666662030315,visible,BASE MADERA,1,203031,https://img-eu-2.freex.es/img/071/1000034996/1024x1024/31f7edeb3672472615578acfdf7082e8
1000043141,TABLERO DE MADERA CORAZ?N,0.41,8666662042264,visible,BASE MADERA,1,204226,https://img-eu-2.freex.es/img/071/1000043141/1024x1024/06e0742687f98a790cfa44e53eb24c4e
1000043142,TABLERO DE MADERA CORAZ?N,0.51,8666662042271,visible,BASE MADERA,1,204227,https://img-eu-2.freex.es/img/071/1000043142/1024x1024/455600d9865f3b39243fef147325203a
1000043143,TABLERO DE MADERA CORAZ?N,0.72,8666662042288,visible,BASE MADERA,1,204228,https://img-eu-2.freex.es/img/071/1000043143/1024x1024/3a41d6d94351ea09305b73f8f43cdb44
1000043144,TABLERO DE MADERA CORAZ?N,0.93,8666662042295,visible,BASE MADERA,1,204229,https://img-eu-2.freex.es/img/071/1000043144/1024x1024/8837c03f54e7cb8a477da151af01e523
1000035001,TABLERO DE MADERA,0.55,8666662030360,visible,BASE MADERA,1,203036,https://img-eu-2.freex.es/img/071/1000035001/1024x1024/824f5e6970f40d12ceaecb259bdfbae3
1000035002,TABLERO DE MADERA,0.68,8666662030377,visible,BASE MADERA,1,203037,https://img-eu-2.freex.es/img/071/1000035002/1024x1024/8904222e5a39a40e5963c85bc0008924
1000042992,TABLERO DE MADERA,0.68,8666662030384,visible,BASE MADERA,1,203037-1,https://img-eu-2.freex.es/img/071/1000042992/1024x1024/a7962e2ede9a8c719391bf8daa10e48d
1000035003,TABLERO DE MADERA 203038,0.93,8666662030384,visible,BASE MADERA,1,203038,https://img-eu-2.freex.es/img/071/1000035003/1024x1024/556914234a706e8d65813654ccfaa105
1000035004,TABLERO DE MADERA 203039,1.14,8666662030391,visible,BASE MADERA,1,203039,https://img-eu-2.freex.es/img/071/1000035004/1024x1024/dd3002fc4894b4ebed60ec0060cb4e51
1000031501,MADERA PARA MANUALIDADES,0.47,866666191930,visible,BASE MADERA,1,91930,https://img-eu-2.freex.es/img/071/1000031501/1024x1024/f698cb5d5e1c0583afa49622cf52264b
1000031502,MADERA PARA MANUALIDADES,0.57,866666191931,visible,BASE MADERA,1,91931,https://img-eu-2.freex.es/img/071/1000031502/1024x1024/ffc636d188629022e7390734d01837bb
1000031503,MADERA PARA MANUALIDADES,0.78,866666191932,visible,BASE MADERA,1,91932,https://img-eu-2.freex.es/img/071/1000031503/1024x1024/d8b8d85e45fb9ca019f230243d5077e8
1000031504,MADERA PARA MANUALIDADES,1.25,866666191933,visible,BASE MADERA,1,91933,https://img-eu-2.freex.es/img/071/1000031504/1024x1024/27ccad900179634afe205e878812c8fb
1000031505,MADERA PARA MANUALIDADES,1.52,866666191934,visible,BASE MADERA,1,91934,https://img-eu-2.freex.es/img/071/1000031505/1024x1024/ac02aa57e8d43cf578ab0ae7802199e2
1000031506,MADERA PARA MANUALIDADES,1.88,866666191935,visible,BASE MADERA,1,91935,https://img-eu-2.freex.es/img/071/1000031506/1024x1024/79230437a79e826992f802cdfed5e2ee
1000031507,MADERA PARA MANUALIDADES,2.78,866666191936,visible,BASE MADERA,1,91936,https://img-eu-2.freex.es/img/071/1000031507/1024x1024/4f504cbf83685ff73e47e7cba9e20fdb
1000031508,MADERA PARA MANUALIDADES,0.65,866666191937,visible,BASE MADERA,1,91937,https://img-eu-2.freex.es/img/071/1000031508/1024x1024/088068362738e5d48a4ce781c6286958
1000031509,MADERA PARA MANUALIDADES,1.35,866666191938,visible,BASE MADERA,1,91938,https://img-eu-2.freex.es/img/071/1000031509/1024x1024/bf58656b72e93ac4a38bc9350ea3a06e
1000031510,MADERA PARA MANUALIDADES,2.15,866666191939,visible,BASE MADERA,1,91939,https://img-eu-2.freex.es/img/071/1000031510/1024x1024/6864f876a797513e16bf0f6654097395
1000031511,MADERA PARA MANUALIDADES,2.88,866666191940,visible,BASE MADERA,1,91940,https://img-eu-2.freex.es/img/071/1000031511/1024x1024/68e466340e6d619a077fae03cf0f00bf
1000026231,MADERA DIY,0.6,8666661913497,visible,BASE MADERA,1,91349,https://img-eu-2.freex.es/img/071/1000026231/1024x1024/2e7cbfca28fb89e458ae9cad7b0ab94f
1000026232,MADERA DIY,0.47,8666661913503,visible,BASE MADERA,1,91350,https://img-eu-2.freex.es/img/071/1000026232/1024x1024/fa65154cc8a3ceb1d8924af81850d2f5
1000026233,MADERA DIY,0.57,8666661913510,visible,BASE MADERA,1,91351,https://img-eu-2.freex.es/img/071/1000026233/1024x1024/efb3ea62399e8ff52c8ed0b11821e670
1000026234,MADERA DIY,0.68,8666661913527,visible,BASE MADERA,1,91352,https://img-eu-2.freex.es/img/071/1000026234/1024x1024/d482bcab420385116f29833216b1c0eb
1000023832,MADERA DIY,0.78,8666661904600,visible,BASE MADERA,1,90460,https://img-eu-2.freex.es/img/071/1000023832/1024x1024/785f392d0c1b88440d36e2aa35cac251
1000023833,MADERA DIY,1.14,866666190461,visible,BASE MADERA,1,90461,https://img-eu-2.freex.es/img/071/1000023833/1024x1024/52d779db4694e6c9c3d4b6aa1010e72c
1000023834,MADERA DIY,1.52,90462,visible,BASE MADERA,1,90462,https://img-eu-2.freex.es/img/071/1000023834/1024x1024/a842c1873edd4678e2fe862fc49b9eab
1000023835,MADERA DIY,2.04,90463,visible,BASE MADERA,1,90463,https://img-eu-2.freex.es/img/071/1000023835/1024x1024/19894e09dbadd3ab91b296293df766ee
1000037141,MADERA MANUALIDADES,1.04,8666662040246,visible,BASE MADERA,1,204024,https://img-eu-2.freex.es/img/071/1000037141/1024x1024/5cc2b94806c6cdca97e164d3946bf4a7
1000037142,MADERA MANUALIDADES,1.2,8666662040253,visible,BASE MADERA,1,204025,https://img-eu-2.freex.es/img/071/1000037142/1024x1024/bc98e38876f74b48dbbeef97cc925a1b
1000037143,MADERA MANUALIDADES,1.41,8666662040260,visible,BASE MADERA,1,204026,https://img-eu-2.freex.es/img/071/1000037143/1024x1024/05326ef71aa7eadca7fd5cf06d15428e
1000037144,MADERA MANUALIDADES,2.82,8666662040277,visible,BASE MADERA,1,204027,https://img-eu-2.freex.es/img/071/1000037144/1024x1024/579dca19498f250ad70fe0fb76c5c89f
1000037145,MADERA MANUALIDADES,3.98,8666662040284,visible,BASE MADERA,1,204028,https://img-eu-2.freex.es/img/071/1000037145/1024x1024/39d3483ef5374872787016bc09402056
1000037146,MADERA MANUALIDADES,5.03,8666662040291,visible,BASE MADERA,1,204029,https://img-eu-2.freex.es/img/071/1000037146/1024x1024/59c82b42b1c73ef21b97cafba93ca162
1000029807,MADERA NATURA PARA MANUALIDADES,0.64,866666191489,visible,BASE MADERA,1,91489,https://img-eu-2.freex.es/img/071/1000029807/1024x1024/f1e1fb597f7eb12901971316ce0d4c3f
1000029809,MADERA NATURA PARA MANUALIDADES,0.57,866666191491,visible,BASE MADERA,1,91491,https://img-eu-2.freex.es/img/071/1000029809/1024x1024/00e68541ba9bdad9e784f40742f3116c
1000029811,MADERA NATURA PARA MANUALIDADES,0.57,866666191493,visible,BASE MADERA,1,91493,https://img-eu-2.freex.es/img/071/1000029811/1024x1024/a4bd15f8fefe291ffb7830f417bafa46
1000029813,MADERA NATURA PARA MANUALIDADES,0.51,866666191495,visible,BASE MADERA,1,91495,https://img-eu-2.freex.es/img/071/1000029813/1024x1024/db6be7199c0755f31ea3e6411ad7fc34
1000029814,MADERA NATURA PARA MANUALIDADES,0.43,866666191496,visible,BASE MADERA,1,91496,https://img-eu-2.freex.es/img/071/1000029814/1024x1024/c278279bfb3b73ebbaaa1f4aad838112
1000029815,MADERA NATURA PARA MANUALIDADES,0.47,866666191497,visible,BASE MADERA,1,91497,https://img-eu-2.freex.es/img/071/1000029815/1024x1024/d431f30310a964d91f067f5491998232
1000029816,MADERA NATURA PARA MANUALIDADES,0.57,866666191498,visible,BASE MADERA,1,91498,https://img-eu-2.freex.es/img/071/1000029816/1024x1024/6610f246b5bb17bc4eee70505c205c82
1000029817,MADERA NATURA PARA MANUALIDADES,0.64,866666191499,visible,BASE MADERA,1,91499,https://img-eu-2.freex.es/img/071/1000029817/1024x1024/ec8e795694fab4571b8db245c23a4d46
1000029818,MADERA NATURA PARA MANUALIDADES,0.51,866666191500,visible,BASE MADERA,1,91500,https://img-eu-2.freex.es/img/071/1000029818/1024x1024/6beadc43e251ed3df47323c29074bbcb
1000029819,MADERA NATURA PARA MANUALIDADES,0.51,866666191501,visible,BASE MADERA,1,91501,https://img-eu-2.freex.es/img/071/1000029819/1024x1024/6fae9cc3dd913e8b150a16fa64fc6a31
1000029820,MADERA NATURA PARA MANUALIDADES,0.68,866666191502,visible,BASE MADERA,1,91502,https://img-eu-2.freex.es/img/071/1000029820/1024x1024/ce7370681548ee32879b4ea5b08e030f
1000029821,MADERA NATURA PARA MANUALIDADES,0.61,866666191503,visible,BASE MADERA,1,91503,https://img-eu-2.freex.es/img/071/1000029821/1024x1024/6eb45e1b69fcfdbc74802ad95487532a
1000029822,MADERA NATURA PARA MANUALIDADES,0.72,866666191504,visible,BASE MADERA,1,91504,https://img-eu-2.freex.es/img/071/1000029822/1024x1024/67545f5cf694ad41beaa06775f943655
1000029823,MADERA NATURA PARA MANUALIDADES,0.57,866666191505,visible,BASE MADERA,1,91505,https://img-eu-2.freex.es/img/071/1000029823/1024x1024/e6c0ca3abba7eac6f54ef509fb04ae75
1000029825,MADERA NATURA PARA MANUALIDADES,0.72,866666191507,visible,BASE MADERA,1,91507,https://img-eu-2.freex.es/img/071/1000029825/1024x1024/3954281b73c52f84cd7ec4f92a3bef17
1000040107,PALITO MADERA,0,,visible,PALITO MADERA,1,??_20240418145415,https://img-eu-2.freex.es/img/071/1000040107/1024x1024/f48dd05a8d281a69d202d3e23e4ce7bf
1000040751,ACCESORIOS DE MADERA,0.51,8666662040727,visible,PALITO MADERA,1,204072,https://img-eu-2.freex.es/img/071/1000040751/1024x1024/33a411a02c9c3c1d3171644bde78bdc0
1000040752,ACCESORIOS DE MADERA,0.53,8666662040734,visible,PALITO MADERA,1,204073,https://img-eu-2.freex.es/img/071/1000040752/1024x1024/170fb7fc10234ffc81c536d93f42be77
1000040756,ACCESORIOS DE MADERA,0.93,8666662040772,visible,PALITO MADERA,1,204077,https://img-eu-2.freex.es/img/071/1000040756/1024x1024/2259542b7bc8f7856e088fe91272ed86
1000040757,ACCESORIOS DE MADERA,0.93,8666662040789,visible,PALITO MADERA,1,204078,https://img-eu-2.freex.es/img/071/1000040757/1024x1024/e349e9e4321696bb422ea09e2c86bff2
1000031749,TENEDOR DE MADERA,0.45,8666661921706,visible,PALITO MADERA,1,92170,https://img-eu-2.freex.es/img/071/1000031749/1024x1024/d435eaf95c2dbfe4579c9ab628844110
1000031751,CUBIERTO DE MADERA,0.53,8666661921720,visible,PALITO MADERA,1,92172,https://img-eu-2.freex.es/img/071/1000031751/1024x1024/7adcfc50860252376405f68684e05511
1000031752,CUCHILLO DE MADERA,0.47,8666661921737,visible,PALITO MADERA,1,92173,https://img-eu-2.freex.es/img/071/1000031752/1024x1024/a7ddf3ccbb0029aac50bebb3d4251257
1000031753,TENEDOR DE MADERA,0.6,8666661921744,visible,PALITO MADERA,1,92174,https://img-eu-2.freex.es/img/071/1000031753/1024x1024/92518d9fcffd17fe832c887348683faf
1000031755,CUBIERTO DE MADERA,0.68,8666661921768,visible,PALITO MADERA,1,92176,https://img-eu-2.freex.es/img/071/1000031755/1024x1024/f59b47b88bc2cf8faf0da2b479687990
1000031756,CUCHILLO DE MADERA,0.6,8666661921775,visible,PALITO MADERA,1,92177,https://img-eu-2.freex.es/img/071/1000031756/1024x1024/b977fafd9cf85ddcb26fb9d827a63d55
1000031757,TENEDOR DE MADERA,0.64,8666661921782,visible,PALITO MADERA,1,92178,https://img-eu-2.freex.es/img/071/1000031757/1024x1024/2fe61025d6c94c9235ce55dbf8897ebe
1000031758,CUCHARA DE MADERA,0.64,8666661921799,visible,PALITO MADERA,1,92179,https://img-eu-2.freex.es/img/071/1000031758/1024x1024/d5425508509111a8f0377fec172d7fde
1000031759,CUBIERTO DE MADERA,0.83,8666661921805,visible,PALITO MADERA,1,92180,https://img-eu-2.freex.es/img/071/1000031759/1024x1024/d044cf50fbe11383aed0f27aef30f29e
1000032880,ACCESORIOS DE MADERA,0.57,8666661917211,visible,PALITO MADERA,1,91721-1,https://img-eu-2.freex.es/img/071/1000032880/1024x1024/b0ddaf6f77a70e08c3ff66bbfa3a454e
1000032881,ACCESORIOS DE MADERA,0.6,8666661917228,visible,PALITO MADERA,1,91722-1,https://img-eu-2.freex.es/img/071/1000032881/1024x1024/32e8bc5e5bb6acb9f62e7f9b898b6ea0
1000032882,ACCESORIOS DE MADERA,0.7,8666661917235,visible,PALITO MADERA,1,91723-1,https://img-eu-2.freex.es/img/071/1000032882/1024x1024/b35cc3592e4542bea55fffb69c3d412a
1000032883,ACCESORIOS DE MADERA,0.72,8666661917242,visible,PALITO MADERA,1,91724-A,https://img-eu-2.freex.es/img/071/1000032883/1024x1024/bcceb2b90bae84ae9d1b2d1d2c915bfe
1000021031,CILINDRO DE MADERA,0.47,8666661950096,visible,PALITO MADERA,1,95009,https://img-eu-2.freex.es/img/071/1000021031/1024x1024/8087e6d8767f157ea9de6f97ed26302b
1000046272,VALLA DE MADERA 30*3CM 1PC ,0.59,8666662043063,visible,PALITO MADERA,1,204306,https://img-eu-2.freex.es/img/071/1000046272/1024x1024/201eea5fcbc1c2765f090e2d52a8b26d
1000046273,VALLA DE MADERA 30*3CM 1PC ,0.57,8666662043070,visible,PALITO MADERA,1,204307,https://img-eu-2.freex.es/img/071/1000046273/1024x1024/55310ca61b627b2dcf9a6bb29a675009
1000046274,VALLA DE MADERA 30*3CM 1PC ,0.57,8666662043087,visible,PALITO MADERA,1,204308,https://img-eu-2.freex.es/img/071/1000046274/1024x1024/674f7140be44ffee800da5f395d4b604
1000046275,VALLA DE MADERA 30*5CM 1PC,0.72,8666662043094,visible,PALITO MADERA,1,204309,https://img-eu-2.freex.es/img/071/1000046275/1024x1024/dd1162018045c3f521e3522c1bd615fc
1000046276,VALLA DE MADERA 30*5CM 1PC,0.72,8666662043100,visible,PALITO MADERA,1,204310,https://img-eu-2.freex.es/img/071/1000046276/1024x1024/615dfa7d346c0efd9788ae39d1a6c008
1000046277,VALLA DE MADERA 30*5CM 1PC,0.72,8666662043117,visible,PALITO MADERA,1,204311,https://img-eu-2.freex.es/img/071/1000046277/1024x1024/6537097e1fc674cd52b3066997c17120
1000020298,PALOS PARA MANUALIDADES,0.72,8688235000586,visible,PALITO MADERA,1,00058,https://img-eu-2.freex.es/img/071/1000020298/1024x1024/6692bc7d867607af5e17831ecce61f59
1000020297,PALOS PARA MANUALIDADES,0.71,8688235000579,visible,PALITO MADERA,1,00057,https://img-eu-2.freex.es/img/071/1000020297/1024x1024/5040d1b20bc0269bb297a15f21157252
1000035356,PALITOS DE MADERA PARA MANUALIDADES,0.78,8666661010035,visible,PALITO MADERA,1,01003-1,https://img-eu-2.freex.es/img/071/1000035356/1024x1024/c021b6fe42d2debc0b48aac26ff9acb6
1000032067,BALITO DE MADERA,0.78,8666661010035,visible,PALITO MADERA,1,01003-2,https://img-eu-2.freex.es/img/071/1000032067/1024x1024/36d5f4b301ffe42f9ee8ffd99283317e
1000010546,PALITOS DE MANUALIDADES,0.41,8666661010059,visible,PALITO MADERA,1,01005,https://img-eu-2.freex.es/img/071/1000010546/1024x1024/27a5abfb1b22bb1622c2209a1595a00a
1000010547,PALITOS DE MANUALIDADES,0.41,8666661010059,visible,PALITO MADERA,1,01005A,https://img-eu-2.freex.es/img/071/1000010547/1024x1024/f95a8dc298d26b3235c6fd27e5ebe715
1000020671,PALOS PARA MANUALIDADES,0.37,8666661950003,visible,PALITO MADERA,1,95000,https://img-eu-2.freex.es/img/071/1000020671/1024x1024/1bc00674659e6c335aef37666d06e7c3
1000020672,PALOS PARA MANUALIDADES,0.51,866666195001,visible,PALITO MADERA,1,95001,https://img-eu-2.freex.es/img/071/1000020672/1024x1024/1fe164d5dec3c32b28650ccac7ec9ad1
1000021027,PALOS MADERA 22205,0.6,8666661950027,visible,PALITO MADERA,1,95002,https://img-eu-2.freex.es/img/071/1000021027/1024x1024/33000e99e686de77fa76ed3a4c17ed92
1000000284,PALITOS DE MADERA PARA MANUALIDADES,0.51,8666661010011,visible,PALITO MADERA,1,01001A,https://img-eu-2.freex.es/img/071/1000000284/1024x1024/6926805090670029633fc5ea2e26e2ca
1000002534,PALITOS DE MADERA PARA MANUALIDADES,0.51,8666661010011,visible,PALITO MADERA,1,01001,https://img-eu-2.freex.es/img/071/1000002534/1024x1024/520c6ae79faf7a34d360684f590f08f6
1000046564,PALITOS DE MADERA PARA MANUALIDADES 10*114,0.51,8666662043261,visible,PALITO MADERA,1,204326,https://img-eu-2.freex.es/img/071/1000046564/1024x1024/d328627448bf1cf18f9b0cabe956438f
1000046565,PALITOS DE MADERA PARA MANUALIDADES 10*114,0.51,8666662043278,visible,PALITO MADERA,1,204327,https://img-eu-2.freex.es/img/071/1000046565/1024x1024/1385d30fa22209b54b47df1ed7a95d58
1000022347,PALITOS DE MADERA 22204,0.57,8666661950119,visible,PALITO MADERA,1,95011,https://img-eu-2.freex.es/img/071/1000022347/1024x1024/9d372e53e627844b8419604d47ef3d8e
1000021032,PALOS MADERA 22206,0.68,8666661950126,visible,PALITO MADERA,1,95012,https://img-eu-2.freex.es/img/071/1000021032/1024x1024/7302eba8cf49a1c3225b3d35de6e47dc
1000022348,PALITOS DE MADERA 22211,0.78,86666613950133,visible,PALITO MADERA,1,95013,https://img-eu-2.freex.es/img/071/1000022348/1024x1024/5970b1638ba29cbf64b4270a74940eb8
1000023852,PALITO DE MADERA,0.51,866666195032,visible,PALITO MADERA,1,95032,https://img-eu-2.freex.es/img/071/1000023852/1024x1024/779bb499df255c35fdd9a890c2acbc4b
1000020673,PALOS PARA MANUALIDADES,0.78,8666661950034,visible,PALITO MADERA,1,95003,https://img-eu-2.freex.es/img/071/1000020673/1024x1024/402448feabe42d50d15a7bbede7a078b
1000020765,PALITOS DE MADERA PARA MANUALIDADES,0.85,8666661010028,visible,PALITO MADERA,1,01002-1,https://img-eu-2.freex.es/img/071/1000020765/1024x1024/023689378dc9173cd00d9d63907c28cd
1000020766,PALITOS DE MADERA PARA MANUALIDADES,0.85,8666661010028,visible,PALITO MADERA,1,01002-2,https://img-eu-2.freex.es/img/071/1000020766/1024x1024/cf0706cd1be44a8a042da932f5108679
1000046562,PALITOS DE MADERA PARA MANUALIDADES 18*150,0.94,8666662043247,visible,PALITO MADERA,1,204324,https://img-eu-2.freex.es/img/071/1000046562/1024x1024/3f8c111ebfbeb3b8526ab01c69484d3e
1000046563,PALITOS DE MADERA PARA MANUALIDADES 18*150,0.86,8666662043254,visible,PALITO MADERA,1,204325,https://img-eu-2.freex.es/img/071/1000046563/1024x1024/b8ec665d2fd5a7cfba9f384e791fa438
1000020005,PALITOS DE MADERA PARA MANUALIDADES,0.51,8666661300075,visible,PALITO MADERA,1,30007,https://img-eu-2.freex.es/img/071/1000020005/1024x1024/950181a44df772e65ca167138d2823a5
1000020006,PALITOS DE MADERA PARA MANUALIDADES,0.47,8666661300082,visible,PALITO MADERA,1,30008-1,https://img-eu-2.freex.es/img/071/1000020006/1024x1024/e38481046f6821ccba2657545636534d
1000022346,PALITOS DE MADERA 22201,0.47,8666661950102,visible,PALITO MADERA,1,95010,https://img-eu-2.freex.es/img/071/1000022346/1024x1024/ddffd5e385332734addd5359d70eeabc
1000020674,PALOS PARA MANUALIDADES,0.51,8666661950041,visible,PALITO MADERA,1,95004,https://img-eu-2.freex.es/img/071/1000020674/1024x1024/be0e10245a584bc88900a3539fa25d20
1000020675,PALOS PARA MANUALIDADES,0.47,8666661950058,visible,PALITO MADERA,1,95005,https://img-eu-2.freex.es/img/071/1000020675/1024x1024/7ca1571b1dd6f75d87c7cc16ba7f7a90
1000046213,ACCESORIOS DE MANUALIDADES,0.45,8666662042516,visible,PALITO MADERA,1,204251,https://img-eu-2.freex.es/img/071/1000046213/1024x1024/be70941952b08858cf88ea03bc201419
1000046214,ACCESORIOS DE MANUALIDADES,0.55,8666662042523,visible,PALITO MADERA,1,204252,https://img-eu-2.freex.es/img/071/1000046214/1024x1024/ca38f6ccb20f3d5005c55d32ff6e7390
1000046215,ACCESORIOS DE MANUALIDADES,0.55,8666662042530,visible,PALITO MADERA,1,204253,https://img-eu-2.freex.es/img/071/1000046215/1024x1024/b118c8414c0d486965d0c27fecfe4747
1000046216,ACCESORIOS DE MANUALIDADES,0.68,8666662042547,visible,PALITO MADERA,1,204254,https://img-eu-2.freex.es/img/071/1000046216/1024x1024/7e730e9ffc76b3a9dc60754b2936801f
1000046217,ACCESORIOS DE MANUALIDADES,0.47,8666662042554,visible,PALITO MADERA,1,204255,https://img-eu-2.freex.es/img/071/1000046217/1024x1024/8093192a8d06c083a426ca4a49a67d71
1000046218,ACCESORIOS DE MANUALIDADES,0.61,8666662042561,visible,PALITO MADERA,1,204256,https://img-eu-2.freex.es/img/071/1000046218/1024x1024/8cb3d67e39e9f1095f905063c1541c1a
1000046219,ACCESORIOS DE MANUALIDADES,0.61,8666662042578,visible,PALITO MADERA,1,204257,https://img-eu-2.freex.es/img/071/1000046219/1024x1024/a095f33921a4090c30131c4b38a04666
1000046220,ACCESORIOS DE MANUALIDADES,0.61,8666662042585,visible,PALITO MADERA,1,204258,https://img-eu-2.freex.es/img/071/1000046220/1024x1024/fcf83f484397390b68ea0b9f06be1fa9
1000023854,PALITO DE MADERA,0.36,8666661950386,visible,PALITO MADERA,1,95038,https://img-eu-2.freex.es/img/071/1000023854/1024x1024/b2ba5e524fafe37f86e87ad5ef0ae6c0
1000023855,PALITO DE MADERA,0.47,8666661950393,visible,PALITO MADERA,1,95039,https://img-eu-2.freex.es/img/071/1000023855/1024x1024/3c16b83c7f8be026e3da92f40238f235
1000023856,PALITO DE MADERA,0.41,8666661950409,visible,PALITO MADERA,1,95040,https://img-eu-2.freex.es/img/071/1000023856/1024x1024/e2f58147a89972cb15cb3f5314e3935d
1000023857,PALITO DE MADERA,0.47,8666661950416,visible,PALITO MADERA,1,95041,https://img-eu-2.freex.es/img/071/1000023857/1024x1024/9ff56a6070b2782982362ef471c62596
1000024702,PALITO DE MADERA,0.51,8666661950423,visible,PALITO MADERA,1,95042,https://img-eu-2.freex.es/img/071/1000024702/1024x1024/c49fcc2fae79006fef593a64f9007df2
1000023858,PALITO DE MADERA,0.47,8666661950430,visible,PALITO MADERA,1,95043,https://img-eu-2.freex.es/img/071/1000023858/1024x1024/b2f7c8b1a4422ab3824251ad16071896
1000023859,PALITO DE MADERA,0.47,8666661950447,visible,PALITO MADERA,1,95044,https://img-eu-2.freex.es/img/071/1000023859/1024x1024/56a2d53f3f82a841d72c4d04bd51ab0a
1000023860,PALITO DE MADERA,0.51,8666661950454,visible,PALITO MADERA,1,95045,https://img-eu-2.freex.es/img/071/1000023860/1024x1024/7febc753883e3c64d8cade705e0e3a2b
1000024938,PALITO DE MADERA,0.53,8666661950461,visible,PALITO MADERA,1,95046,https://img-eu-2.freex.es/img/071/1000024938/1024x1024/df9ace9459af5fddd268f8b97459e436
1000014759,PALITO DE MADERA,0.32,8666661900039,visible,PALITO MADERA,1,90003,https://img-eu-2.freex.es/img/071/1000014759/1024x1024/e31e219ebef1131f83ba3c0bc9f34824
1000014760,PALITO DE MADERA,0.43,8666661900046,visible,PALITO MADERA,1,90004,https://img-eu-2.freex.es/img/071/1000014760/1024x1024/a102a0240121fdb517be801ab617c852
1000022500,PALITO DE MADERA COLORES,0.43,8666661950218,visible,PALITO MADERA,1,95021,https://img-eu-2.freex.es/img/071/1000022500/1024x1024/4fb195ec3515a68b5109c05dd7184033
1000023861,PALITO DE MADERA,0.47,866666195047,visible,PALITO MADERA,1,95047,https://img-eu-2.freex.es/img/071/1000023861/1024x1024/67557a7e041d3606321fa452ddf06d62
1000023862,PALITO DE MADERA,0.51,866666195049,visible,PALITO MADERA,1,95049,https://img-eu-2.freex.es/img/071/1000023862/1024x1024/10dd165d7ad79624b4efbf628e5f70b1
1000022503,PALITO DE MADERA COLORES,0.55,8666661950249,visible,PALITO MADERA,1,95024,https://img-eu-2.freex.es/img/071/1000022503/1024x1024/07ce22e43c22a80c96b1fdc145661369
1000022504,PALITO DE MADERA COLORES,0.57,8666661950256,visible,PALITO MADERA,1,95025-1,https://img-eu-2.freex.es/img/071/1000022504/1024x1024/35c6e25ebf0da29a001b34a9e264b68a
1000043722,PALOS PARA MANUALIDADES ,0.47,8666662041786,visible,PALITO MADERA,1,204178,https://img-eu-2.freex.es/img/071/1000043722/1024x1024/5d5857a9a140c42162d5d796cec27471
1000043723,PALOS PARA MANUALIDADES ,0.51,8666662041793,visible,PALITO MADERA,1,204179,https://img-eu-2.freex.es/img/071/1000043723/1024x1024/4b7ecfab2c4da4138d4de6b39d81e465
1000043724,PALOS PARA MANUALIDADES ,0.51,8666662041809,visible,PALITO MADERA,1,204180,https://img-eu-2.freex.es/img/071/1000043724/1024x1024/9e4d5c2c6116cf961740fd6ba6bf04d2
1000043725,PALOS PARA MANUALIDADES ,0.51,8666662041816,visible,PALITO MADERA,1,204181,https://img-eu-2.freex.es/img/071/1000043725/1024x1024/ea10a1778b36aec2265a89004fdfe126
1000043726,PALOS PARA MANUALIDADES,0.61,8666662041823,visible,PALITO MADERA,1,204182,https://img-eu-2.freex.es/img/071/1000043726/1024x1024/49a536d1a7ebad63036e13284ff295a5
1000043727,PALOS PARA MANUALIDADES,0.61,8666662041830,visible,PALITO MADERA,1,204183,https://img-eu-2.freex.es/img/071/1000043727/1024x1024/21c4da1dc2f1a25b43e77aaac0e0d5f1
1000043728,PALOS PARA MANUALIDADES,0.47,8666662041847,visible,PALITO MADERA,1,204184,https://img-eu-2.freex.es/img/071/1000043728/1024x1024/d428fb837f56c5f0a9f9e7ba97288039
1000043729,PALOS PARA MANUALIDADES ,0.51,8666662041854,visible,PALITO MADERA,1,204185,https://img-eu-2.freex.es/img/071/1000043729/1024x1024/236b3c7a440d8ae08a1da8d448bbeb7c
1000039098,8*700MM PALA MADERA MANUALIDADES,0.3,866666204046,visible,PALITO MADERA,1,204046,https://img-eu-2.freex.es/img/071/1000039098/1024x1024/d8d21aea32161b650e1180c04bb71ab2
1000039099,10*700MM PALA MADERA MANUALIDADES,0.36,866666204047,visible,PALITO MADERA,1,204047,https://img-eu-2.freex.es/img/071/1000039099/1024x1024/f1ad66f4454a994b281dd539ce5e41dc
1000039100,12*700MM PALA MADERA MANUALIDADES,0.51,866666204048,visible,PALITO MADERA,1,204048,https://img-eu-2.freex.es/img/071/1000039100/1024x1024/895d4d7312f15f579f9a4428ea0f3d99
1000039101,14*700MM PALA MADERA MANUALIDADES,0.68,866666204049,visible,PALITO MADERA,1,204049,https://img-eu-2.freex.es/img/071/1000039101/1024x1024/160d4b5c97633fb7d4c36b6dcc2cbc07
1000039102,15*700MM PALA MADERA MANUALIDADES,0.72,866666204050,visible,PALITO MADERA,1,204050,https://img-eu-2.freex.es/img/071/1000039102/1024x1024/b5ba9a534e30a0268e4fff9a957ccb72
1000039103,16*700MM PALA MADERA MANUALIDADES,0.78,866666204051,visible,PALITO MADERA,1,204051,https://img-eu-2.freex.es/img/071/1000039103/1024x1024/99a90565390a32340fb4d3a3a64c6a61
1000039104,18*700MM PALA MADERA MANUALIDADES,0.97,866666204052,visible,PALITO MADERA,1,204052,https://img-eu-2.freex.es/img/071/1000039104/1024x1024/72c10750f58af1d39f115a712a019822
1000039105,20*700MM PALA MADERA MANUALIDADES,1.04,866666204053,visible,PALITO MADERA,1,204053,https://img-eu-2.freex.es/img/071/1000039105/1024x1024/cfd7a73c70dec3ff5ada9e87c423b13d
1000039106,8*700MM PALA MADERA MANUALIDADES,0.36,866666204058,visible,PALITO MADERA,1,204058,https://img-eu-2.freex.es/img/071/1000039106/1024x1024/27e7932a17620e0abed651ae27131408
1000039107,10*700MM PALA MADERA MANUALIDADES,0.41,866666204059,visible,PALITO MADERA,1,204059,https://img-eu-2.freex.es/img/071/1000039107/1024x1024/81675a2adfadc02cdda5ef54ea8079bc
1000039108,12*700MM PALA MADERA MANUALIDADES,0.57,866666204060,visible,PALITO MADERA,1,204060,https://img-eu-2.freex.es/img/071/1000039108/1024x1024/c201f6c1f48a5b6f8239d860c3c7670a
1000039109,14*700MM PALA MADERA MANUALIDADES,0.83,866666204061,visible,PALITO MADERA,1,204061,https://img-eu-2.freex.es/img/071/1000039109/1024x1024/41b46f6e8bfca18f346ec010cdc8abf4
1000039110,15*700MM PALA MADERA MANUALIDADES,0.85,866666204062,visible,PALITO MADERA,1,204062,https://img-eu-2.freex.es/img/071/1000039110/1024x1024/086b0f2d62023e2a2a610086e5eb5a7b
1000039111,16*700MM PALA MADERA MANUALIDADES,0.93,866666204063,visible,PALITO MADERA,1,204063,https://img-eu-2.freex.es/img/071/1000039111/1024x1024/e859e49affd3c6a4539fa2705a64d032
1000039112,18*700MM PALA MADERA MANUALIDADES,1.04,866666204064,visible,PALITO MADERA,1,204064,https://img-eu-2.freex.es/img/071/1000039112/1024x1024/b5a0c44f3f05decbf7acc32178a637a0
1000039113,20*700MM PALA MADERA MANUALIDADES,1.1,866666204065,visible,PALITO MADERA,1,204065,https://img-eu-2.freex.es/img/071/1000039113/1024x1024/a8f583672874615948a6d049a6491a17
1000041256,PALO MADERA MANUALIDADES,0.6,8666662040802,visible,PALITO MADERA,1,204080,https://img-eu-2.freex.es/img/071/1000041256/1024x1024/e9ca710c62aed0199fc62f82207418ac
1000041257,PALO MADERA MANUALIDADES,0.93,8666662040819,visible,PALITO MADERA,1,204081,https://img-eu-2.freex.es/img/071/1000041257/1024x1024/a9f82084d23813b0874d5634e6aeee18
1000041258,PALO MADERA MANUALIDADES,1.31,8666662040826,visible,PALITO MADERA,1,204082,https://img-eu-2.freex.es/img/071/1000041258/1024x1024/acd4b154d7dd976bea81a57eb9b3087d
1000041259,PALO MADERA MANUALIDADES,1.83,8666662040833,visible,PALITO MADERA,1,204083,https://img-eu-2.freex.es/img/071/1000041259/1024x1024/e62abe9c73715cc9e41484160344b361
1000041260,PALO MADERA MANUALIDADES,1.94,8666662040840,visible,PALITO MADERA,1,204084,https://img-eu-2.freex.es/img/071/1000041260/1024x1024/c65b1ee972db2c3fc7b66e7d3d07757f
1000041261,PALO MADERA MANUALIDADES,2.36,8666662040857,visible,PALITO MADERA,1,204085,https://img-eu-2.freex.es/img/071/1000041261/1024x1024/a0e44bea9fc247a6c326e0667556e8d6
1000041262,PALO MADERA MANUALIDADES,2.67,8666662040864,visible,PALITO MADERA,1,204086,https://img-eu-2.freex.es/img/071/1000041262/1024x1024/58f5f37901975e8371c0e91c77b4e317
1000041263,PALO MADERA MANUALIDADES ,1.83,8666662040871,visible,PALITO MADERA,1,204087,https://img-eu-2.freex.es/img/071/1000041263/1024x1024/f1cffc671efe7d304765f226fac80612
1000041264,PALO MADERA MANUALIDADES ,2.36,8666662040888,visible,PALITO MADERA,1,204088,https://img-eu-2.freex.es/img/071/1000041264/1024x1024/ef337eaeb5790b985d592db2d611e37b
1000041265,PALO MADERA MANUALIDADES ,2.99,8666662040895,visible,PALITO MADERA,1,204089,https://img-eu-2.freex.es/img/071/1000041265/1024x1024/e1d368c1d6763c08311157d69ede6bd1
1000041266,PALO MADERA MANUALIDADES,4.56,8666662040901,visible,PALITO MADERA,1,204090,https://img-eu-2.freex.es/img/071/1000041266/1024x1024/67f5db2b5fceeb19c05189ca23362267
1000041267,PALO MADERA MANUALIDADES,6.03,8666662040918,visible,PALITO MADERA,1,204091,https://img-eu-2.freex.es/img/071/1000041267/1024x1024/8e8af904bc4bbf3eaaa4f60bd01e2661
1000041268,PALO MADERA MANUALIDADES ,3.2,8666662040925,visible,PALITO MADERA,1,204092,https://img-eu-2.freex.es/img/071/1000041268/1024x1024/0691a7ee177ca5d23c1cb28fd78ff246
1000041269,PALO MADERA MANUALIDADES,4.14,8666662040932,visible,PALITO MADERA,1,204093,https://img-eu-2.freex.es/img/071/1000041269/1024x1024/a8f79541da644dcb1db3f98bf24a5a0f
1000041270,PALO MADERA MANUALIDADES,4.46,8666662040949,visible,PALITO MADERA,1,204094,https://img-eu-2.freex.es/img/071/1000041270/1024x1024/9fb37d2eeb4dd3e28ce18082dd12e4ba
1000041271,PALO MADERA MANUALIDADES,6.82,8666662040956,visible,PALITO MADERA,1,204095,https://img-eu-2.freex.es/img/071/1000041271/1024x1024/bc0ef6d5b9c15a1a7a4891355dc1e8e2
1000041272,PALO MADERA MANUALIDADES,6.98,8666662040963,visible,PALITO MADERA,1,204096,https://img-eu-2.freex.es/img/071/1000041272/1024x1024/f81803d02976d815e870b9e92d3eca5d
1000008919,PALITO DE MADERA,0.6,8666661105670,visible,PALITO MADERA,1,10567,https://img-eu-2.freex.es/img/071/1000008919/1024x1024/f0ad11a7515a244fb59b5277e7f2a1c0
1000041327,PALITO MADERA,0.57,866666204079,visible,PALITO MADERA,1,204079,https://img-eu-2.freex.es/img/071/1000041327/1024x1024/b60957c20b6ae755766158325b5b5427
1000008920,PALITO DE MADERA,0.6,866666105687,visible,PALITO MADERA,1,10568,https://img-eu-2.freex.es/img/071/1000008920/1024x1024/f2cb4f935de1d2de4a7081b3553e33b3
1000008921,PALITO DE MADERA,0.6,8666661105694,visible,PALITO MADERA,1,10569,https://img-eu-2.freex.es/img/071/1000008921/1024x1024/a88d3056a1d44dc784e408653004cf59
1000024902,PALITO DE MADERA,0.78,8666661911158,visible,PALITO MADERA,1,91115,https://img-eu-2.freex.es/img/071/1000024902/1024x1024/b7d2923fb2103f3f960afe6525c20441
1000014752,PALITO DE MADERA,0.78,8666661900015,visible,PALITO MADERA,1,90001,https://img-eu-2.freex.es/img/071/1000014752/1024x1024/4e3fc32a0403526f79ec3ef723dea532
1000008922,PALITO DE MADERA,0.83,8666661105700,visible,PALITO MADERA,1,10570,https://img-eu-2.freex.es/img/071/1000008922/1024x1024/39de024cc2c15874083e092fa44ce10d
1000020311,PALITO DE MADERA,0.85,866666190002,visible,PALITO MADERA,1,90002,https://img-eu-2.freex.es/img/071/1000020311/1024x1024/3ee12233b3f77c85712d8a3f94a01513
1000008923,PALITO DE MADERA,0.89,8666661105717,visible,PALITO MADERA,1,10571,https://img-eu-2.freex.es/img/071/1000008923/1024x1024/3424c02e1fd83855ace2b85f674aa378
1000008924,PALITO DE MADERA,1.1,8666661105724,visible,PALITO MADERA,1,10572,https://img-eu-2.freex.es/img/071/1000008924/1024x1024/efc4203b4b5bfc4c6b569754ed9dc756
1000023092,PALITO DE MADERA PARA MANUALIDADES,0.43,8666661950508,visible,PALITO MADERA,1,95050,https://img-eu-2.freex.es/img/071/1000023092/1024x1024/cc5a6fd910ffda7dce73b89b1bb9100d
1000023093,PALITO DE MADERA PARA MANUALIDADES,0.47,8666661950515,visible,PALITO MADERA,1,95051,https://img-eu-2.freex.es/img/071/1000023093/1024x1024/c4e19cc3c33b83cc2c3102e163ef3966
1000023094,PALITO DE MADERA PARA MANUALIDADES,0.51,8666661950522,visible,PALITO MADERA,1,95052,https://img-eu-2.freex.es/img/071/1000023094/1024x1024/3e10f682819c11d19142f378cb1d57ae
1000023095,PALITO DE MADERA PARA MANUALIDADES,0.55,8666661950539,visible,PALITO MADERA,1,95053,https://img-eu-2.freex.es/img/071/1000023095/1024x1024/e43a3190b5f7c030829ee9b95192ffa5
1000023096,PALITO DE MADERA PARA MANUALIDADES,0.6,8666661950546,visible,PALITO MADERA,1,95054,https://img-eu-2.freex.es/img/071/1000023096/1024x1024/0bb7b886f5f3864aaecc0412f7ae3677
1000023097,PALITO DE MADERA PARA MANUALIDADES,0.55,8666661950553,visible,PALITO MADERA,1,95055,https://img-eu-2.freex.es/img/071/1000023097/1024x1024/65a0296c4317220ecdacfe87428eb5c1
1000023098,PALITO DE MADERA PARA MANUALIDADES,0.6,8666661950560,visible,PALITO MADERA,1,95056,https://img-eu-2.freex.es/img/071/1000023098/1024x1024/abb1f2d020ee866d41fdbae5f834117f
1000023099,PALITO DE MADERA PARA MANUALIDADES,0.51,8666661950577,visible,PALITO MADERA,1,95057,https://img-eu-2.freex.es/img/071/1000023099/1024x1024/8ca400784ab1cad6eef32a7c6b20fb24
1000023100,PALITO DE MADERA PARA MANUALIDADES,0.51,8666661950584,visible,PALITO MADERA,1,95058,https://img-eu-2.freex.es/img/071/1000023100/1024x1024/9df52c6a721f14053de708a5864f7245
1000024603,PALITO DE MADERA,0.51,8666661950591,visible,PALITO MADERA,1,95059,https://img-eu-2.freex.es/img/071/1000024603/1024x1024/69cca2132419cf9b12f51e780d573a5e
1000023101,PALITO DE MADERA PARA MANUALIDADES,0.51,8666661950607,visible,PALITO MADERA,1,95060,https://img-eu-2.freex.es/img/071/1000023101/1024x1024/8061ff932cc68e3bc8f9665087e35b88
1000023103,PALITO DE MADERA PARA MANUALIDADES,0.51,8666661950621,visible,PALITO MADERA,1,95062,https://img-eu-2.freex.es/img/071/1000023103/1024x1024/46976998932dea9f79f881a18ef1bbd3
1000023104,PALITO DE MADERA PARA MANUALIDADES,0.57,8666661950638,visible,PALITO MADERA,1,95063,https://img-eu-2.freex.es/img/071/1000023104/1024x1024/a1de58bad675240cd6de4d479013bc8e
1000023105,PALITO DE MADERA PARA MANUALIDADES,0.6,8666661950645,visible,PALITO MADERA,1,95064,https://img-eu-2.freex.es/img/071/1000023105/1024x1024/d6503bdd1b7b188b2d0fe717fc16aa52
1000023106,PALITO DE MADERA PARA MANUALIDADES,0.78,8666661950652,visible,PALITO MADERA,1,95065,https://img-eu-2.freex.es/img/071/1000023106/1024x1024/67975e13af124a25053f984d0009f3af
1000023108,PALITO DE MADERA PARA MANUALIDADES,0.72,8666661950676,visible,PALITO MADERA,1,95067,https://img-eu-2.freex.es/img/071/1000023108/1024x1024/5f0b864cfc353c2391fa4197e5ff1fd1
1000023109,PALITO DE MADERA PARA MANUALIDADES,0.78,8666661950683,visible,PALITO MADERA,1,95068,https://img-eu-2.freex.es/img/071/1000023109/1024x1024/66e1d8ce8cd3e18965f4743df09bf054
1000006939,LEGOS,0.36,58888-1,visible,PALITO MADERA,1,58888-1,https://img-eu-2.freex.es/img/071/1000006939/1024x1024/bca6923f7e1dcb1efe5d986b0fe12a12
1000006940,LEGOS,0.36,58888-2,visible,PALITO MADERA,1,58888-2,https://img-eu-2.freex.es/img/071/1000006940/1024x1024/e861b7d58aa12c378b1d66c72ec77316
1000006941,LEGOS,0.36,58888-3,visible,PALITO MADERA,1,58888-3,https://img-eu-2.freex.es/img/071/1000006941/1024x1024/a485e18aef67fdd1530654b5e3185470
1000006942,LEGOS,0.36,58888-4,visible,PALITO MADERA,1,58888-4,https://img-eu-2.freex.es/img/071/1000006942/1024x1024/68f034174536907e817a4ddfb9da4a00
1000006943,LEGOS,0.36,58888-5,visible,PALITO MADERA,1,58888-5,https://img-eu-2.freex.es/img/071/1000006943/1024x1024/c968312bc0d8d8e705bf1ed53672ba73
1000006944,LEGOS,0.36,58888-6,visible,PALITO MADERA,1,58888-6,https://img-eu-2.freex.es/img/071/1000006944/1024x1024/5b1c4f5022de5fec99586890552cee4c
1000006945,LEGOS,0.36,58888-7,visible,PALITO MADERA,1,58888-7,https://img-eu-2.freex.es/img/071/1000006945/1024x1024/b60e346a6f16ad5e63035bf7d9156cfd
1000006946,LEGOS,0.36,58888-8,visible,PALITO MADERA,1,58888-8,https://img-eu-2.freex.es/img/071/1000006946/1024x1024/5b7b040218a59f329d5531d62ce25812
1000006947,LEGOS,0.36,58888-9,visible,PALITO MADERA,1,58888-9,https://img-eu-2.freex.es/img/071/1000006947/1024x1024/b45c5d8d8b3b5d58b33814013d962fc7
1000006948,LEGOS,0.36,58888-10,visible,PALITO MADERA,1,58888-10,https://img-eu-2.freex.es/img/071/1000006948/1024x1024/c8f3c7d787769d44a88b14cf72d99f69
1000006949,LEGOS,0.36,58888-11,visible,PALITO MADERA,1,58888-11,https://img-eu-2.freex.es/img/071/1000006949/1024x1024/9095ccc9a798963d1d23807f4e9c952d
1000006950,LEGOS,0.36,58888-12,visible,PALITO MADERA,1,58888-12,https://img-eu-2.freex.es/img/071/1000006950/1024x1024/85161e2b4a864fcf7c560d172bcee382
1000006951,LEGOS,0.36,58888-13,visible,PALITO MADERA,1,58888-13,https://img-eu-2.freex.es/img/071/1000006951/1024x1024/ca71870b07b2ab14564d9eacc7e5e3c1
1000006952,LEGOS,0.36,58888-14,visible,PALITO MADERA,1,58888-14,https://img-eu-2.freex.es/img/071/1000006952/1024x1024/fe5438574ccf9a8fd5bd44915c7262ce
1000006953,LEGOS,0.36,58888-15,visible,PALITO MADERA,1,58888-15,https://img-eu-2.freex.es/img/071/1000006953/1024x1024/1c3003bf54e41474123df79cd07fa205
1000006954,LEGOS,0.36,58888-16,visible,PALITO MADERA,1,58888-16,https://img-eu-2.freex.es/img/071/1000006954/1024x1024/862518a43df88f55fb759093e9585096
1000006955,LEGOS,0.36,58888-17,visible,PALITO MADERA,1,58888-17,https://img-eu-2.freex.es/img/071/1000006955/1024x1024/7655dd5acc49e97acb22884797bb8934
1000006956,LEGOS,0.36,58888-18,visible,PALITO MADERA,1,58888-18,https://img-eu-2.freex.es/img/071/1000006956/1024x1024/444b42075a5df4f5a7874ec6d0ca2c8b
1000006957,LEGOS,0.36,58888-19,visible,PALITO MADERA,1,58888-19,https://img-eu-2.freex.es/img/071/1000006957/1024x1024/53e18444028491e7c4f28eab5d10dcc3
1000006958,LEGOS,0.36,58888-20,visible,PALITO MADERA,1,58888-20,https://img-eu-2.freex.es/img/071/1000006958/1024x1024/d26f466570b7c24ea8727dfd2ea5fb5c
1000006959,LEGOS,0.36,58888-21,visible,PALITO MADERA,1,58888-21,https://img-eu-2.freex.es/img/071/1000006959/1024x1024/e38809e30264e3ba4f1b8c651949b823
1000040107,PALITO MADERA,0,,visible,PALITO MADERA,1,??_20240418145415,https://img-eu-2.freex.es/img/071/1000040107/1024x1024/f48dd05a8d281a69d202d3e23e4ce7bf
1000040751,ACCESORIOS DE MADERA,0.51,8666662040727,visible,PALITO MADERA,1,204072,https://img-eu-2.freex.es/img/071/1000040751/1024x1024/33a411a02c9c3c1d3171644bde78bdc0
1000040752,ACCESORIOS DE MADERA,0.53,8666662040734,visible,PALITO MADERA,1,204073,https://img-eu-2.freex.es/img/071/1000040752/1024x1024/170fb7fc10234ffc81c536d93f42be77
1000040756,ACCESORIOS DE MADERA,0.93,8666662040772,visible,PALITO MADERA,1,204077,https://img-eu-2.freex.es/img/071/1000040756/1024x1024/2259542b7bc8f7856e088fe91272ed86
1000040757,ACCESORIOS DE MADERA,0.93,8666662040789,visible,PALITO MADERA,1,204078,https://img-eu-2.freex.es/img/071/1000040757/1024x1024/e349e9e4321696bb422ea09e2c86bff2
1000031749,TENEDOR DE MADERA,0.45,8666661921706,visible,PALITO MADERA,1,92170,https://img-eu-2.freex.es/img/071/1000031749/1024x1024/d435eaf95c2dbfe4579c9ab628844110
1000031751,CUBIERTO DE MADERA,0.53,8666661921720,visible,PALITO MADERA,1,92172,https://img-eu-2.freex.es/img/071/1000031751/1024x1024/7adcfc50860252376405f68684e05511
1000031752,CUCHILLO DE MADERA,0.47,8666661921737,visible,PALITO MADERA,1,92173,https://img-eu-2.freex.es/img/071/1000031752/1024x1024/a7ddf3ccbb0029aac50bebb3d4251257
1000031753,TENEDOR DE MADERA,0.6,8666661921744,visible,PALITO MADERA,1,92174,https://img-eu-2.freex.es/img/071/1000031753/1024x1024/92518d9fcffd17fe832c887348683faf
1000031755,CUBIERTO DE MADERA,0.68,8666661921768,visible,PALITO MADERA,1,92176,https://img-eu-2.freex.es/img/071/1000031755/1024x1024/f59b47b88bc2cf8faf0da2b479687990
1000031756,CUCHILLO DE MADERA,0.6,8666661921775,visible,PALITO MADERA,1,92177,https://img-eu-2.freex.es/img/071/1000031756/1024x1024/b977fafd9cf85ddcb26fb9d827a63d55
1000031757,TENEDOR DE MADERA,0.64,8666661921782,visible,PALITO MADERA,1,92178,https://img-eu-2.freex.es/img/071/1000031757/1024x1024/2fe61025d6c94c9235ce55dbf8897ebe
1000031758,CUCHARA DE MADERA,0.64,8666661921799,visible,PALITO MADERA,1,92179,https://img-eu-2.freex.es/img/071/1000031758/1024x1024/d5425508509111a8f0377fec172d7fde
1000031759,CUBIERTO DE MADERA,0.83,8666661921805,visible,PALITO MADERA,1,92180,https://img-eu-2.freex.es/img/071/1000031759/1024x1024/d044cf50fbe11383aed0f27aef30f29e
1000032880,ACCESORIOS DE MADERA,0.57,8666661917211,visible,PALITO MADERA,1,91721-1,https://img-eu-2.freex.es/img/071/1000032880/1024x1024/b0ddaf6f77a70e08c3ff66bbfa3a454e
1000032881,ACCESORIOS DE MADERA,0.6,8666661917228,visible,PALITO MADERA,1,91722-1,https://img-eu-2.freex.es/img/071/1000032881/1024x1024/32e8bc5e5bb6acb9f62e7f9b898b6ea0
1000032882,ACCESORIOS DE MADERA,0.7,8666661917235,visible,PALITO MADERA,1,91723-1,https://img-eu-2.freex.es/img/071/1000032882/1024x1024/b35cc3592e4542bea55fffb69c3d412a
1000032883,ACCESORIOS DE MADERA,0.72,8666661917242,visible,PALITO MADERA,1,91724-A,https://img-eu-2.freex.es/img/071/1000032883/1024x1024/bcceb2b90bae84ae9d1b2d1d2c915bfe
1000021031,CILINDRO DE MADERA,0.47,8666661950096,visible,PALITO MADERA,1,95009,https://img-eu-2.freex.es/img/071/1000021031/1024x1024/8087e6d8767f157ea9de6f97ed26302b
1000046272,VALLA DE MADERA 30*3CM 1PC ,0.59,8666662043063,visible,PALITO MADERA,1,204306,https://img-eu-2.freex.es/img/071/1000046272/1024x1024/201eea5fcbc1c2765f090e2d52a8b26d
1000046273,VALLA DE MADERA 30*3CM 1PC ,0.57,8666662043070,visible,PALITO MADERA,1,204307,https://img-eu-2.freex.es/img/071/1000046273/1024x1024/55310ca61b627b2dcf9a6bb29a675009
1000046274,VALLA DE MADERA 30*3CM 1PC ,0.57,8666662043087,visible,PALITO MADERA,1,204308,https://img-eu-2.freex.es/img/071/1000046274/1024x1024/674f7140be44ffee800da5f395d4b604
1000046275,VALLA DE MADERA 30*5CM 1PC,0.72,8666662043094,visible,PALITO MADERA,1,204309,https://img-eu-2.freex.es/img/071/1000046275/1024x1024/dd1162018045c3f521e3522c1bd615fc
1000046276,VALLA DE MADERA 30*5CM 1PC,0.72,8666662043100,visible,PALITO MADERA,1,204310,https://img-eu-2.freex.es/img/071/1000046276/1024x1024/615dfa7d346c0efd9788ae39d1a6c008
1000046277,VALLA DE MADERA 30*5CM 1PC,0.72,8666662043117,visible,PALITO MADERA,1,204311,https://img-eu-2.freex.es/img/071/1000046277/1024x1024/6537097e1fc674cd52b3066997c17120
1000020298,PALOS PARA MANUALIDADES,0.72,8688235000586,visible,PALITO MADERA,1,00058,https://img-eu-2.freex.es/img/071/1000020298/1024x1024/6692bc7d867607af5e17831ecce61f59
1000020297,PALOS PARA MANUALIDADES,0.71,8688235000579,visible,PALITO MADERA,1,00057,https://img-eu-2.freex.es/img/071/1000020297/1024x1024/5040d1b20bc0269bb297a15f21157252
1000035356,PALITOS DE MADERA PARA MANUALIDADES,0.78,8666661010035,visible,PALITO MADERA,1,01003-1,https://img-eu-2.freex.es/img/071/1000035356/1024x1024/c021b6fe42d2debc0b48aac26ff9acb6
1000032067,BALITO DE MADERA,0.78,8666661010035,visible,PALITO MADERA,1,01003-2,https://img-eu-2.freex.es/img/071/1000032067/1024x1024/36d5f4b301ffe42f9ee8ffd99283317e
1000010546,PALITOS DE MANUALIDADES,0.41,8666661010059,visible,PALITO MADERA,1,01005,https://img-eu-2.freex.es/img/071/1000010546/1024x1024/27a5abfb1b22bb1622c2209a1595a00a
1000010547,PALITOS DE MANUALIDADES,0.41,8666661010059,visible,PALITO MADERA,1,01005A,https://img-eu-2.freex.es/img/071/1000010547/1024x1024/f95a8dc298d26b3235c6fd27e5ebe715
1000020671,PALOS PARA MANUALIDADES,0.37,8666661950003,visible,PALITO MADERA,1,95000,https://img-eu-2.freex.es/img/071/1000020671/1024x1024/1bc00674659e6c335aef37666d06e7c3
1000020672,PALOS PARA MANUALIDADES,0.51,866666195001,visible,PALITO MADERA,1,95001,https://img-eu-2.freex.es/img/071/1000020672/1024x1024/1fe164d5dec3c32b28650ccac7ec9ad1
1000021027,PALOS MADERA 22205,0.6,8666661950027,visible,PALITO MADERA,1,95002,https://img-eu-2.freex.es/img/071/1000021027/1024x1024/33000e99e686de77fa76ed3a4c17ed92
1000000284,PALITOS DE MADERA PARA MANUALIDADES,0.51,8666661010011,visible,PALITO MADERA,1,01001A,https://img-eu-2.freex.es/img/071/1000000284/1024x1024/6926805090670029633fc5ea2e26e2ca
1000002534,PALITOS DE MADERA PARA MANUALIDADES,0.51,8666661010011,visible,PALITO MADERA,1,01001,https://img-eu-2.freex.es/img/071/1000002534/1024x1024/520c6ae79faf7a34d360684f590f08f6
1000046564,PALITOS DE MADERA PARA MANUALIDADES 10*114,0.51,8666662043261,visible,PALITO MADERA,1,204326,https://img-eu-2.freex.es/img/071/1000046564/1024x1024/d328627448bf1cf18f9b0cabe956438f
1000046565,PALITOS DE MADERA PARA MANUALIDADES 10*114,0.51,8666662043278,visible,PALITO MADERA,1,204327,https://img-eu-2.freex.es/img/071/1000046565/1024x1024/1385d30fa22209b54b47df1ed7a95d58
1000022347,PALITOS DE MADERA 22204,0.57,8666661950119,visible,PALITO MADERA,1,95011,https://img-eu-2.freex.es/img/071/1000022347/1024x1024/9d372e53e627844b8419604d47ef3d8e
1000021032,PALOS MADERA 22206,0.68,8666661950126,visible,PALITO MADERA,1,95012,https://img-eu-2.freex.es/img/071/1000021032/1024x1024/7302eba8cf49a1c3225b3d35de6e47dc
1000022348,PALITOS DE MADERA 22211,0.78,86666613950133,visible,PALITO MADERA,1,95013,https://img-eu-2.freex.es/img/071/1000022348/1024x1024/5970b1638ba29cbf64b4270a74940eb8
1000023852,PALITO DE MADERA,0.51,866666195032,visible,PALITO MADERA,1,95032,https://img-eu-2.freex.es/img/071/1000023852/1024x1024/779bb499df255c35fdd9a890c2acbc4b
1000020673,PALOS PARA MANUALIDADES,0.78,8666661950034,visible,PALITO MADERA,1,95003,https://img-eu-2.freex.es/img/071/1000020673/1024x1024/402448feabe42d50d15a7bbede7a078b
1000020765,PALITOS DE MADERA PARA MANUALIDADES,0.85,8666661010028,visible,PALITO MADERA,1,01002-1,https://img-eu-2.freex.es/img/071/1000020765/1024x1024/023689378dc9173cd00d9d63907c28cd
1000020766,PALITOS DE MADERA PARA MANUALIDADES,0.85,8666661010028,visible,PALITO MADERA,1,01002-2,https://img-eu-2.freex.es/img/071/1000020766/1024x1024/cf0706cd1be44a8a042da932f5108679
1000046562,PALITOS DE MADERA PARA MANUALIDADES 18*150,0.94,8666662043247,visible,PALITO MADERA,1,204324,https://img-eu-2.freex.es/img/071/1000046562/1024x1024/3f8c111ebfbeb3b8526ab01c69484d3e
1000046563,PALITOS DE MADERA PARA MANUALIDADES 18*150,0.86,8666662043254,visible,PALITO MADERA,1,204325,https://img-eu-2.freex.es/img/071/1000046563/1024x1024/b8ec665d2fd5a7cfba9f384e791fa438
1000020005,PALITOS DE MADERA PARA MANUALIDADES,0.51,8666661300075,visible,PALITO MADERA,1,30007,https://img-eu-2.freex.es/img/071/1000020005/1024x1024/950181a44df772e65ca167138d2823a5
1000020006,PALITOS DE MADERA PARA MANUALIDADES,0.47,8666661300082,visible,PALITO MADERA,1,30008-1,https://img-eu-2.freex.es/img/071/1000020006/1024x1024/e38481046f6821ccba2657545636534d
1000022346,PALITOS DE MADERA 22201,0.47,8666661950102,visible,PALITO MADERA,1,95010,https://img-eu-2.freex.es/img/071/1000022346/1024x1024/ddffd5e385332734addd5359d70eeabc
1000020674,PALOS PARA MANUALIDADES,0.51,8666661950041,visible,PALITO MADERA,1,95004,https://img-eu-2.freex.es/img/071/1000020674/1024x1024/be0e10245a584bc88900a3539fa25d20
1000020675,PALOS PARA MANUALIDADES,0.47,8666661950058,visible,PALITO MADERA,1,95005,https://img-eu-2.freex.es/img/071/1000020675/1024x1024/7ca1571b1dd6f75d87c7cc16ba7f7a90
1000046213,ACCESORIOS DE MANUALIDADES,0.45,8666662042516,visible,PALITO MADERA,1,204251,https://img-eu-2.freex.es/img/071/1000046213/1024x1024/be70941952b08858cf88ea03bc201419
1000046214,ACCESORIOS DE MANUALIDADES,0.55,8666662042523,visible,PALITO MADERA,1,204252,https://img-eu-2.freex.es/img/071/1000046214/1024x1024/ca38f6ccb20f3d5005c55d32ff6e7390
1000046215,ACCESORIOS DE MANUALIDADES,0.55,8666662042530,visible,PALITO MADERA,1,204253,https://img-eu-2.freex.es/img/071/1000046215/1024x1024/b118c8414c0d486965d0c27fecfe4747
1000046216,ACCESORIOS DE MANUALIDADES,0.68,8666662042547,visible,PALITO MADERA,1,204254,https://img-eu-2.freex.es/img/071/1000046216/1024x1024/7e730e9ffc76b3a9dc60754b2936801f
1000046217,ACCESORIOS DE MANUALIDADES,0.47,8666662042554,visible,PALITO MADERA,1,204255,https://img-eu-2.freex.es/img/071/1000046217/1024x1024/8093192a8d06c083a426ca4a49a67d71
1000046218,ACCESORIOS DE MANUALIDADES,0.61,8666662042561,visible,PALITO MADERA,1,204256,https://img-eu-2.freex.es/img/071/1000046218/1024x1024/8cb3d67e39e9f1095f905063c1541c1a
1000046219,ACCESORIOS DE MANUALIDADES,0.61,8666662042578,visible,PALITO MADERA,1,204257,https://img-eu-2.freex.es/img/071/1000046219/1024x1024/a095f33921a4090c30131c4b38a04666
1000046220,ACCESORIOS DE MANUALIDADES,0.61,8666662042585,visible,PALITO MADERA,1,204258,https://img-eu-2.freex.es/img/071/1000046220/1024x1024/fcf83f484397390b68ea0b9f06be1fa9
1000023854,PALITO DE MADERA,0.36,8666661950386,visible,PALITO MADERA,1,95038,https://img-eu-2.freex.es/img/071/1000023854/1024x1024/b2ba5e524fafe37f86e87ad5ef0ae6c0
1000023855,PALITO DE MADERA,0.47,8666661950393,visible,PALITO MADERA,1,95039,https://img-eu-2.freex.es/img/071/1000023855/1024x1024/3c16b83c7f8be026e3da92f40238f235
1000023856,PALITO DE MADERA,0.41,8666661950409,visible,PALITO MADERA,1,95040,https://img-eu-2.freex.es/img/071/1000023856/1024x1024/e2f58147a89972cb15cb3f5314e3935d
1000023857,PALITO DE MADERA,0.47,8666661950416,visible,PALITO MADERA,1,95041,https://img-eu-2.freex.es/img/071/1000023857/1024x1024/9ff56a6070b2782982362ef471c62596
1000024702,PALITO DE MADERA,0.51,8666661950423,visible,PALITO MADERA,1,95042,https://img-eu-2.freex.es/img/071/1000024702/1024x1024/c49fcc2fae79006fef593a64f9007df2
1000023858,PALITO DE MADERA,0.47,8666661950430,visible,PALITO MADERA,1,95043,https://img-eu-2.freex.es/img/071/1000023858/1024x1024/b2f7c8b1a4422ab3824251ad16071896
1000023859,PALITO DE MADERA,0.47,8666661950447,visible,PALITO MADERA,1,95044,https://img-eu-2.freex.es/img/071/1000023859/1024x1024/56a2d53f3f82a841d72c4d04bd51ab0a
1000023860,PALITO DE MADERA,0.51,8666661950454,visible,PALITO MADERA,1,95045,https://img-eu-2.freex.es/img/071/1000023860/1024x1024/7febc753883e3c64d8cade705e0e3a2b
1000024938,PALITO DE MADERA,0.53,8666661950461,visible,PALITO MADERA,1,95046,https://img-eu-2.freex.es/img/071/1000024938/1024x1024/df9ace9459af5fddd268f8b97459e436
1000014759,PALITO DE MADERA,0.32,8666661900039,visible,PALITO MADERA,1,90003,https://img-eu-2.freex.es/img/071/1000014759/1024x1024/e31e219ebef1131f83ba3c0bc9f34824
1000014760,PALITO DE MADERA,0.43,8666661900046,visible,PALITO MADERA,1,90004,https://img-eu-2.freex.es/img/071/1000014760/1024x1024/a102a0240121fdb517be801ab617c852
1000022500,PALITO DE MADERA COLORES,0.43,8666661950218,visible,PALITO MADERA,1,95021,https://img-eu-2.freex.es/img/071/1000022500/1024x1024/4fb195ec3515a68b5109c05dd7184033
1000023861,PALITO DE MADERA,0.47,866666195047,visible,PALITO MADERA,1,95047,https://img-eu-2.freex.es/img/071/1000023861/1024x1024/67557a7e041d3606321fa452ddf06d62
1000023862,PALITO DE MADERA,0.51,866666195049,visible,PALITO MADERA,1,95049,https://img-eu-2.freex.es/img/071/1000023862/1024x1024/10dd165d7ad79624b4efbf628e5f70b1
1000022503,PALITO DE MADERA COLORES,0.55,8666661950249,visible,PALITO MADERA,1,95024,https://img-eu-2.freex.es/img/071/1000022503/1024x1024/07ce22e43c22a80c96b1fdc145661369
1000022504,PALITO DE MADERA COLORES,0.57,8666661950256,visible,PALITO MADERA,1,95025-1,https://img-eu-2.freex.es/img/071/1000022504/1024x1024/35c6e25ebf0da29a001b34a9e264b68a
1000043722,PALOS PARA MANUALIDADES ,0.47,8666662041786,visible,PALITO MADERA,1,204178,https://img-eu-2.freex.es/img/071/1000043722/1024x1024/5d5857a9a140c42162d5d796cec27471
1000043723,PALOS PARA MANUALIDADES ,0.51,8666662041793,visible,PALITO MADERA,1,204179,https://img-eu-2.freex.es/img/071/1000043723/1024x1024/4b7ecfab2c4da4138d4de6b39d81e465
1000043724,PALOS PARA MANUALIDADES ,0.51,8666662041809,visible,PALITO MADERA,1,204180,https://img-eu-2.freex.es/img/071/1000043724/1024x1024/9e4d5c2c6116cf961740fd6ba6bf04d2
1000043725,PALOS PARA MANUALIDADES ,0.51,8666662041816,visible,PALITO MADERA,1,204181,https://img-eu-2.freex.es/img/071/1000043725/1024x1024/ea10a1778b36aec2265a89004fdfe126
1000043726,PALOS PARA MANUALIDADES,0.61,8666662041823,visible,PALITO MADERA,1,204182,https://img-eu-2.freex.es/img/071/1000043726/1024x1024/49a536d1a7ebad63036e13284ff295a5
1000043727,PALOS PARA MANUALIDADES,0.61,8666662041830,visible,PALITO MADERA,1,204183,https://img-eu-2.freex.es/img/071/1000043727/1024x1024/21c4da1dc2f1a25b43e77aaac0e0d5f1
1000043728,PALOS PARA MANUALIDADES,0.47,8666662041847,visible,PALITO MADERA,1,204184,https://img-eu-2.freex.es/img/071/1000043728/1024x1024/d428fb837f56c5f0a9f9e7ba97288039
1000043729,PALOS PARA MANUALIDADES ,0.51,8666662041854,visible,PALITO MADERA,1,204185,https://img-eu-2.freex.es/img/071/1000043729/1024x1024/236b3c7a440d8ae08a1da8d448bbeb7c
1000039098,8*700MM PALA MADERA MANUALIDADES,0.3,866666204046,visible,PALITO MADERA,1,204046,https://img-eu-2.freex.es/img/071/1000039098/1024x1024/d8d21aea32161b650e1180c04bb71ab2
1000039099,10*700MM PALA MADERA MANUALIDADES,0.36,866666204047,visible,PALITO MADERA,1,204047,https://img-eu-2.freex.es/img/071/1000039099/1024x1024/f1ad66f4454a994b281dd539ce5e41dc
1000039100,12*700MM PALA MADERA MANUALIDADES,0.51,866666204048,visible,PALITO MADERA,1,204048,https://img-eu-2.freex.es/img/071/1000039100/1024x1024/895d4d7312f15f579f9a4428ea0f3d99
1000039101,14*700MM PALA MADERA MANUALIDADES,0.68,866666204049,visible,PALITO MADERA,1,204049,https://img-eu-2.freex.es/img/071/1000039101/1024x1024/160d4b5c97633fb7d4c36b6dcc2cbc07
1000039102,15*700MM PALA MADERA MANUALIDADES,0.72,866666204050,visible,PALITO MADERA,1,204050,https://img-eu-2.freex.es/img/071/1000039102/1024x1024/b5ba9a534e30a0268e4fff9a957ccb72
1000039103,16*700MM PALA MADERA MANUALIDADES,0.78,866666204051,visible,PALITO MADERA,1,204051,https://img-eu-2.freex.es/img/071/1000039103/1024x1024/99a90565390a32340fb4d3a3a64c6a61
1000039104,18*700MM PALA MADERA MANUALIDADES,0.97,866666204052,visible,PALITO MADERA,1,204052,https://img-eu-2.freex.es/img/071/1000039104/1024x1024/72c10750f58af1d39f115a712a019822
1000039105,20*700MM PALA MADERA MANUALIDADES,1.04,866666204053,visible,PALITO MADERA,1,204053,https://img-eu-2.freex.es/img/071/1000039105/1024x1024/cfd7a73c70dec3ff5ada9e87c423b13d
1000039106,8*700MM PALA MADERA MANUALIDADES,0.36,866666204058,visible,PALITO MADERA,1,204058,https://img-eu-2.freex.es/img/071/1000039106/1024x1024/27e7932a17620e0abed651ae27131408
1000039107,10*700MM PALA MADERA MANUALIDADES,0.41,866666204059,visible,PALITO MADERA,1,204059,https://img-eu-2.freex.es/img/071/1000039107/1024x1024/81675a2adfadc02cdda5ef54ea8079bc
1000039108,12*700MM PALA MADERA MANUALIDADES,0.57,866666204060,visible,PALITO MADERA,1,204060,https://img-eu-2.freex.es/img/071/1000039108/1024x1024/c201f6c1f48a5b6f8239d860c3c7670a
1000039109,14*700MM PALA MADERA MANUALIDADES,0.83,866666204061,visible,PALITO MADERA,1,204061,https://img-eu-2.freex.es/img/071/1000039109/1024x1024/41b46f6e8bfca18f346ec010cdc8abf4
1000039110,15*700MM PALA MADERA MANUALIDADES,0.85,866666204062,visible,PALITO MADERA,1,204062,https://img-eu-2.freex.es/img/071/1000039110/1024x1024/086b0f2d62023e2a2a610086e5eb5a7b
1000039111,16*700MM PALA MADERA MANUALIDADES,0.93,866666204063,visible,PALITO MADERA,1,204063,https://img-eu-2.freex.es/img/071/1000039111/1024x1024/e859e49affd3c6a4539fa2705a64d032
1000039112,18*700MM PALA MADERA MANUALIDADES,1.04,866666204064,visible,PALITO MADERA,1,204064,https://img-eu-2.freex.es/img/071/1000039112/1024x1024/b5a0c44f3f05decbf7acc32178a637a0
1000039113,20*700MM PALA MADERA MANUALIDADES,1.1,866666204065,visible,PALITO MADERA,1,204065,https://img-eu-2.freex.es/img/071/1000039113/1024x1024/a8f583672874615948a6d049a6491a17
1000041256,PALO MADERA MANUALIDADES,0.6,8666662040802,visible,PALITO MADERA,1,204080,https://img-eu-2.freex.es/img/071/1000041256/1024x1024/e9ca710c62aed0199fc62f82207418ac
1000041257,PALO MADERA MANUALIDADES,0.93,8666662040819,visible,PALITO MADERA,1,204081,https://img-eu-2.freex.es/img/071/1000041257/1024x1024/a9f82084d23813b0874d5634e6aeee18
1000041258,PALO MADERA MANUALIDADES,1.31,8666662040826,visible,PALITO MADERA,1,204082,https://img-eu-2.freex.es/img/071/1000041258/1024x1024/acd4b154d7dd976bea81a57eb9b3087d
1000041259,PALO MADERA MANUALIDADES,1.83,8666662040833,visible,PALITO MADERA,1,204083,https://img-eu-2.freex.es/img/071/1000041259/1024x1024/e62abe9c73715cc9e41484160344b361
1000041260,PALO MADERA MANUALIDADES,1.94,8666662040840,visible,PALITO MADERA,1,204084,https://img-eu-2.freex.es/img/071/1000041260/1024x1024/c65b1ee972db2c3fc7b66e7d3d07757f
1000041261,PALO MADERA MANUALIDADES,2.36,8666662040857,visible,PALITO MADERA,1,204085,https://img-eu-2.freex.es/img/071/1000041261/1024x1024/a0e44bea9fc247a6c326e0667556e8d6
1000041262,PALO MADERA MANUALIDADES,2.67,8666662040864,visible,PALITO MADERA,1,204086,https://img-eu-2.freex.es/img/071/1000041262/1024x1024/58f5f37901975e8371c0e91c77b4e317
1000041263,PALO MADERA MANUALIDADES ,1.83,8666662040871,visible,PALITO MADERA,1,204087,https://img-eu-2.freex.es/img/071/1000041263/1024x1024/f1cffc671efe7d304765f226fac80612
1000041264,PALO MADERA MANUALIDADES ,2.36,8666662040888,visible,PALITO MADERA,1,204088,https://img-eu-2.freex.es/img/071/1000041264/1024x1024/ef337eaeb5790b985d592db2d611e37b
1000041265,PALO MADERA MANUALIDADES ,2.99,8666662040895,visible,PALITO MADERA,1,204089,https://img-eu-2.freex.es/img/071/1000041265/1024x1024/e1d368c1d6763c08311157d69ede6bd1
1000041266,PALO MADERA MANUALIDADES,4.56,8666662040901,visible,PALITO MADERA,1,204090,https://img-eu-2.freex.es/img/071/1000041266/1024x1024/67f5db2b5fceeb19c05189ca23362267
1000041267,PALO MADERA MANUALIDADES,6.03,8666662040918,visible,PALITO MADERA,1,204091,https://img-eu-2.freex.es/img/071/1000041267/1024x1024/8e8af904bc4bbf3eaaa4f60bd01e2661
1000041268,PALO MADERA MANUALIDADES ,3.2,8666662040925,visible,PALITO MADERA,1,204092,https://img-eu-2.freex.es/img/071/1000041268/1024x1024/0691a7ee177ca5d23c1cb28fd78ff246
1000041269,PALO MADERA MANUALIDADES,4.14,8666662040932,visible,PALITO MADERA,1,204093,https://img-eu-2.freex.es/img/071/1000041269/1024x1024/a8f79541da644dcb1db3f98bf24a5a0f
1000041270,PALO MADERA MANUALIDADES,4.46,8666662040949,visible,PALITO MADERA,1,204094,https://img-eu-2.freex.es/img/071/1000041270/1024x1024/9fb37d2eeb4dd3e28ce18082dd12e4ba
1000041271,PALO MADERA MANUALIDADES,6.82,8666662040956,visible,PALITO MADERA,1,204095,https://img-eu-2.freex.es/img/071/1000041271/1024x1024/bc0ef6d5b9c15a1a7a4891355dc1e8e2
1000041272,PALO MADERA MANUALIDADES,6.98,8666662040963,visible,PALITO MADERA,1,204096,https://img-eu-2.freex.es/img/071/1000041272/1024x1024/f81803d02976d815e870b9e92d3eca5d
1000008919,PALITO DE MADERA,0.6,8666661105670,visible,PALITO MADERA,1,10567,https://img-eu-2.freex.es/img/071/1000008919/1024x1024/f0ad11a7515a244fb59b5277e7f2a1c0
1000041327,PALITO MADERA,0.57,866666204079,visible,PALITO MADERA,1,204079,https://img-eu-2.freex.es/img/071/1000041327/1024x1024/b60957c20b6ae755766158325b5b5427
1000008920,PALITO DE MADERA,0.6,866666105687,visible,PALITO MADERA,1,10568,https://img-eu-2.freex.es/img/071/1000008920/1024x1024/f2cb4f935de1d2de4a7081b3553e33b3
1000008921,PALITO DE MADERA,0.6,8666661105694,visible,PALITO MADERA,1,10569,https://img-eu-2.freex.es/img/071/1000008921/1024x1024/a88d3056a1d44dc784e408653004cf59
1000024902,PALITO DE MADERA,0.78,8666661911158,visible,PALITO MADERA,1,91115,https://img-eu-2.freex.es/img/071/1000024902/1024x1024/b7d2923fb2103f3f960afe6525c20441
1000014752,PALITO DE MADERA,0.78,8666661900015,visible,PALITO MADERA,1,90001,https://img-eu-2.freex.es/img/071/1000014752/1024x1024/4e3fc32a0403526f79ec3ef723dea532
1000008922,PALITO DE MADERA,0.83,8666661105700,visible,PALITO MADERA,1,10570,https://img-eu-2.freex.es/img/071/1000008922/1024x1024/39de024cc2c15874083e092fa44ce10d
1000020311,PALITO DE MADERA,0.85,866666190002,visible,PALITO MADERA,1,90002,https://img-eu-2.freex.es/img/071/1000020311/1024x1024/3ee12233b3f77c85712d8a3f94a01513
1000008923,PALITO DE MADERA,0.89,8666661105717,visible,PALITO MADERA,1,10571,https://img-eu-2.freex.es/img/071/1000008923/1024x1024/3424c02e1fd83855ace2b85f674aa378
1000008924,PALITO DE MADERA,1.1,8666661105724,visible,PALITO MADERA,1,10572,https://img-eu-2.freex.es/img/071/1000008924/1024x1024/efc4203b4b5bfc4c6b569754ed9dc756
1000023092,PALITO DE MADERA PARA MANUALIDADES,0.43,8666661950508,visible,PALITO MADERA,1,95050,https://img-eu-2.freex.es/img/071/1000023092/1024x1024/cc5a6fd910ffda7dce73b89b1bb9100d
1000023093,PALITO DE MADERA PARA MANUALIDADES,0.47,8666661950515,visible,PALITO MADERA,1,95051,https://img-eu-2.freex.es/img/071/1000023093/1024x1024/c4e19cc3c33b83cc2c3102e163ef3966
1000023094,PALITO DE MADERA PARA MANUALIDADES,0.51,8666661950522,visible,PALITO MADERA,1,95052,https://img-eu-2.freex.es/img/071/1000023094/1024x1024/3e10f682819c11d19142f378cb1d57ae
1000023095,PALITO DE MADERA PARA MANUALIDADES,0.55,8666661950539,visible,PALITO MADERA,1,95053,https://img-eu-2.freex.es/img/071/1000023095/1024x1024/e43a3190b5f7c030829ee9b95192ffa5
1000023096,PALITO DE MADERA PARA MANUALIDADES,0.6,8666661950546,visible,PALITO MADERA,1,95054,https://img-eu-2.freex.es/img/071/1000023096/1024x1024/0bb7b886f5f3864aaecc0412f7ae3677
1000023097,PALITO DE MADERA PARA MANUALIDADES,0.55,8666661950553,visible,PALITO MADERA,1,95055,https://img-eu-2.freex.es/img/071/1000023097/1024x1024/65a0296c4317220ecdacfe87428eb5c1
1000023098,PALITO DE MADERA PARA MANUALIDADES,0.6,8666661950560,visible,PALITO MADERA,1,95056,https://img-eu-2.freex.es/img/071/1000023098/1024x1024/abb1f2d020ee866d41fdbae5f834117f
1000023099,PALITO DE MADERA PARA MANUALIDADES,0.51,8666661950577,visible,PALITO MADERA,1,95057,https://img-eu-2.freex.es/img/071/1000023099/1024x1024/8ca400784ab1cad6eef32a7c6b20fb24
1000023100,PALITO DE MADERA PARA MANUALIDADES,0.51,8666661950584,visible,PALITO MADERA,1,95058,https://img-eu-2.freex.es/img/071/1000023100/1024x1024/9df52c6a721f14053de708a5864f7245
1000024603,PALITO DE MADERA,0.51,8666661950591,visible,PALITO MADERA,1,95059,https://img-eu-2.freex.es/img/071/1000024603/1024x1024/69cca2132419cf9b12f51e780d573a5e
1000023101,PALITO DE MADERA PARA MANUALIDADES,0.51,8666661950607,visible,PALITO MADERA,1,95060,https://img-eu-2.freex.es/img/071/1000023101/1024x1024/8061ff932cc68e3bc8f9665087e35b88
1000023103,PALITO DE MADERA PARA MANUALIDADES,0.51,8666661950621,visible,PALITO MADERA,1,95062,https://img-eu-2.freex.es/img/071/1000023103/1024x1024/46976998932dea9f79f881a18ef1bbd3
1000023104,PALITO DE MADERA PARA MANUALIDADES,0.57,8666661950638,visible,PALITO MADERA,1,95063,https://img-eu-2.freex.es/img/071/1000023104/1024x1024/a1de58bad675240cd6de4d479013bc8e
1000023105,PALITO DE MADERA PARA MANUALIDADES,0.6,8666661950645,visible,PALITO MADERA,1,95064,https://img-eu-2.freex.es/img/071/1000023105/1024x1024/d6503bdd1b7b188b2d0fe717fc16aa52
1000023106,PALITO DE MADERA PARA MANUALIDADES,0.78,8666661950652,visible,PALITO MADERA,1,95065,https://img-eu-2.freex.es/img/071/1000023106/1024x1024/67975e13af124a25053f984d0009f3af
1000023108,PALITO DE MADERA PARA MANUALIDADES,0.72,8666661950676,visible,PALITO MADERA,1,95067,https://img-eu-2.freex.es/img/071/1000023108/1024x1024/5f0b864cfc353c2391fa4197e5ff1fd1
1000023109,PALITO DE MADERA PARA MANUALIDADES,0.78,8666661950683,visible,PALITO MADERA,1,95068,https://img-eu-2.freex.es/img/071/1000023109/1024x1024/66e1d8ce8cd3e18965f4743df09bf054
1000006939,LEGOS,0.36,58888-1,visible,PALITO MADERA,1,58888-1,https://img-eu-2.freex.es/img/071/1000006939/1024x1024/bca6923f7e1dcb1efe5d986b0fe12a12
1000006940,LEGOS,0.36,58888-2,visible,PALITO MADERA,1,58888-2,https://img-eu-2.freex.es/img/071/1000006940/1024x1024/e861b7d58aa12c378b1d66c72ec77316
1000006941,LEGOS,0.36,58888-3,visible,PALITO MADERA,1,58888-3,https://img-eu-2.freex.es/img/071/1000006941/1024x1024/a485e18aef67fdd1530654b5e3185470
1000006942,LEGOS,0.36,58888-4,visible,PALITO MADERA,1,58888-4,https://img-eu-2.freex.es/img/071/1000006942/1024x1024/68f034174536907e817a4ddfb9da4a00
1000006943,LEGOS,0.36,58888-5,visible,PALITO MADERA,1,58888-5,https://img-eu-2.freex.es/img/071/1000006943/1024x1024/c968312bc0d8d8e705bf1ed53672ba73
1000006944,LEGOS,0.36,58888-6,visible,PALITO MADERA,1,58888-6,https://img-eu-2.freex.es/img/071/1000006944/1024x1024/5b1c4f5022de5fec99586890552cee4c
1000006945,LEGOS,0.36,58888-7,visible,PALITO MADERA,1,58888-7,https://img-eu-2.freex.es/img/071/1000006945/1024x1024/b60e346a6f16ad5e63035bf7d9156cfd
1000006946,LEGOS,0.36,58888-8,visible,PALITO MADERA,1,58888-8,https://img-eu-2.freex.es/img/071/1000006946/1024x1024/5b7b040218a59f329d5531d62ce25812
1000006947,LEGOS,0.36,58888-9,visible,PALITO MADERA,1,58888-9,https://img-eu-2.freex.es/img/071/1000006947/1024x1024/b45c5d8d8b3b5d58b33814013d962fc7
1000006948,LEGOS,0.36,58888-10,visible,PALITO MADERA,1,58888-10,https://img-eu-2.freex.es/img/071/1000006948/1024x1024/c8f3c7d787769d44a88b14cf72d99f69
1000006949,LEGOS,0.36,58888-11,visible,PALITO MADERA,1,58888-11,https://img-eu-2.freex.es/img/071/1000006949/1024x1024/9095ccc9a798963d1d23807f4e9c952d
1000006950,LEGOS,0.36,58888-12,visible,PALITO MADERA,1,58888-12,https://img-eu-2.freex.es/img/071/1000006950/1024x1024/85161e2b4a864fcf7c560d172bcee382
1000006951,LEGOS,0.36,58888-13,visible,PALITO MADERA,1,58888-13,https://img-eu-2.freex.es/img/071/1000006951/1024x1024/ca71870b07b2ab14564d9eacc7e5e3c1
1000006952,LEGOS,0.36,58888-14,visible,PALITO MADERA,1,58888-14,https://img-eu-2.freex.es/img/071/1000006952/1024x1024/fe5438574ccf9a8fd5bd44915c7262ce
1000006953,LEGOS,0.36,58888-15,visible,PALITO MADERA,1,58888-15,https://img-eu-2.freex.es/img/071/1000006953/1024x1024/1c3003bf54e41474123df79cd07fa205
1000006954,LEGOS,0.36,58888-16,visible,PALITO MADERA,1,58888-16,https://img-eu-2.freex.es/img/071/1000006954/1024x1024/862518a43df88f55fb759093e9585096
1000006955,LEGOS,0.36,58888-17,visible,PALITO MADERA,1,58888-17,https://img-eu-2.freex.es/img/071/1000006955/1024x1024/7655dd5acc49e97acb22884797bb8934
1000006956,LEGOS,0.36,58888-18,visible,PALITO MADERA,1,58888-18,https://img-eu-2.freex.es/img/071/1000006956/1024x1024/444b42075a5df4f5a7874ec6d0ca2c8b
1000006957,LEGOS,0.36,58888-19,visible,PALITO MADERA,1,58888-19,https://img-eu-2.freex.es/img/071/1000006957/1024x1024/53e18444028491e7c4f28eab5d10dcc3
1000006958,LEGOS,0.36,58888-20,visible,PALITO MADERA,1,58888-20,https://img-eu-2.freex.es/img/071/1000006958/1024x1024/d26f466570b7c24ea8727dfd2ea5fb5c
1000006959,LEGOS,0.36,58888-21,visible,PALITO MADERA,1,58888-21,https://img-eu-2.freex.es/img/071/1000006959/1024x1024/e38809e30264e3ba4f1b8c651949b823
1000043732,PEGATINA DE DIAMANTE PARA LA CARA,0.51,8666662060008,visible,PALITO MADERA,1,206000,https://img-eu-2.freex.es/img/071/1000043732/1024x1024/928ceddc4a8587f7bfcb8d993d5246d7
1000043733,PEGATINA DE DIAMANTE PARA LA CARA,0.51,8666662060015,visible,PALITO MADERA,1,206001,https://img-eu-2.freex.es/img/071/1000043733/1024x1024/1edda3a6055d5e0e43512a6474b0e413
1000043734,PEGATINA DE DIAMANTE PARA LA CARA,0.51,8666662060022,visible,PALITO MADERA,1,206002,https://img-eu-2.freex.es/img/071/1000043734/1024x1024/9065d281b78a32e28c5c1f26196fe6fc
1000043735,PEGATINA DE DIAMANTE PARA LA CARA,0.51,8666662060039,visible,PALITO MADERA,1,206003,https://img-eu-2.freex.es/img/071/1000043735/1024x1024/4b0a6977f8cca4d2c2c863bb0f857d4e
1000043736,PEGATINA DE DIAMANTE PARA LA CARA,0.51,8666662060046,visible,PALITO MADERA,1,206004,https://img-eu-2.freex.es/img/071/1000043736/1024x1024/2896dd71ae5955ee303b62a3a09286d3
1000043737,PEGATINA DE DIAMANTE PARA LA CARA,0.51,8666662060053,visible,PALITO MADERA,1,206005,https://img-eu-2.freex.es/img/071/1000043737/1024x1024/5bd762857ab9b796be89a2a2a8ac5e79
1000043738,PEGATINA DE DIAMANTE PARA LA CARA,0.51,8666662060060,visible,PALITO MADERA,1,206006,https://img-eu-2.freex.es/img/071/1000043738/1024x1024/9049737760b6078b20412305e65b7dac
1000043739,PEGATINA DE DIAMANTE PARA LA CARA,0.51,8666662060077,visible,PALITO MADERA,1,206007,https://img-eu-2.freex.es/img/071/1000043739/1024x1024/1ceba2a1c442f1d12199d3b9728e31fb
1000043740,PEGATINA DE DIAMANTE PARA LA CARA,0.51,8666662060084,visible,PALITO MADERA,1,206008,https://img-eu-2.freex.es/img/071/1000043740/1024x1024/a70655dbe891a712ba2cdcccf8735455
1000043741,PEGATINA DE DIAMANTE PARA LA CARA,0.51,8666662060091,visible,PALITO MADERA,1,206009,https://img-eu-2.freex.es/img/071/1000043741/1024x1024/9b00b52f0a407881ab0434b923af756c
1000043742,PEGATINA DE DIAMANTE PARA LA CARA,0.51,8666662060107,visible,PALITO MADERA,1,206010,https://img-eu-2.freex.es/img/071/1000043742/1024x1024/5dd2ce95022c1441007bae14db4c4605
1000043743,PEGATINA DE DIAMANTE PARA LA CARA,0.51,8666662060114,visible,PALITO MADERA,1,206011,https://img-eu-2.freex.es/img/071/1000043743/1024x1024/5610f474dd096f6b92462334fb3bc83b
1000043744,PEGATINA DE DIAMANTE PARA LA CARA,0.51,8666662060121,visible,PALITO MADERA,1,206012,https://img-eu-2.freex.es/img/071/1000043744/1024x1024/03fa474c4acdb831289c488a53c124d1
1000043745,PEGATINA DE DIAMANTE PARA LA CARA,0.51,8666662060138,visible,PALITO MADERA,1,206013,https://img-eu-2.freex.es/img/071/1000043745/1024x1024/cb314d7139ac45e0c5c8e99f62ec7868
1000043746,PEGATINA DE DIAMANTE PARA LA CARA,0.51,8666662060145,visible,PALITO MADERA,1,206014,https://img-eu-2.freex.es/img/071/1000043746/1024x1024/646666e60f51463d3630cfa395deae9c
1000043747,PEGATINA DE DIAMANTE PARA LA CARA,0.51,8666662060152,visible,PALITO MADERA,1,206015,https://img-eu-2.freex.es/img/071/1000043747/1024x1024/cdba8febbec4c42da1cfe7b05b43dac5
1000043748,PEGATINA DE DIAMANTE PARA LA CARA,0.57,8666662060169,visible,PALITO MADERA,1,206016,https://img-eu-2.freex.es/img/071/1000043748/1024x1024/53ea77b9f7ec3ff78cd44c709d586e0a
1000043749,PEGATINA DE DIAMANTE PARA LA CARA,0.57,8666662060176,visible,PALITO MADERA,1,206017,https://img-eu-2.freex.es/img/071/1000043749/1024x1024/df8a6b12ae336a1e1c744680b3d6d43f
1000043750,PEGATINA DE DIAMANTE PARA LA CARA,0.57,8666662060183,visible,PALITO MADERA,1,206018,https://img-eu-2.freex.es/img/071/1000043750/1024x1024/57d92d3dbfaa6d94cab6764a0998f495
1000043751,PEGATINA DE DIAMANTE PARA LA CARA,0.57,8666662060190,visible,PALITO MADERA,1,206019,https://img-eu-2.freex.es/img/071/1000043751/1024x1024/744615be8fedfa2561701d9748bb0847
1000043752,PEGATINA DE DIAMANTE PARA LA CARA,0.57,8666662060206,visible,PALITO MADERA,1,206020,https://img-eu-2.freex.es/img/071/1000043752/1024x1024/a8babc5cf554bfd4e7a45ea9622c9c75
1000043753,PEGATINA DE DIAMANTE PARA LA CARA,0.57,8666662060213,visible,PALITO MADERA,1,206021,https://img-eu-2.freex.es/img/071/1000043753/1024x1024/4142ba9f145cc691929678c1fb27f314
1000043754,PEGATINA DE DIAMANTE PARA LA CARA,0.57,8666662060220,visible,PALITO MADERA,1,206022,https://img-eu-2.freex.es/img/071/1000043754/1024x1024/d8937e0f482152d149f0cdfb2da5514b
1000043755,PEGATINA DE DIAMANTE PARA LA CARA,0.57,8666662060237,visible,PALITO MADERA,1,206023,https://img-eu-2.freex.es/img/071/1000043755/1024x1024/39899f33f5393e10ccc443921e443372
1000041167,PEGATINA DE DIAMANTE PARA LA CARA,0.41,8666662052508,visible,PALITO MADERA,1,205250-1,https://img-eu-2.freex.es/img/071/1000041167/1024x1024/4efd8dacf849ec807221981d7eac7839
1000041144,PEGATINA DE DIAMANTE PARA LA CARA,0.41,8666662052508,visible,PALITO MADERA,1,205250,https://img-eu-2.freex.es/img/071/1000041144/1024x1024/436a3a93e9b8b4db56c9f254cb8009eb
1000041168,PEGATINA DE DIAMANTE PARA LA CARA,0.41,8666662052515,visible,PALITO MADERA,1,205251-1,https://img-eu-2.freex.es/img/071/1000041168/1024x1024/c95581587aa0e77d1cdc241f6506a348
1000041145,PEGATINA DE DIAMANTE PARA LA CARA,0.41,8666662052515,visible,PALITO MADERA,1,205251,https://img-eu-2.freex.es/img/071/1000041145/1024x1024/6e7f0c3ce68fbc09de9e752b75f990e6
1000041169,PEGATINA DE DIAMANTE PARA LA CARA,0.41,8666662052522,visible,PALITO MADERA,1,205252-1,https://img-eu-2.freex.es/img/071/1000041169/1024x1024/0c735ffa056b26b87f974239c0ca7a71
1000041146,PEGATINA DE DIAMANTE PARA LA CARA,0.41,8666662052522,visible,PALITO MADERA,1,205252,https://img-eu-2.freex.es/img/071/1000041146/1024x1024/19e842fa687905dc4ba41195fe2abae2
1000041170,PEGATINA DE DIAMANTE PARA LA CARA,0.41,8666662052539,visible,PALITO MADERA,1,205253-1,https://img-eu-2.freex.es/img/071/1000041170/1024x1024/404469c128dee830a987d0c6ff31e57f
1000041147,PEGATINA DE DIAMANTE PARA LA CARA,0.41,8666662052539,visible,PALITO MADERA,1,205253,https://img-eu-2.freex.es/img/071/1000041147/1024x1024/bfc49617bdda8e68d94045abe982b922
1000041171,PEGATINA DE DIAMANTE PARA LA CARA,0.41,8666662052546,visible,PALITO MADERA,1,205254-1,https://img-eu-2.freex.es/img/071/1000041171/1024x1024/1c09024b45c63b30d7821e237289d479
1000041148,PEGATINA DE DIAMANTE PARA LA CARA,0.41,8666662052546,visible,PALITO MADERA,1,205254,https://img-eu-2.freex.es/img/071/1000041148/1024x1024/10909c20d481ff1c56578927ed90e595
1000041172,PEGATINA DE DIAMANTE PARA LA CARA,0.41,8666662052553,visible,PALITO MADERA,1,205255-1,https://img-eu-2.freex.es/img/071/1000041172/1024x1024/1a3860598fa218570ed77ad6db203da8
1000041149,PEGATINA DE DIAMANTE PARA LA CARA,0.41,8666662052553,visible,PALITO MADERA,1,205255,https://img-eu-2.freex.es/img/071/1000041149/1024x1024/3116743a8de83a5d3c74a49ea0d2fb43
1000041173,PEGATINA DE DIAMANTE PARA LA CARA,0.41,8666662052560,visible,PALITO MADERA,1,205256-1,https://img-eu-2.freex.es/img/071/1000041173/1024x1024/d3a444db4842e545b0063a921fea34da
1000041150,PEGATINA DE DIAMANTE PARA LA CARA,0.41,8666662052560,visible,PALITO MADERA,1,205256,https://img-eu-2.freex.es/img/071/1000041150/1024x1024/8477a2e5f6e4a4352ff18f25895b92ea
1000041174,PEGATINA DE DIAMANTE PARA LA CARA,0.41,8666662052577,visible,PALITO MADERA,1,205257-1,https://img-eu-2.freex.es/img/071/1000041174/1024x1024/202a89f430df57cd699bd5bc12fea49e
1000041151,PEGATINA DE DIAMANTE PARA LA CARA,0.41,8666662052577,visible,PALITO MADERA,1,205257,https://img-eu-2.freex.es/img/071/1000041151/1024x1024/b8c5912d1f3a46f3fd913d8bb723d50b
1000041175,PEGATINA DE DIAMANTE PARA LA CARA,0.41,8666662052584,visible,PALITO MADERA,1,205258-1,https://img-eu-2.freex.es/img/071/1000041175/1024x1024/15752e3bd135e0a6797bea4c396beb4c
1000041152,PEGATINA DE DIAMANTE PARA LA CARA,0.41,8666662052584,visible,PALITO MADERA,1,205258,https://img-eu-2.freex.es/img/071/1000041152/1024x1024/ec135b0b85a72291cac4a45248e94380
1000041176,PEGATINA DE DIAMANTE PARA LA CARA,0.41,8666662052591,visible,PALITO MADERA,1,205259-1,https://img-eu-2.freex.es/img/071/1000041176/1024x1024/70bf44cc29af5b5f74e582475dbd1475
1000041153,PEGATINA DE DIAMANTE PARA LA CARA,0.41,8666662052591,visible,PALITO MADERA,1,205259,https://img-eu-2.freex.es/img/071/1000041153/1024x1024/db46fceb7fe8349369365e1066165a57
1000041154,PEGATINA DE DIAMANTE PARA LA CARA,0.41,8666662052607,visible,PALITO MADERA,1,205260,https://img-eu-2.freex.es/img/071/1000041154/1024x1024/b42ef119ad0c28ed1df48905ddc0b0d6
1000041177,PEGATINA DE DIAMANTE PARA LA CARA,0.41,8666662052607,visible,PALITO MADERA,1,205260-1,https://img-eu-2.freex.es/img/071/1000041177/1024x1024/185a27e6e53f2858ad421a3ea4fb73eb
1000038883,PEGATINA DE DIAMANTE PARA LA CARA,0.57,866666202377,visible,PALITO MADERA,1,202377-1,https://img-eu-2.freex.es/img/071/1000038883/1024x1024/a4aad5f17ad6745af78495a79a97066b
1000038884,PEGATINA DE DIAMANTE PARA LA CARA,0.57,866666202377,visible,PALITO MADERA,1,202377-2,https://img-eu-2.freex.es/img/071/1000038884/1024x1024/fcf7286758d726ab3b15f7d87eaaaf33
1000038886,PEGATINA DE DIAMANTE PARA LA CARA,0.57,866666202377,visible,PALITO MADERA,1,202377-3B,https://img-eu-2.freex.es/img/071/1000038886/1024x1024/491e323c8f169f91d1c9234dcc8de0fa
1000038887,PEGATINA DE DIAMANTE PARA LA CARA,0.57,866666202377,visible,PALITO MADERA,1,202377-3C,https://img-eu-2.freex.es/img/071/1000038887/1024x1024/d7e7bc28545cb49d35cc6c7da276b03e
1000038889,PEGATINA DE DIAMANTE PARA LA CARA,0.57,866666202378,visible,PALITO MADERA,1,202378-1,https://img-eu-2.freex.es/img/071/1000038889/1024x1024/9f06105444748478fe3ae6c41b86c127
1000038892,PEGATINA DE DIAMANTE PARA LA CARA,0.57,866666202378,visible,PALITO MADERA,1,202378-3B,https://img-eu-2.freex.es/img/071/1000038892/1024x1024/29765e18dbe1dc9a47cb3b8e29b9a7ce
1000038895,PEGATINA DE DIAMANTE PARA LA CARA,0.57,866666202379,visible,PALITO MADERA,1,202379-1,https://img-eu-2.freex.es/img/071/1000038895/1024x1024/51c7e9588ae743a158ce852c1a24c074
1000038896,PEGATINA DE DIAMANTE PARA LA CARA,0.57,866666202379,visible,PALITO MADERA,1,202379-2,https://img-eu-2.freex.es/img/071/1000038896/1024x1024/75b234043e2f303a108a82650cb019a3
1000038897,PEGATINA DE DIAMANTE PARA LA CARA,0.57,866666202379,visible,PALITO MADERA,1,202379-3A,https://img-eu-2.freex.es/img/071/1000038897/1024x1024/dc3141a3a8e99dddb55c0681deafeac9
1000038898,PEGATINA DE DIAMANTE PARA LA CARA,0.57,866666202379,visible,PALITO MADERA,1,202379-3B,https://img-eu-2.freex.es/img/071/1000038898/1024x1024/ecfd21ad1a22136fedeb0a6010185739
1000038899,PEGATINA DE DIAMANTE PARA LA CARA,0.57,866666202379,visible,PALITO MADERA,1,202379-3C,https://img-eu-2.freex.es/img/071/1000038899/1024x1024/1d6835bdd9edffb0c4709a1abf1e390c
1000038900,PEGATINA DE DIAMANTE PARA LA CARA,0.57,866666202379,visible,PALITO MADERA,1,202379-3D,https://img-eu-2.freex.es/img/071/1000038900/1024x1024/318caa273b3cc69acd207d79b94ca701
1000038901,PEGATINA DE DIAMANTE PARA LA CARA,0.57,866666202380,visible,PALITO MADERA,1,202380-1,https://img-eu-2.freex.es/img/071/1000038901/1024x1024/fd867791775419046312b09055c92d34
1000038902,PEGATINA DE DIAMANTE PARA LA CARA,0.57,866666202380,visible,PALITO MADERA,1,202380-2,https://img-eu-2.freex.es/img/071/1000038902/1024x1024/faca54dd18d085f0148935a88506d8c0
1000038904,PEGATINA DE DIAMANTE PARA LA CARA,0.57,866666202380,visible,PALITO MADERA,1,202380-3B,https://img-eu-2.freex.es/img/071/1000038904/1024x1024/f46f4038eb6b7b2fc74393415273b1eb
1000038905,PEGATINA DE DIAMANTE PARA LA CARA,0.57,866666202380,visible,PALITO MADERA,1,202380-3C,https://img-eu-2.freex.es/img/071/1000038905/1024x1024/0340979ee1cc72f196e9d7c6778e9b64
1000038906,PEGATINA DE DIAMANTE PARA LA CARA,0.57,866666202380,visible,PALITO MADERA,1,202380-3D,https://img-eu-2.freex.es/img/071/1000038906/1024x1024/c6acba37a036bd5a6255642c52c6b4b3
1000038355,PEGATINA DE DIAMANTE PARA LA CARA,0.57,202617-5,visible,PALITO MADERA,1,202617-5,https://img-eu-2.freex.es/img/071/1000038355/1024x1024/87f10598779dd1f88da68fed95630ffd
1000038356,PEGATINA DE DIAMANTE PARA LA CARA,0.57,202617-6,visible,PALITO MADERA,1,202617-6,https://img-eu-2.freex.es/img/071/1000038356/1024x1024/71548b3e27b005b4cab2cdef47874240
1000038357,PEGATINA DE DIAMANTE PARA LA CARA,0.57,202617-7,visible,PALITO MADERA,1,202617-7,https://img-eu-2.freex.es/img/071/1000038357/1024x1024/84cb7a5ada66e16ab3a59f2ce7203a34
1000038358,PEGATINA DE DIAMANTE PARA LA CARA,0.57,202618-1,visible,PALITO MADERA,1,202618-1,https://img-eu-2.freex.es/img/071/1000038358/1024x1024/996044c6fe9035a85628d83006f7826b
1000038359,PEGATINA DE DIAMANTE PARA LA CARA,0.57,202618-2,visible,PALITO MADERA,1,202618-2,https://img-eu-2.freex.es/img/071/1000038359/1024x1024/387a80c48ff35f0680434321f3b339c8
1000038360,PEGATINA DE DIAMANTE PARA LA CARA,0.57,202618-3,visible,PALITO MADERA,1,202618-3,https://img-eu-2.freex.es/img/071/1000038360/1024x1024/4d49fd7f5fc4441ce12af9f393ce0e5f
1000038361,PEGATINA DE DIAMANTE PARA LA CARA,0.57,202618-4,visible,PALITO MADERA,1,202618-4,https://img-eu-2.freex.es/img/071/1000038361/1024x1024/8d0b946e2a168d03382a9dd2c40e8647
1000038362,PEGATINA DE DIAMANTE PARA LA CARA,0.57,202618-5,visible,PALITO MADERA,1,202618-5,https://img-eu-2.freex.es/img/071/1000038362/1024x1024/bbf276e5cf5514f20036902378bfe2b0
1000038363,PEGATINA DE DIAMANTE PARA LA CARA,0.57,202618-6,visible,PALITO MADERA,1,202618-6,https://img-eu-2.freex.es/img/071/1000038363/1024x1024/17ae8508a6f2596bd363f1cc22d2c9c1
1000038366,PEGATINA DE DIAMANTE PARA LA CARA,0.57,202619-3,visible,PALITO MADERA,1,202619-3,https://img-eu-2.freex.es/img/071/1000038366/1024x1024/888ee3ac880cf11734645d6f08d0c0e8
1000038367,PEGATINA DE DIAMANTE PARA LA CARA,0.57,202619-4,visible,PALITO MADERA,1,202619-4,https://img-eu-2.freex.es/img/071/1000038367/1024x1024/6cd45fd0f94eacd63ed843f77ce47fd7
1000038368,PEGATINA DE DIAMANTE PARA LA CARA,0.57,202619-5,visible,PALITO MADERA,1,202619-5,https://img-eu-2.freex.es/img/071/1000038368/1024x1024/b6cc66ed426948ca7b092cd92f8c3785
1000038369,PEGATINA DE DIAMANTE PARA LA CARA,0.57,202619-6,visible,PALITO MADERA,1,202619-6,https://img-eu-2.freex.es/img/071/1000038369/1024x1024/d04cbfe82154bb3d53d99280dd52f3d5
1000038370,PEGATINA DE DIAMANTE PARA LA CARA,0.57,202619-7,visible,PALITO MADERA,1,202619-7,https://img-eu-2.freex.es/img/071/1000038370/1024x1024/b41219c85cfafbc090d127be981a1f75
1000038371,PEGATINA DE DIAMANTE PARA LA CARA,0.57,202620-1,visible,PALITO MADERA,1,202620-1,https://img-eu-2.freex.es/img/071/1000038371/1024x1024/f18323e850264670a573b0d6f7da6a8a
1000038372,PEGATINA DE DIAMANTE PARA LA CARA,0.57,202620-2,visible,PALITO MADERA,1,202620-2,https://img-eu-2.freex.es/img/071/1000038372/1024x1024/b17e2b01f53487ee2c8120194013ed56
1000038373,PEGATINA DE DIAMANTE PARA LA CARA,0.57,202620-3,visible,PALITO MADERA,1,202620-3,https://img-eu-2.freex.es/img/071/1000038373/1024x1024/23cf7150d1ad4f05d674bcbd630010a1
1000038374,PEGATINA DE DIAMANTE PARA LA CARA,0.57,202620-4,visible,PALITO MADERA,1,202620-4,https://img-eu-2.freex.es/img/071/1000038374/1024x1024/10feb86cfa443cd8f4c37ad90bae5711
1000038375,PEGATINA DE DIAMANTE PARA LA CARA,0.57,202620-5,visible,PALITO MADERA,1,202620-5,https://img-eu-2.freex.es/img/071/1000038375/1024x1024/99217e6a5897840cbe25c602463e9546
1000038376,PEGATINA DE DIAMANTE PARA LA CARA,0.57,202620-6,visible,PALITO MADERA,1,202620-6,https://img-eu-2.freex.es/img/071/1000038376/1024x1024/aaa8c2f522eed402335d1cfceacebd4d
1000038377,PEGATINA DE DIAMANTE PARA LA CARA,0.57,202621-1,visible,PALITO MADERA,1,202621-1,https://img-eu-2.freex.es/img/071/1000038377/1024x1024/40828c4ff1aa21a89167bca6857716fd
1000038378,PEGATINA DE DIAMANTE PARA LA CARA,0.57,202621-2,visible,PALITO MADERA,1,202621-2,https://img-eu-2.freex.es/img/071/1000038378/1024x1024/0afb271848797f53930a7e371937ae2e
1000038379,PEGATINA DE DIAMANTE PARA LA CARA,0.57,202621-3,visible,PALITO MADERA,1,202621-3,https://img-eu-2.freex.es/img/071/1000038379/1024x1024/390d9dffa1b52e9baba710cf9326daf1
1000038380,PEGATINA DE DIAMANTE PARA LA CARA,0.57,202621-4,visible,PALITO MADERA,1,202621-4,https://img-eu-2.freex.es/img/071/1000038380/1024x1024/b0692c97f30f7f302fd5321087858fcc
1000038381,PEGATINA DE DIAMANTE PARA LA CARA,0.57,202621-5,visible,PALITO MADERA,1,202621-5,https://img-eu-2.freex.es/img/071/1000038381/1024x1024/7d01a12061e896a932c40278fe5fd64d
1000038382,PEGATINA DE DIAMANTE PARA LA CARA,0.57,202621-6,visible,PALITO MADERA,1,202621-6,https://img-eu-2.freex.es/img/071/1000038382/1024x1024/ae8c1c4a86fde4163ba0ec00d93beed2
1000038383,PEGATINA DE DIAMANTE PARA LA CARA,0.57,202622-1,visible,PALITO MADERA,1,202622-1,https://img-eu-2.freex.es/img/071/1000038383/1024x1024/055df6166c7f8661dcce31f0d5aa4252
1000038384,PEGATINA DE DIAMANTE PARA LA CARA,0.57,202622-2,visible,PALITO MADERA,1,202622-2,https://img-eu-2.freex.es/img/071/1000038384/1024x1024/c92d7ed3e290921063c06a9d692b7a40
1000038385,PEGATINA DE DIAMANTE PARA LA CARA,0.57,202622-3,visible,PALITO MADERA,1,202622-3,https://img-eu-2.freex.es/img/071/1000038385/1024x1024/618d70b943b8caa49b8201cee27cfa1e
1000038386,PEGATINA DE DIAMANTE PARA LA CARA,0.57,202622-4,visible,PALITO MADERA,1,202622-4,https://img-eu-2.freex.es/img/071/1000038386/1024x1024/afb5d030ce500bfed35c31f9fda8c18c
1000038387,PEGATINA DE DIAMANTE PARA LA CARA,0.57,202622-5,visible,PALITO MADERA,1,202622-5,https://img-eu-2.freex.es/img/071/1000038387/1024x1024/7b9ffd5139754f7fc01202041704f2f8
1000038388,PEGATINA DE DIAMANTE PARA LA CARA,0.57,202622-6,visible,PALITO MADERA,1,202622-6,https://img-eu-2.freex.es/img/071/1000038388/1024x1024/779b2b9257992b611d4b37642994ab3b
1000038389,PEGATINA DE DIAMANTE PARA LA CARA,0.51,202623-1,visible,PALITO MADERA,1,202623-1,https://img-eu-2.freex.es/img/071/1000038389/1024x1024/6914001f60e8250ca9399418ba2a2fe8
1000038390,PEGATINA DE DIAMANTE PARA LA CARA,0.51,202623-2,visible,PALITO MADERA,1,202623-2,https://img-eu-2.freex.es/img/071/1000038390/1024x1024/511d35622ae677cd5a518005a74d501c
1000038391,PEGATINA DE DIAMANTE PARA LA CARA,0.51,202623-3,visible,PALITO MADERA,1,202623-3,https://img-eu-2.freex.es/img/071/1000038391/1024x1024/8388df8f333a142ae89bdaa48387504f
1000038392,PEGATINA DE DIAMANTE PARA LA CARA,0.51,202623-4,visible,PALITO MADERA,1,202623-4,https://img-eu-2.freex.es/img/071/1000038392/1024x1024/650cae7f6552a4dc4427c56bb139ed3b
1000038393,PEGATINA DE DIAMANTE PARA LA CARA,0.51,202623-5,visible,PALITO MADERA,1,202623-5,https://img-eu-2.freex.es/img/071/1000038393/1024x1024/9a02b516e24aa7a01a1b1216576d25ee
1000038394,PEGATINA DE DIAMANTE PARA LA CARA,0.51,202623-6,visible,PALITO MADERA,1,202623-6,https://img-eu-2.freex.es/img/071/1000038394/1024x1024/b2ed77fae6dea3269dc8bbfa24af0111
1000038395,PEGATINA DE DIAMANTE PARA LA CARA,0.51,202624-1,visible,PALITO MADERA,1,202624-1,https://img-eu-2.freex.es/img/071/1000038395/1024x1024/5911cdfa5a98334b0cb4fd9a2c1593e9
1000038396,PEGATINA DE DIAMANTE PARA LA CARA,0.51,202624-2,visible,PALITO MADERA,1,202624-2,https://img-eu-2.freex.es/img/071/1000038396/1024x1024/cbb751ae9d30bc8045f94751063c8f64
1000038397,PEGATINA DE DIAMANTE PARA LA CARA,0.51,202624-3,visible,PALITO MADERA,1,202624-3,https://img-eu-2.freex.es/img/071/1000038397/1024x1024/7e62dae03973be01aca7c694fef5de7f
1000038398,PEGATINA DE DIAMANTE PARA LA CARA,0.51,202624-4,visible,PALITO MADERA,1,202624-4,https://img-eu-2.freex.es/img/071/1000038398/1024x1024/bc6046f6963cf3dd48b09088cafec95d
1000038399,PEGATINA DE DIAMANTE PARA LA CARA,0.51,202624-5,visible,PALITO MADERA,1,202624-5,https://img-eu-2.freex.es/img/071/1000038399/1024x1024/a762a7df8bec8c3444239e07896e6176
1000038400,PEGATINA DE DIAMANTE PARA LA CARA,0.51,202624-6,visible,PALITO MADERA,1,202624-6,https://img-eu-2.freex.es/img/071/1000038400/1024x1024/b6df47b3bb441dc5b05da822e221211f
1000034895,PEGATINA DE DIAMANTE PARA CEJA,0.47,866666192906,visible,PALITO MADERA,1,92906-3,https://img-eu-2.freex.es/img/071/1000034895/1024x1024/e7da201874c48f002f3fca6b9ccb9763
1000034889,PEGATINA DE DIAMANTE PARA CEJA,0.47,866666192905,visible,PALITO MADERA,1,92905-4,https://img-eu-2.freex.es/img/071/1000034889/1024x1024/8569fe5f8b7190dca1faee48bead0059
1000044823,LENTEJUELAS PARA MANUALIDADES,0.41,8666662103316,visible,PALITO MADERA,1,210331,https://img-eu-2.freex.es/img/071/1000044823/1024x1024/e54ec10ce33490049fa45163fa8a11f9
1000044824,LENTEJUELAS PARA MANUALIDADES,0.41,8666662103323,visible,PALITO MADERA,1,210332,https://img-eu-2.freex.es/img/071/1000044824/1024x1024/c55eb6eb4d903eceb8f99646dd22aa18
1000044825,LENTEJUELAS PARA MANUALIDADES,0.41,8666662103330,visible,PALITO MADERA,1,210333,https://img-eu-2.freex.es/img/071/1000044825/1024x1024/1ead6849bbe3f4498b3188dc0102427c
1000044826,LENTEJUELAS PARA MANUALIDADES,0.41,8666662103347,visible,PALITO MADERA,1,210334,https://img-eu-2.freex.es/img/071/1000044826/1024x1024/69c83e74a1caa466fd9f0cfec6a60fda
1000044827,LENTEJUELAS PARA MANUALIDADES,0.41,8666662103354,visible,PALITO MADERA,1,210335,https://img-eu-2.freex.es/img/071/1000044827/1024x1024/36d03528d0fa6a9f7cf095e9553e0965
1000044828,LENTEJUELAS PARA MANUALIDADES,0.41,8666662103361,visible,PALITO MADERA,1,210336,https://img-eu-2.freex.es/img/071/1000044828/1024x1024/a7dea92aba03db4bac5b300a5d02d83a
1000044829,LENTEJUELAS PARA MANUALIDADES,0.41,8666662103378,visible,PALITO MADERA,1,210337,https://img-eu-2.freex.es/img/071/1000044829/1024x1024/e23f011c2d11af0f8b4008b723fa7ed8
1000044830,LENTEJUELAS PARA MANUALIDADES,0.41,8666662103385,visible,PALITO MADERA,1,210338,https://img-eu-2.freex.es/img/071/1000044830/1024x1024/3b6aa12798d0f21ee5c8ac9d19fc27e7
1000035065,LENTEJUELAS PARA MANUALIDADES,0.47,866666202074,visible,PALITO MADERA,1,202074,https://img-eu-2.freex.es/img/071/1000035065/1024x1024/ecac8b2d304d138b636b47fc02b6f5bc
1000035066,LENTEJUELAS PARA MANUALIDADES,0.47,866666202075,visible,PALITO MADERA,1,202075,https://img-eu-2.freex.es/img/071/1000035066/1024x1024/3201eae434f181327ea7794662176532
1000035067,LENTEJUELAS PARA MANUALIDADES,0.47,866666202076,visible,PALITO MADERA,1,202076,https://img-eu-2.freex.es/img/071/1000035067/1024x1024/12cdf0f36bb1d952a83225b1f98d8383
1000035068,LENTEJUELAS PARA MANUALIDADES,0.47,866666202077,visible,PALITO MADERA,1,202077,https://img-eu-2.freex.es/img/071/1000035068/1024x1024/94200a9a678d64cd13f9223372d04d43
1000035069,LENTEJUELAS PARA MANUALIDADES,0.47,866666202078,visible,PALITO MADERA,1,202078,https://img-eu-2.freex.es/img/071/1000035069/1024x1024/74e3dd0e806c41612c2d9c27f08d56c3
1000035070,LENTEJUELAS PARA MANUALIDADES,0.47,866666202079,visible,PALITO MADERA,1,202079,https://img-eu-2.freex.es/img/071/1000035070/1024x1024/94be4e227cfea77bd7f899b6b44e2d43
1000035071,LENTEJUELAS PARA MANUALIDADES,0.47,866666202010,visible,PALITO MADERA,1,202080,https://img-eu-2.freex.es/img/071/1000035071/1024x1024/27c4b66ba9c4dc52e36a123540e4507b
1000035072,LENTEJUELAS PARA MANUALIDADES,0.47,866666202081,visible,PALITO MADERA,1,202081,https://img-eu-2.freex.es/img/071/1000035072/1024x1024/adb4714ce8d1882bd8d583ec887a0fba
1000035073,LENTEJUELAS PARA MANUALIDADES,0.47,866666202082,visible,PALITO MADERA,1,202082,https://img-eu-2.freex.es/img/071/1000035073/1024x1024/9f7f65dc15dfdb18600981e1ccbb443b
1000035074,LENTEJUELAS PARA MANUALIDADES,0.47,866666202083,visible,PALITO MADERA,1,202083,https://img-eu-2.freex.es/img/071/1000035074/1024x1024/999b7395f19662d79a2fb2d246b2f0c0
1000035211,LENTEJUELAS PARA MANUALIDADES,0.47,866666202084,visible,PALITO MADERA,1,202084,https://img-eu-2.freex.es/img/071/1000035211/1024x1024/c8cf5555ad54aede6b4a653ea4b2196a
1000035075,LENTEJUELAS PARA MANUALIDADES,0.47,866666202085,visible,PALITO MADERA,1,202085,https://img-eu-2.freex.es/img/071/1000035075/1024x1024/dfa7a0ac230b2f762c230becb25f2b5a
1000021524,ABALORIO,0.53,8666661203208,visible,PALITO MADERA,1,20320-1,https://img-eu-2.freex.es/img/071/1000021524/1024x1024/b8e0ed3b59eb5a0f57f53bf6f2dd9155
1000021527,ABALORIO,0.53,8666661203208,visible,PALITO MADERA,1,20320-2,https://img-eu-2.freex.es/img/071/1000021527/1024x1024/f9e4325b3c372d5db54f4e4d6bb27886
1000021528,ABALORIO,0.53,8666661203208,visible,PALITO MADERA,1,20320-3,https://img-eu-2.freex.es/img/071/1000021528/1024x1024/8ce6417a4a30ef4f0c3f14e84aab1b6b
1000021529,ABALORIO,0.53,8666661203208,visible,PALITO MADERA,1,20320-4,https://img-eu-2.freex.es/img/071/1000021529/1024x1024/1cf48f8b92218bf23b00a31616cba222
1000021530,ABALORIO,0.53,8666661203208,visible,PALITO MADERA,1,20320-5,https://img-eu-2.freex.es/img/071/1000021530/1024x1024/b3ad0abfbebe6ddd1e9eef7b3d47a2ab
1000021531,ABALORIO,0.53,8666661203208,visible,PALITO MADERA,1,20320-6,https://img-eu-2.freex.es/img/071/1000021531/1024x1024/8992dfae9ea006488d3f98a1064a128a
1000021532,ABALORIO,0.53,8666661203208,visible,PALITO MADERA,1,20320-7,https://img-eu-2.freex.es/img/071/1000021532/1024x1024/90f1925f8c9fabaaa748466a21f9ffec
1000021533,ABALORIO,0.53,8666661203208,visible,PALITO MADERA,1,20320-8,https://img-eu-2.freex.es/img/071/1000021533/1024x1024/f17493dd93f4923a1c9756e8b725b25c
1000021534,ABALORIO,0.53,8666661203208,visible,PALITO MADERA,1,20320-9,https://img-eu-2.freex.es/img/071/1000021534/1024x1024/b16702676f2b26f8ce36199cdb1dbfe2
1000021525,ABALORIO,0.53,8666661203208,visible,PALITO MADERA,1,20320-10,https://img-eu-2.freex.es/img/071/1000021525/1024x1024/1f92ef5a20ce099665fce69632333455
1000021526,ABALORIO,0.53,8666661203208,visible,PALITO MADERA,1,20320-11,https://img-eu-2.freex.es/img/071/1000021526/1024x1024/41a02ac9a7e346a5d7bfa05bd8af639d
1000040102,TELA DIY,0,,visible,TELA DIY,1,??_20240418145353,https://img-eu-2.freex.es/img/071/1000040102/1024x1024/adaa642c2aad02d2597ab6e75f21e257
1000041863,ACCESORIO DE TELA,1.56,8666662017583,visible,TELA DIY,1,201758,https://img-eu-2.freex.es/img/071/1000041863/1024x1024/d5267f317effe15c72bf39110b4a0792
1000041864,ACCESORIO DE TELA,1.56,8666662017590,visible,TELA DIY,1,201759,https://img-eu-2.freex.es/img/071/1000041864/1024x1024/0af0a1053ebaad51198b77051be5c164
1000041865,ACCESORIO DE TELA,1.56,8666662017606,visible,TELA DIY,1,201760,https://img-eu-2.freex.es/img/071/1000041865/1024x1024/ab5cc0241525ee3ac1693c05f57d9886
1000041866,ACCESORIO DE TELA,1.52,8666662017699,visible,TELA DIY,1,201769,https://img-eu-2.freex.es/img/071/1000041866/1024x1024/8152a612faf54a5781e7338a2b6128fc
1000041867,ACCESORIO DE TELA,1.52,8666662017705,visible,TELA DIY,1,201770,https://img-eu-2.freex.es/img/071/1000041867/1024x1024/d93ac1575d42d5d741fc2240cf3e432b
1000041871,ACCESORIO DE TELA,1.52,8666662017743,visible,TELA DIY,1,201774,https://img-eu-2.freex.es/img/071/1000041871/1024x1024/b2cc5eba8b6e826300296afbe026b534
1000041872,ACCESORIO DE TELA,1.52,8666662017750,visible,TELA DIY,1,201775,https://img-eu-2.freex.es/img/071/1000041872/1024x1024/9baf5c4c42710b1b53089c9c0505a1a8
1000041873,ACCESORIO DE TELA,1.52,8666662017767,visible,TELA DIY,1,201776,https://img-eu-2.freex.es/img/071/1000041873/1024x1024/7dcfc5072b8dfe6f047ca95ef193b454
1000041874,ACCESORIO DE TELA,1.52,8666662017774,visible,TELA DIY,1,201777,https://img-eu-2.freex.es/img/071/1000041874/1024x1024/e0cb065ec69cea9a6d8e593008241a63
1000041875,ACCESORIO DE TELA,1.52,8666662017781,visible,TELA DIY,1,201778,https://img-eu-2.freex.es/img/071/1000041875/1024x1024/1990ae0724f0224992f304969513bcb9
1000041876,ACCESORIO DE TELA,1.52,8666662017798,visible,TELA DIY,1,201779,https://img-eu-2.freex.es/img/071/1000041876/1024x1024/07c3eab293d5bb582fc5480df64b507f
1000041877,ACCESORIO DE TELA,1.52,8666662017804,visible,TELA DIY,1,201780,https://img-eu-2.freex.es/img/071/1000041877/1024x1024/db2a56afdf0eeb730e75dccd989921ce
1000039460,ACCESORIOS DE TELA,1.77,8666662016111,visible,TELA DIY,1,201611,https://img-eu-2.freex.es/img/071/1000039460/1024x1024/a6c069d9bcb0d220a700e89146828b3c
1000039461,ACCESORIOS DE TELA,1.77,8666662016128,visible,TELA DIY,1,201612,https://img-eu-2.freex.es/img/071/1000039461/1024x1024/8c87ff2474821a808c2820683f478dbf
1000039462,ACCESORIOS DE TELA,1.77,8666662016135,visible,TELA DIY,1,201613,https://img-eu-2.freex.es/img/071/1000039462/1024x1024/32007cb5365b848b501f976ac06b1b35
1000039463,ACCESORIOS DE TELA,1.77,8666662016142,visible,TELA DIY,1,201614,https://img-eu-2.freex.es/img/071/1000039463/1024x1024/aa75fa2ab0eb13d7c771822332cfa0e3
1000039464,ACCESORIOS DE TELA,1.77,8666662016159,visible,TELA DIY,1,201615,https://img-eu-2.freex.es/img/071/1000039464/1024x1024/482b68876938b2992354b3648dc5b151
1000039465,ACCESORIOS DE TELA,1.77,8666662016166,visible,TELA DIY,1,201616,https://img-eu-2.freex.es/img/071/1000039465/1024x1024/39a08e2117141d6fc5d5ce44e85b6cd6
1000039466,ACCESORIOS DE TELA,1.77,8666662016173,visible,TELA DIY,1,201617,https://img-eu-2.freex.es/img/071/1000039466/1024x1024/625415e25b970b430164180b957fb2d1
1000039468,ACCESORIOS DE TELA,1.77,8666662016197,visible,TELA DIY,1,201619,https://img-eu-2.freex.es/img/071/1000039468/1024x1024/bef2e302f8e6b359bc4828fb0a08b6f4
1000039469,ACCESORIOS DE TELA,1.77,8666662016203,visible,TELA DIY,1,201620,https://img-eu-2.freex.es/img/071/1000039469/1024x1024/2a3411e0f84837077e0499ec0d724f44
1000039470,ACCESORIOS DE TELA,1.77,8666662016210,visible,TELA DIY,1,201621,https://img-eu-2.freex.es/img/071/1000039470/1024x1024/83f26c25bd1b7c815b02377dc8403a03
1000039471,ACCESORIOS DE TELA,1.77,8666662016227,visible,TELA DIY,1,201622,https://img-eu-2.freex.es/img/071/1000039471/1024x1024/2cae0b695521b6fe66fa2cab9b99fcb7
1000039472,ACCESORIOS DE TELA,1.77,8666662016234,visible,TELA DIY,1,201623,https://img-eu-2.freex.es/img/071/1000039472/1024x1024/de494d4f8bc154ba1b50ec7b9a7c54cd
1000039473,ACCESORIOS DE TELA,1.77,8666662016241,visible,TELA DIY,1,201624,https://img-eu-2.freex.es/img/071/1000039473/1024x1024/aa557dffe64875bd8a021db8bae7c1ff
1000039474,ACCESORIOS DE TELA,1.77,8666662016258,visible,TELA DIY,1,201625,https://img-eu-2.freex.es/img/071/1000039474/1024x1024/a370768c06b43795dc1a39ce1b5bd5d5
1000039475,ACCESORIOS DE TELA,1.77,8666662016265,visible,TELA DIY,1,201626,https://img-eu-2.freex.es/img/071/1000039475/1024x1024/037bd007aac9c9890a64f369eb59cfe6
1000004352,SEDA DE TELA PARA MANUALIDADES BLANCO,1.41,8666661060795,visible,TELA DIY,1,06079-1,https://img-eu-2.freex.es/img/071/1000004352/1024x1024/02b79c982ba9a40b29a022e27af324d5
1000004353,SEDA DE TELA ROJO,1.41,8666661060795,visible,TELA DIY,1,06079-2,https://img-eu-2.freex.es/img/071/1000004353/1024x1024/1dfc07fc85a67ca23a949dfb2d5edf16
1000004354,SEDA DE TELA PARA MANUALIDADES NEGRO,1.41,8666661060795,visible,TELA DIY,1,06079-3,https://img-eu-2.freex.es/img/071/1000004354/1024x1024/85f58d845f2419b535656425dd5d8dde
1000004355,SEDA DE TELA ROSA,1.41,8666661060795,visible,TELA DIY,1,06079-4,https://img-eu-2.freex.es/img/071/1000004355/1024x1024/7db3adc115b6e1d25f24e43540bf9813
1000004356,SEDA DE TELA AZUL,1.41,8666661060795,visible,TELA DIY,1,06079-5,https://img-eu-2.freex.es/img/071/1000004356/1024x1024/b7d96b15e48f7bd48d2a8ed4dca5b4dc
1000011874,SEDA DE TELA LIRA,1.41,8666661060795,visible,TELA DIY,1,06079-6,https://img-eu-2.freex.es/img/071/1000011874/1024x1024/ccb548784f5dc5df566b0bc39181f7c4
1000011875,SEDA DE TELA FUCSIA,1.41,8666661060795,visible,TELA DIY,1,06079-7,https://img-eu-2.freex.es/img/071/1000011875/1024x1024/04ffaf8904a44a9d26b5b09256d04f3a
1000004350,SEDA DE TELA AZUL,1.41,8666661060795,visible,TELA DIY,1,06079-8,https://img-eu-2.freex.es/img/071/1000004350/1024x1024/aebcf91162e406494f7d57b5b25a9281
1000015973,SEDA DE TELA AMALILLO,1.41,8666661060795,visible,TELA DIY,1,06079-9,https://img-eu-2.freex.es/img/071/1000015973/1024x1024/0a2eae45639c4e0fcd56832aac0b8862
1000015992,ACCESORIOS DE TELA,1.41,8666661060795,visible,TELA DIY,1,06079-10,https://img-eu-2.freex.es/img/071/1000015992/1024x1024/9aacea7743ccac2ae860ad99ce4523a4
1000015993,ACCESORIOS DE TELA,1.41,8666661060795,visible,TELA DIY,1,06079-11,https://img-eu-2.freex.es/img/071/1000015993/1024x1024/417b00dee6483a9355fd15482a264875
1000015994,ACCESORIOS DE TELA,1.41,8666661060795,visible,TELA DIY,1,06079-12,https://img-eu-2.freex.es/img/071/1000015994/1024x1024/c7a09012af1848329b4133d6ad7f3718
1000015995,ACCESORIOS DE TELA,1.41,8666661060795,visible,TELA DIY,1,06079-13,https://img-eu-2.freex.es/img/071/1000015995/1024x1024/af2fee42c6c63a618946c21733b07ac2
1000015972,ACCESORIOS DE TELA,1.41,8666661060795,visible,TELA DIY,1,06079-14,https://img-eu-2.freex.es/img/071/1000015972/1024x1024/0ae371c24c3368a48bf9bd383941e730
1000030222,ACCESORIOS DE TELA,4.98,866666191912,visible,TELA DIY,1,91912,https://img-eu-2.freex.es/img/071/1000030222/1024x1024/b237d97fa0ee7fd5635aeabeaa43162c
1000027599,ACCESORIOS DE TELA,1.83,8666661914623,visible,TELA DIY,1,91462-1,https://img-eu-2.freex.es/img/071/1000027599/1024x1024/e28a65ae8a543ab472bd9ad6723d13d2
1000027608,ACCESORIOS DE TELA,1.83,8666661914623,visible,TELA DIY,1,91462-2,https://img-eu-2.freex.es/img/071/1000027608/1024x1024/e1711528b866a3fc6a572019164b949b
1000027619,ACCESORIOS DE TELA,1.83,8666661914623,visible,TELA DIY,1,91462-3,https://img-eu-2.freex.es/img/071/1000027619/1024x1024/28fba3c4085a6618aafb02278c2a2248
1000027627,ACCESORIOS DE TELA,1.83,8666661914623,visible,TELA DIY,1,91462-4,https://img-eu-2.freex.es/img/071/1000027627/1024x1024/1c904aea7344ed20ae9b524d129a8bf6
1000027628,ACCESORIOS DE TELA,1.83,8666661914623,visible,TELA DIY,1,91462-5,https://img-eu-2.freex.es/img/071/1000027628/1024x1024/e1af0a979432300bb95205985abcbbb4
1000027632,ACCESORIOS DE TELA,1.83,8666661914623,visible,TELA DIY,1,91462-9,https://img-eu-2.freex.es/img/071/1000027632/1024x1024/1dc59781ca71e82d64349c73fdcc34f6
1000027600,ACCESORIOS DE TELA,1.83,8666661914623,visible,TELA DIY,1,91462-10,https://img-eu-2.freex.es/img/071/1000027600/1024x1024/f10c52e644c35ddcfd2aaa2d2cad7a60
1000027601,ACCESORIOS DE TELA,1.83,8666661914623,visible,TELA DIY,1,91462-11,https://img-eu-2.freex.es/img/071/1000027601/1024x1024/4c7f6a0cd0baa4c8e22f748bbbec2498
1000027602,ACCESORIOS DE TELA,1.83,8666661914623,visible,TELA DIY,1,91462-12,https://img-eu-2.freex.es/img/071/1000027602/1024x1024/36c6e9f5b8d8b4cc5e03fb29e844bef1
1000027603,ACCESORIOS DE TELA,1.83,8666661914623,visible,TELA DIY,1,91462-13,https://img-eu-2.freex.es/img/071/1000027603/1024x1024/8fd875a8d758c4162f1ce578ee3c76e8
1000027604,ACCESORIOS DE TELA,1.83,8666661914623,visible,TELA DIY,1,91462-14,https://img-eu-2.freex.es/img/071/1000027604/1024x1024/66a3e889d87c0eb09b9405654d22ee40
1000027605,ACCESORIOS DE TELA,1.83,8666661914623,visible,TELA DIY,1,91462-16,https://img-eu-2.freex.es/img/071/1000027605/1024x1024/4d57b8febd80825bdb98d07ef842af62
1000027606,ACCESORIOS DE TELA,1.83,8666661914623,visible,TELA DIY,1,91462-18,https://img-eu-2.freex.es/img/071/1000027606/1024x1024/621cd757f00c751e03a4881dca276cb9
1000027607,ACCESORIOS DE TELA,1.83,8666661914623,visible,TELA DIY,1,91462-19,https://img-eu-2.freex.es/img/071/1000027607/1024x1024/811e084a3fb1db6429b4dfc57e56bc9a
1000027609,ACCESORIOS DE TELA,1.83,8666661914623,visible,TELA DIY,1,91462-20,https://img-eu-2.freex.es/img/071/1000027609/1024x1024/935193e00e006b8c17316fb2ef28c1ff
1000027613,ACCESORIOS DE TELA,1.83,8666661914623,visible,TELA DIY,1,91462-24,https://img-eu-2.freex.es/img/071/1000027613/1024x1024/83650c55bc89e298235c70371f832647
1000027614,ACCESORIOS DE TELA,1.83,8666661914623,visible,TELA DIY,1,91462-25,https://img-eu-2.freex.es/img/071/1000027614/1024x1024/a17d349d01bac13aa23bccf53a45b27d
1000027615,ACCESORIOS DE TELA,1.83,8666661914623,visible,TELA DIY,1,91462-26,https://img-eu-2.freex.es/img/071/1000027615/1024x1024/317e485121da96a29421257825788424
1000027616,ACCESORIOS DE TELA,1.83,8666661914623,visible,TELA DIY,1,91462-27,https://img-eu-2.freex.es/img/071/1000027616/1024x1024/9c6716a1486c57557bed71e877794562
1000027617,ACCESORIOS DE TELA,1.83,8666661914623,visible,TELA DIY,1,91462-28,https://img-eu-2.freex.es/img/071/1000027617/1024x1024/06b8cb1feb505955a1979b008f27d577
1000027618,ACCESORIOS DE TELA,1.83,8666661914623,visible,TELA DIY,1,91462-29,https://img-eu-2.freex.es/img/071/1000027618/1024x1024/e5c42be5fdf426972db8ef432126c4d4
1000027620,ACCESORIOS DE TELA,1.83,8666661914623,visible,TELA DIY,1,91462-30,https://img-eu-2.freex.es/img/071/1000027620/1024x1024/0fd6e14406111844d673308933a2bd7b
1000027621,ACCESORIOS DE TELA,1.83,8666661914623,visible,TELA DIY,1,91462-31,https://img-eu-2.freex.es/img/071/1000027621/1024x1024/6c1e0d4d366a496f8e8e993be3bf8c13
1000027622,ACCESORIOS DE TELA,1.83,8666661914623,visible,TELA DIY,1,91462-32,https://img-eu-2.freex.es/img/071/1000027622/1024x1024/0f1519df9ee0670491df5e26c3bf1459
1000027623,ACCESORIOS DE TELA,1.83,8666661914623,visible,TELA DIY,1,91462-33,https://img-eu-2.freex.es/img/071/1000027623/1024x1024/9955e5ef0341a61d0f0a37446151aef6
1000027624,ACCESORIOS DE TELA,1.83,8666661914623,visible,TELA DIY,1,91462-34,https://img-eu-2.freex.es/img/071/1000027624/1024x1024/41efac73fa4e6d29eeaee6706cd5bd41
1000027626,ACCESORIOS DE TELA,1.83,8666661914623,visible,TELA DIY,1,91462-36,https://img-eu-2.freex.es/img/071/1000027626/1024x1024/c1d530537b08f9449d7dc6ad2c8a9cac
1000027636,ACCESORIOS DE TELA,1.83,8666661914647,visible,TELA DIY,1,91464-3,https://img-eu-2.freex.es/img/071/1000027636/1024x1024/7c0d5c47a5369caa190946b0e30b18cd
1000027638,ACCESORIOS DE TELA,1.83,8666661914647,visible,TELA DIY,1,91464-5,https://img-eu-2.freex.es/img/071/1000027638/1024x1024/b7cd18f10cfd29763220164248e2827c
1000027639,ACCESORIOS DE TELA,1.83,8666661914647,visible,TELA DIY,1,91464-6,https://img-eu-2.freex.es/img/071/1000027639/1024x1024/a7e7a8ea2072a9ffb9620b40e916e18b
1000027640,ACCESORIOS DE TELA,1.83,8666661914647,visible,TELA DIY,1,91464-7,https://img-eu-2.freex.es/img/071/1000027640/1024x1024/788a62ce54bc28ddef43e11a3f832407
1000027641,ACCESORIOS DE TELA,1.83,8666661914647,visible,TELA DIY,1,91464-8,https://img-eu-2.freex.es/img/071/1000027641/1024x1024/dd69db85bc5d9aecf057623e48ee9e40
1000027642,ACCESORIOS DE TELA,1.83,8666661914647,visible,TELA DIY,1,91464-9,https://img-eu-2.freex.es/img/071/1000027642/1024x1024/26ab304cb6725e78d37acdd54f6bd533
1000027634,ACCESORIOS DE TELA,1.83,8666661914647,visible,TELA DIY,1,91464-10,https://img-eu-2.freex.es/img/071/1000027634/1024x1024/9b29a397fb94cae20921b6495bdaa75c
1000027649,ACCESORIOS DE TELA,1.83,8666661914654,visible,TELA DIY,1,91465-6,https://img-eu-2.freex.es/img/071/1000027649/1024x1024/15d2be00693b869396a3cf6bf76d63c8
1000027650,ACCESORIOS DE TELA,1.83,8666661914654,visible,TELA DIY,1,91465-7,https://img-eu-2.freex.es/img/071/1000027650/1024x1024/f81aac9103883c0a3f42519e3fcd691e
1000027651,ACCESORIOS DE TELA,1.83,8666661914654,visible,TELA DIY,1,91465-8,https://img-eu-2.freex.es/img/071/1000027651/1024x1024/c8cd3e5ea51c3aae9ccb188c9433bad9
1000027652,ACCESORIOS DE TELA,1.83,8666661914654,visible,TELA DIY,1,91465-9,https://img-eu-2.freex.es/img/071/1000027652/1024x1024/7fdd8d7ffbc9ebdb076a2dc1ab869aa4
1000026761,ACCESORIOS DE TELA,1.83,8666661914227,visible,TELA DIY,1,91422-7,https://img-eu-2.freex.es/img/071/1000026761/1024x1024/9b60322fc891d133f7a908122fa76bc7
1000026762,ACCESORIOS DE TELA,1.83,8666661914227,visible,TELA DIY,1,91422-8,https://img-eu-2.freex.es/img/071/1000026762/1024x1024/79fafb4d17e6df4ed81faa08cdd89819
1000026737,ACCESORIOS DE TELA,1.83,8666661914227,visible,TELA DIY,1,91422-10,https://img-eu-2.freex.es/img/071/1000026737/1024x1024/d3c85fa14427c41ad840b155df3d8c3d
1000026740,ACCESORIOS DE TELA,1.83,8666661914227,visible,TELA DIY,1,91422-13,https://img-eu-2.freex.es/img/071/1000026740/1024x1024/588f73e39d888385308af5a3110824da
1000026742,ACCESORIOS DE TELA,1.83,8666661914227,visible,TELA DIY,1,91422-15,https://img-eu-2.freex.es/img/071/1000026742/1024x1024/088b9182a11087ae0404dc3a941676d8
1000026744,ACCESORIOS DE TELA,1.83,8666661914227,visible,TELA DIY,1,91422-17,https://img-eu-2.freex.es/img/071/1000026744/1024x1024/b25adfce3bafa4159405078215bf5862
1000026746,ACCESORIOS DE TELA,1.83,8666661914227,visible,TELA DIY,1,91422-19,https://img-eu-2.freex.es/img/071/1000026746/1024x1024/a1cb689963c8f69990b9267f2ce4d9e1
1000026749,ACCESORIOS DE TELA,1.83,8666661914227,visible,TELA DIY,1,91422-21,https://img-eu-2.freex.es/img/071/1000026749/1024x1024/75cda38dbe7ae1c9fc2c1c7ffe73873d
1000026751,ACCESORIOS DE TELA,1.83,8666661914227,visible,TELA DIY,1,91422-23,https://img-eu-2.freex.es/img/071/1000026751/1024x1024/feb704ed6015bed010b55341a1da65ba
1000026753,ACCESORIOS DE TELA,1.83,8666661914227,visible,TELA DIY,1,91422-25,https://img-eu-2.freex.es/img/071/1000026753/1024x1024/73c91d3bdb9980e8fe746bb1316ecd9b
1000026457,ACCESORIOS DE TELA 100*150CM,1.83,8666661913787,visible,TELA DIY,1,91378-1,https://img-eu-2.freex.es/img/071/1000026457/1024x1024/5cde4b5dc4a7d28517b8524c08045017
1000026468,ACCESORIOS DE TELA 100*150CM,1.83,8666661913787,visible,TELA DIY,1,91378-2,https://img-eu-2.freex.es/img/071/1000026468/1024x1024/8387f75a680b8f0b855996733efd3c76
1000026479,ACCESORIOS DE TELA 100*150CM,1.83,8666661913787,visible,TELA DIY,1,91378-3,https://img-eu-2.freex.es/img/071/1000026479/1024x1024/4207485621f134854d5bc5429accf483
1000026480,ACCESORIOS DE TELA 100*150CM,1.83,8666661913787,visible,TELA DIY,1,91378-4,https://img-eu-2.freex.es/img/071/1000026480/1024x1024/8710ed12170fd941a0e56cf4fb43469d
1000026481,ACCESORIOS DE TELA 100*150CM,1.83,8666661913787,visible,TELA DIY,1,91378-5,https://img-eu-2.freex.es/img/071/1000026481/1024x1024/e4839a5fa6e40d1e00181390c2639c49
1000026482,ACCESORIOS DE TELA 100*150CM,1.83,8666661913787,visible,TELA DIY,1,91378-6,https://img-eu-2.freex.es/img/071/1000026482/1024x1024/bb6ba50df5d4d68c0b10b1c947eb3052
1000026483,ACCESORIOS DE TELA 100*150CM,1.83,8666661913787,visible,TELA DIY,1,91378-7,https://img-eu-2.freex.es/img/071/1000026483/1024x1024/6fd7ce8c5b56551dd046ed656847d93a
1000026484,ACCESORIOS DE TELA 100*150CM,1.83,8666661913787,visible,TELA DIY,1,91378-8,https://img-eu-2.freex.es/img/071/1000026484/1024x1024/6c3328d3ec2e43d9cb16cbf81d8598f8
1000026485,ACCESORIOS DE TELA 100*150CM,1.83,8666661913787,visible,TELA DIY,1,91378-9,https://img-eu-2.freex.es/img/071/1000026485/1024x1024/face58cfbf13be05b781a52662bb0c6f
1000026458,ACCESORIOS DE TELA 100*150CM,1.83,8666661913787,visible,TELA DIY,1,91378-10,https://img-eu-2.freex.es/img/071/1000026458/1024x1024/3f790488c745b6f86b3a71f5c7b7b022
1000026459,ACCESORIOS DE TELA 100*150CM,1.83,8666661913787,visible,TELA DIY,1,91378-11,https://img-eu-2.freex.es/img/071/1000026459/1024x1024/257d3c94586666e0ed39b5bbed1d5995
1000026460,ACCESORIOS DE TELA 100*150CM,1.83,8666661913787,visible,TELA DIY,1,91378-12,https://img-eu-2.freex.es/img/071/1000026460/1024x1024/beff5883098a6da3cf6c0fd511009434
1000026461,ACCESORIOS DE TELA 100*150CM,1.83,8666661913787,visible,TELA DIY,1,91378-13,https://img-eu-2.freex.es/img/071/1000026461/1024x1024/ac2d368dacf689d1bf36926949e421d9
1000026462,ACCESORIOS DE TELA 100*150CM,1.83,8666661913787,visible,TELA DIY,1,91378-14,https://img-eu-2.freex.es/img/071/1000026462/1024x1024/cf1cc3641d56a731b30ce552304dd930
1000026463,ACCESORIOS DE TELA 100*150CM,1.83,8666661913787,visible,TELA DIY,1,91378-15,https://img-eu-2.freex.es/img/071/1000026463/1024x1024/653c3e0edd4788ca2bffda94cf4ef4f7
1000026464,ACCESORIOS DE TELA 100*150CM,1.83,8666661913787,visible,TELA DIY,1,91378-16,https://img-eu-2.freex.es/img/071/1000026464/1024x1024/ace442d4810c0a562dc5432c447c84f1
1000026465,ACCESORIOS DE TELA 100*150CM,1.83,8666661913787,visible,TELA DIY,1,91378-17,https://img-eu-2.freex.es/img/071/1000026465/1024x1024/5973ebb1d9a04caa84a7f8f487729041
1000026466,ACCESORIOS DE TELA 100*150CM,1.83,8666661913787,visible,TELA DIY,1,91378-18,https://img-eu-2.freex.es/img/071/1000026466/1024x1024/049d9ab59c1517b66fa518c55e7fd56b
1000026467,ACCESORIOS DE TELA 100*150CM,1.83,8666661913787,visible,TELA DIY,1,91378-19,https://img-eu-2.freex.es/img/071/1000026467/1024x1024/fdbbe7f888b3fab9e36ea1dd6851ce97
1000026469,ACCESORIOS DE TELA 100*150CM,1.83,8666661913787,visible,TELA DIY,1,91378-20,https://img-eu-2.freex.es/img/071/1000026469/1024x1024/3df2e65e18cd36a95b377ad32346fb9b
1000026470,ACCESORIOS DE TELA 100*150CM,1.83,8666661913787,visible,TELA DIY,1,91378-21,https://img-eu-2.freex.es/img/071/1000026470/1024x1024/81683eadc39f95009d85188fb0816221
1000026471,ACCESORIOS DE TELA 100*150CM,1.83,8666661913787,visible,TELA DIY,1,91378-22,https://img-eu-2.freex.es/img/071/1000026471/1024x1024/9585e3ef9bb2ca4e8022559e6106d240
1000026472,ACCESORIOS DE TELA 100*150CM,1.83,8666661913787,visible,TELA DIY,1,91378-23,https://img-eu-2.freex.es/img/071/1000026472/1024x1024/3f852c6e92bf31507e2cb3b158ef16a3
1000026473,ACCESORIOS DE TELA 100*150CM,1.83,8666661913787,visible,TELA DIY,1,91378-24,https://img-eu-2.freex.es/img/071/1000026473/1024x1024/368372714f714eec73921014e904d22a
1000026474,ACCESORIOS DE TELA 100*150CM,1.83,8666661913787,visible,TELA DIY,1,91378-25,https://img-eu-2.freex.es/img/071/1000026474/1024x1024/54dee034022e9a20eb26f5bc54fb8119
1000026475,ACCESORIOS DE TELA 100*150CM,1.83,8666661913787,visible,TELA DIY,1,91378-26,https://img-eu-2.freex.es/img/071/1000026475/1024x1024/1fb5b86db33cd4c62a61560c98b7d252
1000026476,ACCESORIOS DE TELA 100*150CM,1.83,8666661913787,visible,TELA DIY,1,91378-27,https://img-eu-2.freex.es/img/071/1000026476/1024x1024/8c04d6aff53f996f304f0b048ff75e00
1000026477,ACCESORIOS DE TELA 100*150CM,1.83,8666661913787,visible,TELA DIY,1,91378-28,https://img-eu-2.freex.es/img/071/1000026477/1024x1024/dfbb8262177ab0bd05d84d49c4d75072
1000026478,ACCESORIOS DE TELA 100*150CM,1.83,8666661913787,visible,TELA DIY,1,91378-29,https://img-eu-2.freex.es/img/071/1000026478/1024x1024/1ad799082e04ee8ef975915fbf59525e
1000000317,TELA TUL LISO MARON,1.83,8666661015696,visible,TELA DIY,1,01569K,https://img-eu-2.freex.es/img/071/1000000317/1024x1024/2a959e7e13ec23555a4217582918ea81
1000000318,TELA TUL DECORADO,1.83,8666661015702,visible,TELA DIY,1,01570A,https://img-eu-2.freex.es/img/071/1000000318/1024x1024/eb68bcd8c4ffc5e28aee7a792ae3657b
1000000319,TELA TUL DECORADO,1.83,8666661015702,visible,TELA DIY,1,01570B,https://img-eu-2.freex.es/img/071/1000000319/1024x1024/29cfcea7934879ef631d043d920f5eb1
1000000320,TELA TUL DECORADO,1.83,8666661015702,visible,TELA DIY,1,01570C,https://img-eu-2.freex.es/img/071/1000000320/1024x1024/632c3e65cc4136c14655f0fd8a8cd294
1000000321,TELA TUL DECORADO,1.83,8666661015702,visible,TELA DIY,1,01570D,https://img-eu-2.freex.es/img/071/1000000321/1024x1024/238f303e83989bf285a817e313ce5539
1000000322,TELA TUL DECORADO,1.83,8666661015702,visible,TELA DIY,1,01570E,https://img-eu-2.freex.es/img/071/1000000322/1024x1024/285ea126d562c3997f2e3fbe7f76a53a
1000006266,TRAPILLO,0.72,8435401400012,visible,TELA DIY,1,00012-2,https://img-eu-2.freex.es/img/071/1000006266/1024x1024/9625a8fc118de6b8f63074b3de0f491d
1000006263,TRAPILLO,1.35,00013-1,visible,TELA DIY,1,00013-1,https://img-eu-2.freex.es/img/071/1000006263/1024x1024/ea1bd96e46345cf819722c45fd0492f7
1000000094,ACCESORIOS DE POLIPIEL,1.88,8435401401996,visible,TELA DIY,1,01996-30,https://img-eu-2.freex.es/img/071/1000000094/1024x1024/bbbeaa977bf8e3674a6e24db378e525d
1000046949,ACCESORIOS DE RESINA FLOR,0.51,8666662103811,visible,TELA DIY,1,210381,https://img-eu-2.freex.es/img/071/1000046949/1024x1024/cff7363a88377d343be24e16c380c9bc
1000046950,ACCESORIOS DE RESINA FLOR,0.51,8666662103828,visible,TELA DIY,1,210382,https://img-eu-2.freex.es/img/071/1000046950/1024x1024/14ae7f8347790ae5298d84aeea283b52
1000046951,ACCESORIOS DE RESINA FLOR,0.51,8666662103835,visible,TELA DIY,1,210383,https://img-eu-2.freex.es/img/071/1000046951/1024x1024/4e6070bc3dac9611576fd9da8b3389d8
1000046952,ACCESORIOS DE RESINA MARINO,0.51,8666662103842,visible,TELA DIY,1,210384,https://img-eu-2.freex.es/img/071/1000046952/1024x1024/bcdef6332d8f0c93ecbd25ad57ff4e13
1000046953,ACCESORIOS DE RESINA ANIMAL,0.51,8666662103859,visible,TELA DIY,1,210385,https://img-eu-2.freex.es/img/071/1000046953/1024x1024/f5ba2c6b3a67d7bf28993dd64be516a0
1000046954,ACCESORIOS DE RESINA NI?A,0.51,8666662103866,visible,TELA DIY,1,210386,https://img-eu-2.freex.es/img/071/1000046954/1024x1024/824037c875416749e2a77096fa2de5ca
1000046955,ACCESORIOS DE RESINA FRUTA,0.51,8666662103873,visible,TELA DIY,1,210387,https://img-eu-2.freex.es/img/071/1000046955/1024x1024/79246846ded229cb4b3945c08cacccde
1000046956,ACCESORIOS DE RESINA ANIMAL,0.51,8666662103880,visible,TELA DIY,1,210388,https://img-eu-2.freex.es/img/071/1000046956/1024x1024/22af478b5c5be3d89d59fd97dc907e19
1000046957,ACCESORIOS DE RESINA HELADO,0.51,8666662103897,visible,TELA DIY,1,210389,https://img-eu-2.freex.es/img/071/1000046957/1024x1024/4b49517b9ee83fff2a2a79cf83dce690
1000046958,ACCESORIOS DE RESINA ANIMAL,0.51,8666662103903,visible,TELA DIY,1,210390,https://img-eu-2.freex.es/img/071/1000046958/1024x1024/ce2e9e100ea3bb1a771c825a29e36b72
1000046959,ACCESORIOS DE RESINA PANDA,0.51,8666662103927,visible,TELA DIY,1,210392,https://img-eu-2.freex.es/img/071/1000046959/1024x1024/6b3e3b1ed946ba70dca30dbcbdf4d08a
1000046960,ACCESORIOS DE RESINA PERRO,0.51,8666662103934,visible,TELA DIY,1,210393,https://img-eu-2.freex.es/img/071/1000046960/1024x1024/7cd5f5019296e8daac289f7d9f9a9563
1000046961,ACCESORIOS DE RESINA LAZO,0.51,8666662103941,visible,TELA DIY,1,210394,https://img-eu-2.freex.es/img/071/1000046961/1024x1024/9f95572531862859de2f203f513f040a
1000046962,ACCESORIOS DE RESINA FRUTA,0.51,8666662103958,visible,TELA DIY,1,210395,https://img-eu-2.freex.es/img/071/1000046962/1024x1024/45df8d7544a4b10362665fad2ca2804b
1000044334,SET DE ABALORIOS,1.41,8666662006136,visible,TELA DIY,1,200613,https://img-eu-2.freex.es/img/071/1000044334/1024x1024/cd2bc279db05021c6df28686299e67f2
1000044335,SET DE ABALORIOS,1.41,8666662006143,visible,TELA DIY,1,200614,https://img-eu-2.freex.es/img/071/1000044335/1024x1024/76e35f054178c561c082bc6d703c2237
1000044336,SET DE ABALORIOS,1.41,8666662006150,visible,TELA DIY,1,200615,https://img-eu-2.freex.es/img/071/1000044336/1024x1024/dff04593c806dd4717d94e0d93f63c18
1000044337,SET DE ABALORIOS,1.41,8666662006167,visible,TELA DIY,1,200616,https://img-eu-2.freex.es/img/071/1000044337/1024x1024/f64a849b7c5b34fb70960b73828682ee
1000044338,SET DE ABALORIOS,1.41,8666662006174,visible,TELA DIY,1,200617,https://img-eu-2.freex.es/img/071/1000044338/1024x1024/88c05ffe697e85905bd19bac7a0e8f44
1000044339,SET DE ABALORIOS,1.41,8666662006181,visible,TELA DIY,1,200618,https://img-eu-2.freex.es/img/071/1000044339/1024x1024/50465320e390d0bfea00bc965100c14f
1000044340,SET DE ABALORIOS,1.41,8666662006198,visible,TELA DIY,1,200619,https://img-eu-2.freex.es/img/071/1000044340/1024x1024/d829fd9322fb65f9918ebf1e0fce187b
1000044341,SET DE ABALORIOS,1.41,8666662006204,visible,TELA DIY,1,200620,https://img-eu-2.freex.es/img/071/1000044341/1024x1024/28e16d41c0a7539d521fcca89d93201d
1000044342,SET DE ABALORIOS,1.41,8666662006211,visible,TELA DIY,1,200621,https://img-eu-2.freex.es/img/071/1000044342/1024x1024/4f9730c5ec323724e029d5e546f77e75
1000044343,SET DE ABALORIOS,1.41,8666662006228,visible,TELA DIY,1,200622,https://img-eu-2.freex.es/img/071/1000044343/1024x1024/7a0b76ad62d75bba4342830daa2cef77
1000044344,SET DE ABALORIOS,2.41,8666662006235,visible,TELA DIY,1,200623,https://img-eu-2.freex.es/img/071/1000044344/1024x1024/f8cbdd420a95e2060138c95d6954407f
1000044345,SET DE ABALORIOS,2.41,8666662006242,visible,TELA DIY,1,200624,https://img-eu-2.freex.es/img/071/1000044345/1024x1024/6d02c7de44b82367ef068eb5f87de5dd
1000044346,SET DE ABALORIOS,2.41,8666662006259,visible,TELA DIY,1,200625,https://img-eu-2.freex.es/img/071/1000044346/1024x1024/baafce20441a753a72502affffa19197
1000044347,SET DE ABALORIOS,3.09,8666662006266,visible,TELA DIY,1,200626,https://img-eu-2.freex.es/img/071/1000044347/1024x1024/0cc1be58a6659c324ade5cf56a92dfec
1000044348,SET DE ABALORIOS,3.09,8666662006273,visible,TELA DIY,1,200627,https://img-eu-2.freex.es/img/071/1000044348/1024x1024/b69fcf6398c0c79ed10689e5b57b3796
1000044349,SET DE ABALORIOS,3.09,8666662006280,visible,TELA DIY,1,200628,https://img-eu-2.freex.es/img/071/1000044349/1024x1024/589980558092c049057c043aa06ea2f5
1000044350,SET DE ABALORIOS,3.09,8666662006297,visible,TELA DIY,1,200629,https://img-eu-2.freex.es/img/071/1000044350/1024x1024/3abc10d9947120fd41d6b746f1bf4f7e
1000044351,SET DE ABALORIOS,3.09,8666662006303,visible,TELA DIY,1,200630,https://img-eu-2.freex.es/img/071/1000044351/1024x1024/395d2d685290f442843e0838f99b08f5
1000041812,SET DE ABALORIOS,1.83,8666662005115,visible,TELA DIY,1,200511,https://img-eu-2.freex.es/img/071/1000041812/1024x1024/1bb62b7ba8eef1d5a88cbf7b6c7b810e
1000041814,SET DE ABALORIOS,1.46,8666662005139,visible,TELA DIY,1,200513,https://img-eu-2.freex.es/img/071/1000041814/1024x1024/d87d5ad13459fec6bc7427cbb8dc20f0
1000041816,SET DE ABALORIOS,1.46,8666662005153,visible,TELA DIY,1,200515,https://img-eu-2.freex.es/img/071/1000041816/1024x1024/3deace092dfe408e4bb836e094612624
1000041817,SET DE ABALORIOS,1.46,8666662005160,visible,TELA DIY,1,200516,https://img-eu-2.freex.es/img/071/1000041817/1024x1024/02c6d23f525e0afc7b3d25b99720002f
1000041818,SET DE ABALORIOS,1.46,8666662005177,visible,TELA DIY,1,200517,https://img-eu-2.freex.es/img/071/1000041818/1024x1024/2561910978f5e31409628823854a9bb3
1000041819,SET DE ABALORIOS,1.46,8666662005184,visible,TELA DIY,1,200518,https://img-eu-2.freex.es/img/071/1000041819/1024x1024/53fd53d0536a2b9e5793e3f0a97d0030
1000041822,SET DE ABALORIOS,1.46,8666662005214,visible,TELA DIY,1,200521,https://img-eu-2.freex.es/img/071/1000041822/1024x1024/5eaf58f9d0237479da380191b14f014f
1000041823,SET DE ABALORIOS,1.46,8666662005221,visible,TELA DIY,1,200522,https://img-eu-2.freex.es/img/071/1000041823/1024x1024/eb9cc8040af15ff13a58943d379de86b
1000041824,SET DE ABALORIOS,1.46,8666662005238,visible,TELA DIY,1,200523,https://img-eu-2.freex.es/img/071/1000041824/1024x1024/4f39c7823f014f89aa86f60293d96c59
1000041825,SET DE ABALORIOS,1.46,8666662005245,visible,TELA DIY,1,200524,https://img-eu-2.freex.es/img/071/1000041825/1024x1024/7775eb8197e8165ea26a7bb7792f41a4
1000041826,SET DE ABALORIOS,1.46,8666662005252,visible,TELA DIY,1,200525,https://img-eu-2.freex.es/img/071/1000041826/1024x1024/afad71dcea08d8581736ca3789976270
1000041827,SET DE ABALORIOS,1.46,8666662005269,visible,TELA DIY,1,200526,https://img-eu-2.freex.es/img/071/1000041827/1024x1024/579032d72576513b0f43a233bd95bb1e
1000044443,SET ABALORIO,2.2,8666662008222,visible,TELA DIY,1,200822,https://img-eu-2.freex.es/img/071/1000044443/1024x1024/e23ffb71cbcd912b079d8253a3fb59da
1000044444,SET ABALORIO,2.2,8666662008239,visible,TELA DIY,1,200823,https://img-eu-2.freex.es/img/071/1000044444/1024x1024/7c053aaae49e7f8e8fadd9f39b5e2fd6
1000044445,SET ABALORIO,2.2,8666662008246,visible,TELA DIY,1,200824,https://img-eu-2.freex.es/img/071/1000044445/1024x1024/cd16d1389c2b5a39fdbf9667e46da4ea
1000044446,SET ABALORIO,2.2,8666662008253,visible,TELA DIY,1,200825,https://img-eu-2.freex.es/img/071/1000044446/1024x1024/92a36cd6126e5b5082b4529ac73e8d20
1000044447,SET ABALORIO,2.62,8666662008260,visible,TELA DIY,1,200826,https://img-eu-2.freex.es/img/071/1000044447/1024x1024/5924612838f52915bb8c919646645c49
1000044448,SET ABALORIO,2.62,8666662008277,visible,TELA DIY,1,200827,https://img-eu-2.freex.es/img/071/1000044448/1024x1024/9f180b5a76df905611b7877ae1f883c1
1000044449,SET ABALORIO,2.62,8666662008284,visible,TELA DIY,1,200828,https://img-eu-2.freex.es/img/071/1000044449/1024x1024/d7b365acc696ce259deedc71a34a7ea5
1000044450,SET ABALORIO,2.62,8666662008291,visible,TELA DIY,1,200829,https://img-eu-2.freex.es/img/071/1000044450/1024x1024/bb11310ada508ec80b904dea93febf96
1000044451,SET ABALORIO,2.62,8666662008307,visible,TELA DIY,1,200830,https://img-eu-2.freex.es/img/071/1000044451/1024x1024/4daa6834ccbca0ad8a65dea8ceec0683
1000044452,SET ABALORIO,2.62,8666662008314,visible,TELA DIY,1,200831,https://img-eu-2.freex.es/img/071/1000044452/1024x1024/c7b3c781ddbb00f15bfcc86409a627ef
1000044453,SET ABALORIO,2.62,8666662008321,visible,TELA DIY,1,200832,https://img-eu-2.freex.es/img/071/1000044453/1024x1024/817d7d4821a1355d95ab953ed76b85ec
1000044454,SET ABALORIO,2.62,8666662008338,visible,TELA DIY,1,200833,https://img-eu-2.freex.es/img/071/1000044454/1024x1024/3f7f6dff1625796ffc476098a049e3d2
1000044455,SET ABALORIO,2.62,8666662008345,visible,TELA DIY,1,200834,https://img-eu-2.freex.es/img/071/1000044455/1024x1024/24fda1d8b5bb75fe3cadc53344980474
1000041244,SET ABALORIOS PARA MANUALIDADES,1.46,8666662005016,visible,TELA DIY,1,200501,https://img-eu-2.freex.es/img/071/1000041244/1024x1024/ddf32475e9b7a1e3eca61048ee5e7650
1000041245,SET ABALORIOS PARA MANUALIDADES,1.46,8666662005023,visible,TELA DIY,1,200502,https://img-eu-2.freex.es/img/071/1000041245/1024x1024/aff26120fa24978efd5894517ce4b70a
1000041246,SET ABALORIOS PARA MANUALIDADES,1.46,8666662005030,visible,TELA DIY,1,200503,https://img-eu-2.freex.es/img/071/1000041246/1024x1024/04591eacfa7f32ca09987dfae490d2f9
1000041247,SET ABALORIOS PARA MANUALIDADES,1.46,8666662005047,visible,TELA DIY,1,200504,https://img-eu-2.freex.es/img/071/1000041247/1024x1024/d5db75b091aaf50af344d2c13440af07
1000041248,SET ABALORIOS PARA MANUALIDADES,2.57,8666662005092,visible,TELA DIY,1,200509,https://img-eu-2.freex.es/img/071/1000041248/1024x1024/02a383581a5cff5fcb492b0cb561358a
1000041240,SET ABALORIOS PARA MANUALIDADES,2.57,8666662005054,visible,TELA DIY,1,200505,https://img-eu-2.freex.es/img/071/1000041240/1024x1024/7eb33c04cee06f82ecf771b1ff4104ac
1000041241,SET ABALORIOS PARA MANUALIDADES,2.57,8666662005061,visible,TELA DIY,1,200506,https://img-eu-2.freex.es/img/071/1000041241/1024x1024/7f583fbb1889c0f2fbec463f09ebc1a6
1000041242,SET ABALORIOS PARA MANUALIDADES,2.57,8666662005078,visible,TELA DIY,1,200507,https://img-eu-2.freex.es/img/071/1000041242/1024x1024/bf0dd33c3cf0603aca459cf8c3b00489
1000041243,SET ABALORIOS PARA MANUALIDADES,2.57,8666662005085,visible,TELA DIY,1,200508,https://img-eu-2.freex.es/img/071/1000041243/1024x1024/3072382eef805a3ecf92cfb8903b39f6
1000038263,SET ABALORIOS PARA MANUALIDADES,2.57,866666200414,visible,TELA DIY,1,200414,https://img-eu-2.freex.es/img/071/1000038263/1024x1024/18595bb6d7ccbb8180774c6c2ee0f549
1000038264,SET ABALORIOS PARA MANUALIDADES,2.57,866666200415,visible,TELA DIY,1,200415,https://img-eu-2.freex.es/img/071/1000038264/1024x1024/2acc837f35da3bf0e392376084e5c9ef
1000038265,SET ABALORIOS PARA MANUALIDADES,2.57,866666200416,visible,TELA DIY,1,200416,https://img-eu-2.freex.es/img/071/1000038265/1024x1024/08aecc4465b7f361780bbe36af528a76
1000034300,ABALORIOS PARA MANUALIDADES,3.93,8666662000356,visible,TELA DIY,1,200035,https://img-eu-2.freex.es/img/071/1000034300/1024x1024/b2687c1d22c268d8f700e51b50391b9f
1000034301,ABALORIOS PARA MANUALIDADES,4.46,8666662000363,visible,TELA DIY,1,200036,https://img-eu-2.freex.es/img/071/1000034301/1024x1024/86044719bb5b6c1718dc401029c5c12a
1000035565,Abalorios,0.47,8666662003319,visible,TELA DIY,1,200331,https://img-eu-2.freex.es/img/071/1000035565/1024x1024/19b08b80a0316f58316c6ebdca4969b1
1000035566,Abalorios,0.47,8666662003326,visible,TELA DIY,1,200332,https://img-eu-2.freex.es/img/071/1000035566/1024x1024/5b2445e313351919949b63c1583da11b
1000035567,Abalorios,0.47,8666662003333,visible,TELA DIY,1,200333,https://img-eu-2.freex.es/img/071/1000035567/1024x1024/f2a66130531c7d7881c7ce4694b7ff44
1000044352,ABALORIOS,0.47,8666662007157,visible,TELA DIY,1,200715,https://img-eu-2.freex.es/img/071/1000044352/1024x1024/e59edae1b5357512566d29e722e3f569
1000044353,ABALORIOS,0.47,8666662007164,visible,TELA DIY,1,200716,https://img-eu-2.freex.es/img/071/1000044353/1024x1024/4e68ac0de0ed2af527ec3b7cc1c312fa
1000044354,ABALORIOS,0.47,8666662007171,visible,TELA DIY,1,200717,https://img-eu-2.freex.es/img/071/1000044354/1024x1024/c1eb08100502e0d21edc61f3d3e3d428
1000044355,ABALORIOS,0.47,8666662007195,visible,TELA DIY,1,200719,https://img-eu-2.freex.es/img/071/1000044355/1024x1024/0ed1f764e4e6a509fe820ff042ce2727
1000044356,ABALORIOS,0.47,8666662007201,visible,TELA DIY,1,200720,https://img-eu-2.freex.es/img/071/1000044356/1024x1024/3208467b656d70f5ef3fe9f6cf294779
1000044357,ABALORIOS,0.47,8666662007218,visible,TELA DIY,1,200721,https://img-eu-2.freex.es/img/071/1000044357/1024x1024/f1dcfed6bfac64a22f75e0fb06bb5773
1000044358,ABALORIOS,0.47,8666662007225,visible,TELA DIY,1,200722,https://img-eu-2.freex.es/img/071/1000044358/1024x1024/9eae8599ad32a5020bc7648bb9affb34
1000044359,ABALORIOS,0.47,8666662007232,visible,TELA DIY,1,200723,https://img-eu-2.freex.es/img/071/1000044359/1024x1024/575e0446af7e3dbbe168f66aa75203be
1000044360,ABALORIOS,0.47,8666662007249,visible,TELA DIY,1,200724,https://img-eu-2.freex.es/img/071/1000044360/1024x1024/7aae0e5c01bda593f592bca11e78aa69
1000044361,ABALORIOS,0.47,8666662007256,visible,TELA DIY,1,200725,https://img-eu-2.freex.es/img/071/1000044361/1024x1024/982bb7580493e67e41dd10d990158e67
1000044362,ABALORIOS,0.47,8666662007263,visible,TELA DIY,1,200726,https://img-eu-2.freex.es/img/071/1000044362/1024x1024/ccbb9148bd1b7a985364ba5ad13a8a4d
1000043710,ABALORIO,0.47,8666662006013,visible,TELA DIY,1,200601,https://img-eu-2.freex.es/img/071/1000043710/1024x1024/5ee36630d85ac6f468242175e4628271
1000043711,ABALORIO,0.47,8666662006020,visible,TELA DIY,1,200602,https://img-eu-2.freex.es/img/071/1000043711/1024x1024/bc2468d60a882f614d154bd700bc283a
1000043712,ABALORIO,0.47,8666662006037,visible,TELA DIY,1,200603,https://img-eu-2.freex.es/img/071/1000043712/1024x1024/70e16c61b318f21f1b78aca1d433e17d
1000043713,ABALORIO,0.47,8666662006044,visible,TELA DIY,1,200604,https://img-eu-2.freex.es/img/071/1000043713/1024x1024/38f6e500b079e51b7d0de7462e6357a9
1000043714,ABALORIO,0.47,8666662006051,visible,TELA DIY,1,200605,https://img-eu-2.freex.es/img/071/1000043714/1024x1024/7e3dc31f46429d31698b072487cd0658
1000043715,ABALORIO,0.47,8666662006068,visible,TELA DIY,1,200606,https://img-eu-2.freex.es/img/071/1000043715/1024x1024/25824f504ab8cf273c482809a831afbc
1000043716,ABALORIO,0.47,8666662006075,visible,TELA DIY,1,200607,https://img-eu-2.freex.es/img/071/1000043716/1024x1024/1a53f27c76fb9ac958ce9b98370905ee
1000043717,ABALORIO,0.47,8666662006082,visible,TELA DIY,1,200608,https://img-eu-2.freex.es/img/071/1000043717/1024x1024/bffd47a27d36a8516fb7a06adf98b121
1000043718,ABALORIO,0.47,8666662006099,visible,TELA DIY,1,200609,https://img-eu-2.freex.es/img/071/1000043718/1024x1024/f86035d3a9dec428f551fbb96ecb7c0d
1000043719,ABALORIO,0.47,8666662006105,visible,TELA DIY,1,200610,https://img-eu-2.freex.es/img/071/1000043719/1024x1024/5805a214314dcdd59e424cdef17927f2
1000043720,ABALORIO,0.47,8666662006112,visible,TELA DIY,1,200611,https://img-eu-2.freex.es/img/071/1000043720/1024x1024/75b310f726585a62ccd5d4eadc6c91d2
1000043721,ABALORIO,0.47,8666662006129,visible,TELA DIY,1,200612,https://img-eu-2.freex.es/img/071/1000043721/1024x1024/ac7be7a01b472fa49ede9091ce1ccf41
1000036841,ABALORIO,0.51,866666200334,visible,TELA DIY,1,200334,https://img-eu-2.freex.es/img/071/1000036841/1024x1024/1db7f7bf9429ef34c8c60a5aeaa8ec38
1000036842,ABALORIO,0.51,866666200335,visible,TELA DIY,1,200335,https://img-eu-2.freex.es/img/071/1000036842/1024x1024/ec54520ed5aa052e9e04e8f59f45b5ed
1000036843,ABALORIO,0.51,866666200336,visible,TELA DIY,1,200336,https://img-eu-2.freex.es/img/071/1000036843/1024x1024/169d01f0ef5bb56847efcbbfecb73309
1000036819,ABALORIO MADERA,0.51,866666200076,visible,TELA DIY,1,200076,https://img-eu-2.freex.es/img/071/1000036819/1024x1024/013fd9fb75b734cfd8e3682df0d43d34
1000036820,ABALORIO MADERA,0.51,866666200078,visible,TELA DIY,1,200078,https://img-eu-2.freex.es/img/071/1000036820/1024x1024/3fb36cc89a46f4c687358c4a37f6a2dd
1000036821,ABALORIO MADERA,0.51,866666200080,visible,TELA DIY,1,200080,https://img-eu-2.freex.es/img/071/1000036821/1024x1024/d7cad2dfdb94550b1bfdb36aafa3dc86
1000036822,ABALORIO MADERA,0.51,866666200082,visible,TELA DIY,1,200082,https://img-eu-2.freex.es/img/071/1000036822/1024x1024/884dadd6563547e91866cb6d2c380d89
1000036823,ABALORIO MADERA,0.51,866666200083,visible,TELA DIY,1,200083,https://img-eu-2.freex.es/img/071/1000036823/1024x1024/724e627f33be2acb3c253a8b311d7d16
1000036824,ABALORIO MADERA,0.51,866666200085,visible,TELA DIY,1,200085,https://img-eu-2.freex.es/img/071/1000036824/1024x1024/2e0591a9b288c6ab4bf6a4410c45d919
1000036825,ABALORIO MADERA,0.51,866666200087,visible,TELA DIY,1,200087,https://img-eu-2.freex.es/img/071/1000036825/1024x1024/2e4324b1043a7940e9c8aa451ada23da
1000036826,ABALORIO MADERA,0.51,866666200088,visible,TELA DIY,1,200088,https://img-eu-2.freex.es/img/071/1000036826/1024x1024/190fa30d4f05fb154dfe7d8e26b87f19
1000036827,ABALORIO MADERA,0.51,866666200089,visible,TELA DIY,1,200089,https://img-eu-2.freex.es/img/071/1000036827/1024x1024/0fa35ffd09241fe525c243da958df236
1000036828,ABALORIO MADERA,0.51,866666200091,visible,TELA DIY,1,200091,https://img-eu-2.freex.es/img/071/1000036828/1024x1024/bc09fc1ec388d1b0d85d6af18dfb1112
1000036829,ABALORIO MADERA,0.51,866666200093,visible,TELA DIY,1,200093,https://img-eu-2.freex.es/img/071/1000036829/1024x1024/3fcdcad054a2d3e7d81a47158b4b0155
1000036830,ABALORIO MADERA,0.51,866666200094,visible,TELA DIY,1,200094,https://img-eu-2.freex.es/img/071/1000036830/1024x1024/fa62a2997716081dd149fe04de03df6c
1000036831,ABALORIO MADERA,0.51,866666200097,visible,TELA DIY,1,200097,https://img-eu-2.freex.es/img/071/1000036831/1024x1024/846ca4a9a081f307141a926062e933fd
1000036832,ABALORIO MADERA,0.51,866666200098,visible,TELA DIY,1,200098,https://img-eu-2.freex.es/img/071/1000036832/1024x1024/78b9adab22cfe040402ca08c514cf1c1
1000036833,ABALORIO MADERA,0.51,866666200099,visible,TELA DIY,1,200099,https://img-eu-2.freex.es/img/071/1000036833/1024x1024/17e2c413d9e78a6b7f61717a3c37e0fa
1000036834,ABALORIO MADERA,0.51,866666200100,visible,TELA DIY,1,200100,https://img-eu-2.freex.es/img/071/1000036834/1024x1024/20fcb5b58bbae77779854d1603c18dbd
1000028550,ABALORIO MADERA,0.51,866666200102,visible,TELA DIY,1,200102,https://img-eu-2.freex.es/img/071/1000028550/1024x1024/82c3c7eb30be6c1dbcef41a21e80a342
1000036835,ABALORIO MADERA,0.51,866666200103,visible,TELA DIY,1,200103,https://img-eu-2.freex.es/img/071/1000036835/1024x1024/de628c89e24c0557c24487bf73c83807
1000036836,ABALORIO MADERA,0.51,866666200104,visible,TELA DIY,1,200104,https://img-eu-2.freex.es/img/071/1000036836/1024x1024/9a1b66912d16c9fe4dd8f6c7cfc400f2
1000036837,ABALORIO MADERA,0.51,866666200105,visible,TELA DIY,1,200105,https://img-eu-2.freex.es/img/071/1000036837/1024x1024/92c61537c8da454cc4063d9a564dad55
1000036838,ABALORIO MADERA,0.51,866666200106,visible,TELA DIY,1,200106,https://img-eu-2.freex.es/img/071/1000036838/1024x1024/661a80fe06a150e80f187ea75817a95d
1000036839,ABALORIO MADERA,0.51,866666200107,visible,TELA DIY,1,200107,https://img-eu-2.freex.es/img/071/1000036839/1024x1024/154073704e0c6f3cd93ea06c8e0ba0e4
1000043213,ABALORIOS,0.53,8666662005634,visible,TELA DIY,1,200563,https://img-eu-2.freex.es/img/071/1000043213/1024x1024/2ce609ef05cf08ac9b65b399c7f36082
1000043214,ABALORIOS,0.51,8666662005641,visible,TELA DIY,1,200564,https://img-eu-2.freex.es/img/071/1000043214/1024x1024/be9c3258f9b130c2a09eb3b014f864ff
1000043327,ABEJA PARA MANUALIDADES,0.51,8666662100452,visible,TELA DIY,1,210045,https://img-eu-2.freex.es/img/071/1000043327/1024x1024/ba078e3c2277752a0dcfe31511b00fe5
1000015409,ACCESORIOS PARA MANUALIDADES,0.51,866666201164,visible,TELA DIY,1,201164,https://img-eu-2.freex.es/img/071/1000015409/1024x1024/c858584bd6e9cbb301d67352df448e61
1000036934,ACCESORIOS PARA MANUALIDADES,0.51,866666201165,visible,TELA DIY,1,201165,https://img-eu-2.freex.es/img/071/1000036934/1024x1024/8a1b666111072f38198ebf1cab6bf278
1000036935,ACCESORIOS PARA MANUALIDADES,0.51,866666201166,visible,TELA DIY,1,201166,https://img-eu-2.freex.es/img/071/1000036935/1024x1024/a9871f85c7a0411fb4d81b3f94a17ce2
1000036936,ACCESORIOS PARA MANUALIDADES,0.51,866666201167,visible,TELA DIY,1,201167,https://img-eu-2.freex.es/img/071/1000036936/1024x1024/c780517376fab17565a91bcb14d35a08
1000036937,ACCESORIOS PARA MANUALIDADES,0.51,866666201168,visible,TELA DIY,1,201168,https://img-eu-2.freex.es/img/071/1000036937/1024x1024/92889159939192da1a13727af82b5a36
1000036938,ACCESORIOS PARA MANUALIDADES,0.51,866666201169,visible,TELA DIY,1,201169,https://img-eu-2.freex.es/img/071/1000036938/1024x1024/98bcfa79fdd2d155d50c0e9512f4be67
1000036939,ACCESORIOS PARA MANUALIDADES,0.51,866666201170,visible,TELA DIY,1,201170,https://img-eu-2.freex.es/img/071/1000036939/1024x1024/10104279f326f7cfa8548dae67c4d705
1000036940,ACCESORIOS PARA MANUALIDADES,0.51,866666201171,visible,TELA DIY,1,201171,https://img-eu-2.freex.es/img/071/1000036940/1024x1024/5847c6d1a04adf419af958a98be630ab
1000036941,ACCESORIOS PARA MANUALIDADES,0.51,866666201172,visible,TELA DIY,1,201172,https://img-eu-2.freex.es/img/071/1000036941/1024x1024/17fe797e91347546bb0ea744e52001d2
1000036840,ABALORIO MADERA,0.51,866666200108,visible,TELA DIY,1,200108,https://img-eu-2.freex.es/img/071/1000036840/1024x1024/ea18d30ba735f46559cfde2b6ec8e808
1000042595,ACCESORIOS PARA MANUALIDADES,0.51,8666662005917,visible,TELA DIY,1,200591,https://img-eu-2.freex.es/img/071/1000042595/1024x1024/3ff41fcfdf0c7a1289a5129101df88fe
1000042596,ACCESORIOS PARA MANUALIDADES,0.51,8666662005924,visible,TELA DIY,1,200592,https://img-eu-2.freex.es/img/071/1000042596/1024x1024/af8c2cccf2e8a37066a771c0f1510c4c
1000042597,ACCESORIOS PARA MANUALIDADES,0.51,8666662005931,visible,TELA DIY,1,200593,https://img-eu-2.freex.es/img/071/1000042597/1024x1024/9c9c0f918df008fc3dfc82fadf248760
1000042598,ACCESORIOS PARA MANUALIDADES,0.51,8666662005948,visible,TELA DIY,1,200594,https://img-eu-2.freex.es/img/071/1000042598/1024x1024/8534ecfa2a1871113c27ff0fd49c5aaf
1000042599,ACCESORIOS PARA MANUALIDADES,0.51,8666662005955,visible,TELA DIY,1,200595,https://img-eu-2.freex.es/img/071/1000042599/1024x1024/e5be935191b401e077f448fffaf2a0ac
1000042600,ACCESORIOS PARA MANUALIDADES,0.51,8666662005962,visible,TELA DIY,1,200596,https://img-eu-2.freex.es/img/071/1000042600/1024x1024/8b28caab2bdeb459f9d86320886e8177
1000042601,ACCESORIOS PARA MANUALIDADES,0.51,8666662005979,visible,TELA DIY,1,200597,https://img-eu-2.freex.es/img/071/1000042601/1024x1024/8975f32c697f41d873279d66defadcbe
1000042603,ACCESORIOS PARA MANUALIDADES,0.51,8666662005993,visible,TELA DIY,1,200599,https://img-eu-2.freex.es/img/071/1000042603/1024x1024/bfcbb1dd07c656ea68dc3d26496a8544
1000037147,Cuentas de arcilla polimerica,0.43,8666662002039,visible,TELA DIY,1,200203,https://img-eu-2.freex.es/img/071/1000037147/1024x1024/e7a64e464279fd4e38e91e48c7a6f571
1000037148,Cuentas de arcilla polimerica,0.43,8666662002046,visible,TELA DIY,1,200204,https://img-eu-2.freex.es/img/071/1000037148/1024x1024/ab9e400d69ee58131b1e03e9c1ae2ec3
1000037149,Cuentas de arcilla polimerica,0.43,8666662002053,visible,TELA DIY,1,200205,https://img-eu-2.freex.es/img/071/1000037149/1024x1024/42dee3d6dd455581bf268b97e21c52ab
1000037150,Cuentas de arcilla polimerica,0.43,8666662002060,visible,TELA DIY,1,200206,https://img-eu-2.freex.es/img/071/1000037150/1024x1024/166a3932c4908170c3e1cd3fbf9b6a3d
1000037151,Cuentas de arcilla polimerica,0.43,8666662002077,visible,TELA DIY,1,200207,https://img-eu-2.freex.es/img/071/1000037151/1024x1024/5245872ea60fe8777dc95a576ed46a90
1000037152,Cuentas de arcilla polimerica,0.43,8666662002084,visible,TELA DIY,1,200208,https://img-eu-2.freex.es/img/071/1000037152/1024x1024/1747c5e4f2e389129f6d7e9dbb5b2d1e
1000037153,Cuentas de arcilla polimerica,0.43,8666662002091,visible,TELA DIY,1,200209,https://img-eu-2.freex.es/img/071/1000037153/1024x1024/71e88a2adb63cc55c499f43945b73faa
1000037154,Cuentas de arcilla polimerica,0.43,8666662002107,visible,TELA DIY,1,200210,https://img-eu-2.freex.es/img/071/1000037154/1024x1024/bdbdad17107d794bc40e2921c96f34ef
1000037155,Cuentas de arcilla polimerica,0.43,8666662002114,visible,TELA DIY,1,200211,https://img-eu-2.freex.es/img/071/1000037155/1024x1024/a6f698eff5c25712d91ea6283e43cbda
1000037156,Cuentas de arcilla polimerica,0.43,8666662002121,visible,TELA DIY,1,200212,https://img-eu-2.freex.es/img/071/1000037156/1024x1024/49f54d051fcd558e8517abce66c5fa0f
1000037157,Cuentas de arcilla polimerica,0.43,8666662002138,visible,TELA DIY,1,200213,https://img-eu-2.freex.es/img/071/1000037157/1024x1024/4b614a4efb0b682a7745969aeb5208e3
1000037158,Cuentas de arcilla polimerica,0.43,8666662002145,visible,TELA DIY,1,200214,https://img-eu-2.freex.es/img/071/1000037158/1024x1024/8696bec8d31e7556405158cc806aead4
1000037159,Cuentas de arcilla polimerica,0.43,8666662002152,visible,TELA DIY,1,200215,https://img-eu-2.freex.es/img/071/1000037159/1024x1024/97e71dec54c92747413f13f62a348a46
1000037160,Cuentas de arcilla polimerica,0.43,8666662002169,visible,TELA DIY,1,200216,https://img-eu-2.freex.es/img/071/1000037160/1024x1024/e148305c16e6d69d80d611a6f882e1d5
1000037161,Cuentas de arcilla polimerica,0.43,8666662002176,visible,TELA DIY,1,200217,https://img-eu-2.freex.es/img/071/1000037161/1024x1024/d2084fa03c446b4575d811213372c740
1000037162,Cuentas de arcilla polimerica,0.43,8666662002183,visible,TELA DIY,1,200218,https://img-eu-2.freex.es/img/071/1000037162/1024x1024/f50024b6a86e669cd71077c6e1bfb875
1000037163,Cuentas de arcilla polimerica,0.43,8666662002190,visible,TELA DIY,1,200219,https://img-eu-2.freex.es/img/071/1000037163/1024x1024/b3ab6609b66b4570ea79f35e78f769be
1000037164,Cuentas de arcilla polimerica,0.43,8666662002206,visible,TELA DIY,1,200220,https://img-eu-2.freex.es/img/071/1000037164/1024x1024/9c92a024261ad64530e3d453964899ed
1000037165,Cuentas de arcilla polimerica,0.43,8666662002213,visible,TELA DIY,1,200221,https://img-eu-2.freex.es/img/071/1000037165/1024x1024/28ac647e62936f2b80a4d3c33e953a5d
1000037166,Cuentas de arcilla polimerica,0.43,8666662002220,visible,TELA DIY,1,200222,https://img-eu-2.freex.es/img/071/1000037166/1024x1024/8492815f0e70e4b1b8f52eb4fd16d294
1000037167,Cuentas de arcilla polimerica,0.43,8666662002237,visible,TELA DIY,1,200223,https://img-eu-2.freex.es/img/071/1000037167/1024x1024/14e5c6031d0854d616e969345508545e
1000037168,Cuentas de arcilla polimerica,0.43,8666662002244,visible,TELA DIY,1,200224,https://img-eu-2.freex.es/img/071/1000037168/1024x1024/d20acd4ebb60d4ed370ead95bbb443ea
1000037169,Cuentas de arcilla polimerica,0.43,8666662002251,visible,TELA DIY,1,200225,https://img-eu-2.freex.es/img/071/1000037169/1024x1024/742ef11307f660fc49ff146c12dcf98e
1000037170,Cuentas de arcilla polimerica,0.43,8666662002268,visible,TELA DIY,1,200226,https://img-eu-2.freex.es/img/071/1000037170/1024x1024/475a408f422e80dc46ead82c05d32a93
1000037171,Cuentas de arcilla polimerica,0.43,8666662002275,visible,TELA DIY,1,200227,https://img-eu-2.freex.es/img/071/1000037171/1024x1024/bf54bbda0f23af2bb775d591ca9754a5
1000037172,Cuentas de arcilla polimerica,0.43,8666662002282,visible,TELA DIY,1,200228,https://img-eu-2.freex.es/img/071/1000037172/1024x1024/b165769299da50cce87c218a62c42fb1
1000037173,Cuentas de arcilla polimerica,0.43,8666662002299,visible,TELA DIY,1,200229,https://img-eu-2.freex.es/img/071/1000037173/1024x1024/7144374e14f60cbfd0ef4491c8b1733c
1000037174,Cuentas de arcilla polimerica,0.43,8666662002305,visible,TELA DIY,1,200230,https://img-eu-2.freex.es/img/071/1000037174/1024x1024/4f850edf109fce9327b774ba24611df4
1000037175,Cuentas de arcilla polimerica,0.43,8666662002312,visible,TELA DIY,1,200231,https://img-eu-2.freex.es/img/071/1000037175/1024x1024/643e0f1c7069fa7db3acc1e0100e6a1f
1000037176,Cuentas de arcilla polimerica,0.43,8666662002329,visible,TELA DIY,1,200232,https://img-eu-2.freex.es/img/071/1000037176/1024x1024/3334ff331b3a2c4d67d1d560e6e7ed17
1000037177,Cuentas de arcilla polimerica,0.43,8666662002336,visible,TELA DIY,1,200233,https://img-eu-2.freex.es/img/071/1000037177/1024x1024/a3db3355ff4ae7151c6d6377719b6946
1000037178,Cuentas de arcilla polimerica,0.43,8666662002343,visible,TELA DIY,1,200234,https://img-eu-2.freex.es/img/071/1000037178/1024x1024/7cc63062f2843a7b3dc166c8f39cfa12
1000037179,Cuentas de arcilla polimerica,0.43,8666662002350,visible,TELA DIY,1,200235,https://img-eu-2.freex.es/img/071/1000037179/1024x1024/ff175d0d6c8ea8a1a7006af47e3c9cac
1000037180,Cuentas de arcilla polimerica,0.43,8666662002367,visible,TELA DIY,1,200236,https://img-eu-2.freex.es/img/071/1000037180/1024x1024/577ed9b78c0e50ff3fb9933c72253060
1000037181,Cuentas de arcilla polimerica,0.43,8666662002374,visible,TELA DIY,1,200237,https://img-eu-2.freex.es/img/071/1000037181/1024x1024/196044b34ac605fb7f2cec06adeb7cd2
1000037182,Cuentas de arcilla polimerica,0.43,8666662002381,visible,TELA DIY,1,200238,https://img-eu-2.freex.es/img/071/1000037182/1024x1024/e06c13de25221dcdd95b247743437cca
1000037183,Cuentas de arcilla polimerica,0.43,8666662002398,visible,TELA DIY,1,200239,https://img-eu-2.freex.es/img/071/1000037183/1024x1024/f86bfa7afce7e734e6a7a9fa3f1fab6c
1000037184,Cuentas de arcilla polimerica,0.43,8666662002404,visible,TELA DIY,1,200240,https://img-eu-2.freex.es/img/071/1000037184/1024x1024/ef4e3f8fea3b7cc21559c68fd94f33c3
1000037185,Cuentas de arcilla polimerica,0.43,8666662002411,visible,TELA DIY,1,200241,https://img-eu-2.freex.es/img/071/1000037185/1024x1024/a51a15f67813a893d7a23ed992f9eb42
1000037186,Cuentas de arcilla polimerica,0.43,8666662002428,visible,TELA DIY,1,200242,https://img-eu-2.freex.es/img/071/1000037186/1024x1024/cdfed27a95fffbec5495659f13759bc8
1000037187,Cuentas de arcilla polimerica,0.43,8666662002435,visible,TELA DIY,1,200243,https://img-eu-2.freex.es/img/071/1000037187/1024x1024/5d690de512a5ed3a73b8e4834e9838ba
1000037188,Cuentas de arcilla polimerica,0.43,8666662002442,visible,TELA DIY,1,200244,https://img-eu-2.freex.es/img/071/1000037188/1024x1024/4acabb5b26c08998d4853eadf85e9a6e
1000037189,Cuentas de arcilla polimerica,0.43,8666662002459,visible,TELA DIY,1,200245,https://img-eu-2.freex.es/img/071/1000037189/1024x1024/19a16f86caed58d9c5988d0bf8b3bbf5
1000037190,Cuentas de arcilla polimerica,0.43,8666662002466,visible,TELA DIY,1,200246,https://img-eu-2.freex.es/img/071/1000037190/1024x1024/f2e8f1367533fa32438f8f84d141bdee
1000037191,Cuentas de arcilla polimerica,0.43,8666662002473,visible,TELA DIY,1,200247,https://img-eu-2.freex.es/img/071/1000037191/1024x1024/b53cfca9ab0c0b2068232d75af77f068
1000037192,Cuentas de arcilla polimerica,0.43,8666662002480,visible,TELA DIY,1,200248,https://img-eu-2.freex.es/img/071/1000037192/1024x1024/873230cec80474672e4583dd01c17991
1000037193,Cuentas de arcilla polimerica,0.43,8666662002497,visible,TELA DIY,1,200249,https://img-eu-2.freex.es/img/071/1000037193/1024x1024/e23a4a023a01c070b4c0101d5d832bc6
1000037194,Cuentas de arcilla polimerica,0.43,8666662002503,visible,TELA DIY,1,200250,https://img-eu-2.freex.es/img/071/1000037194/1024x1024/ba2a7852ec4369d5267d9e33f6f032d2
1000037195,Cuentas de arcilla polimerica,0.43,8666662002510,visible,TELA DIY,1,200251,https://img-eu-2.freex.es/img/071/1000037195/1024x1024/8410942ac256ba25201cf5374f8a6270
1000037196,Cuentas de arcilla polimerica,0.43,8666662002527,visible,TELA DIY,1,200252,https://img-eu-2.freex.es/img/071/1000037196/1024x1024/69dcb253727fc227f1936c668eee4ae0
1000037197,Cuentas de arcilla polimerica,0.43,8666662002534,visible,TELA DIY,1,200253,https://img-eu-2.freex.es/img/071/1000037197/1024x1024/dbe60e3b9b5dca44955b7d02273f3e34
1000039047,CUENTAS MANUALIDADES,0.43,866666201541,visible,TELA DIY,1,201541,https://img-eu-2.freex.es/img/071/1000039047/1024x1024/2a74e50127ee41c07e6d99a80139f4dc
1000039048,CUENTAS MANUALIDADES,0.43,866666201542,visible,TELA DIY,1,201542,https://img-eu-2.freex.es/img/071/1000039048/1024x1024/fd0798d84ede0bbd5ae3f1b4db7e1d1a
1000039049,CUENTAS MANUALIDADES,0.43,866666201543,visible,TELA DIY,1,201543,https://img-eu-2.freex.es/img/071/1000039049/1024x1024/daf1e7ac4b90d0f95adfcb60004d7951
1000039050,CUENTAS MANUALIDADES,0.43,866666201544,visible,TELA DIY,1,201544,https://img-eu-2.freex.es/img/071/1000039050/1024x1024/33fbc7e0806b6cae58f574a71ab04126
1000035244,ABALORIO,0.43,200037,visible,TELA DIY,1,200037,https://img-eu-2.freex.es/img/071/1000035244/1024x1024/847d4633b18c75fab39f9d5eaee639b6
1000035245,ABALORIO,0.43,200038,visible,TELA DIY,1,200038,https://img-eu-2.freex.es/img/071/1000035245/1024x1024/1a7efc8696956069f6fcef7005154b9b
1000025193,ABALORIO,0.43,200039,visible,TELA DIY,1,200039,https://img-eu-2.freex.es/img/071/1000025193/1024x1024/63d51db8609ea3be7029c22ee6d9ad5e
1000035246,ABALORIO,0.43,866666200040,visible,TELA DIY,1,200040,https://img-eu-2.freex.es/img/071/1000035246/1024x1024/17eda6ea4ee66ae914a754a2c370b806
1000035247,CUENTAS MANUALIDADES,0.43,866666200041,visible,TELA DIY,1,200041,https://img-eu-2.freex.es/img/071/1000035247/1024x1024/6ea2da721fb1382fd28fc2d901362494
1000035248,ABALORIO,0.43,200042,visible,TELA DIY,1,200042,https://img-eu-2.freex.es/img/071/1000035248/1024x1024/62398c4d48215e27287b0bf40dae4381
1000035249,ABALORIO,0.43,200043,visible,TELA DIY,1,200043,https://img-eu-2.freex.es/img/071/1000035249/1024x1024/20c0814e21f82d94ff19f62120223050
1000035250,ABALORIO,0.43,866666200044,visible,TELA DIY,1,200044,https://img-eu-2.freex.es/img/071/1000035250/1024x1024/c2e5c6134e8b1a9b5a212a1d2adf9ea1
1000035251,ABALORIO,0.43,200045,visible,TELA DIY,1,200045,https://img-eu-2.freex.es/img/071/1000035251/1024x1024/8d25827fbfe4bbaa38527ea6efaaff93
1000035252,ABALORIO,0.43,200046,visible,TELA DIY,1,200046,https://img-eu-2.freex.es/img/071/1000035252/1024x1024/3f0603d11b9c0798fa05641258c93bf9
1000035253,ABALORIO,0.43,200047,visible,TELA DIY,1,200047,https://img-eu-2.freex.es/img/071/1000035253/1024x1024/0f303f5e5737f0f9ff8fef78c2824ee4
1000035254,ABALORIO,0.43,200048,visible,TELA DIY,1,200048,https://img-eu-2.freex.es/img/071/1000035254/1024x1024/e64c557e7fb2722182fd3df363ad8042
1000035255,ABALORIO,0.43,866666200049,visible,TELA DIY,1,200049,https://img-eu-2.freex.es/img/071/1000035255/1024x1024/c792d3569db1284e2c1a33090f08650d
1000035256,ABALORIO,0.43,200050,visible,TELA DIY,1,200050,https://img-eu-2.freex.es/img/071/1000035256/1024x1024/788dbfdf438a3b91ce819aef62d08cb7
1000035257,ABALORIO,0.43,200051,visible,TELA DIY,1,200051,https://img-eu-2.freex.es/img/071/1000035257/1024x1024/80affbb36b19616849c44339e0a6edcb
1000035258,ABALORIO,0.43,200052,visible,TELA DIY,1,200052,https://img-eu-2.freex.es/img/071/1000035258/1024x1024/b7caaa16c3f47491588a58ef00f70fe4
1000035259,ABALORIO,0.43,200053,visible,TELA DIY,1,200053,https://img-eu-2.freex.es/img/071/1000035259/1024x1024/ecee13c88122f3e671ee4116b234269c
1000035260,ABALORIO,0.43,200054,visible,TELA DIY,1,200054,https://img-eu-2.freex.es/img/071/1000035260/1024x1024/b53759f01127be5a04667ba7e19c4e94
1000035261,ABALORIO,0.43,200055,visible,TELA DIY,1,200055,https://img-eu-2.freex.es/img/071/1000035261/1024x1024/685f5832f83841d5cc79d40078ecba29
1000035262,ABALORIO,0.43,200056,visible,TELA DIY,1,200056,https://img-eu-2.freex.es/img/071/1000035262/1024x1024/f17ba61ef81c33673aaa3adeaae0f5ab
1000035263,ABALORIO,0.43,866666200057,visible,TELA DIY,1,200057,https://img-eu-2.freex.es/img/071/1000035263/1024x1024/7c7d023ca6db1975bc6753f3d09f16be
1000035264,ABALORIO,0.43,200058,visible,TELA DIY,1,200058,https://img-eu-2.freex.es/img/071/1000035264/1024x1024/48074d8a87a8171fe8c4a6c9de00f6c5
1000035265,ABALORIO,0.43,866666200059,visible,TELA DIY,1,200059,https://img-eu-2.freex.es/img/071/1000035265/1024x1024/bd6f62d3c2b8b93ae38277e369fb58b9
1000035266,ABALORIO,0.43,200060,visible,TELA DIY,1,200060,https://img-eu-2.freex.es/img/071/1000035266/1024x1024/918b3a335da134cca2cb3947f180b2b9
1000035267,ABALORIO,0.43,200061,visible,TELA DIY,1,200061,https://img-eu-2.freex.es/img/071/1000035267/1024x1024/819e43a7204db7d7848dd87f459ae1aa
1000035268,ABALORIO,0.43,200062,visible,TELA DIY,1,200062,https://img-eu-2.freex.es/img/071/1000035268/1024x1024/734a73cd03c9f614221d15f2fe448211
1000035269,ABALORIO,0.43,866666200063,visible,TELA DIY,1,200063,https://img-eu-2.freex.es/img/071/1000035269/1024x1024/2f94506c2df1fdce342c1830a9d4b3ce
1000035270,ABALORIO,0.43,200064,visible,TELA DIY,1,200064,https://img-eu-2.freex.es/img/071/1000035270/1024x1024/9908fb097a320bce55438a78c12eb40d
1000035271,ABALORIO,0.43,200065,visible,TELA DIY,1,200065,https://img-eu-2.freex.es/img/071/1000035271/1024x1024/9bd2eb10b6bfdd1b2b2b0f772fd393b5
1000035272,ABALORIO,0.43,200066,visible,TELA DIY,1,200066,https://img-eu-2.freex.es/img/071/1000035272/1024x1024/6a5a4aa54aa4e9e73606aeeb872449cd
1000035273,ABALORIO,0.43,200067,visible,TELA DIY,1,200067,https://img-eu-2.freex.es/img/071/1000035273/1024x1024/3c37ae6c962046e857a23363c3707ff4
1000035274,ABALORIO,0.43,200068,visible,TELA DIY,1,200068,https://img-eu-2.freex.es/img/071/1000035274/1024x1024/cf3d7ec484a60b179a980127731682c8
1000035275,ABALORIO,0.43,200069,visible,TELA DIY,1,200069,https://img-eu-2.freex.es/img/071/1000035275/1024x1024/d6cbd631b2fe46384f71cc6be1a552bf
1000035276,ABALORIO,0.43,200070,visible,TELA DIY,1,200070,https://img-eu-2.freex.es/img/071/1000035276/1024x1024/004c7f3830db9831042e405897947048
1000035277,ABALORIO,0.43,200071,visible,TELA DIY,1,200071,https://img-eu-2.freex.es/img/071/1000035277/1024x1024/349bb5d8533338f597a42cc81a214613
1000035278,ABALORIO,0.43,200072,visible,TELA DIY,1,200072,https://img-eu-2.freex.es/img/071/1000035278/1024x1024/73b5064d54935ec82ebdfa0b0ff738ae
1000035279,ABALORIO,0.43,200073,visible,TELA DIY,1,200073,https://img-eu-2.freex.es/img/071/1000035279/1024x1024/99da95ec302dc4d9b0b05c369fbbf558
1000035280,ABALORIO,0.43,200074,visible,TELA DIY,1,200074,https://img-eu-2.freex.es/img/071/1000035280/1024x1024/188f7705abe002c4ee48444cf1d6edef
1000035628,ABALORIOS,0.53,8666662030414,visible,TELA DIY,1,203041-3,https://img-eu-2.freex.es/img/071/1000035628/1024x1024/568c64ce0ecd3a0672ffcc33ac36f043
1000035629,ABALORIOS,0.53,8666662030414,visible,TELA DIY,1,203041-4,https://img-eu-2.freex.es/img/071/1000035629/1024x1024/9c9aba53556d5242327808c836bcccd0
1000035630,ABALORIOS,0.53,8666662030414,visible,TELA DIY,1,203041-5,https://img-eu-2.freex.es/img/071/1000035630/1024x1024/299f3a31645b73e3b3a35e274a853e8d
1000035631,ABALORIOS,0.53,8666662030414,visible,TELA DIY,1,203041-6,https://img-eu-2.freex.es/img/071/1000035631/1024x1024/a347e837c9f55be7f38ea88c069aa248
1000035632,ABALORIOS,0.53,8666662030421,visible,TELA DIY,1,203042-1,https://img-eu-2.freex.es/img/071/1000035632/1024x1024/e781c89085ae92c6c2a852c4bff7a210
1000035633,ABALORIOS,0.53,8666662030421,visible,TELA DIY,1,203042-2,https://img-eu-2.freex.es/img/071/1000035633/1024x1024/31cf13e15c2d5f53f82da53c3f62dd59
1000035634,ABALORIOS,0.53,8666662030421,visible,TELA DIY,1,203042-3,https://img-eu-2.freex.es/img/071/1000035634/1024x1024/ea2890225f109f500f647fdcaaf792e9
1000035635,ABALORIOS,0.53,8666662030421,visible,TELA DIY,1,203042-4,https://img-eu-2.freex.es/img/071/1000035635/1024x1024/aab4bda348196ef879478c79f05ba199
1000035636,ABALORIOS,0.53,8666662030421,visible,TELA DIY,1,203042-5,https://img-eu-2.freex.es/img/071/1000035636/1024x1024/ef732e74e89fbae3154e2143ed87d07f
1000037198,CRUZ DE CONCHA NACA,0.47,8666662003371,visible,TELA DIY,1,200337,https://img-eu-2.freex.es/img/071/1000037198/1024x1024/bb37ee867d4f4339d7e74fed1044484f
1000035637,ABALORIOS,0.53,8666662030421,visible,TELA DIY,1,203042-6,https://img-eu-2.freex.es/img/071/1000035637/1024x1024/fea5effff088dd699062e22223cde279
1000037199,CRUZ DE CONCHA NACA,0.47,8666662003388,visible,TELA DIY,1,200338,https://img-eu-2.freex.es/img/071/1000037199/1024x1024/923929521d33d92e4c48dc02feb5d716
1000035638,ABALORIOS,0.53,8666662030438,visible,TELA DIY,1,203043-1,https://img-eu-2.freex.es/img/071/1000035638/1024x1024/e6a41d95c39e66339ed0e09823bca617
1000037200,CRUZ DE CONCHA NACA,0.47,8666662003395,visible,TELA DIY,1,200339,https://img-eu-2.freex.es/img/071/1000037200/1024x1024/aea872443e26212dcd68c7f259c9c9a0
1000035640,ABALORIOS,0.53,8666662030438,visible,TELA DIY,1,203043-4,https://img-eu-2.freex.es/img/071/1000035640/1024x1024/60c5bdbbe639c607260a5ad0ba5dddf4
1000037201,CRUZ DE CONCHA NACA,0.47,8666662003401,visible,TELA DIY,1,200340,https://img-eu-2.freex.es/img/071/1000037201/1024x1024/d8b042d829a24a1cfe108256ef04c67c
1000035641,ABALORIOS,0.53,8666662030438,visible,TELA DIY,1,203043-5,https://img-eu-2.freex.es/img/071/1000035641/1024x1024/447cbb3e9b22de369fa7d7ae830aab15
1000037202,CRUZ DE CONCHA NACA,0.47,8666662003418,visible,TELA DIY,1,200341,https://img-eu-2.freex.es/img/071/1000037202/1024x1024/c13972aa3e8e1c9093bc557040fbebbb
1000035642,ABALORIOS,0.53,8666662030438,visible,TELA DIY,1,203043-6,https://img-eu-2.freex.es/img/071/1000035642/1024x1024/25d64961fdf8928f8f5a1c9253a6a404
1000037203,CUENTAS DIY DE CONCHA  ,0.47,8666662003425,visible,TELA DIY,1,200342,https://img-eu-2.freex.es/img/071/1000037203/1024x1024/f7bbac2624f4e649085b4d13a02f236c
1000035639,ABALORIOS,0.53,8666662030438,visible,TELA DIY,1,203043-2,https://img-eu-2.freex.es/img/071/1000035639/1024x1024/a31419cf7b3db0d27f5fd254400f2a82
1000037204,CUENTAS DIY DE CONCHA  ,0.47,8666662003432,visible,TELA DIY,1,200343,https://img-eu-2.freex.es/img/071/1000037204/1024x1024/f776bb7cfc18b6f3d1e682a87483ba9d
1000035643,ABALORIOS,0.53,8666662030445,visible,TELA DIY,1,203044-1,https://img-eu-2.freex.es/img/071/1000035643/1024x1024/ba8936082e76755861dff55be4e52519
1000037205,CUENTAS DIY DE CONCHA  ,0.47,8666662003449,visible,TELA DIY,1,200344,https://img-eu-2.freex.es/img/071/1000037205/1024x1024/f7c45e390e5e14f032a3437c02ff6280
1000035644,ABALORIOS,0.53,8666662030445,visible,TELA DIY,1,203044-2,https://img-eu-2.freex.es/img/071/1000035644/1024x1024/1c9d935d1ad92518b88b8b31b17cab98
1000037206,CUENTAS DIY DE CONCHA  ,0.47,8666662003456,visible,TELA DIY,1,200345,https://img-eu-2.freex.es/img/071/1000037206/1024x1024/53b89b6cfc166ac1d7d141c9320724c4
1000035645,ABALORIOS,0.53,8666662030445,visible,TELA DIY,1,203044-3,https://img-eu-2.freex.es/img/071/1000035645/1024x1024/12d7fb79957ff537b5f84b7dd7c61f29
1000037207,CUENTAS DIY DE CONCHA  ,0.51,8666662003463,visible,TELA DIY,1,200346,https://img-eu-2.freex.es/img/071/1000037207/1024x1024/287b9205eee285ebd056dd6255b766ec
1000035646,ABALORIOS,0.53,8666662030445,visible,TELA DIY,1,203044-4,https://img-eu-2.freex.es/img/071/1000035646/1024x1024/cab0019933a3b3c79cd9f627d3dd1abe
1000037208,CUENTAS DIY DE CONCHA  ,0.51,8666662003470,visible,TELA DIY,1,200347,https://img-eu-2.freex.es/img/071/1000037208/1024x1024/0839a82c262b768d343d1d578f8c2ac4
1000035647,ABALORIOS,0.53,8666662030445,visible,TELA DIY,1,203044-5,https://img-eu-2.freex.es/img/071/1000035647/1024x1024/4e62a368a7a150c8aac5913a9856c087
1000038242,CUENTAS DIY DE CONCHA,0.51,866666200348,visible,TELA DIY,1,200348-1,https://img-eu-2.freex.es/img/071/1000038242/1024x1024/c085ddac123f8210050affac36826d10
1000035648,ABALORIOS,0.53,8666662030445,visible,TELA DIY,1,203044-6,https://img-eu-2.freex.es/img/071/1000035648/1024x1024/d36b49f7d63373d9767305f22a96287f
1000037209,CUENTAS DIY DE CONCHA,0.51,8666662003487,visible,TELA DIY,1,200348,https://img-eu-2.freex.es/img/071/1000037209/1024x1024/95da65207735c9d53a8115cc16aa8184
1000034808,ABALORIOS,0.47,866666200278,visible,TELA DIY,1,200278,https://img-eu-2.freex.es/img/071/1000034808/1024x1024/17e7db808c8c354c996e02af75fd8f17
1000037210,CUENTAS DIY DE CONCHA  ,0.51,8666662003494,visible,TELA DIY,1,200349,https://img-eu-2.freex.es/img/071/1000037210/1024x1024/dbc7928a176f304a275cd77223534de6
1000034809,ABALORIOS,0.47,866666200279,visible,TELA DIY,1,200279,https://img-eu-2.freex.es/img/071/1000034809/1024x1024/78ebc9d2fbfa257b59afde1eb5694080
1000037211,CUENTAS DIY DE CONCHA  ,0.51,8666662003500,visible,TELA DIY,1,200350,https://img-eu-2.freex.es/img/071/1000037211/1024x1024/761771a29299801e3f820b336cd79a12
1000034810,ABALORIOS,0.47,866666200280,visible,TELA DIY,1,200280,https://img-eu-2.freex.es/img/071/1000034810/1024x1024/ad3a13cb6577ac2a2be42456ff5d39fe
1000037212,CUENTAS DIY DE CONCHA  ,0.51,8666662003517,visible,TELA DIY,1,200351,https://img-eu-2.freex.es/img/071/1000037212/1024x1024/2bd377d21af82328a7d128a96f85d463
1000034811,ABALORIOS,0.47,866666200281,visible,TELA DIY,1,200281,https://img-eu-2.freex.es/img/071/1000034811/1024x1024/301de72ded4ece5e5db9d2e546c97fdf
1000037213,CUENTAS DIY DE CONCHA  ,0.51,8666662003524,visible,TELA DIY,1,200352,https://img-eu-2.freex.es/img/071/1000037213/1024x1024/2636c7b4a3790203810d5d8b3ce0e020
1000034812,ABALORIOS,0.47,866666200282,visible,TELA DIY,1,200282,https://img-eu-2.freex.es/img/071/1000034812/1024x1024/3f586dc989e5764d4050aa7a21f1b720
1000037214,CUENTAS DIY DE CONCHA  ,0.51,8666662003531,visible,TELA DIY,1,200353,https://img-eu-2.freex.es/img/071/1000037214/1024x1024/b95a4d9bcba806244733aad61757abc0
1000034813,ABALORIOS,0.47,866666200283,visible,TELA DIY,1,200283,https://img-eu-2.freex.es/img/071/1000034813/1024x1024/8426cc012f3c302f117b457e0b5985b2
1000037215,CUENTAS DIY DE CONCHA  ,0.57,8666662003548,visible,TELA DIY,1,200354,https://img-eu-2.freex.es/img/071/1000037215/1024x1024/ab518749105d35263c2d1246dd818009
1000034814,ABALORIOS,0.47,866666200284,visible,TELA DIY,1,200284,https://img-eu-2.freex.es/img/071/1000034814/1024x1024/1bccea343a3d13efca69b6ecd64b200c
1000037216,CUENTAS DIY DE CONCHA  ,0.51,8666662003555,visible,TELA DIY,1,200355,https://img-eu-2.freex.es/img/071/1000037216/1024x1024/a2517b44b69d94473f818ece68b0953a
1000034815,ABALORIOS,0.47,866666200285,visible,TELA DIY,1,200285,https://img-eu-2.freex.es/img/071/1000034815/1024x1024/5eeeb8a1260b494df0e1e2964aaa1f90
1000037217,CUENTAS DIY DE CONCHA  ,0.51,8666662003562,visible,TELA DIY,1,200356,https://img-eu-2.freex.es/img/071/1000037217/1024x1024/843bf2938277dfb7c668f216ef7a7275
1000034816,ABALORIOS,0.47,866666200286,visible,TELA DIY,1,200286,https://img-eu-2.freex.es/img/071/1000034816/1024x1024/623e2c5712b78b73a14bdb37084c5a63
1000037218,CUENTAS DIY DE CONCHA  ,0.51,8666662003579,visible,TELA DIY,1,200357,https://img-eu-2.freex.es/img/071/1000037218/1024x1024/c7c8f39fb746df93263273ced404b834
1000034817,ABALORIOS,0.47,866666200287,visible,TELA DIY,1,200287,https://img-eu-2.freex.es/img/071/1000034817/1024x1024/f9481d54d74ccd391f431afefb8c659e
1000037219,CUENTAS DIY DE CONCHA  ,0.51,8666662003586,visible,TELA DIY,1,200358,https://img-eu-2.freex.es/img/071/1000037219/1024x1024/0cfae0feadf6d31aa621d111b6c741ee
1000034818,ABALORIOS,0.47,866666200288,visible,TELA DIY,1,200288,https://img-eu-2.freex.es/img/071/1000034818/1024x1024/32b1b02092f3e4bf76c751e191cd98b1
1000037220,CUENTAS DIY DE CONCHA  ,0.51,8666662003593,visible,TELA DIY,1,200359,https://img-eu-2.freex.es/img/071/1000037220/1024x1024/897687247a8e8da729644577900feba2
1000034819,ABALORIOS,0.47,866666200289,visible,TELA DIY,1,200289,https://img-eu-2.freex.es/img/071/1000034819/1024x1024/06baa7425feaee809a11e0fc2070c88b
1000037221,CUENTAS DIY DE CONCHA  ,0.51,8666662003609,visible,TELA DIY,1,200360,https://img-eu-2.freex.es/img/071/1000037221/1024x1024/a21a3c6864218997b44b5fc9f5f1919f
1000034820,ABALORIOS,0.47,866666200290,visible,TELA DIY,1,200290,https://img-eu-2.freex.es/img/071/1000034820/1024x1024/457623a65951d910795fe8f144599538
1000037222,CUENTAS DIY DE CONCHA  ,0.51,8666662003616,visible,TELA DIY,1,200361,https://img-eu-2.freex.es/img/071/1000037222/1024x1024/fa3066585287d0e31b738dc7e28cd7a9
1000034821,ABALORIOS,0.47,866666200291,visible,TELA DIY,1,200291,https://img-eu-2.freex.es/img/071/1000034821/1024x1024/b514315c2fe96adc4dc1ec1608777bc7
1000037223,CUENTAS DIY DE CONCHA  ,0.51,8666662003623,visible,TELA DIY,1,200362,https://img-eu-2.freex.es/img/071/1000037223/1024x1024/1856b7c4f0b9825e8e883dd865c733f7
1000034822,ABALORIOS,0.47,866666200292,visible,TELA DIY,1,200292,https://img-eu-2.freex.es/img/071/1000034822/1024x1024/cd11234e8759928357b8aac7bee54e32
1000037224,CUENTAS DIY DE CONCHA  ,0.51,8666662003630,visible,TELA DIY,1,200363,https://img-eu-2.freex.es/img/071/1000037224/1024x1024/008429264c9518c7508ead8bb06a6171
1000034823,ABALORIOS,0.47,866666200293,visible,TELA DIY,1,200293,https://img-eu-2.freex.es/img/071/1000034823/1024x1024/174bd892b275d95b6cab23d94c5c151b
1000037225,CUENTAS DIY DE CONCHA  ,0.51,8666662003647,visible,TELA DIY,1,200364,https://img-eu-2.freex.es/img/071/1000037225/1024x1024/3bd791f5f2c401104392999ec2b10c8a
1000034824,ABALORIOS,0.47,866666200294,visible,TELA DIY,1,200294,https://img-eu-2.freex.es/img/071/1000034824/1024x1024/0a336f61947ecdcc470d30840f3c1526
1000037226,CUENTAS DIY DE CONCHA  ,0.51,8666662003654,visible,TELA DIY,1,200365,https://img-eu-2.freex.es/img/071/1000037226/1024x1024/b28a87896a8bfe40beeb350aa8a3d932
1000034825,ABALORIOS,0.47,866666200295,visible,TELA DIY,1,200295,https://img-eu-2.freex.es/img/071/1000034825/1024x1024/99f8189a59226485d02456be507b6bdf
1000037227,CUENTAS DIY DE CONCHA  ,0.47,8666662003661,visible,TELA DIY,1,200366,https://img-eu-2.freex.es/img/071/1000037227/1024x1024/270cb053ff3fdbb74c64105eb9ecd153
1000034826,ABALORIOS,0.47,866666200296,visible,TELA DIY,1,200296,https://img-eu-2.freex.es/img/071/1000034826/1024x1024/9ecd6b41a2e565c66634962b833f0ea4
1000037228,CUENTAS DIY DE CONCHA  ,0.47,8666662003678,visible,TELA DIY,1,200367,https://img-eu-2.freex.es/img/071/1000037228/1024x1024/74d74b23824ce0001730ec856cd40597
1000034827,ABALORIOS,0.47,866666200297,visible,TELA DIY,1,200297,https://img-eu-2.freex.es/img/071/1000034827/1024x1024/aa345fe677d68ed0f3e42adbfc5bb05c
1000037229,CUENTAS DIY DE CONCHA  ,0.47,8666662003685,visible,TELA DIY,1,200368,https://img-eu-2.freex.es/img/071/1000037229/1024x1024/086bee3c8c413ccec01fd3632a5b2b14
1000034828,ABALORIOS,0.47,866666200298,visible,TELA DIY,1,200298,https://img-eu-2.freex.es/img/071/1000034828/1024x1024/b72754c4d9cca6936286f7d0d0331860
1000037230,CUENTAS DIY DE CONCHA  ,0.47,8666662003692,visible,TELA DIY,1,200369,https://img-eu-2.freex.es/img/071/1000037230/1024x1024/a5f118f92ce621f7ed8493b14538ef59
1000034829,ABALORIOS,0.47,866666200299,visible,TELA DIY,1,200299,https://img-eu-2.freex.es/img/071/1000034829/1024x1024/ffb969fcd1437df900b54748e0f4f647
1000037231,CUENTAS DIY DE CONCHA  ,0.47,8666662003708,visible,TELA DIY,1,200370,https://img-eu-2.freex.es/img/071/1000037231/1024x1024/2b7265758f77f4d0025ef85ce90e1b51
1000034830,ABALORIOS,0.47,866666200300,visible,TELA DIY,1,200300,https://img-eu-2.freex.es/img/071/1000034830/1024x1024/a944b9c71a3c758060626db3c3da4d94
1000034831,ABALORIOS,0.47,866666200301,visible,TELA DIY,1,200301,https://img-eu-2.freex.es/img/071/1000034831/1024x1024/01b115b0360ca64d670a4d9214ba08e2
1000037234,concha para Diy,0.47,8666662003739,visible,TELA DIY,1,200373,https://img-eu-2.freex.es/img/071/1000037234/1024x1024/02dd5e83a18bcbd358712720cbf92008
1000034832,ABALORIOS,0.47,866666200302,visible,TELA DIY,1,200302,https://img-eu-2.freex.es/img/071/1000034832/1024x1024/96701825b3daa67f2c2c8cbbafcc161d
1000037235,concha para Diy,0.47,8666662003746,visible,TELA DIY,1,200374,https://img-eu-2.freex.es/img/071/1000037235/1024x1024/1af58aa63e78d9205ed38c82de32c607
1000034833,ABALORIOS,0.47,866666200303,visible,TELA DIY,1,200303,https://img-eu-2.freex.es/img/071/1000034833/1024x1024/21506029852144e56cb6862bfc1437a3
1000037236,concha para Diy,0.47,8666662003753,visible,TELA DIY,1,200375,https://img-eu-2.freex.es/img/071/1000037236/1024x1024/a7cb002356a87c4a7d902fb72f1c082c
1000034834,ABALORIOS,0.47,866666200304,visible,TELA DIY,1,200304,https://img-eu-2.freex.es/img/071/1000034834/1024x1024/cc0640bd9f24842913a17ab216f50762
1000037237,CUENTAS DIY DE CONCHA,0.43,8666662003760,visible,TELA DIY,1,200376,https://img-eu-2.freex.es/img/071/1000037237/1024x1024/18895cd223a645b39f7200f70ce96028
1000034835,ABALORIOS,0.47,866666200305,visible,TELA DIY,1,200305,https://img-eu-2.freex.es/img/071/1000034835/1024x1024/894316a954fd5b24e13a2832e0064856
1000037238,CUENTAS DIY DE CONCHA,0.43,8666662003777,visible,TELA DIY,1,200377,https://img-eu-2.freex.es/img/071/1000037238/1024x1024/f2ecb067fd60e9be609a58e4d0052941
1000034836,ABALORIOS,0.47,866666200306,visible,TELA DIY,1,200306,https://img-eu-2.freex.es/img/071/1000034836/1024x1024/9250df8fd94fc0fffed1632f948f2606
1000037239,CUENTAS DIY DE CONCHA,0.43,8666662003784,visible,TELA DIY,1,200378,https://img-eu-2.freex.es/img/071/1000037239/1024x1024/e10440f94c2a7f41751e6cbcb78a709d
1000034837,ABALORIOS,0.47,866666200307,visible,TELA DIY,1,200307,https://img-eu-2.freex.es/img/071/1000034837/1024x1024/86f8b6753912b8333c81bc8e300d1584
1000037240,CUENTAS DIY DE CONCHA,0.43,8666662003791,visible,TELA DIY,1,200379,https://img-eu-2.freex.es/img/071/1000037240/1024x1024/49278c71bdc8d99192eec7ea6b1d38fb
1000034712,ABALORIOS DE MADERA,0.49,866666200075,visible,TELA DIY,1,200075,https://img-eu-2.freex.es/img/071/1000034712/1024x1024/0a71088b3ab4dacd685ecc8231ef2b3c
1000034713,ABALORIOS DE MADERA,0.49,866666200077,visible,TELA DIY,1,200077,https://img-eu-2.freex.es/img/071/1000034713/1024x1024/e5982272ede38f023c8abedead4936f2
1000034714,ABALORIOS DE MADERA,0.49,866666200079,visible,TELA DIY,1,200079,https://img-eu-2.freex.es/img/071/1000034714/1024x1024/b928f31ac5f06f2be047b6fdb6a261d0
1000037243, CUENTAS DIY DE CONCHA  ,0.43,8666662003821,visible,TELA DIY,1,200382,https://img-eu-2.freex.es/img/071/1000037243/1024x1024/c0e08ded7b11839761fe1b5c4311a1b4
1000035599,Perlas para manualidades,0.47,8666662012595,visible,TELA DIY,1,201259,https://img-eu-2.freex.es/img/071/1000035599/1024x1024/095f7ec0a1c53c39a4098102f8ff720c
1000035600,Perlas para manualidades,0.47,8666662012601,visible,TELA DIY,1,201260,https://img-eu-2.freex.es/img/071/1000035600/1024x1024/c67bfad5d63233437854fb372cdec350
1000037246,CUENTAS DIY DE CONCHA,0.43,8666662003852,visible,TELA DIY,1,200385,https://img-eu-2.freex.es/img/071/1000037246/1024x1024/38f0d004ce70b0cc10e01fbe290cc720
1000035601,Perlas para manualidades,0.47,8666662012618,visible,TELA DIY,1,201261,https://img-eu-2.freex.es/img/071/1000035601/1024x1024/92e5b96eb39a654a8a35fbbb4a05b6a1
1000037247,CUENTAS DIY DE CONCHA,0.43,8666662003869,visible,TELA DIY,1,200386,https://img-eu-2.freex.es/img/071/1000037247/1024x1024/ae53ab9dc09d4076d99246166f51c9e1
1000035602,Perlas para manualidades,0.47,8666662012625,visible,TELA DIY,1,201262,https://img-eu-2.freex.es/img/071/1000035602/1024x1024/a6c2f63078538d521cc870bfcc3152de
1000037248, CUENTAS DIY DE CONCHA  ,0.51,8666662003876,visible,TELA DIY,1,200387,https://img-eu-2.freex.es/img/071/1000037248/1024x1024/26083d8efaa998e6346378a297ef7931
1000015431,Perlas para manualidades,0.47,8666662012632,visible,TELA DIY,1,201263,https://img-eu-2.freex.es/img/071/1000015431/1024x1024/5c97b8a8a501cee7eb508fb74bbaae8b
1000037249,CUENTAS DIY DE CONCHA,0.51,8666662003883,visible,TELA DIY,1,200388,https://img-eu-2.freex.es/img/071/1000037249/1024x1024/6ebb7d28256fcabec439dabe983afbeb
1000035603,Perlas para manualidades,0.47,8666662012649,visible,TELA DIY,1,201264,https://img-eu-2.freex.es/img/071/1000035603/1024x1024/7869782d2d7305c7874c210bf0c5c8aa
1000037250, CUENTAS DIY DE CONCHA  ,0.51,8666662003890,visible,TELA DIY,1,200389,https://img-eu-2.freex.es/img/071/1000037250/1024x1024/bb17fd6a15d664772243363e85f687bf
1000035524,Perlas para manualidades,0.51,8666662002572,visible,TELA DIY,1,200257,https://img-eu-2.freex.es/img/071/1000035524/1024x1024/2810e2b4922ba787ab174329138bd914
1000037251, CUENTAS DIY DE CONCHA  ,0.51,8666662003906,visible,TELA DIY,1,200390,https://img-eu-2.freex.es/img/071/1000037251/1024x1024/182c825b68c92ce44af4126ad4e1f95b
1000035525,perlas para manualidades,0.51,8666662002589,visible,TELA DIY,1,200258,https://img-eu-2.freex.es/img/071/1000035525/1024x1024/c413e94dad2b4251a6640a43f0d0b697
1000037252,CUENTAS DIY DE CONCHA,0.51,8666662003913,visible,TELA DIY,1,200391,https://img-eu-2.freex.es/img/071/1000037252/1024x1024/7cea00b39f7025cadd8a13421df04068
1000035526,Perlas para manualidades,0.51,8666662002596,visible,TELA DIY,1,200259,https://img-eu-2.freex.es/img/071/1000035526/1024x1024/4950218a593404e6a7c15e7770c1d13f
1000037253, CUENTAS DIY DE CONCHA  ,0.51,8666662003920,visible,TELA DIY,1,200392,https://img-eu-2.freex.es/img/071/1000037253/1024x1024/e02f97d7db1f8f8c1a9da9e3fd3958b9
1000035527,Perlas para manualidades,0.47,8666662002602,visible,TELA DIY,1,200260,https://img-eu-2.freex.es/img/071/1000035527/1024x1024/d2af59790fd04c3de83adeca47f5379d
1000035528,Perlas para manualidades,0.47,8666662002619,visible,TELA DIY,1,200261,https://img-eu-2.freex.es/img/071/1000035528/1024x1024/c1de3bb392a72ee550213f819332c0c9
1000035529,Perlas para manualidades,0.47,8666662002626,visible,TELA DIY,1,200262,https://img-eu-2.freex.es/img/071/1000035529/1024x1024/12f000283549cce82b09129e2f75f1ce
1000035530,Perlas para manualidades,0.47,8666662002633,visible,TELA DIY,1,200263,https://img-eu-2.freex.es/img/071/1000035530/1024x1024/d6da2cee36b3b0d869d901d23af62c51
1000035531,Perlas para manualidades,0.47,8666662002640,visible,TELA DIY,1,200264,https://img-eu-2.freex.es/img/071/1000035531/1024x1024/1e8902a93dd6dcfe819bfc3cdcb00f23
1000035532,Perlas para manualidades,0.47,8666662002657,visible,TELA DIY,1,200265,https://img-eu-2.freex.es/img/071/1000035532/1024x1024/b1119b2433d3302b5c77a7b52e569a30
1000035533,Perlas para manualidades,0.47,8666662002664,visible,TELA DIY,1,200266,https://img-eu-2.freex.es/img/071/1000035533/1024x1024/1e2d9a3f2add4bfedcbbd76127dee264
1000035534,Perlas para manualidades,0.47,8666662002671,visible,TELA DIY,1,200267,https://img-eu-2.freex.es/img/071/1000035534/1024x1024/855f7d536bb1e50d4837651621397ab9
1000035535,Perlas para manualidades,0.47,8666662002688,visible,TELA DIY,1,200268,https://img-eu-2.freex.es/img/071/1000035535/1024x1024/6b350dffae2c43be76e8a244555deeba
1000035536,Perlas para manualidades,0.47,8666662002695,visible,TELA DIY,1,200269,https://img-eu-2.freex.es/img/071/1000035536/1024x1024/a2070051a51bd088991f56d71ce30162
1000035537,Perlas para manualidades,0.47,8666662002701,visible,TELA DIY,1,200270,https://img-eu-2.freex.es/img/071/1000035537/1024x1024/280aa1831bd88300acc4e1c691f2204c
1000035538,Perlas para manualidades,0.47,8666662002718,visible,TELA DIY,1,200271,https://img-eu-2.freex.es/img/071/1000035538/1024x1024/3b95416208a73512ec3ed363e6752699
1000035539,Perlas para manualidades,0.47,8666662002725,visible,TELA DIY,1,200272,https://img-eu-2.freex.es/img/071/1000035539/1024x1024/8043e368ce02a5dc92fd96c03d44ad09
1000035540,Perlas para manualidades,0.47,8666662002732,visible,TELA DIY,1,200273,https://img-eu-2.freex.es/img/071/1000035540/1024x1024/4d37d860eb7fab2e7b6cb915a2036a88
1000035541,Perlas para manualidades,0.47,8666662002749,visible,TELA DIY,1,200274,https://img-eu-2.freex.es/img/071/1000035541/1024x1024/9d5fe0c8451e6efe50d7f3f3a5a4b5bb
1000040111,ABALORIOS,0,,visible,ABALORIOS,1,??_20240418145432,https://img-eu-2.freex.es/img/071/1000040111/1024x1024/5bbd126c5e85194d04cad468a5b9fff7
1000031676,ABALORIO,0.53,866666191913,visible,ABALORIOS,1,91913-6,https://img-eu-2.freex.es/img/071/1000031676/1024x1024/e870d9394c8f27cf9754356ef35dbff7
1000031677,ABALORIO,0.53,866666191913,visible,ABALORIOS,1,91913-8,https://img-eu-2.freex.es/img/071/1000031677/1024x1024/447137e57b1ad62c77ba064e2f553a23
1000031672,ABALORIO,0.53,866666191913,visible,ABALORIOS,1,91913-10,https://img-eu-2.freex.es/img/071/1000031672/1024x1024/9fb968bb3cbfdbab2f0e24fa0fbb4133
1000031673,ABALORIO,0.53,866666191913,visible,ABALORIOS,1,91913-12,https://img-eu-2.freex.es/img/071/1000031673/1024x1024/e0451f3ddb52d6a10dce9281db152972
1000031674,ABALORIO,0.53,866666191913,visible,ABALORIOS,1,91913-14,https://img-eu-2.freex.es/img/071/1000031674/1024x1024/c1bc4cd16eb50537f3fb2a03cccb82a3
1000031675,ABALORIO,0.53,866666191913,visible,ABALORIOS,1,91913-16,https://img-eu-2.freex.es/img/071/1000031675/1024x1024/89c55bc7f89eaf4faa1712619476ec3e
1000031684,ABALORIO,0.53,866666191914,visible,ABALORIOS,1,91914-4,https://img-eu-2.freex.es/img/071/1000031684/1024x1024/f6eb014fc451a1576f7c3c70461f6f5a
1000031685,ABALORIO,0.53,866666191914,visible,ABALORIOS,1,91914-5,https://img-eu-2.freex.es/img/071/1000031685/1024x1024/0c65b124c913e50353aabbe8debfc348
1000031686,ABALORIO,0.53,866666191914,visible,ABALORIOS,1,91914-6,https://img-eu-2.freex.es/img/071/1000031686/1024x1024/33bdb61dbf0f40df53011e348b681689
1000031687,ABALORIO,0.53,866666191914,visible,ABALORIOS,1,91914-8,https://img-eu-2.freex.es/img/071/1000031687/1024x1024/9d3d9d46d8626c46b46185d6d25a8bae
1000031678,ABALORIO,0.53,866666191914,visible,ABALORIOS,1,91914-10,https://img-eu-2.freex.es/img/071/1000031678/1024x1024/f26b70ca5f82eb8bc3c12f3f61a1701b
1000031679,ABALORIO,0.53,866666191914,visible,ABALORIOS,1,91914-12,https://img-eu-2.freex.es/img/071/1000031679/1024x1024/6b4c9b09c309f61faf6de8a82816e57a
1000031680,ABALORIO,0.53,866666191914,visible,ABALORIOS,1,91914-14,https://img-eu-2.freex.es/img/071/1000031680/1024x1024/d3dc3c0b90d4c79d1a2587a98d54937b
1000031681,ABALORIO,0.53,866666191914,visible,ABALORIOS,1,91914-16,https://img-eu-2.freex.es/img/071/1000031681/1024x1024/65c033fc89f1e8d9a879d8f4f4207c73
1000031682,ABALORIO,0.53,866666191914,visible,ABALORIOS,1,91914-18,https://img-eu-2.freex.es/img/071/1000031682/1024x1024/723fa0087e52b42a6105e1455a458373
1000031683,ABALORIO,0.53,866666191914,visible,ABALORIOS,1,91914-20,https://img-eu-2.freex.es/img/071/1000031683/1024x1024/52b4fe92e31bcd487bd185405f52cad1
1000031695,ABALORIO,0.53,866666191915,visible,ABALORIOS,1,91915-6,https://img-eu-2.freex.es/img/071/1000031695/1024x1024/1a81fc0c33f4b5eb5e5a1bbbd8b54c9a
1000031696,ABALORIO,0.53,866666191915,visible,ABALORIOS,1,91915-8,https://img-eu-2.freex.es/img/071/1000031696/1024x1024/d65cca57bd4f7d8c2860a327560a3006
1000031688,ABALORIO,0.53,866666191915,visible,ABALORIOS,1,91915-10,https://img-eu-2.freex.es/img/071/1000031688/1024x1024/16ed1f22450c35c8a0184c92f35c4fe1
1000031689,ABALORIO,0.53,866666191915,visible,ABALORIOS,1,91915-12,https://img-eu-2.freex.es/img/071/1000031689/1024x1024/c0bc0091cc56ec8fa3d1aea1d849c282
1000031690,ABALORIO,0.53,866666191915,visible,ABALORIOS,1,91915-14,https://img-eu-2.freex.es/img/071/1000031690/1024x1024/d3b125fed3a6ca7fba074aa092e272e8
1000031691,ABALORIO,0.53,866666191915,visible,ABALORIOS,1,91915-16,https://img-eu-2.freex.es/img/071/1000031691/1024x1024/fa29abfc6f11e3e41471eb32202142bd
1000031692,ABALORIO,0.53,866666191915,visible,ABALORIOS,1,91915-18,https://img-eu-2.freex.es/img/071/1000031692/1024x1024/5197af8ec6161a57a0faaec72868c5a0
1000031693,ABALORIO,0.53,866666191915,visible,ABALORIOS,1,91915-20,https://img-eu-2.freex.es/img/071/1000031693/1024x1024/836ea16ddf0f49f6806845796e9526ae
1000031694,ABALORIO,0.53,866666191915,visible,ABALORIOS,1,91915-25,https://img-eu-2.freex.es/img/071/1000031694/1024x1024/9337a9e6967774f7917e69d959196d29
1000032369,ABALORIOS,0.51,866666192188,visible,ABALORIOS,1,92188-1,https://img-eu-2.freex.es/img/071/1000032369/1024x1024/1b47e786499449b3c64ee93a9cf75686
1000032370,ABALORIOS,0.51,866666192188,visible,ABALORIOS,1,92188-2,https://img-eu-2.freex.es/img/071/1000032370/1024x1024/6296672c9417c18e3132e5a76a837cd6
1000032367,ABALORIOS,0.51,866666192187,visible,ABALORIOS,1,92187-1,https://img-eu-2.freex.es/img/071/1000032367/1024x1024/d147a8a5ce09f69cb8bd5f3609dd0428
1000032368,ABALORIOS,0.51,866666192187,visible,ABALORIOS,1,92187-2,https://img-eu-2.freex.es/img/071/1000032368/1024x1024/062f6e3712be5943f7fcc3cf8a380c82
1000032365,ABALORIOS,0.51,866666192186,visible,ABALORIOS,1,92186-3,https://img-eu-2.freex.es/img/071/1000032365/1024x1024/f57e61964188eeacdfbeec29597efbef
1000032358,ABALORIOS,0.51,866666192185,visible,ABALORIOS,1,92185-1,https://img-eu-2.freex.es/img/071/1000032358/1024x1024/6c47ba662eea1aa227bf108d576c6930
1000032359,ABALORIOS,0.51,866666192185,visible,ABALORIOS,1,92185-2,https://img-eu-2.freex.es/img/071/1000032359/1024x1024/0ac8de595343f4ec12176f63eefe6f4b
1000032360,ABALORIOS,0.51,866666192185,visible,ABALORIOS,1,92185-3,https://img-eu-2.freex.es/img/071/1000032360/1024x1024/274012c620a3347974273067ba9e8a93
1000032361,ABALORIOS,0.51,866666192185,visible,ABALORIOS,1,92185-4,https://img-eu-2.freex.es/img/071/1000032361/1024x1024/7bf11bb58396e80857488d2d5b507010
1000029561,ABALORIO,0.53,8666661918676,visible,ABALORIOS,1,91867-1,https://img-eu-2.freex.es/img/071/1000029561/1024x1024/55d701c1fb6a6375761698cbbdd8befd
1000029562,ABALORIO,0.53,8666661918676,visible,ABALORIOS,1,91867-2,https://img-eu-2.freex.es/img/071/1000029562/1024x1024/53025158681fe362d0cd5fb8c126d50e
1000029563,ABALORIO,0.53,8666661918676,visible,ABALORIOS,1,91867-3,https://img-eu-2.freex.es/img/071/1000029563/1024x1024/174beae1f7e105617689539fded85878
1000029564,ABALORIO,0.53,8666661918676,visible,ABALORIOS,1,91867-4,https://img-eu-2.freex.es/img/071/1000029564/1024x1024/5a1cb6cfefdf7f3bce01ed3e56af9a61
1000029565,ABALORIO,0.53,8666661918676,visible,ABALORIOS,1,91867-5,https://img-eu-2.freex.es/img/071/1000029565/1024x1024/ef55ad7fac80b90e80421ed2b1b5d443
1000029566,ABALORIO,0.53,8666661918676,visible,ABALORIOS,1,91867-6,https://img-eu-2.freex.es/img/071/1000029566/1024x1024/54d657f63190311de068b5ac37c5705e
1000029567,ABALORIO,0.53,8666661918676,visible,ABALORIOS,1,91867-7,https://img-eu-2.freex.es/img/071/1000029567/1024x1024/a0207b3a3edc9a0ce53694eeea3025f7
1000029568,ABALORIO,0.53,8666661918676,visible,ABALORIOS,1,91867-8,https://img-eu-2.freex.es/img/071/1000029568/1024x1024/0c8ec45bc225924f8c5e295525f51ca5
1000029569,ABALORIO,0.53,8666661918683,visible,ABALORIOS,1,91868-1,https://img-eu-2.freex.es/img/071/1000029569/1024x1024/4d12c254ac0e0edecfe54a55ef6c0a28
1000029570,ABALORIO,0.53,8666661918683,visible,ABALORIOS,1,91868-2,https://img-eu-2.freex.es/img/071/1000029570/1024x1024/968ede7d1834aa3c75e1fb7d6d4b1c6b
1000029571,ABALORIO,0.53,8666661918683,visible,ABALORIOS,1,91868-3,https://img-eu-2.freex.es/img/071/1000029571/1024x1024/1a8a0b5305550eb580677b646469ad01
1000029572,ABALORIO,0.53,8666661918683,visible,ABALORIOS,1,91868-4,https://img-eu-2.freex.es/img/071/1000029572/1024x1024/8688a043432ecca4ff9165bde10829bc
1000029573,ABALORIO,0.53,8666661918683,visible,ABALORIOS,1,91868-5,https://img-eu-2.freex.es/img/071/1000029573/1024x1024/24c3700f033475fddfcb260afdb8a34e
1000029574,ABALORIO,0.53,8666661918683,visible,ABALORIOS,1,91868-6,https://img-eu-2.freex.es/img/071/1000029574/1024x1024/85f0b5bb714bfefbae7f7eb1a3c4e465
1000029575,ABALORIO,0.53,8666661918683,visible,ABALORIOS,1,91868-7,https://img-eu-2.freex.es/img/071/1000029575/1024x1024/526c37322964b8bf8cd4a85f8e49f0f0
1000029576,ABALORIO,0.53,8666661918683,visible,ABALORIOS,1,91868-8,https://img-eu-2.freex.es/img/071/1000029576/1024x1024/2b013627a4e29a96a9d5d152f80b041f
1000029577,ABALORIO,0.53,8666661918690,visible,ABALORIOS,1,91869-1,https://img-eu-2.freex.es/img/071/1000029577/1024x1024/db97ba7c5d71ae2bd21e1e7cfd4d1975
1000029578,ABALORIO,0.53,8666661918690,visible,ABALORIOS,1,91869-2,https://img-eu-2.freex.es/img/071/1000029578/1024x1024/8cf3f8ee0f4e044419fd3fb3858fe292
1000029579,ABALORIO,0.53,8666661918690,visible,ABALORIOS,1,91869-3,https://img-eu-2.freex.es/img/071/1000029579/1024x1024/c9506b9e277d124bf20b1872e4c7b097
1000029580,ABALORIO,0.53,8666661918690,visible,ABALORIOS,1,91869-4,https://img-eu-2.freex.es/img/071/1000029580/1024x1024/23b1641f6a541a7dfc31e372e1a66c0a
1000029581,ABALORIO,0.53,8666661918690,visible,ABALORIOS,1,91869-5,https://img-eu-2.freex.es/img/071/1000029581/1024x1024/9dee04cfe493a205e066e265f37f578c
1000029582,ABALORIO,0.53,8666661918690,visible,ABALORIOS,1,91869-6,https://img-eu-2.freex.es/img/071/1000029582/1024x1024/8376a374adeb49f3de9ba1159d424ecb
1000029583,ABALORIO,0.53,8666661918690,visible,ABALORIOS,1,91869-7,https://img-eu-2.freex.es/img/071/1000029583/1024x1024/7b541d810c6daf7422adc025f377cc8c
1000029584,ABALORIO,0.53,8666661918690,visible,ABALORIOS,1,91869-8,https://img-eu-2.freex.es/img/071/1000029584/1024x1024/6f61d45a373b03734a66785bf3aef378
1000031451,ABALORIO 8MM,0.49,8666661918867,visible,ABALORIOS,1,91886-1,https://img-eu-2.freex.es/img/071/1000031451/1024x1024/b1f21c1166bf1759599dff7ec564b989
1000031453,ABALORIO 8MM,0.49,8666661918867,visible,ABALORIOS,1,91886-2,https://img-eu-2.freex.es/img/071/1000031453/1024x1024/6bdf6c7c9d69ddd5826ef45b12a4bb6d
1000031454,ABALORIO 8MM,0.49,8666661918867,visible,ABALORIOS,1,91886-3,https://img-eu-2.freex.es/img/071/1000031454/1024x1024/4dbb56dade373eedfd5c45054835ec3f
1000031455,ABALORIO 8MM,0.49,8666661918867,visible,ABALORIOS,1,91886-4,https://img-eu-2.freex.es/img/071/1000031455/1024x1024/eb0f10eb0f7a3e59fb6b9fea71e5eff1
1000031456,ABALORIO 8MM,0.49,8666661918867,visible,ABALORIOS,1,91886-5,https://img-eu-2.freex.es/img/071/1000031456/1024x1024/18d3f893a841b38e01bbaa687f03f186
1000031457,ABALORIO 8MM,0.49,8666661918867,visible,ABALORIOS,1,91886-6,https://img-eu-2.freex.es/img/071/1000031457/1024x1024/9557e9912a8ca5099ae47936391d26b1
1000031458,ABALORIO 8MM,0.49,8666661918867,visible,ABALORIOS,1,91886-7,https://img-eu-2.freex.es/img/071/1000031458/1024x1024/74e3ed92df9b0dee8321d99bd74925a8
1000031459,ABALORIO 8MM,0.49,8666661918867,visible,ABALORIOS,1,91886-8,https://img-eu-2.freex.es/img/071/1000031459/1024x1024/adfccd9a623bd34aaee74c153c5488db
1000031460,ABALORIO 8MM,0.49,8666661918867,visible,ABALORIOS,1,91886-9,https://img-eu-2.freex.es/img/071/1000031460/1024x1024/db15c32fe017c98faab4d7d3b1c195b1
1000031463,ABALORIO 10MM,0.49,8666661918874,visible,ABALORIOS,1,91887-2,https://img-eu-2.freex.es/img/071/1000031463/1024x1024/3dd45d0fd8f04304ab9c4d3c017b4b52
1000031464,ABALORIO 10MM,0.49,8666661918874,visible,ABALORIOS,1,91887-3,https://img-eu-2.freex.es/img/071/1000031464/1024x1024/2a6553599541b4e10bc019a795bfaa34
1000031465,ABALORIO 10MM,0.49,8666661918874,visible,ABALORIOS,1,91887-4,https://img-eu-2.freex.es/img/071/1000031465/1024x1024/97d0844fb396a2b21da48569e0d28386
1000031468,ABALORIO 10MM,0.49,8666661918874,visible,ABALORIOS,1,91887-7,https://img-eu-2.freex.es/img/071/1000031468/1024x1024/9d3a1e0a45cc813e3539bcb0128aa2ab
1000031469,ABALORIO 10MM,0.49,8666661918874,visible,ABALORIOS,1,91887-8,https://img-eu-2.freex.es/img/071/1000031469/1024x1024/daad2e66bc4cc9bc938cc4a5eed939f7
1000031470,ABALORIO 10MM,0.49,8666661918874,visible,ABALORIOS,1,91887-9,https://img-eu-2.freex.es/img/071/1000031470/1024x1024/8d0ccb8d6714b586524b6f66c8f67a2d
1000031462,ABALORIO 10MM,0.49,8666661918874,visible,ABALORIOS,1,91887-10,https://img-eu-2.freex.es/img/071/1000031462/1024x1024/b36c572cc527cfa8e6be92b118723d5d
1000031476,ABALORIO 8MM,0.49,8666661918881,visible,ABALORIOS,1,91888-2,https://img-eu-2.freex.es/img/071/1000031476/1024x1024/597e2b9fb89646659d7dfc71610c698c
1000031477,ABALORIO 8MM,0.49,8666661918881,visible,ABALORIOS,1,91888-3,https://img-eu-2.freex.es/img/071/1000031477/1024x1024/b3990a9e839ea2fac33b675b72fca37c
1000031479,ABALORIO 8MM,0.49,8666661918881,visible,ABALORIOS,1,91888-5,https://img-eu-2.freex.es/img/071/1000031479/1024x1024/c594c8838ffa479cdf82c90da14eeabc
1000031481,ABALORIO 8MM,0.49,8666661918881,visible,ABALORIOS,1,91888-7,https://img-eu-2.freex.es/img/071/1000031481/1024x1024/2b0263e344e8c2b65b1c0cc93de87b26
1000031482,ABALORIO 8MM,0.49,8666661918881,visible,ABALORIOS,1,91888-8,https://img-eu-2.freex.es/img/071/1000031482/1024x1024/c38c6ee0b645738023b84e999be36e66
1000031483,ABALORIO 8MM,0.49,8666661918881,visible,ABALORIOS,1,91888-9,https://img-eu-2.freex.es/img/071/1000031483/1024x1024/ef2b7d633b4472e780da8d6bbd7c96e8
1000031489,ABALORIO 10MM,0.49,8666661918898,visible,ABALORIOS,1,91889-2,https://img-eu-2.freex.es/img/071/1000031489/1024x1024/ceb19f4d1b720eb1886b6ef6487054ef
1000031490,ABALORIO 10MM,0.49,8666661918898,visible,ABALORIOS,1,91889-3,https://img-eu-2.freex.es/img/071/1000031490/1024x1024/7c9c2b5e9e87ab00cc8e1e0f62917a87
1000031491,ABALORIO 10MM,0.49,8666661918898,visible,ABALORIOS,1,91889-4,https://img-eu-2.freex.es/img/071/1000031491/1024x1024/581c6b550adfef7a48e9ed6500bea002
1000031492,ABALORIO 10MM,0.49,8666661918898,visible,ABALORIOS,1,91889-5,https://img-eu-2.freex.es/img/071/1000031492/1024x1024/35cec18488729ffc6698d858b8965889
1000031493,ABALORIO 10MM,0.49,8666661918898,visible,ABALORIOS,1,91889-6,https://img-eu-2.freex.es/img/071/1000031493/1024x1024/57eacbe544fd593182e378ea4a8543bb
1000031494,ABALORIO 10MM,0.49,8666661918898,visible,ABALORIOS,1,91889-7,https://img-eu-2.freex.es/img/071/1000031494/1024x1024/5f7acd93ff81636a480d8360206c63fe
1000031495,ABALORIO 10MM,0.49,8666661918898,visible,ABALORIOS,1,91889-8,https://img-eu-2.freex.es/img/071/1000031495/1024x1024/47a14dee09d9116bfc03b018b1bb6af0
1000031496,ABALORIO 10MM,0.49,8666661918898,visible,ABALORIOS,1,91889-9,https://img-eu-2.freex.es/img/071/1000031496/1024x1024/f0830512a2186d0a3b6821d268caca0d
1000031487,ABALORIO 10MM,0.49,8666661918898,visible,ABALORIOS,1,91889-12,https://img-eu-2.freex.es/img/071/1000031487/1024x1024/a2b8e4c61ba1b29d2a19e053c355a26e
1000031488,ABALORIO 10MM,0.49,8666661918898,visible,ABALORIOS,1,91889-13,https://img-eu-2.freex.es/img/071/1000031488/1024x1024/c64cc2efd0e17463e816572eed4fb7fe
1000020818,ABALORIO,0.53,8666661203031,visible,ABALORIOS,1,20303-1,https://img-eu-2.freex.es/img/071/1000020818/1024x1024/24816f5cbe60b08a994e45ad1f88721e
1000020820,ABALORIO,0.53,8666661203048,visible,ABALORIOS,1,20304-1,https://img-eu-2.freex.es/img/071/1000020820/1024x1024/2747b3d4cafee1c8411b0cc67b4d6719
1000020821,ABALORIO,0.53,8666661203048,visible,ABALORIOS,1,20304-2,https://img-eu-2.freex.es/img/071/1000020821/1024x1024/467e2ceb1ceb50174cc921f0d18dbf49
1000020822,ABALORIO,0.53,8666661203055,visible,ABALORIOS,1,20305-1,https://img-eu-2.freex.es/img/071/1000020822/1024x1024/773bf3471d6d7bffd8a3774cfc6b7057
1000020823,ABALORIO,0.53,8666661203055,visible,ABALORIOS,1,20305-2,https://img-eu-2.freex.es/img/071/1000020823/1024x1024/8964b1b63b5c528b03c4fe7197f9cd85
1000020824,ABALORIO,0.53,8666661203062,visible,ABALORIOS,1,20306-1,https://img-eu-2.freex.es/img/071/1000020824/1024x1024/272a771f87b9b4d821fcb29b4b2cfee3
1000020825,ABALORIO,0.53,8666661203062,visible,ABALORIOS,1,20306-2,https://img-eu-2.freex.es/img/071/1000020825/1024x1024/a71a16545b84376338575d87eed8ce3c
1000023013,ABALORIO,0.53,8666661902590,visible,ABALORIOS,1,90259-1,https://img-eu-2.freex.es/img/071/1000023013/1024x1024/f3a3ca988f19c794c2d2887f0e27871d
1000023014,ABALORIO,0.53,8666661902590,visible,ABALORIOS,1,90259-2,https://img-eu-2.freex.es/img/071/1000023014/1024x1024/fe67c920f3b6a4da8e7e2c81f305ab34
1000023015,ABALORIO,0.53,8666661902606,visible,ABALORIOS,1,90260-1,https://img-eu-2.freex.es/img/071/1000023015/1024x1024/3fef5e98ada22fab822a1a0552024540
1000023016,ABALORIO,0.53,8666661902606,visible,ABALORIOS,1,90260-2,https://img-eu-2.freex.es/img/071/1000023016/1024x1024/19a578c2ead46af84550c9f70a72babc
1000023017,ABALORIO,0.53,8666661902613,visible,ABALORIOS,1,90261-1,https://img-eu-2.freex.es/img/071/1000023017/1024x1024/d4aef6dce3ee5824537673641b32d004
1000023018,ABALORIO,0.53,8666661902613,visible,ABALORIOS,1,90261-2,https://img-eu-2.freex.es/img/071/1000023018/1024x1024/f0023a96b3f0eff9efbdbae4b89a1402
1000023019,ABALORIO,0.53,8666661902620,visible,ABALORIOS,1,90262-1,https://img-eu-2.freex.es/img/071/1000023019/1024x1024/523622d6bdf4d3fc22412a2c742c10b6
1000021535,ABALORIO,0.53,8666661203277,visible,ABALORIOS,1,20327-1,https://img-eu-2.freex.es/img/071/1000021535/1024x1024/d705fb2d5b2b5acb2a4556f269a4488e
1000021539,ABALORIO,0.53,8666661203277,visible,ABALORIOS,1,20327-3,https://img-eu-2.freex.es/img/071/1000021539/1024x1024/dade7073d47997c44008a9fce29d43c4
1000021540,ABALORIO,0.53,8666661203277,visible,ABALORIOS,1,20327-4,https://img-eu-2.freex.es/img/071/1000021540/1024x1024/76657629c83e52e5d0ea7053d9411787
1000021541,ABALORIO,0.53,8666661203277,visible,ABALORIOS,1,20327-5,https://img-eu-2.freex.es/img/071/1000021541/1024x1024/5f520e5710023295bbb9d8fe8875117f
1000021542,ABALORIO,0.53,8666661203277,visible,ABALORIOS,1,20327-6,https://img-eu-2.freex.es/img/071/1000021542/1024x1024/5a89ab26369559655dbd4614b41aa826
1000021544,ABALORIO,0.53,8666661203277,visible,ABALORIOS,1,20327-8,https://img-eu-2.freex.es/img/071/1000021544/1024x1024/c4d019d9f0a3b6cf078e11ea0d765e6a
1000021545,ABALORIO,0.53,8666661203277,visible,ABALORIOS,1,20327-9,https://img-eu-2.freex.es/img/071/1000021545/1024x1024/c9d4127f63f0774d6a40cdd41adb2efc
1000021536,ABALORIO,0.53,8666661203277,visible,ABALORIOS,1,20327-10,https://img-eu-2.freex.es/img/071/1000021536/1024x1024/74824ee85bb608de449fa5639907f5a1
1000021537,ABALORIO,0.53,8666661203277,visible,ABALORIOS,1,20327-11,https://img-eu-2.freex.es/img/071/1000021537/1024x1024/e28219a7f9a887bd8cb4c93f74860e65
1000020826,ABALORIO,0.53,8666661203079,visible,ABALORIOS,1,20307-1,https://img-eu-2.freex.es/img/071/1000020826/1024x1024/9d9c233b41485cbd4fbd5bf00d0c042b
1000020834,ABALORIO,0.53,8666661203079,visible,ABALORIOS,1,20307-2,https://img-eu-2.freex.es/img/071/1000020834/1024x1024/97a9d739ba4c9acfff47233326cb90cb
1000020836,ABALORIO,0.53,8666661203079,visible,ABALORIOS,1,20307-4,https://img-eu-2.freex.es/img/071/1000020836/1024x1024/2dc8a7da249f12f165654a29e4825b7c
1000020837,ABALORIO,0.53,8666661203079,visible,ABALORIOS,1,20307-5,https://img-eu-2.freex.es/img/071/1000020837/1024x1024/c0d0dd4dccdcbd44ecd1fa65aa06d55d
1000020841,ABALORIO,0.53,8666661203079,visible,ABALORIOS,1,20307-9,https://img-eu-2.freex.es/img/071/1000020841/1024x1024/e26c552b3fcb482aaa5f6fafd9c42dc5
1000020829,ABALORIO,0.53,8666661203079,visible,ABALORIOS,1,20307-12,https://img-eu-2.freex.es/img/071/1000020829/1024x1024/073ad5884ea18197dfd328a5d5ac53d9
1000020831,ABALORIO,0.53,8666661203079,visible,ABALORIOS,1,20307-14,https://img-eu-2.freex.es/img/071/1000020831/1024x1024/d86eff2e3d2ec0eeefc1a014e83b1a71
1000020832,ABALORIO,0.53,8666661203079,visible,ABALORIOS,1,20307-15,https://img-eu-2.freex.es/img/071/1000020832/1024x1024/741a42cb10b404d4c7528e9f26906fcf
1000020833,ABALORIO,0.53,8666661203079,visible,ABALORIOS,1,20307-16,https://img-eu-2.freex.es/img/071/1000020833/1024x1024/f4951e7a5256faa627981dcf0d862afd
1000020842,ABALORIO,0.53,8666661203086,visible,ABALORIOS,1,20308-1,https://img-eu-2.freex.es/img/071/1000020842/1024x1024/074cb23d67fa71798b46d460f856bc67
1000020850,ABALORIO,0.53,8666661203086,visible,ABALORIOS,1,20308-2,https://img-eu-2.freex.es/img/071/1000020850/1024x1024/65875dd2c303d49cdcd4d5319ac732c1
1000020853,ABALORIO,0.53,8666661203086,visible,ABALORIOS,1,20308-5,https://img-eu-2.freex.es/img/071/1000020853/1024x1024/389a7122c158900dbe08b39de0854690
1000020847,ABALORIO,0.53,8666661203086,visible,ABALORIOS,1,20308-14,https://img-eu-2.freex.es/img/071/1000020847/1024x1024/be184692a3fd7f43b67c1b5e70bffc8b
1000020858,ABALORIO,0.53,8666661203093,visible,ABALORIOS,1,20309-1,https://img-eu-2.freex.es/img/071/1000020858/1024x1024/3c656a6c98ebd5c0c57f20f96bae0f6f
1000020859,ABALORIO,0.53,8666661203093,visible,ABALORIOS,1,20309-2,https://img-eu-2.freex.es/img/071/1000020859/1024x1024/a693164cbf1e659fdd67c317521bc44c
1000020860,ABALORIO,0.53,8666661203093,visible,ABALORIOS,1,20309-3,https://img-eu-2.freex.es/img/071/1000020860/1024x1024/53461b248bf9e5da13f449e2d7d0ed57
1000020861,ABALORIO,0.53,8666661203093,visible,ABALORIOS,1,20309-4,https://img-eu-2.freex.es/img/071/1000020861/1024x1024/2e7e532c5ce38cb992fcd97bc726dfd7
1000020862,ABALORIO,0.53,8666661203093,visible,ABALORIOS,1,20309-5,https://img-eu-2.freex.es/img/071/1000020862/1024x1024/a8ceef4c6ba2d9e634bdd02ed1e9e6b4
1000020863,ABALORIO,0.53,8666661203093,visible,ABALORIOS,1,20309-6,https://img-eu-2.freex.es/img/071/1000020863/1024x1024/c0371c1aebb34033eb53afb98cbe2d9f
1000020864,ABALORIO,0.53,8666661203093,visible,ABALORIOS,1,20309-7,https://img-eu-2.freex.es/img/071/1000020864/1024x1024/afcc2d394c95eb168a81b3273c855803
1000020874,ABALORIO,0.53,8666661203116,visible,ABALORIOS,1,20311-3,https://img-eu-2.freex.es/img/071/1000020874/1024x1024/6d5304f7df6aa4e5afff5a4e4692ff0a
1000020875,ABALORIO,0.53,8666661203116,visible,ABALORIOS,1,20311-4,https://img-eu-2.freex.es/img/071/1000020875/1024x1024/6fb0cf312db17dff488c4c16dea4d288
1000020876,ABALORIO,0.53,8666661203116,visible,ABALORIOS,1,20311-5,https://img-eu-2.freex.es/img/071/1000020876/1024x1024/ca6f920ddb22819649a0abc45b969819
1000020877,ABALORIO,0.53,8666661203116,visible,ABALORIOS,1,20311-6,https://img-eu-2.freex.es/img/071/1000020877/1024x1024/c9f74c1db1cbd0a183b07842251a04e0
1000020878,ABALORIO,0.53,8666661203116,visible,ABALORIOS,1,20311-7,https://img-eu-2.freex.es/img/071/1000020878/1024x1024/1c264984f1a85310651ac9ef12ea26f6
1000020880,ABALORIO,0.53,8666661203123,visible,ABALORIOS,1,20312-1,https://img-eu-2.freex.es/img/071/1000020880/1024x1024/1beb57528e0a70a449149edf0dfdc499
1000020883,ABALORIO,0.53,8666661203123,visible,ABALORIOS,1,20312-4,https://img-eu-2.freex.es/img/071/1000020883/1024x1024/cbc0b7f26a7c782e6607daa5e2c398b4
1000020885,ABALORIO,0.53,8666661203123,visible,ABALORIOS,1,20312-6,https://img-eu-2.freex.es/img/071/1000020885/1024x1024/a81af7a138837301589ce76a11b1fe76
1000020887,ABALORIO,0.53,8666661203123,visible,ABALORIOS,1,20312-8,https://img-eu-2.freex.es/img/071/1000020887/1024x1024/a584bd5e287d33749775bc02ad606d0b
1000020888,ABALORIO,0.53,8666661203130,visible,ABALORIOS,1,20313-1,https://img-eu-2.freex.es/img/071/1000020888/1024x1024/ca68c4563074d1e5c0c62fe2b23e6173
1000020889,ABALORIO,0.53,8666661203130,visible,ABALORIOS,1,20313-2,https://img-eu-2.freex.es/img/071/1000020889/1024x1024/50c03d56582152cc301ea0a6dcd38c80
1000020890,ABALORIO,0.53,8666661203130,visible,ABALORIOS,1,20313-3,https://img-eu-2.freex.es/img/071/1000020890/1024x1024/1c4b08dc5740691b244173e31e9d378a
1000020891,ABALORIO,0.53,8666661203130,visible,ABALORIOS,1,20313-4,https://img-eu-2.freex.es/img/071/1000020891/1024x1024/7324454ced6c4ab774f5c77377e69ed6
1000020892,ABALORIO,0.53,8666661203130,visible,ABALORIOS,1,20313-5,https://img-eu-2.freex.es/img/071/1000020892/1024x1024/0028a7c525677919ac05fba4601fb0b3
1000020893,ABALORIO,0.53,8666661203130,visible,ABALORIOS,1,20313-6,https://img-eu-2.freex.es/img/071/1000020893/1024x1024/937073fbf86b151efbfd6c81ad011cbc
1000020894,ABALORIO,0.53,8666661203130,visible,ABALORIOS,1,20313-7,https://img-eu-2.freex.es/img/071/1000020894/1024x1024/61189db542e35e8c4112151ecae493b4
1000020895,ABALORIO,0.53,8666661203130,visible,ABALORIOS,1,20313-8,https://img-eu-2.freex.es/img/071/1000020895/1024x1024/7431a738ea56d0f9d9b728c6f0e7847e
1000020898,ABALORIO,0.53,8666661203147,visible,ABALORIOS,1,20314-2,https://img-eu-2.freex.es/img/071/1000020898/1024x1024/4b4a251800ac2e9cc175fe52332521f5
1000020899,ABALORIO,0.53,8666661203147,visible,ABALORIOS,1,20314-3,https://img-eu-2.freex.es/img/071/1000020899/1024x1024/368275ddbfa948576dd73ad1178ca80d
1000020900,ABALORIO,0.53,8666661203147,visible,ABALORIOS,1,20314-4,https://img-eu-2.freex.es/img/071/1000020900/1024x1024/46d149c201d72a77dfd42990b5b8aedd
1000020901,ABALORIO,0.53,8666661203147,visible,ABALORIOS,1,20314-5,https://img-eu-2.freex.es/img/071/1000020901/1024x1024/7cd548f01c644afd623e610744e47621
1000020902,ABALORIO,0.53,8666661203147,visible,ABALORIOS,1,20314-6,https://img-eu-2.freex.es/img/071/1000020902/1024x1024/ca0f9c2ae205d651c5bb74505e3d774f
1000020903,ABALORIO,0.53,8666661203147,visible,ABALORIOS,1,20314-7,https://img-eu-2.freex.es/img/071/1000020903/1024x1024/95b23058421ca9850470aaa1d29064dc
1000020904,ABALORIO,0.53,8666661203147,visible,ABALORIOS,1,20314-8,https://img-eu-2.freex.es/img/071/1000020904/1024x1024/edaf758573f743ea8fe34d9f41ce2291
1000020905,ABALORIO,0.53,8666661203147,visible,ABALORIOS,1,20314-9,https://img-eu-2.freex.es/img/071/1000020905/1024x1024/674a825d63ca1bf0f9b77cfe5c7fc6ca
1000020906,ABALORIO,0.53,8666661203154,visible,ABALORIOS,1,20315-1,https://img-eu-2.freex.es/img/071/1000020906/1024x1024/ef1439b43171309245d5cf73911f81e8
1000020907,ABALORIO,0.53,8666661203154,visible,ABALORIOS,1,20315-2,https://img-eu-2.freex.es/img/071/1000020907/1024x1024/10d0f4ae9dfa107ffc00dbc25a55e3f6
1000020908,ABALORIO,0.53,8666661203154,visible,ABALORIOS,1,20315-3,https://img-eu-2.freex.es/img/071/1000020908/1024x1024/9a16e67fb21f8c211abba38e6bb46ad2
1000020911,ABALORIO,0.53,8666661203154,visible,ABALORIOS,1,20315-6,https://img-eu-2.freex.es/img/071/1000020911/1024x1024/aec1a8d1b334ce69392029319ce2d003
1000020912,ABALORIO,0.53,8666661203154,visible,ABALORIOS,1,20315-7,https://img-eu-2.freex.es/img/071/1000020912/1024x1024/17ce66af7d85ca7b399cf549a58c073e
1000020916,ABALORIO,0.53,8666661203161,visible,ABALORIOS,1,20316-2,https://img-eu-2.freex.es/img/071/1000020916/1024x1024/9925b7fef93e2c7e8bfafb9200ef4ffb
1000020917,ABALORIO,0.53,8666661203161,visible,ABALORIOS,1,20316-3,https://img-eu-2.freex.es/img/071/1000020917/1024x1024/e6fcf350fab300a3bb817af0635632d5
1000020918,ABALORIO,0.53,8666661203161,visible,ABALORIOS,1,20316-4,https://img-eu-2.freex.es/img/071/1000020918/1024x1024/fa589fd9a018bf472fa0074c0fe9b3b1
1000020920,ABALORIO,0.53,8666661203161,visible,ABALORIOS,1,20316-6,https://img-eu-2.freex.es/img/071/1000020920/1024x1024/eba66065409b6ddda153c42cb7651296
1000020921,ABALORIO,0.53,8666661203161,visible,ABALORIOS,1,20316-7,https://img-eu-2.freex.es/img/071/1000020921/1024x1024/e9b7c103516eaac85a1928a8333c20e3
1000020922,ABALORIO,0.53,8666661203161,visible,ABALORIOS,1,20316-8,https://img-eu-2.freex.es/img/071/1000020922/1024x1024/a62e75b67dad2a36780ee9b48b3d8b3a
1000020923,ABALORIO,0.53,8666661203161,visible,ABALORIOS,1,20316-9,https://img-eu-2.freex.es/img/071/1000020923/1024x1024/95975ff6f76ef02435087b616919c803
1000020924,ABALORIO,0.53,8666661203178,visible,ABALORIOS,1,20317-1,https://img-eu-2.freex.es/img/071/1000020924/1024x1024/e5694316dc72435f3c9f1aa9d9ef4720
1000020927,ABALORIO,0.53,8666661203178,visible,ABALORIOS,1,20317-2,https://img-eu-2.freex.es/img/071/1000020927/1024x1024/a3f25ebc9908a65bba3046b41071d194
1000020928,ABALORIO,0.53,8666661203178,visible,ABALORIOS,1,20317-3,https://img-eu-2.freex.es/img/071/1000020928/1024x1024/ad506c2f2267a84b6f8916b8e2cc6778
1000020929,ABALORIO,0.53,8666661203178,visible,ABALORIOS,1,20317-4,https://img-eu-2.freex.es/img/071/1000020929/1024x1024/16472e971bc45fd26b8f6792ac241ddf
1000020930,ABALORIO,0.53,8666661203178,visible,ABALORIOS,1,20317-5,https://img-eu-2.freex.es/img/071/1000020930/1024x1024/7a685f1eeac900a7eea8055b2e705961
1000020931,ABALORIO,0.53,8666661203178,visible,ABALORIOS,1,20317-6,https://img-eu-2.freex.es/img/071/1000020931/1024x1024/4df110199cea85c0fcee6c39ba6d1137
1000020932,ABALORIO,0.53,8666661203178,visible,ABALORIOS,1,20317-7,https://img-eu-2.freex.es/img/071/1000020932/1024x1024/ea64b5f9187f7326ccaaaa4bea4aa1bb
1000020933,ABALORIO,0.53,8666661203178,visible,ABALORIOS,1,20317-8,https://img-eu-2.freex.es/img/071/1000020933/1024x1024/c0bab7bc0f56e161a98023c135b4746f
1000020934,ABALORIO,0.53,8666661203178,visible,ABALORIOS,1,20317-9,https://img-eu-2.freex.es/img/071/1000020934/1024x1024/555a458af38b9133ba558f312f68d5fc
1000020925,ABALORIO,0.53,8666661203178,visible,ABALORIOS,1,20317-10,https://img-eu-2.freex.es/img/071/1000020925/1024x1024/421875113123e63ee4f286dc01d0ad46
1000020935,ABALORIO,0.53,8666661203185,visible,ABALORIOS,1,20318-1,https://img-eu-2.freex.es/img/071/1000020935/1024x1024/04ed81e45e7bcdac31f5fd783adc27c7
1000020938,ABALORIO,0.53,8666661203185,visible,ABALORIOS,1,20318-2,https://img-eu-2.freex.es/img/071/1000020938/1024x1024/a48f584c0f4fcecbfc44a7869b7329d7
1000020939,ABALORIO,0.53,8666661203185,visible,ABALORIOS,1,20318-3,https://img-eu-2.freex.es/img/071/1000020939/1024x1024/64cb7d06d8c28ef66dc8ab173bb0298f
1000020940,ABALORIO,0.53,8666661203185,visible,ABALORIOS,1,20318-4,https://img-eu-2.freex.es/img/071/1000020940/1024x1024/8fa5bcd5ccbdc26aa5b4c33eea0200b8
1000020941,ABALORIO,0.53,8666661203185,visible,ABALORIOS,1,20318-5,https://img-eu-2.freex.es/img/071/1000020941/1024x1024/5e912da6a251c0a9a56f89c3befa75f5
1000020942,ABALORIO,0.53,8666661203185,visible,ABALORIOS,1,20318-6,https://img-eu-2.freex.es/img/071/1000020942/1024x1024/e55a47cfb283b35c5dbc3effb6020ac9
1000020943,ABALORIO,0.53,8666661203185,visible,ABALORIOS,1,20318-7,https://img-eu-2.freex.es/img/071/1000020943/1024x1024/fe244ba563a47409ef11149f13359734
1000020944,ABALORIO,0.53,8666661203185,visible,ABALORIOS,1,20318-8,https://img-eu-2.freex.es/img/071/1000020944/1024x1024/2cae8d2351d94bf6e1423f908f327ffa
1000020945,ABALORIO,0.53,8666661203185,visible,ABALORIOS,1,20318-9,https://img-eu-2.freex.es/img/071/1000020945/1024x1024/6061b93195327395f56e59414fb7b6e1
1000020936,ABALORIO,0.53,8666661203185,visible,ABALORIOS,1,20318-10,https://img-eu-2.freex.es/img/071/1000020936/1024x1024/a68dca9f96760146163c1b098ba7649b
1000020946,ABALORIO,0.53,8666661203192,visible,ABALORIOS,1,20319-1,https://img-eu-2.freex.es/img/071/1000020946/1024x1024/c9144eb6db127e4b2f771750fba4713f
1000020949,ABALORIO,0.53,8666661203192,visible,ABALORIOS,1,20319-2,https://img-eu-2.freex.es/img/071/1000020949/1024x1024/f927174b99eab5d52b7a618565285c4c
1000020950,ABALORIO,0.53,8666661203192,visible,ABALORIOS,1,20319-3,https://img-eu-2.freex.es/img/071/1000020950/1024x1024/6048fe9edb22e7cd72b0e0ca4a08aa5e
1000020952,ABALORIO,0.53,8666661203192,visible,ABALORIOS,1,20319-5,https://img-eu-2.freex.es/img/071/1000020952/1024x1024/602110b7601fbf154ebc61f4ba30c1ad
1000020953,ABALORIO,0.53,8666661203192,visible,ABALORIOS,1,20319-6,https://img-eu-2.freex.es/img/071/1000020953/1024x1024/c4494e6bf1e4d3940ae119bc175aba36
1000020954,ABALORIO,0.53,8666661203192,visible,ABALORIOS,1,20319-7,https://img-eu-2.freex.es/img/071/1000020954/1024x1024/79881d7c0e432861ff77df23a2981ac0
1000020955,ABALORIO,0.53,8666661203192,visible,ABALORIOS,1,20319-8,https://img-eu-2.freex.es/img/071/1000020955/1024x1024/a7973f50a1880aaaca074330c9e22abb
1000020956,ABALORIO,0.53,8666661203192,visible,ABALORIOS,1,20319-9,https://img-eu-2.freex.es/img/071/1000020956/1024x1024/da0dd7d614fd78e2f49421f2ede45477
1000020947,ABALORIO,0.53,8666661203192,visible,ABALORIOS,1,20319-10,https://img-eu-2.freex.es/img/071/1000020947/1024x1024/caefd1abb8227c2700d809544b348d11
1000031963,,0,,visible,ABALORIOS,1,20220615110510,https://img-eu-2.freex.es/img/071/1000031963/1024x1024/52423bb16af66ee161ab0ef7f30a7170
1000007385,MEDIA PERLA,0.51,8666661082100,visible,ABALORIOS,1,08210-31,https://img-eu-2.freex.es/img/071/1000007385/1024x1024/cc4e561f70a2ddaf6bd64e99ecb62bdd
1000006892,MEDIA PERLA,0.51,8666661082100,visible,ABALORIOS,1,08210-10,https://img-eu-2.freex.es/img/071/1000006892/1024x1024/4ea2cc00e0594ad8c575713c7e12a16a
1000007369,MEDIA PERLA,0.51,8666661082100,visible,ABALORIOS,1,08210-15,https://img-eu-2.freex.es/img/071/1000007369/1024x1024/3ecbe6805c626b8bef056aff1bb5bacc
1000007372,MEDIA PERLA,0.51,8666661082100,visible,ABALORIOS,1,08210-18,https://img-eu-2.freex.es/img/071/1000007372/1024x1024/93409f57d5ee6fba2ace3e6ab79235be
1000007374,MEDIA PERLA,0.51,8666661082100,visible,ABALORIOS,1,08210-20,https://img-eu-2.freex.es/img/071/1000007374/1024x1024/b69655310e1e78a597bfcb44b366a24d
1000007375,MEDIA PERLA,0.51,8666661082100,visible,ABALORIOS,1,08210-21,https://img-eu-2.freex.es/img/071/1000007375/1024x1024/9a90799030f142d5472a026efbe65613
1000006896,MEDIA PERLA,0.51,8666661082100,visible,ABALORIOS,1,08210-7,https://img-eu-2.freex.es/img/071/1000006896/1024x1024/5e67bf27ed5903295000db465fbbd5a7
1000007386,MEDIA PERLA,0.51,8666661082100,visible,ABALORIOS,1,08210-32,https://img-eu-2.freex.es/img/071/1000007386/1024x1024/e6c5b01cea1c45607f2b6ec0e9883fb3
1000006893,MEDIA PERLA,0.51,8666661082100,visible,ABALORIOS,1,08210-11,https://img-eu-2.freex.es/img/071/1000006893/1024x1024/4f34069a8d2149c80b018adf05ab66df
1000000211,PERLA ARTIFICIAL,0.51,8666661009206,visible,ABALORIOS,1,00920,https://img-eu-2.freex.es/img/071/1000000211/1024x1024/811c06e21e494f48cf49ddb93e9fab1d
1000045893,PEGATINA AZULEJOS,2.61,8666662102814,visible,ABALORIOS,1,210281,https://img-eu-2.freex.es/img/071/1000045893/1024x1024/7476c56712f41b64ebc169700f55f0ca
1000045894,PEGATINA AZULEJOS,2.61,8666662102821,visible,ABALORIOS,1,210282,https://img-eu-2.freex.es/img/071/1000045894/1024x1024/fae52eab4070b9391f25b98a45d1e6a3
1000045895,PEGATINA AZULEJOS,2.61,8666662102838,visible,ABALORIOS,1,210283,https://img-eu-2.freex.es/img/071/1000045895/1024x1024/d8ad9ff5e37c4d77de814d753a4ba245
1000045896,PEGATINA AZULEJOS,2.61,8666662102845,visible,ABALORIOS,1,210284,https://img-eu-2.freex.es/img/071/1000045896/1024x1024/fb55ca6b5c37daa7b6499847815e2dea
1000045897,PEGATINA AZULEJOS,2.61,8666662102852,visible,ABALORIOS,1,210285,https://img-eu-2.freex.es/img/071/1000045897/1024x1024/2fb59f11ee14f6e930dc0fe76429fe3f
1000045898,PEGATINA AZULEJOS,2.61,8666662102869,visible,ABALORIOS,1,210286,https://img-eu-2.freex.es/img/071/1000045898/1024x1024/b92d00985790a669974cf3c0c142d258
1000045899,PEGATINA AZULEJOS,2.61,8666662102876,visible,ABALORIOS,1,210287,https://img-eu-2.freex.es/img/071/1000045899/1024x1024/27dd57cedfd78b1ff677c62c0b88dc2d
1000045900,PEGATINA AZULEJOS,2.61,8666662102883,visible,ABALORIOS,1,210288,https://img-eu-2.freex.es/img/071/1000045900/1024x1024/a8c351c1e3b88d4a94d22ffa8899d716
1000045901,PEGATINA AZULEJOS,2.61,8666662102890,visible,ABALORIOS,1,210289,https://img-eu-2.freex.es/img/071/1000045901/1024x1024/b2b33eb5f37e9fdab9b1df5a9d90b1f9
1000045902,PEGATINA AZULEJOS,2.61,8666662102906,visible,ABALORIOS,1,210290,https://img-eu-2.freex.es/img/071/1000045902/1024x1024/ac6f757f703537b9ac754f02dd411eec
1000045903,PEGATINA AZULEJOS,2.61,8666662102913,visible,ABALORIOS,1,210291,https://img-eu-2.freex.es/img/071/1000045903/1024x1024/70f1ae50b635f313a0edf046ff03694c
1000045904,PEGATINA AZULEJOS,2.61,8666662102920,visible,ABALORIOS,1,210292,https://img-eu-2.freex.es/img/071/1000045904/1024x1024/be205694384567d9b45e0404a3a86058
1000045905,PEGATINA AZULEJOS,2.61,8666662102937,visible,ABALORIOS,1,210293,https://img-eu-2.freex.es/img/071/1000045905/1024x1024/8b794f0a636ba0b89fc5a0bd2212b85c
1000045906,PEGATINA AZULEJOS,2.61,8666662102944,visible,ABALORIOS,1,210294,https://img-eu-2.freex.es/img/071/1000045906/1024x1024/dab1d91a2e84de2d2a448ccfeba1496f
1000045907,PEGATINA AZULEJOS,1.56,8666662102951,visible,ABALORIOS,1,210295,https://img-eu-2.freex.es/img/071/1000045907/1024x1024/2fe80f7a1aa8db4ef47f32951b532262
1000045908,PEGATINA AZULEJOS,1.56,8666662102968,visible,ABALORIOS,1,210296,https://img-eu-2.freex.es/img/071/1000045908/1024x1024/48fec5a73e86acdae39335329d443a5c
1000045909,PEGATINA AZULEJOS,1.56,8666662102975,visible,ABALORIOS,1,210297,https://img-eu-2.freex.es/img/071/1000045909/1024x1024/c992c610735d2fbb8dcca39c33700840
1000045910,PEGATINA AZULEJOS,1.56,8666662102982,visible,ABALORIOS,1,210298,https://img-eu-2.freex.es/img/071/1000045910/1024x1024/d70bcb9884889a59f2f31131e66a5489
1000040086,iman,0,,visible,iman,1,??_20240418145241,https://img-eu-2.freex.es/img/071/1000040086/1024x1024/37f493b27d4aa8b4549dd9a88b8adc49
1000004140,IMAN,0.53,8666661060733,visible,iman,1,06073,https://img-eu-2.freex.es/img/071/1000004140/1024x1024/a35c7cb07724723daad5eff3a037a241
1000033084,iman,0.51,8666661926305,visible,iman,1,92630,https://img-eu-2.freex.es/img/071/1000033084/1024x1024/17df1d62d15cb6acb8ceb89610adcc8e
1000033085,IMAN,0.51,8666661926312,visible,iman,1,92631,https://img-eu-2.freex.es/img/071/1000033085/1024x1024/d255b09768d40603ffdfd34f3d17145d
1000004138,IMAN,0.51,8666661060719,visible,iman,1,06071,https://img-eu-2.freex.es/img/071/1000004138/1024x1024/eacb58aed03467ec67b503f04d1d0c54
1000004141,IMAN,0.53,8666661060726,visible,iman,1,06072,https://img-eu-2.freex.es/img/071/1000004141/1024x1024/88f65020504fde95fd680b561f4d9ace
1000004139,IMAN,0.57,8666661060740,visible,iman,1,06074,https://img-eu-2.freex.es/img/071/1000004139/1024x1024/6caf1dc6a825f08340a125e7255f895d
1000022291,IMAN SUPER FUERTE,0.68,8666661203666,visible,iman,1,20366,https://img-eu-2.freex.es/img/071/1000022291/1024x1024/b9e08f8c7eb941d84bfc40518a9809d2
1000022293,IMAN SUPER FUERTE,0.6,8666661203680,visible,iman,1,20368,https://img-eu-2.freex.es/img/071/1000022293/1024x1024/fc5f9d8f87708db1e1eba5c45c9dbd42
1000035294,IMAN SUPER FUERTE,0.6,866666202071,visible,iman,1,202071,https://img-eu-2.freex.es/img/071/1000035294/1024x1024/15a51dd479427e4e051b49f36cd50fe2
1000035295,IMAN SUPER FUERTE,0.89,866666202072,visible,iman,1,202072,https://img-eu-2.freex.es/img/071/1000035295/1024x1024/860eca2d9e4db7cd050829bda54b352e
1000035604,IM? ADHESIVA,0.8,8666662020736,visible,iman,1,202073,https://img-eu-2.freex.es/img/071/1000035604/1024x1024/7aa121b84ae292907f998b74801f9adf
1000025244,IMAN DE MARIPOSA PARA NEVERA,0.32,8666661911288,visible,iman,1,91128-1,https://img-eu-2.freex.es/img/071/1000025244/1024x1024/68944e24e96a041f9937f68565df9775
1000025249,IMAN DE MARIPOSA PARA NEVERA,0.32,8666661911288,visible,iman,1,91128-2,https://img-eu-2.freex.es/img/071/1000025249/1024x1024/6aca1c71f1d7e59169f94e6e833abb08
1000025250,IMAN DE MARIPOSA PARA NEVERA,0.32,8666661911288,visible,iman,1,91128-3,https://img-eu-2.freex.es/img/071/1000025250/1024x1024/9d8e27d4aab01a67c16fc9957e4f184c
1000025251,IMAN DE MARIPOSA PARA NEVERA,0.32,8666661911288,visible,iman,1,91128-4,https://img-eu-2.freex.es/img/071/1000025251/1024x1024/bbc865f40ba1091cd0874c7ba0b07f4b
1000025245,IMAN DE MARIPOSA PARA NEVERA,0.32,8666661911288,visible,iman,1,91128-5,https://img-eu-2.freex.es/img/071/1000025245/1024x1024/8d2d84dfe2c8b8a07c4876b1facbcac4
1000025252,IMAN DE MARIPOSA PARA NEVERA,0.32,8666661911288,visible,iman,1,91128-6,https://img-eu-2.freex.es/img/071/1000025252/1024x1024/32fffe541e693353cf50de5aee47ab50
1000025246,IMAN DE MARIPOSA PARA NEVERA,0.32,8666661911288,visible,iman,1,91128-7,https://img-eu-2.freex.es/img/071/1000025246/1024x1024/53868b1d7f8d4623f1c5d2795afe84c9
1000025247,IMAN DE MARIPOSA PARA NEVERA,0.32,8666661911288,visible,iman,1,91128-8,https://img-eu-2.freex.es/img/071/1000025247/1024x1024/2ae5eab03a91ee318858b5763f307a4b
1000025253,IMAN DE MARIPOSA PARA NEVERA,0.32,8666661911288,visible,iman,1,91128-9,https://img-eu-2.freex.es/img/071/1000025253/1024x1024/ba7df6f16dfb5b63ef35ba8308848b10
1000045911,FLORES ARTIFICIALES,0.43,8666662103019,visible,iman,1,210301,https://img-eu-2.freex.es/img/071/1000045911/1024x1024/f2a5c645543448fe61ec8001a2bdbc0b
1000045912,FLORES ARTIFICIALES,0.43,8666662103026,visible,iman,1,210302,https://img-eu-2.freex.es/img/071/1000045912/1024x1024/6c57e55ed9cd551a6e87460c55904d92
1000045913,FLORES ARTIFICIALES,0.43,8666662103033,visible,iman,1,210303,https://img-eu-2.freex.es/img/071/1000045913/1024x1024/9f75838978d0a16595a1eff3d387350e
1000045914,FLORES ARTIFICIALES,0.43,8666662103040,visible,iman,1,210304,https://img-eu-2.freex.es/img/071/1000045914/1024x1024/22e86a6030aa5c9b388b4a63dfcaad42
1000045915,FLORES ARTIFICIALES,0.43,8666662103057,visible,iman,1,210305,https://img-eu-2.freex.es/img/071/1000045915/1024x1024/e7ffcd0523724087ad3f47022c509853
1000045917,FLORES ARTIFICIALES,0.43,8666662103071,visible,iman,1,210307,https://img-eu-2.freex.es/img/071/1000045917/1024x1024/1651262d509d8e7bbc34a720ada05776
1000045918,FLORES ARTIFICIALES,0.43,8666662103088,visible,iman,1,210308,https://img-eu-2.freex.es/img/071/1000045918/1024x1024/4ba64ce1a9c3c59a78560cd7057e7766
1000045919,FLORES ARTIFICIALES,0.43,8666662103095,visible,iman,1,210309,https://img-eu-2.freex.es/img/071/1000045919/1024x1024/e770b6b650121c93c05d5e8e2a791438
1000045920,FLORES ARTIFICIALES,0.43,8666662103101,visible,iman,1,210310,https://img-eu-2.freex.es/img/071/1000045920/1024x1024/587b3e12c2309f0afa8e536d1b5d8cc3
1000045921,FLORES ARTIFICIALES,0.43,8666662103118,visible,iman,1,210311,https://img-eu-2.freex.es/img/071/1000045921/1024x1024/08d503b3cb0a766e708939488d14cfec
1000040106,ACCESORIOS DE MADERA,0,,visible,ACCESORIOS DE MADERA,1,??_20240418145410,https://img-eu-2.freex.es/img/071/1000040106/1024x1024/c20f3c582237f1ec216d57f6010b60d4
1000046555,PIZARRA DE MADERA 7*12CM,0.55,8666662042929,visible,ACCESORIOS DE MADERA,1,204292,https://img-eu-2.freex.es/img/071/1000046555/1024x1024/a8f7ed6da54217a7222b8c690bbccd5d
1000046556,PIZARRA DE MADERA 7*12CM,0.55,8666662042936,visible,ACCESORIOS DE MADERA,1,204293,https://img-eu-2.freex.es/img/071/1000046556/1024x1024/ddb252a647f52b61a3bc0a730ae2f5a5
1000046557,PIZARRA DE MADERA 7*12CM,0.55,8666662042943,visible,ACCESORIOS DE MADERA,1,204294,https://img-eu-2.freex.es/img/071/1000046557/1024x1024/f4c6fa998ce8d61c53ef2dc6a782da94
1000046262,MATRILLO DE MADERA 14*2CM 2PC,0.52,8666662042646,visible,ACCESORIOS DE MADERA,1,204264,https://img-eu-2.freex.es/img/071/1000046262/1024x1024/a6b8be506d713ece2078495002acf4bb
1000046263,MATRILLO DE MADERA 14*2CM 2PC,0.52,8666662042653,visible,ACCESORIOS DE MADERA,1,204265,https://img-eu-2.freex.es/img/071/1000046263/1024x1024/cabe18f091d563ba0dd37181fd10cd14
1000046264,MATRILLO DE MADERA 14*2CM 2PC,0.61,8666662042660,visible,ACCESORIOS DE MADERA,1,204266,https://img-eu-2.freex.es/img/071/1000046264/1024x1024/9469c0d44713e079b5e23daea51b2994
1000046265,ROLLO DE MADERA 14CM*2 2PC,0.93,8666662042677,visible,ACCESORIOS DE MADERA,1,204267,https://img-eu-2.freex.es/img/071/1000046265/1024x1024/5317b13c9035711c607329f6f8cbb5e9
1000046266,"ROLLO DE MADERA 19,5CM*2,5 1PC",0.83,8666662042684,visible,ACCESORIOS DE MADERA,1,204268,https://img-eu-2.freex.es/img/071/1000046266/1024x1024/77ab2aac3d6cdb36a3484ff328ff6e05
1000044363,CADENA DE MADERA,2.57,8666662018610,visible,ACCESORIOS DE MADERA,1,201861,https://img-eu-2.freex.es/img/071/1000044363/1024x1024/ccbfc1a9b39a406adab35fa64c676f4b
1000044364,CADENA DE MADERA,2.78,8666662018627,visible,ACCESORIOS DE MADERA,1,201862,https://img-eu-2.freex.es/img/071/1000044364/1024x1024/8dd72738428d26bf213469c217a9951c
1000044365,CADENA DE MADERA,2.99,8666662018634,visible,ACCESORIOS DE MADERA,1,201863,https://img-eu-2.freex.es/img/071/1000044365/1024x1024/7505e99d627056fb03946f77cbd87104
1000046550,"ETIQUETA DE MADERA 8*6*0,25",0.51,8666662042592,visible,ACCESORIOS DE MADERA,1,204259,https://img-eu-2.freex.es/img/071/1000046550/1024x1024/fecdc304447162531b0491e2549d2aec
1000046551,"ETIQUETA DE MADERA 8*8*0,25",0.51,8666662042608,visible,ACCESORIOS DE MADERA,1,204260,https://img-eu-2.freex.es/img/071/1000046551/1024x1024/7a89bcc67577e21c0720fff7cfd9884d
1000046552,"ETIQUETA DE MADERA 8*8*0,25",0.51,8666662042615,visible,ACCESORIOS DE MADERA,1,204261,https://img-eu-2.freex.es/img/071/1000046552/1024x1024/687363d7255b547213b71caa434e1c53
1000046553,"ETIQUETA DE MADERA 8*6*0,25",0.51,8666662042622,visible,ACCESORIOS DE MADERA,1,204262,https://img-eu-2.freex.es/img/071/1000046553/1024x1024/7d1c159dd8b5de95ce41027d87fb19fc
1000046554,"ETIQUETA DE MADERA 8*6*0,25",0.51,8666662042639,visible,ACCESORIOS DE MADERA,1,204263,https://img-eu-2.freex.es/img/071/1000046554/1024x1024/44bb82d53e8d28fae9500017b779d0ff
1000043296,ETIQUETAS DE MADERA,0.93,8666662057305,visible,ACCESORIOS DE MADERA,1,205730,https://img-eu-2.freex.es/img/071/1000043296/1024x1024/bdd230cd8f7ef84a70b9d8f38945e1ca
1000043297,ETIQUETAS DE MADERA,0.93,8666662057312,visible,ACCESORIOS DE MADERA,1,205731,https://img-eu-2.freex.es/img/071/1000043297/1024x1024/af686314f6061fa90cadac9915dcc3d1
1000043298,ETIQUETAS DE MADERA,0.93,8666662057329,visible,ACCESORIOS DE MADERA,1,205732,https://img-eu-2.freex.es/img/071/1000043298/1024x1024/633c167098ecf93d8de53df2b06e9180
1000043299,ETIQUETAS DE MADERA,0.93,8666662057336,visible,ACCESORIOS DE MADERA,1,205733,https://img-eu-2.freex.es/img/071/1000043299/1024x1024/ebf5760c6f661c6481328328ed7b533b
1000043300,ETIQUETAS DE MADERA,0.93,8666662057343,visible,ACCESORIOS DE MADERA,1,205734,https://img-eu-2.freex.es/img/071/1000043300/1024x1024/85d64043d91caa5496d29e6c1652677f
1000043301,ETIQUETAS DE MADERA,0.93,8666662057350,visible,ACCESORIOS DE MADERA,1,205735,https://img-eu-2.freex.es/img/071/1000043301/1024x1024/e7e23927366c7a3d1cebc716466e1b45
1000043302,ETIQUETAS DE MADERA,0.93,8666662057367,visible,ACCESORIOS DE MADERA,1,205736,https://img-eu-2.freex.es/img/071/1000043302/1024x1024/f38f968f7bdb668184efec9b3e07fd20
1000043303,ETIQUETAS DE MADERA,0.93,8666662057374,visible,ACCESORIOS DE MADERA,1,205737,https://img-eu-2.freex.es/img/071/1000043303/1024x1024/f75a8634538e846a156a99074e69e116
1000043304,ETIQUETAS DE MADERA,0.93,8666662057381,visible,ACCESORIOS DE MADERA,1,205738,https://img-eu-2.freex.es/img/071/1000043304/1024x1024/67d67213887cd1297edd656cf2bee945
1000043305,ATRAPASUE?OS DE MADERA,0.76,8666662057398,visible,ACCESORIOS DE MADERA,1,205739,https://img-eu-2.freex.es/img/071/1000043305/1024x1024/4ef20f90cf7236f845bec30131f69837
1000043306,ATRAPASUE?OS DE MADERA,0.76,8666662057404,visible,ACCESORIOS DE MADERA,1,205740,https://img-eu-2.freex.es/img/071/1000043306/1024x1024/41b0b474dff9f335aa0371381ee69146
1000043307,ATRAPASUE?OS DE MADERA,0.76,8666662057411,visible,ACCESORIOS DE MADERA,1,205741,https://img-eu-2.freex.es/img/071/1000043307/1024x1024/28a9c8de867966aa68514304d29488a0
1000043308,ATRAPASUE?OS DE MADERA,0.76,8666662057428,visible,ACCESORIOS DE MADERA,1,205742,https://img-eu-2.freex.es/img/071/1000043308/1024x1024/ab0d0d04ebc942cf4b3773b7237a9a79
1000043309,ATRAPASUE?OS DE MADERA,0.76,8666662057435,visible,ACCESORIOS DE MADERA,1,205743,https://img-eu-2.freex.es/img/071/1000043309/1024x1024/3261b57309b155f377ad5113ba5a7496
1000043310,ATRAPASUE?OS DE MADERA,0.76,8666662057442,visible,ACCESORIOS DE MADERA,1,205744,https://img-eu-2.freex.es/img/071/1000043310/1024x1024/fc3748db209658dbcc7e06d79c2618d5
1000043311,MINI PALETS,1.1,8666662057459,visible,ACCESORIOS DE MADERA,1,205745,https://img-eu-2.freex.es/img/071/1000043311/1024x1024/811c447a51166118f971e8a9344d1430
1000043312,MINI PALETS,1.41,8666662057466,visible,ACCESORIOS DE MADERA,1,205746,https://img-eu-2.freex.es/img/071/1000043312/1024x1024/79df8bf784c6a46c7e3a08175ccd5fab
1000043313,MINI PALETS,1.83,8666662057473,visible,ACCESORIOS DE MADERA,1,205747,https://img-eu-2.freex.es/img/071/1000043313/1024x1024/a97591ab74d491d4b3687294195904d5
1000043314,MINI PALETS,2.57,8666662057480,visible,ACCESORIOS DE MADERA,1,205748,https://img-eu-2.freex.es/img/071/1000043314/1024x1024/1de72ab6c7ba5511db5da17a57d5e247
1000042242,FORMA FLOR DE MADERA,0.47,8666662040970,visible,ACCESORIOS DE MADERA,1,204097,https://img-eu-2.freex.es/img/071/1000042242/1024x1024/43e04756a4caa395bf6d820dd53d2d2a
1000042244,FORMA CORONA DE MADERA,0.47,8666662040994,visible,ACCESORIOS DE MADERA,1,204099,https://img-eu-2.freex.es/img/071/1000042244/1024x1024/a861cc46d26f588d09e577787d6d981d
1000042245,FORMA CORONA DE MADERA  ,0.47,8666662041007,visible,ACCESORIOS DE MADERA,1,204100,https://img-eu-2.freex.es/img/071/1000042245/1024x1024/37d92b8b60ef60c0d49480a1accb4a21
1000042246,FORMA MARIPOSA DE MADERA,0.47,8666662041014,visible,ACCESORIOS DE MADERA,1,204101,https://img-eu-2.freex.es/img/071/1000042246/1024x1024/a62651a9c0f3e90309a7b61360abb53b
1000042247,FORMA MARIPOSA DE MADERA,0.47,8666662041021,visible,ACCESORIOS DE MADERA,1,204102,https://img-eu-2.freex.es/img/071/1000042247/1024x1024/8c2e8895142d18e587b6ebe9dac47519
1000042248,LETRA DE MADERA,0.55,8666662041038,visible,ACCESORIOS DE MADERA,1,204103,https://img-eu-2.freex.es/img/071/1000042248/1024x1024/d681a83cf21fa5ba4109e3c282fab6b9
1000042249,LETRA DE MADERA,0.6,8666662041045,visible,ACCESORIOS DE MADERA,1,204104,https://img-eu-2.freex.es/img/071/1000042249/1024x1024/0c20c8561d3a91f646efce227f4c92bb
1000042250,NUMERO DE MADERA,0.55,8666662041052,visible,ACCESORIOS DE MADERA,1,204105,https://img-eu-2.freex.es/img/071/1000042250/1024x1024/df28aa16d2489aef4462984291d4ddc9
1000042251,NUMERO DE MADERA,0.6,8666662041069,visible,ACCESORIOS DE MADERA,1,204106,https://img-eu-2.freex.es/img/071/1000042251/1024x1024/1181ca1759dcb5e9a5acb5d6c0f9e49b
1000042252,LETRA DE MADERA,0.68,8666662041076,visible,ACCESORIOS DE MADERA,1,204107,https://img-eu-2.freex.es/img/071/1000042252/1024x1024/69836058362697b7cc67a65541420f4c
1000042253,LETRA DE MADERA,0.72,8666662041083,visible,ACCESORIOS DE MADERA,1,204108,https://img-eu-2.freex.es/img/071/1000042253/1024x1024/c4bfc1bb89dbc528976888f71a151d28
1000042254,NUMERO DE MADERA,0.68,8666662041090,visible,ACCESORIOS DE MADERA,1,204109,https://img-eu-2.freex.es/img/071/1000042254/1024x1024/6e95972e8cf010087c19fe0022fdab99
1000042255,NUMERO DE MADERA,0.72,8666662041106,visible,ACCESORIOS DE MADERA,1,204110,https://img-eu-2.freex.es/img/071/1000042255/1024x1024/5dc72019f0fb390082c103522b0bba17
1000042256,ESTRELLA DE MADERA,0.47,8666662041113,visible,ACCESORIOS DE MADERA,1,204111,https://img-eu-2.freex.es/img/071/1000042256/1024x1024/ea0537ff1ca24a0c58f1f09d971f7703
1000042257,ESTRELLA DE MADERA,0.47,8666662041120,visible,ACCESORIOS DE MADERA,1,204112,https://img-eu-2.freex.es/img/071/1000042257/1024x1024/0001c3fa0e9d301d67a1b26da13646ee
1000042258,ABALORIO DE MADERA,0.47,8666662041137,visible,ACCESORIOS DE MADERA,1,204113,https://img-eu-2.freex.es/img/071/1000042258/1024x1024/2b3a5a35f646aed541a71766ab4b4f41
1000042259,ABALORIO DE MADERA,0.47,8666662041144,visible,ACCESORIOS DE MADERA,1,204114,https://img-eu-2.freex.es/img/071/1000042259/1024x1024/2ee237aef2caae560475f24f869d8af3
1000042260,ABALORIO DE MADERA,0.47,8666662041151,visible,ACCESORIOS DE MADERA,1,204115,https://img-eu-2.freex.es/img/071/1000042260/1024x1024/b7a19b6975a294b95883c0e8b3da557d
1000042261,MARIQUITA DE MADERA,0.47,8666662041168,visible,ACCESORIOS DE MADERA,1,204116,https://img-eu-2.freex.es/img/071/1000042261/1024x1024/195afc7f689d2ac89795c509b8b5a348
1000042262,MARIQUITA DE MADERA,0.47,8666662041175,visible,ACCESORIOS DE MADERA,1,204117,https://img-eu-2.freex.es/img/071/1000042262/1024x1024/d3bab209061d80002777fe5f4e353b7b
1000042263,MARIQUITA DE MADERA,0.47,8666662041182,visible,ACCESORIOS DE MADERA,1,204118,https://img-eu-2.freex.es/img/071/1000042263/1024x1024/aff08cb55321406fcd894feb73c3a193
1000042264,MARIQUITA DE MADERA ,0.47,8666662041199,visible,ACCESORIOS DE MADERA,1,204119,https://img-eu-2.freex.es/img/071/1000042264/1024x1024/4fcea9597c678a16ff283e0ddb8102ce
1000042265,MARIQUITA DE MADERA ,0.47,8666662041205,visible,ACCESORIOS DE MADERA,1,204120,https://img-eu-2.freex.es/img/071/1000042265/1024x1024/5640608d8d643788914242d96678fc93
1000042266,MARIQUITA DE MADERA,0.47,8666662041212,visible,ACCESORIOS DE MADERA,1,204121,https://img-eu-2.freex.es/img/071/1000042266/1024x1024/e87a18ee65feee97341c55971db7a0d7
1000042267,MARIQUITA DE MADERA,0.47,8666662041229,visible,ACCESORIOS DE MADERA,1,204122,https://img-eu-2.freex.es/img/071/1000042267/1024x1024/2b379cba4b855e6eee66c288b887c5bd
1000042268,MARIQUITA DE MADERA,0.47,8666662041236,visible,ACCESORIOS DE MADERA,1,204123,https://img-eu-2.freex.es/img/071/1000042268/1024x1024/900d52dc7fd7cf11779e5bec14e7b330
1000042269,MARIQUITA DE MADERA ,0.47,8666662041243,visible,ACCESORIOS DE MADERA,1,204124,https://img-eu-2.freex.es/img/071/1000042269/1024x1024/eb9011db7fd6c71865cdc1db3a7bd5e4
1000042270,MARIQUITA DE MADERA ,0.47,8666662041250,visible,ACCESORIOS DE MADERA,1,204125,https://img-eu-2.freex.es/img/071/1000042270/1024x1024/6d9081fa535d255694d765f2fb4b32af
1000042271,ESTRELLA DE MADERA,0.47,8666662041267,visible,ACCESORIOS DE MADERA,1,204126,https://img-eu-2.freex.es/img/071/1000042271/1024x1024/6e3b1cd58105d2a8b53bdc019ac98b92
1000042272,ESTRELLA DE MADERA,0.47,8666662041274,visible,ACCESORIOS DE MADERA,1,204127,https://img-eu-2.freex.es/img/071/1000042272/1024x1024/7ac81e0f184f0c4f8cdaff3aa00250b5
1000042273,ESTRELLA DE MADERA,0.47,8666662041281,visible,ACCESORIOS DE MADERA,1,204128,https://img-eu-2.freex.es/img/071/1000042273/1024x1024/d4e50107030f29c6e75b8e14599f900e
1000042274,ESTRELLA DE MADERA,0.47,8666662041298,visible,ACCESORIOS DE MADERA,1,204129,https://img-eu-2.freex.es/img/071/1000042274/1024x1024/27ccfc0734113092066e0b3f01bf1a6d
1000042275,ABALORIO DE MADERA,0.47,8666662041304,visible,ACCESORIOS DE MADERA,1,204130,https://img-eu-2.freex.es/img/071/1000042275/1024x1024/118972735f127970ec99e1df5f697a00
1000042276,ABALORIO DE MADERA,0.47,8666662041311,visible,ACCESORIOS DE MADERA,1,204131,https://img-eu-2.freex.es/img/071/1000042276/1024x1024/629e979fdc8e39bfb7a4efe783476e01
1000042277,ABALORIO DE MADERA,0.47,8666662041328,visible,ACCESORIOS DE MADERA,1,204132,https://img-eu-2.freex.es/img/071/1000042277/1024x1024/b520efe6a2020e606072a5c1f1432ae1
1000042278,ABALORIO DE MADERA,0.47,8666662041335,visible,ACCESORIOS DE MADERA,1,204133,https://img-eu-2.freex.es/img/071/1000042278/1024x1024/80a601e730c999c3be63473b93da07fd
1000042279,ABALORIO DE MADERA,0.47,8666662041342,visible,ACCESORIOS DE MADERA,1,204134,https://img-eu-2.freex.es/img/071/1000042279/1024x1024/141a11073359fa84ce72d0b690a2d2f2
1000042280,ABALORIO DE MADERA,0.47,8666662041359,visible,ACCESORIOS DE MADERA,1,204135,https://img-eu-2.freex.es/img/071/1000042280/1024x1024/a2ed213604364da1a8bac07557bc3037
1000042281,ABALORIO DE MADERA,0.47,8666662041366,visible,ACCESORIOS DE MADERA,1,204136,https://img-eu-2.freex.es/img/071/1000042281/1024x1024/ea8a306892247e49fe14997d74af24e6
1000042282,ABALORIO DE MADERA,0.47,8666662041373,visible,ACCESORIOS DE MADERA,1,204137,https://img-eu-2.freex.es/img/071/1000042282/1024x1024/313401973c73b67e97c8d3e6f4324450
1000042283,ABALORIO DE MADERA,0.47,8666662041380,visible,ACCESORIOS DE MADERA,1,204138,https://img-eu-2.freex.es/img/071/1000042283/1024x1024/d10733de4a78b1d96945a9301339b8b1
1000042284,ABALORIO DE MADERA,0.47,8666662041397,visible,ACCESORIOS DE MADERA,1,204139,https://img-eu-2.freex.es/img/071/1000042284/1024x1024/a20333a194ad60abb9190d09ad4ebf08
1000042285,ABALORIO DE MADERA,0.47,8666662041403,visible,ACCESORIOS DE MADERA,1,204140,https://img-eu-2.freex.es/img/071/1000042285/1024x1024/cd6a47606d15d25a1c2d6a5ff42ea2e3
1000042286,ABALORIO DE MADERA,0.47,8666662041410,visible,ACCESORIOS DE MADERA,1,204141,https://img-eu-2.freex.es/img/071/1000042286/1024x1024/b99350221980303d1a53ed7e1a798d2d
1000042287,ABALORIO DE MADERA,0.47,8666662041427,visible,ACCESORIOS DE MADERA,1,204142,https://img-eu-2.freex.es/img/071/1000042287/1024x1024/16fb64ed08b1c2174a15e411b32ab3cd
1000042288,ABALORIO DE MADERA,0.47,8666662041434,visible,ACCESORIOS DE MADERA,1,204143,https://img-eu-2.freex.es/img/071/1000042288/1024x1024/21d4265306627fd47ce286b991432950
1000042289,CORAZON DE MADERA,0.47,8666662041441,visible,ACCESORIOS DE MADERA,1,204144,https://img-eu-2.freex.es/img/071/1000042289/1024x1024/738ff2f20fd64b39dfde6f44ff5b25cf
1000042290,CORAZON DE MADERA,0.47,8666662041458,visible,ACCESORIOS DE MADERA,1,204145,https://img-eu-2.freex.es/img/071/1000042290/1024x1024/36f9f54cccc0e8ca3ac7777eeb7fc3ce
1000042291,CORAZON DE MADERA,0.47,8666662041465,visible,ACCESORIOS DE MADERA,1,204146,https://img-eu-2.freex.es/img/071/1000042291/1024x1024/98ef286745caccd13fda3be7cc4291d5
1000042292,CORAZON DE MADERA,0.47,8666662041472,visible,ACCESORIOS DE MADERA,1,204147,https://img-eu-2.freex.es/img/071/1000042292/1024x1024/decc090281c5c93dbb61a81e89ede62c
1000042293,ESTRELLA DE MADERA,0.47,8666662041489,visible,ACCESORIOS DE MADERA,1,204148,https://img-eu-2.freex.es/img/071/1000042293/1024x1024/cb5c28f3ebd7b4c28283955b94f06324
1000042294, ESTRELLA DE MADERA,0.47,8666662041496,visible,ACCESORIOS DE MADERA,1,204149,https://img-eu-2.freex.es/img/071/1000042294/1024x1024/906583b18f6b8ce52657ee8f7bfbefa2
1000042295,ABALORIO DE MADERA,0.47,8666662041502,visible,ACCESORIOS DE MADERA,1,204150,https://img-eu-2.freex.es/img/071/1000042295/1024x1024/aa35a0ed3c896aae876bfea2d5916ab2
1000042296,ABALORIO DE MADERA,0.47,8666662041519,visible,ACCESORIOS DE MADERA,1,204151,https://img-eu-2.freex.es/img/071/1000042296/1024x1024/f3477a2cce250a034bd279b6bc1af6f6
1000042297,ABALORIO DE MADERA,0.47,8666662041526,visible,ACCESORIOS DE MADERA,1,204152,https://img-eu-2.freex.es/img/071/1000042297/1024x1024/bf1f7d0ee67b44c3cc5523c9c4dc1224
1000042298,ABALORIO DE MADERA,0.47,8666662041533,visible,ACCESORIOS DE MADERA,1,204153,https://img-eu-2.freex.es/img/071/1000042298/1024x1024/813fa4dd4b7ee1d8385cef0586bef40c
1000042299,ABALORIO DE MADERA,0.47,8666662041540,visible,ACCESORIOS DE MADERA,1,204154,https://img-eu-2.freex.es/img/071/1000042299/1024x1024/7a2e9f01bd061f4a4a4036b60e9ae59e
1000042300,ABALORIO DE MADERA,0.47,8666662041557,visible,ACCESORIOS DE MADERA,1,204155,https://img-eu-2.freex.es/img/071/1000042300/1024x1024/82226f73f92345be1d3308c3a390de1c
1000042301,ABALORIO DE MADERA,0.47,8666662041564,visible,ACCESORIOS DE MADERA,1,204156,https://img-eu-2.freex.es/img/071/1000042301/1024x1024/e10718edee45fc65b1c8729a68949b1e
1000042302,ABALORIO DE MADERA,0.47,8666662041571,visible,ACCESORIOS DE MADERA,1,204157,https://img-eu-2.freex.es/img/071/1000042302/1024x1024/85aa41767df3ab8518b7b387153c842f
1000042303,ABALORIO DE MADERA,0.47,8666662041588,visible,ACCESORIOS DE MADERA,1,204158,https://img-eu-2.freex.es/img/071/1000042303/1024x1024/baf08ce6643e717d8ea6d4ff95ebdd20
1000042304,ABALORIO DE MADERA,0.47,8666662041595,visible,ACCESORIOS DE MADERA,1,204159,https://img-eu-2.freex.es/img/071/1000042304/1024x1024/b4ec435af63caa7c74509a5ebd02f8be
1000042305,ABALORIO DE MADERA,0.47,8666662041601,visible,ACCESORIOS DE MADERA,1,204160,https://img-eu-2.freex.es/img/071/1000042305/1024x1024/d1ffed8ad717c7528c79b51712739be8
1000042306,ABALORIO DE MADERA,0.47,8666662041618,visible,ACCESORIOS DE MADERA,1,204161,https://img-eu-2.freex.es/img/071/1000042306/1024x1024/7f086badd7da1ca58a6a2eca7745e0bd
1000042307,ABALORIO DE MADERA,0.47,8666662041625,visible,ACCESORIOS DE MADERA,1,204162,https://img-eu-2.freex.es/img/071/1000042307/1024x1024/676bf54024f67be14f43d3a977bbbdcd
1000042308,ABALORIO DE MADERA,0.47,8666662041632,visible,ACCESORIOS DE MADERA,1,204163,https://img-eu-2.freex.es/img/071/1000042308/1024x1024/258ae2913ccc3dc212e6d538690defce
1000042309,ABALORIO DE MADERA,0.47,8666662041649,visible,ACCESORIOS DE MADERA,1,204164,https://img-eu-2.freex.es/img/071/1000042309/1024x1024/52ac581f14a891fe3ae3c64f26fe2277
1000042310,ABALORIO DE MADERA,0.47,8666662041656,visible,ACCESORIOS DE MADERA,1,204165,https://img-eu-2.freex.es/img/071/1000042310/1024x1024/cf85e9de80f0e0d5e2dc1a78f468904d
1000042311,ABALORIO DE MADERA,0.47,8666662041663,visible,ACCESORIOS DE MADERA,1,204166,https://img-eu-2.freex.es/img/071/1000042311/1024x1024/d496f7bb7d5b0f51ad411d6764a2c22f
1000042312,ABALORIO DE MADERA,0.47,8666662041670,visible,ACCESORIOS DE MADERA,1,204167,https://img-eu-2.freex.es/img/071/1000042312/1024x1024/89328e6f0e7f33fa173935a22de9dcc6
1000042313,ABALORIO DE MADERA,0.47,8666662041687,visible,ACCESORIOS DE MADERA,1,204168,https://img-eu-2.freex.es/img/071/1000042313/1024x1024/3b909e0a830cf00fa789bfd6af2f6805
1000042314,ABALORIO DE MADERA,0.47,8666662041694,visible,ACCESORIOS DE MADERA,1,204169,https://img-eu-2.freex.es/img/071/1000042314/1024x1024/142804f4a0149821987c6caa67e7aadf
1000042315,ABALORIO DE MADERA,0.47,8666662041700,visible,ACCESORIOS DE MADERA,1,204170,https://img-eu-2.freex.es/img/071/1000042315/1024x1024/5e3193634b721e71613a458f20f5ddcf
1000042316,ABALORIO DE MADERA,0.47,8666662041717,visible,ACCESORIOS DE MADERA,1,204171,https://img-eu-2.freex.es/img/071/1000042316/1024x1024/6626db2c5663933503434c7b10650c81
1000042317,ABALORIO DE MADERA,0.47,8666662041724,visible,ACCESORIOS DE MADERA,1,204172,https://img-eu-2.freex.es/img/071/1000042317/1024x1024/b1f594768121fb9ebddf9b45435bb5ea
1000042318,ABALORIO DE MADERA,0.47,8666662041731,visible,ACCESORIOS DE MADERA,1,204173,https://img-eu-2.freex.es/img/071/1000042318/1024x1024/aa0b81450bf6d058e44acbafd92954ee
1000042319,ABALORIO DE MADERA,0.47,8666662041748,visible,ACCESORIOS DE MADERA,1,204174,https://img-eu-2.freex.es/img/071/1000042319/1024x1024/99295afaa68f3cd0882780eb6d7362ec
1000042320,ABALORIO DE MADERA,0.47,8666662041755,visible,ACCESORIOS DE MADERA,1,204175,https://img-eu-2.freex.es/img/071/1000042320/1024x1024/7fdf51f384ee31563a5f2df2d2d1bac6
1000042321,ABALORIO DE MADERA,0.47,8666662041762,visible,ACCESORIOS DE MADERA,1,204176,https://img-eu-2.freex.es/img/071/1000042321/1024x1024/8fa30aa8d79bb5842faa5b5e3a6bbb1b
1000042322,ABALORIO DE MADERA,0.47,8666662041779,visible,ACCESORIOS DE MADERA,1,204177,https://img-eu-2.freex.es/img/071/1000042322/1024x1024/43608bfd9eb23be1797866015bb34bdd
1000043626,MADERA DE MANUALIDAD DE COLOR,0.47,8666662041861,visible,ACCESORIOS DE MADERA,1,204186,https://img-eu-2.freex.es/img/071/1000043626/1024x1024/27a7a2068178642483eb9e1a88b35f54
1000043627,MADERA DE MANUALIDAD DE COLOR,0.45,8666662041878,visible,ACCESORIOS DE MADERA,1,204187,https://img-eu-2.freex.es/img/071/1000043627/1024x1024/0a2ac324ac13bda25aadd126ced4bc0a
1000043628,MADERA DE MANUALIDAD DE COLOR,0.45,8666662041885,visible,ACCESORIOS DE MADERA,1,204188,https://img-eu-2.freex.es/img/071/1000043628/1024x1024/7f1e658ce027d4337ce51f14c82e1efa
1000043629,MADERA DE MANUALIDAD DE COLOR,0.45,8666662041892,visible,ACCESORIOS DE MADERA,1,204189,https://img-eu-2.freex.es/img/071/1000043629/1024x1024/6ad99e3de7590e77b7b341d07488f93d
1000043630,MADERA DE MANUALIDAD DE COLOR,0.47,8666662041908,visible,ACCESORIOS DE MADERA,1,204190,https://img-eu-2.freex.es/img/071/1000043630/1024x1024/2c6fdf47f00435239eba4b1951819a3f
1000043631,MADERA DE MANUALIDAD DE COLOR,0.45,8666662041915,visible,ACCESORIOS DE MADERA,1,204191,https://img-eu-2.freex.es/img/071/1000043631/1024x1024/ae351327c6a88480365da450348b3df6
1000043632,MADERA DE MANUALIDAD DE COLOR,0.47,8666662041922,visible,ACCESORIOS DE MADERA,1,204192,https://img-eu-2.freex.es/img/071/1000043632/1024x1024/46aa6cfacbf91a9ec0ae63b52be59ea3
1000043633,MADERA DE MANUALIDAD DE COLOR,0.47,8666662041939,visible,ACCESORIOS DE MADERA,1,204193,https://img-eu-2.freex.es/img/071/1000043633/1024x1024/ab3362fe28c20ffd31684c997475861f
1000043634,MADERA DE MANUALIDAD DE COLOR,0.47,8666662041946,visible,ACCESORIOS DE MADERA,1,204194,https://img-eu-2.freex.es/img/071/1000043634/1024x1024/7986e65cd33d0290a9782763cc82b671
1000043635,MADERA DE MANUALIDAD DE COLOR,0.47,8666662041953,visible,ACCESORIOS DE MADERA,1,204195,https://img-eu-2.freex.es/img/071/1000043635/1024x1024/0f60770014fc88cedeb576c28c2c7367
1000043636,MADERA DE MANUALIDAD DE COLOR,0.53,8666662041960,visible,ACCESORIOS DE MADERA,1,204196,https://img-eu-2.freex.es/img/071/1000043636/1024x1024/5b64383ff85ab8da0c538e44d1241923
1000043637,MADERA DE MANUALIDAD DE COLOR,0.57,8666662041977,visible,ACCESORIOS DE MADERA,1,204197,https://img-eu-2.freex.es/img/071/1000043637/1024x1024/42c5d5eb248cb6902966c13e1565cf32
1000043638,MADERA DE MANUALIDAD DE COLOR,0.47,8666662041984,visible,ACCESORIOS DE MADERA,1,204198,https://img-eu-2.freex.es/img/071/1000043638/1024x1024/33b4d5a52ff31eb67c80a07379c4869c
1000043639,MADERA DE MANUALIDAD DE COLOR,0.45,8666662041991,visible,ACCESORIOS DE MADERA,1,204199,https://img-eu-2.freex.es/img/071/1000043639/1024x1024/5be723fd019c52ca6e4d759d55783c9d
1000043640,MADERA DE MANUALIDAD DE COLOR,0.51,8666662042004,visible,ACCESORIOS DE MADERA,1,204200,https://img-eu-2.freex.es/img/071/1000043640/1024x1024/a19461ddc05dc79674f5c44120b96910
1000043641,MADERA DE MANUALIDAD DE COLOR,0.57,8666662042011,visible,ACCESORIOS DE MADERA,1,204201,https://img-eu-2.freex.es/img/071/1000043641/1024x1024/6920758b79366689aaaf044272a6ef01
1000043642,MADERA DE MANUALIDAD DE COLOR,0.47,8666662042028,visible,ACCESORIOS DE MADERA,1,204202,https://img-eu-2.freex.es/img/071/1000043642/1024x1024/b1833fe48fa4693625e64bdd4d75f042
1000043643,MADERA DE MANUALIDAD DE COLOR,0.45,8666662042035,visible,ACCESORIOS DE MADERA,1,204203,https://img-eu-2.freex.es/img/071/1000043643/1024x1024/8bd53a6038d16c2db91ae830afa22c08
1000043644,MADERA DE MANUALIDAD DE COLOR,0.51,8666662042042,visible,ACCESORIOS DE MADERA,1,204204,https://img-eu-2.freex.es/img/071/1000043644/1024x1024/f23463dc0468498e5602c46a56bbdbbd
1000043645,MADERA DE MANUALIDAD DE COLOR,0.47,8666662042059,visible,ACCESORIOS DE MADERA,1,204205,https://img-eu-2.freex.es/img/071/1000043645/1024x1024/8c69c8c58c3ce04aefd6c3575698ab22
1000043646,MADERA DE MANUALIDAD DE COLOR,0.47,8666662042066,visible,ACCESORIOS DE MADERA,1,204206,https://img-eu-2.freex.es/img/071/1000043646/1024x1024/4748fc8c4501d9e20df797b402296da4
1000043647,MADERA DE MANUALIDAD DE COLOR,0.47,8666662042073,visible,ACCESORIOS DE MADERA,1,204207,https://img-eu-2.freex.es/img/071/1000043647/1024x1024/9b5183a7dc0cd05c369461949564fcc5
1000043648,MADERA DE MANUALIDAD DE COLOR,0.47,8666662042080,visible,ACCESORIOS DE MADERA,1,204208,https://img-eu-2.freex.es/img/071/1000043648/1024x1024/deb32518a426091c48fbd1c311e039f4
1000043649,MADERA DE MANUALIDAD DE COLOR,0.47,8666662042097,visible,ACCESORIOS DE MADERA,1,204209,https://img-eu-2.freex.es/img/071/1000043649/1024x1024/773665670cd8b7bbbc8cd60383c2f763
1000043650,MADERA DE MANUALIDAD DE COLOR,0.47,8666662042103,visible,ACCESORIOS DE MADERA,1,204210,https://img-eu-2.freex.es/img/071/1000043650/1024x1024/2ce800c4b55d1414175c95ae0b375217
1000031514,MADERA PARA MANUALIDADES,1.14,866666192057,visible,ACCESORIOS DE MADERA,1,92057,https://img-eu-2.freex.es/img/071/1000031514/1024x1024/937ce6824c301c5fccd6bf92b34d9148
1000031515,MADERA PARA MANUALIDADES,0.9,866666192058,visible,ACCESORIOS DE MADERA,1,92058,https://img-eu-2.freex.es/img/071/1000031515/1024x1024/354bae88c03b92f955b9bb74e7406877
1000031516,MADERA PARA MANUALIDADES,1.2,866666192059,visible,ACCESORIOS DE MADERA,1,92059,https://img-eu-2.freex.es/img/071/1000031516/1024x1024/c8d068178996f1450fb1ab6a0261fabc
1000031517,MADERA PARA MANUALIDADES,1.41,866666192060,visible,ACCESORIOS DE MADERA,1,92060,https://img-eu-2.freex.es/img/071/1000031517/1024x1024/56ab34435c18938059440e0d4e539f6f
1000031518,MADERA PARA MANUALIDADES,1.57,866666192061,visible,ACCESORIOS DE MADERA,1,92061,https://img-eu-2.freex.es/img/071/1000031518/1024x1024/38f3440912d8207715f4cef91ed4cb06
1000030309,CLIP DE CHUPETE,0.72,866666192081,visible,ACCESORIOS DE MADERA,1,92081,https://img-eu-2.freex.es/img/071/1000030309/1024x1024/284d22e1f6debcb1747a144a5b9ffaba
1000030249,ABALORIO DE MADERA,0.64,866666192000,visible,ACCESORIOS DE MADERA,1,92000,https://img-eu-2.freex.es/img/071/1000030249/1024x1024/ec971f9857def2cc807fa565a01e3181
1000022288,CRUZ DE MADERA PARA MANUALIDADES,0.47,866666120363,visible,ACCESORIOS DE MADERA,1,20363,https://img-eu-2.freex.es/img/071/1000022288/1024x1024/9df2fedab511b76181c8e7619d776874
1000022286,CRUZ DE MADERA PARA MANUALIDADES,0.47,866666120361,visible,ACCESORIOS DE MADERA,1,20361,https://img-eu-2.freex.es/img/071/1000022286/1024x1024/388068493675f457e2d5955e18b1fdd9
1000022284,CRUZ DE MADERA PARA MANUALIDADES,0.47,866666120359,visible,ACCESORIOS DE MADERA,1,20359,https://img-eu-2.freex.es/img/071/1000022284/1024x1024/62c8e2b7f3925b761e5a9d71fef60893
1000022282,CRUZ DE MADERA PARA MANUALIDADES,0.47,866666120357,visible,ACCESORIOS DE MADERA,1,20357,https://img-eu-2.freex.es/img/071/1000022282/1024x1024/9471d1163ca76010794a686398d0d6c3
1000022265,BOT? DE MADERA PARA MANUALIDADES,0.49,8666661203406,visible,ACCESORIOS DE MADERA,1,20340,https://img-eu-2.freex.es/img/071/1000022265/1024x1024/fda96df15433598f87753d328a99ee34
1000030140,ABALORIO DE MADERA,0.49,866666191973,visible,ACCESORIOS DE MADERA,1,91973,https://img-eu-2.freex.es/img/071/1000030140/1024x1024/b320e86a8e94d2241b6980cad122b8b5
1000030141,ABALORIO DE MADERA,0.49,866666191974,visible,ACCESORIOS DE MADERA,1,91974,https://img-eu-2.freex.es/img/071/1000030141/1024x1024/0a6c87c9b444e7c2671f6833c2205777
1000030228,ABALORIO DE MADERA,0.49,866666191975,visible,ACCESORIOS DE MADERA,1,91975,https://img-eu-2.freex.es/img/071/1000030228/1024x1024/f9f1a8f10279b376de9fb7d3f143d414
1000030142,ABALORIO DE MADERA,0.49,866666191976,visible,ACCESORIOS DE MADERA,1,91976,https://img-eu-2.freex.es/img/071/1000030142/1024x1024/565b4a28bc9cb6f21ff854a7429909f1
1000030229,ABALORIO DE MADERA,0.49,866666191977,visible,ACCESORIOS DE MADERA,1,91977,https://img-eu-2.freex.es/img/071/1000030229/1024x1024/b2015ab35f6afba4061c27313b21e79c
1000030143,ABALORIO DE MADERA,0.49,866666191978,visible,ACCESORIOS DE MADERA,1,91978,https://img-eu-2.freex.es/img/071/1000030143/1024x1024/e79b6431d9478447566ed937f0a28d46
1000030230,ABALORIO DE MADERA,0.49,866666191979,visible,ACCESORIOS DE MADERA,1,91979,https://img-eu-2.freex.es/img/071/1000030230/1024x1024/424a5acac07f6ae37e786bd6ecb244fa
1000030231,ABALORIO DE MADERA,0.49,866666191980,visible,ACCESORIOS DE MADERA,1,91980,https://img-eu-2.freex.es/img/071/1000030231/1024x1024/e8dda6659c1dec426059aa5f37cffee8
1000030232,ABALORIO DE MADERA,0.51,866666191981,visible,ACCESORIOS DE MADERA,1,91981,https://img-eu-2.freex.es/img/071/1000030232/1024x1024/c2f4ee2740c20adfb35c343f7176ec57
1000030233,ABALORIO DE MADERA,0.55,866666191982,visible,ACCESORIOS DE MADERA,1,91982,https://img-eu-2.freex.es/img/071/1000030233/1024x1024/b2a111d7e374cab6d9d0c18b1c87d7fa
1000030234,ABALORIO DE MADERA,0.57,866666191983,visible,ACCESORIOS DE MADERA,1,91983,https://img-eu-2.freex.es/img/071/1000030234/1024x1024/3d1601390eeaa2c8c185355f8028606f
1000030235,ABALORIO DE MADERA,0.75,866666191984,visible,ACCESORIOS DE MADERA,1,91984,https://img-eu-2.freex.es/img/071/1000030235/1024x1024/344d55b4b4e1d226a5fa23c7a4560664
1000030236,ABALORIO DE MADERA,0.49,866666191985,visible,ACCESORIOS DE MADERA,1,91985,https://img-eu-2.freex.es/img/071/1000030236/1024x1024/d429efa8f2c21099c45bc334185b2e1b
1000030237,ABALORIO DE MADERA,0.51,866666191986,visible,ACCESORIOS DE MADERA,1,91986,https://img-eu-2.freex.es/img/071/1000030237/1024x1024/c063336892c33cfbe32758e5051cfb96
1000030238,ABALORIO DE MADERA,0.51,866666191987,visible,ACCESORIOS DE MADERA,1,91987,https://img-eu-2.freex.es/img/071/1000030238/1024x1024/7d470b93ba0dccaa54e0cdca4258a6a7
1000032870,ABALORIO 14MM,0.51,866666191988,visible,ACCESORIOS DE MADERA,1,91988,https://img-eu-2.freex.es/img/071/1000032870/1024x1024/32b66ce1dedd78372516f0588e878b9e
1000032871,ABALORIO 16MM,0.51,866666191989,visible,ACCESORIOS DE MADERA,1,91989,https://img-eu-2.freex.es/img/071/1000032871/1024x1024/e7c0ff3828c01d2410e4564219b3019c
1000030239,ABALORIO DE MADERA,0.54,866666191990,visible,ACCESORIOS DE MADERA,1,91990,https://img-eu-2.freex.es/img/071/1000030239/1024x1024/a4bddc648bc9bbf1fd267510c24f1d5c
1000030240,ABALORIO DE MADERA,0.54,866666191991,visible,ACCESORIOS DE MADERA,1,91991,https://img-eu-2.freex.es/img/071/1000030240/1024x1024/1138cc497d39fe8ee51298c50d4bddf2
1000030241,ABALORIO DE MADERA,0.54,866666191992,visible,ACCESORIOS DE MADERA,1,91992,https://img-eu-2.freex.es/img/071/1000030241/1024x1024/f5b4a326f2e493354aadad74ab1bb2f6
1000030242,ABALORIO DE MADERA,0.54,866666191993,visible,ACCESORIOS DE MADERA,1,91993,https://img-eu-2.freex.es/img/071/1000030242/1024x1024/aca8f0804743ec994a735e044bd40279
1000030243,ABALORIO DE MADERA,0.6,866666191994,visible,ACCESORIOS DE MADERA,1,91994,https://img-eu-2.freex.es/img/071/1000030243/1024x1024/a7c2690d66b0eab4e89d3849c37c93ed
1000030244,ABALORIO DE MADERA,0.75,866666191995,visible,ACCESORIOS DE MADERA,1,91995,https://img-eu-2.freex.es/img/071/1000030244/1024x1024/b573cadb873941e272efd31079e51952
1000030245,ABALORIO DE MADERA,0.95,866666191996,visible,ACCESORIOS DE MADERA,1,91996,https://img-eu-2.freex.es/img/071/1000030245/1024x1024/c8090f6e3bb5d6e62843fa3a8540ad41
1000030260,ABALORIO DE MADERA,0.51,866666192013,visible,ACCESORIOS DE MADERA,1,92013,https://img-eu-2.freex.es/img/071/1000030260/1024x1024/93bcb244c7e63eba0c5b3cb6eacfc2eb
1000030262,ABALORIO DE MADERA,0.51,866666192015,visible,ACCESORIOS DE MADERA,1,92015,https://img-eu-2.freex.es/img/071/1000030262/1024x1024/2179f6758855e031e36edaa624d93031
1000030263,ABALORIO DE MADERA,0.51,866666192016,visible,ACCESORIOS DE MADERA,1,92016,https://img-eu-2.freex.es/img/071/1000030263/1024x1024/74102f8e6bb05b5749a64ce55f759f9a
1000030265,ABALORIO DE MADERA,0.51,866666192018,visible,ACCESORIOS DE MADERA,1,92018,https://img-eu-2.freex.es/img/071/1000030265/1024x1024/3445137843cc0a1d07cd50b7e37e420a
1000030268,ABALORIO DE MADERA,0.51,866666192021,visible,ACCESORIOS DE MADERA,1,92021,https://img-eu-2.freex.es/img/071/1000030268/1024x1024/11b6c712cdabb41e83dd12cf7c3b8676
1000030269,ABALORIO DE MADERA,0.51,866666192022,visible,ACCESORIOS DE MADERA,1,92022,https://img-eu-2.freex.es/img/071/1000030269/1024x1024/01a57c75dbfb5feb92ced838c29606cb
1000030270,ABALORIO DE MADERA,0.51,866666192023,visible,ACCESORIOS DE MADERA,1,92023,https://img-eu-2.freex.es/img/071/1000030270/1024x1024/39348874ce238333087d451ecfc5442b
1000030272,ABALORIO DE MADERA,0.51,866666192028,visible,ACCESORIOS DE MADERA,1,92028,https://img-eu-2.freex.es/img/071/1000030272/1024x1024/1fcde9ec47a1ee32700691d499bd5492
1000030274,ABALORIO DE MADERA,0.51,866666192030,visible,ACCESORIOS DE MADERA,1,92030,https://img-eu-2.freex.es/img/071/1000030274/1024x1024/c549f4793b69895296de6c59f8604a84
1000030400,ACCESORIOS DE MADERA,0.51,866666192031,visible,ACCESORIOS DE MADERA,1,92031-1,https://img-eu-2.freex.es/img/071/1000030400/1024x1024/342c016243eb90fc4aeba915c39b3210
1000030276,ABALORIO DE MADERA,0.51,866666192032,visible,ACCESORIOS DE MADERA,1,92032,https://img-eu-2.freex.es/img/071/1000030276/1024x1024/6efc822c437d152fa2f16a5082083d32
1000030281,ACCESORIOS DE MADERA,0.53,866666192037,visible,ACCESORIOS DE MADERA,1,92037,https://img-eu-2.freex.es/img/071/1000030281/1024x1024/3669b9a9de82f8072c52321cd10538bd
1000030282,ACCESORIOS DE MADERA,0.53,866666192038,visible,ACCESORIOS DE MADERA,1,92038,https://img-eu-2.freex.es/img/071/1000030282/1024x1024/7318e1c9a0804b16db4d881c0e1a4b1f
1000030283,ACCESORIOS DE MADERA,0.55,866666192039,visible,ACCESORIOS DE MADERA,1,92039,https://img-eu-2.freex.es/img/071/1000030283/1024x1024/a0d82ef2f71b7f6a4c69af708fb460b1
1000030284,ACCESORIOS DE MADERA,0.55,866666192040,visible,ACCESORIOS DE MADERA,1,92040,https://img-eu-2.freex.es/img/071/1000030284/1024x1024/b5851299ddbf092d303df8396162fecd
1000030285,ACCESORIOS DE MADERA,0.55,866666192041,visible,ACCESORIOS DE MADERA,1,92041,https://img-eu-2.freex.es/img/071/1000030285/1024x1024/1ec1f4d4cd38e3c9d72225bdb6f8ab0b
1000030286,ACCESORIOS DE MADERA,0.55,866666192042,visible,ACCESORIOS DE MADERA,1,92042,https://img-eu-2.freex.es/img/071/1000030286/1024x1024/0f903b52f499323b5d76350485607c67
1000030287,ACCESORIOS DE MADERA,0.57,866666192043,visible,ACCESORIOS DE MADERA,1,92043,https://img-eu-2.freex.es/img/071/1000030287/1024x1024/020a66d5dc88994db6e9b1d5b200aa8d
1000030288,ACCESORIOS DE MADERA,0.64,866666192044,visible,ACCESORIOS DE MADERA,1,92044,https://img-eu-2.freex.es/img/071/1000030288/1024x1024/9f5bb6f2f14012b5513e6bef35a763db
1000030289,ACCESORIOS DE MADERA,0.57,866666192045,visible,ACCESORIOS DE MADERA,1,92045,https://img-eu-2.freex.es/img/071/1000030289/1024x1024/f18e5261b2d90a54a3c256052fb348a8
1000030290,ACCESORIOS DE MADERA,0.61,866666192046,visible,ACCESORIOS DE MADERA,1,92046,https://img-eu-2.freex.es/img/071/1000030290/1024x1024/0dd7d08fb0d73d9090d51ec3145762ec
1000030291,ACCESORIOS DE MADERA,0.61,866666192047,visible,ACCESORIOS DE MADERA,1,92047,https://img-eu-2.freex.es/img/071/1000030291/1024x1024/1f25d941f8f8fc9436af774d7f11c365
1000030292,ACCESORIOS DE MADERA,0.72,866666192048,visible,ACCESORIOS DE MADERA,1,92048,https://img-eu-2.freex.es/img/071/1000030292/1024x1024/cc041609f348156367ab702ec1284106
1000030293,ACCESORIOS DE MADERA,0.74,866666192049,visible,ACCESORIOS DE MADERA,1,92049,https://img-eu-2.freex.es/img/071/1000030293/1024x1024/32d3eaba5061d37980682ae9382631bc
1000030294,ACCESORIOS DE MADERA,0.87,866666192050,visible,ACCESORIOS DE MADERA,1,92050,https://img-eu-2.freex.es/img/071/1000030294/1024x1024/ff4d3bf35e4cb83b850e5dccbb2823d6
1000030295,ACCESORIOS DE MADERA,1.04,866666192051,visible,ACCESORIOS DE MADERA,1,92051,https://img-eu-2.freex.es/img/071/1000030295/1024x1024/7f567d5a5ccc4f0c10a1dcc286f83296
1000030296,ACCESORIOS DE MADERA,0.99,866666192052,visible,ACCESORIOS DE MADERA,1,92052,https://img-eu-2.freex.es/img/071/1000030296/1024x1024/38bc1b64c5d2b31a0ff27b829bb259d5
1000030297,ACCESORIOS DE MADERA,2.04,866666192053,visible,ACCESORIOS DE MADERA,1,92053,https://img-eu-2.freex.es/img/071/1000030297/1024x1024/656635e1aab3037cfda25f81a57e21a7
1000030298,ACCESORIOS DE MADERA,2.65,866666192054,visible,ACCESORIOS DE MADERA,1,92054,https://img-eu-2.freex.es/img/071/1000030298/1024x1024/9606948b03893962d574429a4a15013f
1000030303,CLIP DE CHUPETE,0.61,866666192075,visible,ACCESORIOS DE MADERA,1,92075,https://img-eu-2.freex.es/img/071/1000030303/1024x1024/1807914601793de35c1ad70051f0dde1
1000030304,CLIP DE CHUPETE,0.61,866666192076,visible,ACCESORIOS DE MADERA,1,92076,https://img-eu-2.freex.es/img/071/1000030304/1024x1024/51a3963fce3273fa6297234b34dec2e6
1000030305,CLIP DE CHUPETE,0.61,866666192077,visible,ACCESORIOS DE MADERA,1,92077,https://img-eu-2.freex.es/img/071/1000030305/1024x1024/8efff02c6aad0fd6e5e3c456ce2b3c19
1000030306,CLIP DE CHUPETE,0.61,866666192078,visible,ACCESORIOS DE MADERA,1,92078,https://img-eu-2.freex.es/img/071/1000030306/1024x1024/0cfac97c581100e4943c7357b90e8402
1000030310,CLIP DE CHUPETE,0.72,866666192082,visible,ACCESORIOS DE MADERA,1,92082,https://img-eu-2.freex.es/img/071/1000030310/1024x1024/28cfa2c57e7e94766c8edbfa49683456
1000040101,CINTA LINO,0,,visible,CINTA LINO,1,??_20240418145349,https://img-eu-2.freex.es/img/071/1000040101/1024x1024/3ea3e1d51ce64ecca7ae6d20d26b6554
1000042352,CINTA DE LINO,2.04,8666662053758,visible,CINTA LINO,1,205375,https://img-eu-2.freex.es/img/071/1000042352/1024x1024/101664d9acd550d2ef6bd70676a85465
1000042353,CINTA DE LINO,2.04,8666662053765,visible,CINTA LINO,1,205376,https://img-eu-2.freex.es/img/071/1000042353/1024x1024/286e5c17dfdd8958f0b347d61df16beb
1000042354,CINTA DE LINO,2.04,8666662053772,visible,CINTA LINO,1,205377,https://img-eu-2.freex.es/img/071/1000042354/1024x1024/a8d3a03814479ffe401ca2848e95d380
1000024887,CINTA DE LINO,0.87,91098-4,visible,CINTA LINO,1,91098-4,https://img-eu-2.freex.es/img/071/1000024887/1024x1024/28701cc016a4d299cf263344fe15095f
1000024888,CINTA DE LINO,0.87,91098-5,visible,CINTA LINO,1,91098-5,https://img-eu-2.freex.es/img/071/1000024888/1024x1024/cab5c1e8cccbed59a09c5ae6b027ba06
1000024889,CINTA DE LINO,0.87,91098-6,visible,CINTA LINO,1,91098-6,https://img-eu-2.freex.es/img/071/1000024889/1024x1024/20f65286b55a50e4b3d77e03a2223cad
1000024890,CINTA DE LINO,0.87,91098-7,visible,CINTA LINO,1,91098-7,https://img-eu-2.freex.es/img/071/1000024890/1024x1024/4b3d48eac1dd57adac57bdab675776e0
1000024891,CINTA DE LINO,0.87,91098-8,visible,CINTA LINO,1,91098-8,https://img-eu-2.freex.es/img/071/1000024891/1024x1024/fe0475b85290ef0fd98785025cd4ce47
1000024892,CINTA DE LINO,1.2,866666191099,visible,CINTA LINO,1,91099,https://img-eu-2.freex.es/img/071/1000024892/1024x1024/bee3d5400110515842d924d0aa115f63
1000024893,CINTA DE LINO,1.35,8666661911004,visible,CINTA LINO,1,91100,https://img-eu-2.freex.es/img/071/1000024893/1024x1024/7b7335d94a010f91fb4fabb1a04fcb5f
1000024894,CINTA DE LINO,1.94,91101,visible,CINTA LINO,1,91101,https://img-eu-2.freex.es/img/071/1000024894/1024x1024/aff617a3aed23cb48b1da0f024d08a6a
1000024895,CINTA DE LINO,2.25,8666661911028,visible,CINTA LINO,1,91102,https://img-eu-2.freex.es/img/071/1000024895/1024x1024/f1673c83a6822f008a1150a8fb252f8c
1000024896,CINTA DE LINO,2.67,8666661911035,visible,CINTA LINO,1,91103,https://img-eu-2.freex.es/img/071/1000024896/1024x1024/66fd4c3b80185f91f6000fd3dc5f5413
1000029863,CINTA DE LINO,2.04,866666191813,visible,CINTA LINO,1,91813-1,https://img-eu-2.freex.es/img/071/1000029863/1024x1024/686f6d72f6f720ae23c7e15442ef7580
1000029864,CINTA DE LINO,2.04,866666191813,visible,CINTA LINO,1,91813-2,https://img-eu-2.freex.es/img/071/1000029864/1024x1024/1673bef89a0ffcd9fdde82919b68a016
1000029865,CINTA DE LINO,2.04,866666191813,visible,CINTA LINO,1,91813-3,https://img-eu-2.freex.es/img/071/1000029865/1024x1024/26bd58a1be9e3e01422fb8a74e9161ca
1000029866,CINTA DE LINO,2.04,866666191813,visible,CINTA LINO,1,91813-4,https://img-eu-2.freex.es/img/071/1000029866/1024x1024/420984e1c0c28fa8d95596b1b31c709a
1000029867,CINTA DE LINO,2.04,866666191813,visible,CINTA LINO,1,91813-5,https://img-eu-2.freex.es/img/071/1000029867/1024x1024/03cfa62536a22419dd712c71d03ad568
1000029868,CINTA DE LINO,2.04,866666191813,visible,CINTA LINO,1,91813-6,https://img-eu-2.freex.es/img/071/1000029868/1024x1024/c0df0d806a5a163dd9ca3dd4af6fefb9
1000040089,ARO ANILLOS,0,,visible,ARO ANILLOS,1,??_20240418145249,https://img-eu-2.freex.es/img/071/1000040089/1024x1024/e34f5165a379246056e8aaddb8abe5e2
1000039455,BANDEJA DE BAMB·1.56,8666662015756,visible,ARO ANILLOS,1,201575,https://img-eu-2.freex.es/img/071/1000039455/1024x1024/face185f53853f4548b4cff6b636895d,
1000039456,BANDEJA DE BAMB·1.88,8666662015763,visible,ARO ANILLOS,1,201576,https://img-eu-2.freex.es/img/071/1000039456/1024x1024/65cef1c6138e1286f2b8f59780503f1b,
1000039457,BANDEJA DE BAMB·2.4,8666662015770,visible,ARO ANILLOS,1,201577-1,https://img-eu-2.freex.es/img/071/1000039457/1024x1024/5fc6ab207181658829e88a6963e31422,
1000039458,BANDEJA DE BAMB·2.82,8666662015787,visible,ARO ANILLOS,1,201578,https://img-eu-2.freex.es/img/071/1000039458/1024x1024/2ef96cd087d16a59c984535ed539140d,
1000039459,BANDEJA DE BAMB·3.66,8666662015794,visible,ARO ANILLOS,1,201579,https://img-eu-2.freex.es/img/071/1000039459/1024x1024/1d2d03a7bedb6c53bf64280e0baf73eb,
1000043112,ASA PARA BOLSO,3.14,8666662018900,visible,ARO ANILLOS,1,201890,https://img-eu-2.freex.es/img/071/1000043112/1024x1024/183652b0e0eedb5e9d43f0917231b218
1000043115,ASA PARA BOLSO,5.61,8666662018931,visible,ARO ANILLOS,1,201893,https://img-eu-2.freex.es/img/071/1000043115/1024x1024/c3cd20651885869efe8af8f0437ad6d8
1000043319,ANILLO DE BAMBU PARA MANUALIDADES,1.35,8666662100230,visible,ARO ANILLOS,1,210023,https://img-eu-2.freex.es/img/071/1000043319/1024x1024/05208241254fd62786c98c81fa2781ec
1000043320,ANILLO DE BAMBU PARA MANUALIDADES,1.35,8666662100247,visible,ARO ANILLOS,1,210024,https://img-eu-2.freex.es/img/071/1000043320/1024x1024/461b3f52a60707e111d2b6462b1aac9a
1000043321,ANILLO DE BAMBU PARA MANUALIDADES,1.52,8666662100254,visible,ARO ANILLOS,1,210025,https://img-eu-2.freex.es/img/071/1000043321/1024x1024/08b0c5eec1d1a5bfaff9f8ecf61945a9
1000043322,ANILLO DE BAMBU PARA MANUALIDADES,1.52,8666662100261,visible,ARO ANILLOS,1,210026,https://img-eu-2.freex.es/img/071/1000043322/1024x1024/1ab11cb52590ef0cec291251e43a2a9a
1000043323,ANILLO DE BAMBU PARA MANUALIDADES,1.62,8666662100278,visible,ARO ANILLOS,1,210027,https://img-eu-2.freex.es/img/071/1000043323/1024x1024/4d281271bcc1f31b5b1657dafd3820f7
1000043324,ANILLO DE BAMBU PARA MANUALIDADES,1.62,8666662100285,visible,ARO ANILLOS,1,210028,https://img-eu-2.freex.es/img/071/1000043324/1024x1024/242197e20e8027ca8e29afa5bbb26045
1000043325,ANILLO DE BAMBU PARA MANUALIDADES,1.83,8666662100292,visible,ARO ANILLOS,1,210029,https://img-eu-2.freex.es/img/071/1000043325/1024x1024/863653419243740e13535688bc65057f
1000043326,ANILLO DE BAMBU PARA MANUALIDADES,1.83,8666662100308,visible,ARO ANILLOS,1,210030,https://img-eu-2.freex.es/img/071/1000043326/1024x1024/81066981ac75c16d72a871ccb13c6afa
1000034838,ARO DE PLASTICO 29141,0.57,866666201001,visible,ARO ANILLOS,1,201001,https://img-eu-2.freex.es/img/071/1000034838/1024x1024/657e7354b9ee57b936086be532bbd982
1000034839,ARO DE PLASTICO,0.72,866666201002,visible,ARO ANILLOS,1,201002,https://img-eu-2.freex.es/img/071/1000034839/1024x1024/7c52b3ad8589ba14fb75b95c65b93e07
1000015371,ARO DE PLASTICO,0.68,866666201003,visible,ARO ANILLOS,1,201003,https://img-eu-2.freex.es/img/071/1000015371/1024x1024/b8ef1c61b1241fb149fbbebc8f4c2112
1000034840,ARO DE PLASTICO,0.68,866666201004,visible,ARO ANILLOS,1,201004,https://img-eu-2.freex.es/img/071/1000034840/1024x1024/0207ff0e4d04ef2b3a5649206badf888
1000034841,ARO DE PLASTICO,0.72,866666201005,visible,ARO ANILLOS,1,201005,https://img-eu-2.freex.es/img/071/1000034841/1024x1024/6634dd3e60ef17d060efdbb9ddd38dee
1000034842,ARO DE PLASTICO,0.83,866666201006,visible,ARO ANILLOS,1,201006,https://img-eu-2.freex.es/img/071/1000034842/1024x1024/bdf72d76a5c88cdfb20fbfad37b3c87a
1000034843,ARO DE PLASTICO 29147,0.99,866666201007,visible,ARO ANILLOS,1,201007,https://img-eu-2.freex.es/img/071/1000034843/1024x1024/580b5662d376d9f6b6c2eb852d01e4f8
1000034844,ARO DE PLASTICO 29148,0.78,866666201008,visible,ARO ANILLOS,1,201008,https://img-eu-2.freex.es/img/071/1000034844/1024x1024/73a6a92b0d42476ec50c6d9be49481a9
1000034845,ARO DE PLASTICO 29149,0.87,866666201009,visible,ARO ANILLOS,1,201009,https://img-eu-2.freex.es/img/071/1000034845/1024x1024/5e4d275f1b2237069f52e52a1adbc8d1
1000015372,ARO DE PLASTICO 29150,0.93,866666201010,visible,ARO ANILLOS,1,201010,https://img-eu-2.freex.es/img/071/1000015372/1024x1024/998d8fb41a2f911382832c4502280f06
1000039072,ARO DE METALICO,0.43,866666201583,visible,ARO ANILLOS,1,201583,https://img-eu-2.freex.es/img/071/1000039072/1024x1024/76ae26b8576d440b64a00b00b7b481e6
1000026511,ARO DE METALICO,0.51,866666201584,visible,ARO ANILLOS,1,201584,https://img-eu-2.freex.es/img/071/1000026511/1024x1024/6afb2e8c4784143db0873d4f36ebe6cb
1000039073,ARO DE METALICO,0.53,866666201585,visible,ARO ANILLOS,1,201585,https://img-eu-2.freex.es/img/071/1000039073/1024x1024/a3fa3bef78902c848ca852ff6b1144c4
1000039074,ARO DE METALICO,0.55,866666201586,visible,ARO ANILLOS,1,201586,https://img-eu-2.freex.es/img/071/1000039074/1024x1024/fd8d0556a4e08c4d3bc87ce697c7ddc2
1000039075,ARO DE METALICO,0.6,866666201587,visible,ARO ANILLOS,1,201587,https://img-eu-2.freex.es/img/071/1000039075/1024x1024/a5a47f2761a14e1107794c2d55f7eec2
1000039076,ARO DE METALICO,0.72,866666201588,visible,ARO ANILLOS,1,201588,https://img-eu-2.freex.es/img/071/1000039076/1024x1024/2afc915d5f2385394b0fd669180066c4
1000039077,ARO DE METALICO,1.14,866666201589,visible,ARO ANILLOS,1,201589,https://img-eu-2.freex.es/img/071/1000039077/1024x1024/2d64503dd45cba182dccda256a87a27a
1000039078,ARO DE METALICO,1.14,866666201590,visible,ARO ANILLOS,1,201590,https://img-eu-2.freex.es/img/071/1000039078/1024x1024/c0324e023449c29a31d2aef0aa33dab7
1000026512,ARO DE METALICO,1.46,866666201591,visible,ARO ANILLOS,1,201591,https://img-eu-2.freex.es/img/071/1000026512/1024x1024/7955351a3f36708a49bd2b8da4fbc57d
1000039079,ANILLO DE METALICO CUADRADO,0.53,866666201592,visible,ARO ANILLOS,1,201592,https://img-eu-2.freex.es/img/071/1000039079/1024x1024/11191852cab6aaab3aa651876ce00eec
1000039080,ANILLO DE METALICO CUADRADO,0.68,866666201593,visible,ARO ANILLOS,1,201593,https://img-eu-2.freex.es/img/071/1000039080/1024x1024/448ce03a490db3556db79c5a46b01515
1000039081,ANILLO DE METALICO CUADRADO,0.93,866666201594,visible,ARO ANILLOS,1,201594,https://img-eu-2.freex.es/img/071/1000039081/1024x1024/bd004b662025a8ae05c33b92cf8438d4
1000039082,ANILLO DE METALICO CUADRADO,1.25,866666201595,visible,ARO ANILLOS,1,201595,https://img-eu-2.freex.es/img/071/1000039082/1024x1024/8e9c749896dac7b88a102e0f74df0f62
1000039083,ANILLO DE METALICO CUADRADO,1.46,866666201596,visible,ARO ANILLOS,1,201596,https://img-eu-2.freex.es/img/071/1000039083/1024x1024/be1a11220eff3d82f7d64326d9e2d7d8
1000039084,ANILLO DE METALICO CUADRADO,1.83,866666201597,visible,ARO ANILLOS,1,201597,https://img-eu-2.freex.es/img/071/1000039084/1024x1024/11578ff9f6fa8e95101abce01efbb372
1000039085,FORMA DE CORAZ? METAL,0.53,866666201598,visible,ARO ANILLOS,1,201598,https://img-eu-2.freex.es/img/071/1000039085/1024x1024/fdae8d0394b33a7bffa66e1520b29899
1000039086,FORMA DE CORAZ? METAL,0.66,866666201599,visible,ARO ANILLOS,1,201599,https://img-eu-2.freex.es/img/071/1000039086/1024x1024/3424ec2b142c8fa0af9f86523c20b5c2
1000039087,FORMA DE CORAZ? METAL,0.93,866666201600,visible,ARO ANILLOS,1,201600,https://img-eu-2.freex.es/img/071/1000039087/1024x1024/d90727524e1bf5f37a91617b8f9df34d
1000039088,FORMA ESTRELLA METAL,0.66,866666201601,visible,ARO ANILLOS,1,201601,https://img-eu-2.freex.es/img/071/1000039088/1024x1024/97610b9b48d207bff581a44fa5cdf88d
1000039089,FORMA ESTRELLA METAL,0.93,866666201602,visible,ARO ANILLOS,1,201602,https://img-eu-2.freex.es/img/071/1000039089/1024x1024/7da2fa179775e92986c490fcc7ae2db6
1000039090,FORMA ESTRELLA METAL,1.25,866666201603,visible,ARO ANILLOS,1,201603,https://img-eu-2.freex.es/img/071/1000039090/1024x1024/9daee161a77388d966ad7b0db57777bd
1000039091,FORMA TRIANGULAR METAL,0.66,866666201604,visible,ARO ANILLOS,1,201604,https://img-eu-2.freex.es/img/071/1000039091/1024x1024/d73c85bb0e80944c4b8b67d3a0180c7d
1000039092,FORMA TRIANGULAR METAL,0.93,866666201605,visible,ARO ANILLOS,1,201605,https://img-eu-2.freex.es/img/071/1000039092/1024x1024/f038cc05e718c676b1dc07ff34fbf8d2
1000039093,FORMA TRIANGULAR METAL,1.25,866666201606,visible,ARO ANILLOS,1,201606,https://img-eu-2.freex.es/img/071/1000039093/1024x1024/63d5a141147c2ae5340f37f3902d923b
1000026513,ARO DE METALICO,0.66,866666201607,visible,ARO ANILLOS,1,201607,https://img-eu-2.freex.es/img/071/1000026513/1024x1024/9a65dfb04737a9f8ca0d303c8bec9f41
1000039095,ARO DE METALICO,1.25,866666201609,visible,ARO ANILLOS,1,201609,https://img-eu-2.freex.es/img/071/1000039095/1024x1024/6733dd70628fb27b82222be45e1e1a96
1000040087,ACCESORIOE LLAVERO,0,,visible,ACCESORIOE LLAVERO,1,??_20240418145257,https://img-eu-2.freex.es/img/071/1000040087/1024x1024/0b31a41501df1530f927033ec098ab42
1000044544,PORTA TARJETA,0.45,8666662102210,visible,ACCESORIOE LLAVERO,1,210221,https://img-eu-2.freex.es/img/071/1000044544/1024x1024/39d1c3aa719b275d47b9546aa5adadab
1000044545,PORTA TARJETA,0.45,8666662102227,visible,ACCESORIOE LLAVERO,1,210222,https://img-eu-2.freex.es/img/071/1000044545/1024x1024/84c158eb089365d11d8997538fed5824
1000044546,PORTA TARJETA,0.45,8666662102234,visible,ACCESORIOE LLAVERO,1,210223,https://img-eu-2.freex.es/img/071/1000044546/1024x1024/f9170b2158770a6b3bb7bb50e0c782b8
1000044547,PORTA TARJETA,0.45,8666662102241,visible,ACCESORIOE LLAVERO,1,210224,https://img-eu-2.freex.es/img/071/1000044547/1024x1024/4a4a29478ecb917f9085186450444d31
1000044548,PORTA TARJETA,0.45,8666662102258,visible,ACCESORIOE LLAVERO,1,210225,https://img-eu-2.freex.es/img/071/1000044548/1024x1024/bc74d59ead67401e2171e7835b0c5d17
1000045804,PORTA TARJETA,0.43,8666662102265,visible,ACCESORIOE LLAVERO,1,210226,https://img-eu-2.freex.es/img/071/1000045804/1024x1024/62aac801d0d0ec2baa0afc83c95af991
1000045805,PORTA TARJETA,0.45,8666662102272,visible,ACCESORIOE LLAVERO,1,210227,https://img-eu-2.freex.es/img/071/1000045805/1024x1024/cbbdc8d565974377aa2687e8ad7e27bf
1000045806,PORTA TARJETA,0.47,8666662102289,visible,ACCESORIOE LLAVERO,1,210228,https://img-eu-2.freex.es/img/071/1000045806/1024x1024/1993ca901a4a523a71252a1a11d714da
1000031089,GAFAS DE GOMA,0.41,8666661921072,visible,ACCESORIOE LLAVERO,1,92107-1,https://img-eu-2.freex.es/img/071/1000031089/1024x1024/eaa1e0e79cc5ded699ad017af60edf33
1000031090,GAFAS DE GOMA,0.41,8666661921072,visible,ACCESORIOE LLAVERO,1,92107-2,https://img-eu-2.freex.es/img/071/1000031090/1024x1024/59e15cec9689c993bd688dee0f740bea
1000031091,GAFAS DE GOMA,0.41,8666661921072,visible,ACCESORIOE LLAVERO,1,92107-3,https://img-eu-2.freex.es/img/071/1000031091/1024x1024/9b0842a1f16405b304cda237bfd08f3f
1000031092,GAFAS DE GOMA,0.41,8666661921072,visible,ACCESORIOE LLAVERO,1,92107-4,https://img-eu-2.freex.es/img/071/1000031092/1024x1024/2f21c2faa14268b59481844dfb987e21
1000040050,LLAVERO ESTRELLA,0.41,866666201651,visible,ACCESORIOE LLAVERO,1,201651,https://img-eu-2.freex.es/img/071/1000040050/1024x1024/4bff8658997b89d4ce702c8398819f02
1000040051,LLAVERO ESTRELLA,0.41,866666201653,visible,ACCESORIOE LLAVERO,1,201653,https://img-eu-2.freex.es/img/071/1000040051/1024x1024/ad38accd2eb671bfee2f3fa99e150055
1000040052,LLAVERO CORAZON,0.41,866666201654,visible,ACCESORIOE LLAVERO,1,201654,https://img-eu-2.freex.es/img/071/1000040052/1024x1024/65ed70ea47ad002b80cbe44361ed154f
1000040053,LLAVERO CORAZON,0.41,866666201655,visible,ACCESORIOE LLAVERO,1,201655,https://img-eu-2.freex.es/img/071/1000040053/1024x1024/154f7d02e318b09109178870cd6b0ddb
1000040054,LLAVERO CORAZON,0.41,866666201656,visible,ACCESORIOE LLAVERO,1,201656,https://img-eu-2.freex.es/img/071/1000040054/1024x1024/00555ca1dd9d236760d20a0a882b9a55
1000036844,ANILLO DE LLAVERO,0.41,866666201011,visible,ACCESORIOE LLAVERO,1,201011,https://img-eu-2.freex.es/img/071/1000036844/1024x1024/1af50b24972f1784c0cbee97f796815c
1000036846,ANILLO DE LLAVERO,0.41,866666201014,visible,ACCESORIOE LLAVERO,1,201014,https://img-eu-2.freex.es/img/071/1000036846/1024x1024/3c6386bf0fcfac75a467f6b7c6bbb55d
1000036847,ANILLO DE LLAVERO,0.41,866666201015,visible,ACCESORIOE LLAVERO,1,201015,https://img-eu-2.freex.es/img/071/1000036847/1024x1024/1b2582381a4d3babf279dcbd48c82070
1000036848,ANILLO DE LLAVERO,0.41,866666201016,visible,ACCESORIOE LLAVERO,1,201016,https://img-eu-2.freex.es/img/071/1000036848/1024x1024/13e30f1565bbca70aca8bdd556b6b9f7
1000036849,ANILLO DE LLAVERO,0.41,866666201017,visible,ACCESORIOE LLAVERO,1,201017,https://img-eu-2.freex.es/img/071/1000036849/1024x1024/21e38a4aae4a787cd5c7bd66910151fb
1000036850,ANILLO DE LLAVERO,0.41,866666201018,visible,ACCESORIOE LLAVERO,1,201018,https://img-eu-2.freex.es/img/071/1000036850/1024x1024/b8168b2d0e08c4fc3a41c9b721cc853c
1000036851,ANILLO DE LLAVERO,0.41,866666201019,visible,ACCESORIOE LLAVERO,1,201019,https://img-eu-2.freex.es/img/071/1000036851/1024x1024/3319c0a2c3e3ac2401cf2d864f5a6d92
1000036852,ANILLO DE LLAVERO,0.41,866666201020,visible,ACCESORIOE LLAVERO,1,201020,https://img-eu-2.freex.es/img/071/1000036852/1024x1024/e9acb252f4f791cf44b613ff597b911e
1000036853,ANILLO DE LLAVERO,0.41,866666201021,visible,ACCESORIOE LLAVERO,1,201021,https://img-eu-2.freex.es/img/071/1000036853/1024x1024/535c3b624810209361fcad56760ba69f
1000037254,ANILLO DE LLAVERO,0.41,8666662010225,visible,ACCESORIOE LLAVERO,1,201022,https://img-eu-2.freex.es/img/071/1000037254/1024x1024/c171bdf2aced33fa4f27273d13ca7446
1000037255,ANILLO DE LLAVERO,0.41,8666662010232,visible,ACCESORIOE LLAVERO,1,201023,https://img-eu-2.freex.es/img/071/1000037255/1024x1024/30951f71b745407001b867fb9ddc8fb1
1000036854,ANILLO DE LLAVERO,0.41,866666201024,visible,ACCESORIOE LLAVERO,1,201024,https://img-eu-2.freex.es/img/071/1000036854/1024x1024/f7bdbe0b5d8c3528117451968f4acbd4
1000037256,ANILLO DE LLAVERO,0.41,8666662010256,visible,ACCESORIOE LLAVERO,1,201025,https://img-eu-2.freex.es/img/071/1000037256/1024x1024/119b150e58bf4341f383abb9c1a0facd
1000037257,LLAVERO CON LA CADENA,0.47,8666662010263,visible,ACCESORIOE LLAVERO,1,201026,https://img-eu-2.freex.es/img/071/1000037257/1024x1024/230c3200d300241e55392be23234638b
1000037258,LLAVERO CON LA CADENA,0.47,8666662010287,visible,ACCESORIOE LLAVERO,1,201028,https://img-eu-2.freex.es/img/071/1000037258/1024x1024/607a12f753c26469e82821a13766cd61
1000037259,LLAVERO CON LA CADENA,0.47,8666662010294,visible,ACCESORIOE LLAVERO,1,201029,https://img-eu-2.freex.es/img/071/1000037259/1024x1024/0084ffd667112b1992665cb69e5c255a
1000037260,LLAVERO CON LA CADENA,0.47,8666662010317,visible,ACCESORIOE LLAVERO,1,201031,https://img-eu-2.freex.es/img/071/1000037260/1024x1024/e6555b6f7d9a244af7a4f728fd6fa46b
1000019886,LLAVERO CON LA CADENA,0.47,8666662010324,visible,ACCESORIOE LLAVERO,1,201032,https://img-eu-2.freex.es/img/071/1000019886/1024x1024/c7e27f3de74a4b20faed711da0389ffe
1000015374,ALCACHOFA DE DUCHA CROMADA,0.47,8666662010348,visible,ACCESORIOE LLAVERO,1,201034,https://img-eu-2.freex.es/img/071/1000015374/1024x1024/9af53940646c9b785063dea0f9342e5b
1000037263,LLAVERO CON LA CADENA,0.47,8666662010379,visible,ACCESORIOE LLAVERO,1,201037,https://img-eu-2.freex.es/img/071/1000037263/1024x1024/2d0293efd9bc8d958bff0a76aea3b494
1000037264,LLAVERO CON LA CADENA,0.47,8666662010386,visible,ACCESORIOE LLAVERO,1,201038,https://img-eu-2.freex.es/img/071/1000037264/1024x1024/872347844fab5eb5316f7dd9fd01032f
1000037265,LLAVERO CON LA CADENA,0.47,8666662010393,visible,ACCESORIOE LLAVERO,1,201039,https://img-eu-2.freex.es/img/071/1000037265/1024x1024/3b71c750625895630c4a8114da38128d
1000037266,LLAVERO CON LA CADENA,0.47,8666662010409,visible,ACCESORIOE LLAVERO,1,201040,https://img-eu-2.freex.es/img/071/1000037266/1024x1024/954021e72d5e6e57c573c0ba28ca3ef8
1000015375,LLAVERO CON LA CADENA,0.47,866666201041,visible,ACCESORIOE LLAVERO,1,201041,https://img-eu-2.freex.es/img/071/1000015375/1024x1024/922266b0c4dd4d9161e346acc487c30c
1000036858,LLAVERO CON LA CADENA,0.47,866666201042,visible,ACCESORIOE LLAVERO,1,201042,https://img-eu-2.freex.es/img/071/1000036858/1024x1024/cccf62505385475fe5168642c161c1a4
1000036859,LLAVERO CON LA CADENA,0.47,866666201043,visible,ACCESORIOE LLAVERO,1,201043,https://img-eu-2.freex.es/img/071/1000036859/1024x1024/eaea6cb8d7c46f8c2481569c572201e6
1000036860,LLAVERO CON LA CADENA,0.47,866666201044,visible,ACCESORIOE LLAVERO,1,201044,https://img-eu-2.freex.es/img/071/1000036860/1024x1024/9d722a6ddfd1f4a70f0ce820c4cebbb0
1000036861,LLAVERO CON LA CADENA,0.47,866666201045,visible,ACCESORIOE LLAVERO,1,201045,https://img-eu-2.freex.es/img/071/1000036861/1024x1024/37e91ecf13d0a0acde20bed2d7dcc258
1000036862,LLAVERO CON LA CADENA,0.47,866666201046,visible,ACCESORIOE LLAVERO,1,201046,https://img-eu-2.freex.es/img/071/1000036862/1024x1024/7129b0ea19048d34accf61ea042cb3ed
1000036863,ANILLO DE LLAVERO,0.41,866666201047,visible,ACCESORIOE LLAVERO,1,201047,https://img-eu-2.freex.es/img/071/1000036863/1024x1024/1035471115d3dc3bf2f3e6c285763181
1000036864,ANILLO DE LLAVERO,0.41,866666201048,visible,ACCESORIOE LLAVERO,1,201048,https://img-eu-2.freex.es/img/071/1000036864/1024x1024/25fd2cc3f31fc9a746160e2f8d3907b7
1000036865,ANILLO DE LLAVERO,0.41,866666201049,visible,ACCESORIOE LLAVERO,1,201049,https://img-eu-2.freex.es/img/071/1000036865/1024x1024/9f17c500edbd990fa0cd6179f17cccfc
1000036866,ANILLO DE LLAVERO,0.41,866666201050,visible,ACCESORIOE LLAVERO,1,201050,https://img-eu-2.freex.es/img/071/1000036866/1024x1024/4921e96b1431e28d94ac0da1f927fabd
1000036867,ANILLO DE LLAVERO,0.41,866666201051,visible,ACCESORIOE LLAVERO,1,201051,https://img-eu-2.freex.es/img/071/1000036867/1024x1024/59eb2bf83d34aab9ef5a7b56440a10ef
1000036868,ANILLO DE LLAVERO,0.41,866666201052,visible,ACCESORIOE LLAVERO,1,201052,https://img-eu-2.freex.es/img/071/1000036868/1024x1024/40023d0c32ca9779c38641e073776b67
1000036869,ANILLO DE LLAVERO,0.49,866666201053,visible,ACCESORIOE LLAVERO,1,201053,https://img-eu-2.freex.es/img/071/1000036869/1024x1024/383c2b42f062a747b17916270e7c5ed8
1000036870,ANILLO DE LLAVERO,0.49,866666201054,visible,ACCESORIOE LLAVERO,1,201054,https://img-eu-2.freex.es/img/071/1000036870/1024x1024/c87b846af92693b22f2da051e0de77c9
1000036871,ANILLO DE LLAVERO ,0.49,8666662010553,visible,ACCESORIOE LLAVERO,1,201055,https://img-eu-2.freex.es/img/071/1000036871/1024x1024/a0961c7e8730f28a52b14659de860627
1000036872,ANILLO DE LLAVERO,0.49,866666201056,visible,ACCESORIOE LLAVERO,1,201056,https://img-eu-2.freex.es/img/071/1000036872/1024x1024/2df1c6830d2f4a3ffc494dc6b5ef6e64
1000036873,ANILLO DE LLAVERO,0.49,866666201057,visible,ACCESORIOE LLAVERO,1,201057,https://img-eu-2.freex.es/img/071/1000036873/1024x1024/5985d50852d48b729f2fc789ef7d3f69
1000015376,ANILLO DE LLAVERO,0.49,866666201058,visible,ACCESORIOE LLAVERO,1,201058,https://img-eu-2.freex.es/img/071/1000015376/1024x1024/3c94b5d351da663b82f6fa896fea7eaf
1000036874,ANILLO DE LLAVERO,0.49,866666201059,visible,ACCESORIOE LLAVERO,1,201059,https://img-eu-2.freex.es/img/071/1000036874/1024x1024/967da38bc5b5925ab5e74496ed8309fe
1000036876,ANILLO DE LLAVERO,0.49,866666201061,visible,ACCESORIOE LLAVERO,1,201061,https://img-eu-2.freex.es/img/071/1000036876/1024x1024/94cc4a82cfc31827bccca7e784392196
1000036877,ANILLO DE LLAVERO,0.49,866666201062,visible,ACCESORIOE LLAVERO,1,201062,https://img-eu-2.freex.es/img/071/1000036877/1024x1024/9c44e6722bb3f3ea9d8611474ba4cc36
1000036878,ANILLO DE LLAVERO,0.49,866666201063,visible,ACCESORIOE LLAVERO,1,201063,https://img-eu-2.freex.es/img/071/1000036878/1024x1024/e18329b7bb0a569b16bc987e7e339989
1000036879,ANILLO DE LLAVERO,0.49,866666201064,visible,ACCESORIOE LLAVERO,1,201064,https://img-eu-2.freex.es/img/071/1000036879/1024x1024/17375660a2b5924ee0d814a87ef754f3
1000015635,ANILLO DE LLAVERO,0.49,866666201065,visible,ACCESORIOE LLAVERO,1,201065,https://img-eu-2.freex.es/img/071/1000015635/1024x1024/d29117299da9027588bcea5808889b15
1000036880,ANILLO DE LLAVERO,0.49,866666201066,visible,ACCESORIOE LLAVERO,1,201066,https://img-eu-2.freex.es/img/071/1000036880/1024x1024/bbfc77b9e337d7916696bcfcc85cabb8
1000036881,ANILLO DE LLAVERO,0.49,866666201067,visible,ACCESORIOE LLAVERO,1,201067,https://img-eu-2.freex.es/img/071/1000036881/1024x1024/7f9cac62e2444cce2bb584f114a46989
1000036882,ANILLO DE LLAVERO,0.49,866666201068,visible,ACCESORIOE LLAVERO,1,201068,https://img-eu-2.freex.es/img/071/1000036882/1024x1024/2a3d88adab8be54e4421cedc02fc12b2
1000036883,ANILLO DE LLAVERO,0.49,866666201069,visible,ACCESORIOE LLAVERO,1,201069,https://img-eu-2.freex.es/img/071/1000036883/1024x1024/5e3ce79cac6e81e02d668f3e27745837
1000036884,ANILLO DE LLAVERO,0.49,866666201070,visible,ACCESORIOE LLAVERO,1,201070,https://img-eu-2.freex.es/img/071/1000036884/1024x1024/5fcfab12ce9469172dac96a3db851937
1000015377,ANILLO DE LLAVERO,0.55,866666201072,visible,ACCESORIOE LLAVERO,1,201072,https://img-eu-2.freex.es/img/071/1000015377/1024x1024/e22f319b2916d3f18bd19bf117011535
1000036887,ANILLO DE LLAVERO,0.49,866666201074,visible,ACCESORIOE LLAVERO,1,201074,https://img-eu-2.freex.es/img/071/1000036887/1024x1024/4a81bb03abc8421523295376b1458b9e
1000036888,ANILLO DE LLAVERO,0.49,866666201075,visible,ACCESORIOE LLAVERO,1,201075,https://img-eu-2.freex.es/img/071/1000036888/1024x1024/0bb03a0e1ca4998e0bc0c7fe8f54660c
1000036889,ANILLO DE LLAVERO,0.49,866666201076,visible,ACCESORIOE LLAVERO,1,201076,https://img-eu-2.freex.es/img/071/1000036889/1024x1024/aafc80da4fbc2e1343416a384fd1d435
1000036890,ANILLO DE LLAVERO,0.55,866666201077,visible,ACCESORIOE LLAVERO,1,201077,https://img-eu-2.freex.es/img/071/1000036890/1024x1024/ec17e3403366d0ed5dc8f6d7992baf3a
1000036891,ANILLO DE LLAVERO,0.55,866666201078,visible,ACCESORIOE LLAVERO,1,201078,https://img-eu-2.freex.es/img/071/1000036891/1024x1024/633e98ec5ffd74f00dd73ce3456c46f0
1000036892,ANILLO DE LLAVERO,0.55,866666201079,visible,ACCESORIOE LLAVERO,1,201079,https://img-eu-2.freex.es/img/071/1000036892/1024x1024/746a24ec9b366028c8b6a4da960e4a43
1000036893,ANILLO DE LLAVERO,0.6,866666201080,visible,ACCESORIOE LLAVERO,1,201080,https://img-eu-2.freex.es/img/071/1000036893/1024x1024/94bfb0b0acf1f61000faad348eb86653
1000036894,ANILLO DE LLAVERO,0.6,866666201081,visible,ACCESORIOE LLAVERO,1,201081,https://img-eu-2.freex.es/img/071/1000036894/1024x1024/9c88d6a167ad92df80b8b1e767ed47e9
1000036896,ANILLO DE LLAVERO,0.47,866666201083,visible,ACCESORIOE LLAVERO,1,201083,https://img-eu-2.freex.es/img/071/1000036896/1024x1024/b29a749a118b6449f33ed9b03415230b
1000036897,ANILLO DE LLAVERO,0.47,866666201084,visible,ACCESORIOE LLAVERO,1,201084,https://img-eu-2.freex.es/img/071/1000036897/1024x1024/0bfc8b23675b8dabbc584204c8ea4045
1000036898,ANILLO DE LLAVERO,0.47,866666201085,visible,ACCESORIOE LLAVERO,1,201085,https://img-eu-2.freex.es/img/071/1000036898/1024x1024/c35bea572362daf0fa6be15cfc56cc89
1000036899,ANILLO DE LLAVERO,0.47,866666201086,visible,ACCESORIOE LLAVERO,1,201086,https://img-eu-2.freex.es/img/071/1000036899/1024x1024/991e4cc31f9c0510c43e80cb53762ced
1000036901,ANILLO DE LLAVERO,0.47,866666201088,visible,ACCESORIOE LLAVERO,1,201088,https://img-eu-2.freex.es/img/071/1000036901/1024x1024/3f328af15085ef01a93a2583f195a102
1000015378,ANILLO DE LLAVERO,0.49,866666201089,visible,ACCESORIOE LLAVERO,1,201089,https://img-eu-2.freex.es/img/071/1000015378/1024x1024/34a15225a0d1bcc8f661a922d16989df
1000036902,ANILLO DE LLAVERO,0.49,866666201090,visible,ACCESORIOE LLAVERO,1,201090,https://img-eu-2.freex.es/img/071/1000036902/1024x1024/ff4a0efe420b4cdbd5d873d03d575ebd
1000036903,ANILLO DE LLAVERO,0.49,866666201091,visible,ACCESORIOE LLAVERO,1,201091,https://img-eu-2.freex.es/img/071/1000036903/1024x1024/fb8d6ef36e64e95e56f970ccddcd5adc
1000036904,ANILLO DE LLAVERO,0.45,866666201092,visible,ACCESORIOE LLAVERO,1,201092,https://img-eu-2.freex.es/img/071/1000036904/1024x1024/6fb53ed4b02e2674d01ff71a2d173239
1000036905,ANILLO DE LLAVERO,0.45,866666201093,visible,ACCESORIOE LLAVERO,1,201093,https://img-eu-2.freex.es/img/071/1000036905/1024x1024/ad21036a91d548a3de688955a353c092
1000036906,ANILLO DE LLAVERO,0.45,866666201094,visible,ACCESORIOE LLAVERO,1,201094,https://img-eu-2.freex.es/img/071/1000036906/1024x1024/0249ce9bac6ba215be617f07414abea1
1000036907,ANILLO DE LLAVERO,0.45,866666201095,visible,ACCESORIOE LLAVERO,1,201095,https://img-eu-2.freex.es/img/071/1000036907/1024x1024/c9a464aa2f6d61837cb1269d571cd006
1000015379,ANILLO DE LLAVERO,0.45,866666201096,visible,ACCESORIOE LLAVERO,1,201096,https://img-eu-2.freex.es/img/071/1000015379/1024x1024/15da818b84210227f4b568a3dc21e2bc
1000036909,ANILLO SALTO ABIERTOS,0.45,866666201097,visible,ACCESORIOE LLAVERO,1,201097,https://img-eu-2.freex.es/img/071/1000036909/1024x1024/de6f4da8ced1e7bac5178d6b9cbdb394
1000036910,ANILLO DE LLAVERO,0.45,866666201098,visible,ACCESORIOE LLAVERO,1,201098,https://img-eu-2.freex.es/img/071/1000036910/1024x1024/1fd218fa2dee0933b417c2229864d2e7
1000036911,ANILLO DE LLAVERO,0.45,866666201099,visible,ACCESORIOE LLAVERO,1,201099,https://img-eu-2.freex.es/img/071/1000036911/1024x1024/3ea078bd9ee25897841e4209f2e69cc6
1000036912,ANILLO DE LLAVERO,0.41,866666201100,visible,ACCESORIOE LLAVERO,1,201100,https://img-eu-2.freex.es/img/071/1000036912/1024x1024/92b7713ac7f30a0cda18a6155515d90f
1000036913,ANILLO DE LLAVERO,0.41,866666201101,visible,ACCESORIOE LLAVERO,1,201101,https://img-eu-2.freex.es/img/071/1000036913/1024x1024/a580bed44552f9bbc0a32769cf30964f
1000015380,ANILLO DE LLAVERO,0.47,866666201102,visible,ACCESORIOE LLAVERO,1,201102,https://img-eu-2.freex.es/img/071/1000015380/1024x1024/83a8574eb7bb1d25226541a258e492e4
1000036914,ANILLO DE LLAVERO,0.47,866666201103,visible,ACCESORIOE LLAVERO,1,201103,https://img-eu-2.freex.es/img/071/1000036914/1024x1024/e1b71308f7923965085fcbefb2bcc171
1000004289,MOSQUETON CONBRUJA,0.51,8666661060917,visible,ACCESORIOE LLAVERO,1,06091,https://img-eu-2.freex.es/img/071/1000004289/1024x1024/c722e33fe45fc55ba436cd5d8f081895
1000004290,MOSQUETON CONBRUJA,0.51,06090,visible,ACCESORIOE LLAVERO,1,06090,https://img-eu-2.freex.es/img/071/1000004290/1024x1024/34a211048d2dba922e50fbfbc3bc820a
1000036915,CIERRES DE LANGOSTA,0.47,866666201104,visible,ACCESORIOE LLAVERO,1,201104,https://img-eu-2.freex.es/img/071/1000036915/1024x1024/38a0e5db7ae41cd28d497ea8f029c826
1000036916,CIERRES DE LANGOSTA,0.47,866666201105,visible,ACCESORIOE LLAVERO,1,201105,https://img-eu-2.freex.es/img/071/1000036916/1024x1024/8bfb2e88f82e7b9ce9dbdea24a5d2e04
1000036917,CIERRES DE LANGOSTA,0.47,866666201106,visible,ACCESORIOE LLAVERO,1,201106,https://img-eu-2.freex.es/img/071/1000036917/1024x1024/dc25b7f2b15d1628609008955a4d45bb
1000036918,CIERRES DE LANGOSTA,0.47,866666201107,visible,ACCESORIOE LLAVERO,1,201107,https://img-eu-2.freex.es/img/071/1000036918/1024x1024/f2ddea57731faa85c3552add1b017a85
1000036919,CIERRES DE LANGOSTA,0.47,866666201108,visible,ACCESORIOE LLAVERO,1,201108,https://img-eu-2.freex.es/img/071/1000036919/1024x1024/53e7887f35d6e998fbead2fbd4a15840
1000036920,CIERRES DE LANGOSTA,0.47,866666201109,visible,ACCESORIOE LLAVERO,1,201109,https://img-eu-2.freex.es/img/071/1000036920/1024x1024/a063e1353500672289d7f70f9d236464
1000036921,CIERRES DE LANGOSTA,0.47,866666201110,visible,ACCESORIOE LLAVERO,1,201110,https://img-eu-2.freex.es/img/071/1000036921/1024x1024/ab6779cb462c173bf86a0702c4b9f885
1000036922,CIERRES DE LANGOSTA,0.47,866666201111,visible,ACCESORIOE LLAVERO,1,201111,https://img-eu-2.freex.es/img/071/1000036922/1024x1024/a859527418ed9c441329f644a44c23ff
1000036923,CIERRES DE LANGOSTA,0.47,866666201112,visible,ACCESORIOE LLAVERO,1,201112,https://img-eu-2.freex.es/img/071/1000036923/1024x1024/7063f518c3d513e17829e31dcf945fd6
1000036924,CIERRES DE LANGOSTA,0.47,866666201113,visible,ACCESORIOE LLAVERO,1,201113,https://img-eu-2.freex.es/img/071/1000036924/1024x1024/50ec9546bd83b20f622e895afd398066
1000036925,CIERRES DE LANGOSTA,0.47,866666201114,visible,ACCESORIOE LLAVERO,1,201114,https://img-eu-2.freex.es/img/071/1000036925/1024x1024/b46b2b5b364af72b51336ac3b22d3370
1000036926,CIERRES DE LANGOSTA,0.47,866666201115,visible,ACCESORIOE LLAVERO,1,201115,https://img-eu-2.freex.es/img/071/1000036926/1024x1024/c89795d99d780c84b7dfbbceb0b1ee6f
1000036927,CIERRES DE LANGOSTA,0.47,866666201116,visible,ACCESORIOE LLAVERO,1,201116,https://img-eu-2.freex.es/img/071/1000036927/1024x1024/7dce5060b223d19acba91644d376e7d4
1000036928,CIERRES DE LANGOSTA,0.47,866666201117,visible,ACCESORIOE LLAVERO,1,201117,https://img-eu-2.freex.es/img/071/1000036928/1024x1024/13ee1f4d6593b676fdcd1bf744bb546c
1000036929,CIERRES DE LANGOSTA,0.47,866666201118,visible,ACCESORIOE LLAVERO,1,201118,https://img-eu-2.freex.es/img/071/1000036929/1024x1024/ca8cf1f7d64dfc1c9e44f99636110b50
1000015381,CIERRES DE LANGOSTA,0.47,866666201119,visible,ACCESORIOE LLAVERO,1,201119,https://img-eu-2.freex.es/img/071/1000015381/1024x1024/8bbd1e2f26df9847ff8c686f2684aeca
1000036930,CIERRES DE LANGOSTA,0.47,866666201120,visible,ACCESORIOE LLAVERO,1,201120,https://img-eu-2.freex.es/img/071/1000036930/1024x1024/aca35d5e2b2235f37cd6acf7e14ee130
1000036931,CIERRES DE LANGOSTA,0.47,866666201121,visible,ACCESORIOE LLAVERO,1,201121,https://img-eu-2.freex.es/img/071/1000036931/1024x1024/c1e79e41867f707899ac0c12790e53c4
1000034715,ACCESORIOS PARE MANUALIDADES,0.47,866666200110,visible,ACCESORIOE LLAVERO,1,200110,https://img-eu-2.freex.es/img/071/1000034715/1024x1024/d94bbabf25dc10ebdd5b6b4108fd0f3a
1000034716,ACCESORIOS PARE MANUALIDADES,0.47,866666200111,visible,ACCESORIOE LLAVERO,1,200111,https://img-eu-2.freex.es/img/071/1000034716/1024x1024/8f92aad9032ba2fdf8f1faf5ed869242
1000034717,ACCESORIOS PARE MANUALIDADES,0.47,866666200112,visible,ACCESORIOE LLAVERO,1,200112,https://img-eu-2.freex.es/img/071/1000034717/1024x1024/817239818116ebf67c56e0a5f39caf49
1000034718,ACCESORIOS PARE MANUALIDADES,0.47,866666200113,visible,ACCESORIOE LLAVERO,1,200113,https://img-eu-2.freex.es/img/071/1000034718/1024x1024/19276059001aa965446aa341a5627920
1000034719,ACCESORIOS PARE MANUALIDADES,0.47,866666200114,visible,ACCESORIOE LLAVERO,1,200114,https://img-eu-2.freex.es/img/071/1000034719/1024x1024/4b72d329d9b2dc87b0cb99f2bdfd319c
1000034720,ACCESORIOS PARE MANUALIDADES,0.47,866666200115,visible,ACCESORIOE LLAVERO,1,200115,https://img-eu-2.freex.es/img/071/1000034720/1024x1024/f6897288bd4653a4baa93ffa66f93ceb
1000034721,ACCESORIOS PARE MANUALIDADES,0.47,866666200116,visible,ACCESORIOE LLAVERO,1,200116,https://img-eu-2.freex.es/img/071/1000034721/1024x1024/685c301f9149da5395ab070338cba05d
1000034722,ACCESORIOS PARE MANUALIDADES,0.47,866666200117,visible,ACCESORIOE LLAVERO,1,200117,https://img-eu-2.freex.es/img/071/1000034722/1024x1024/fa1665eba1e51fa8f92bd91189abd46b
1000034723,ACCESORIOS PARE MANUALIDADES,0.47,866666200118,visible,ACCESORIOE LLAVERO,1,200118,https://img-eu-2.freex.es/img/071/1000034723/1024x1024/3a9eba06f2ecb1e41f50642fdb793218
1000034724,ACCESORIOS PARE MANUALIDADES,0.47,866666200119,visible,ACCESORIOE LLAVERO,1,200119,https://img-eu-2.freex.es/img/071/1000034724/1024x1024/8e6fda9765f42671af8ec9980c44f37f
1000034725,ACCESORIOS PARE MANUALIDADES,0.47,866666200120,visible,ACCESORIOE LLAVERO,1,200120,https://img-eu-2.freex.es/img/071/1000034725/1024x1024/c314551f1c88777fff5a2d2179623b23
1000034726,ACCESORIOS PARE MANUALIDADES,0.47,866666200121,visible,ACCESORIOE LLAVERO,1,200121,https://img-eu-2.freex.es/img/071/1000034726/1024x1024/1288973ec760627a2854e88536770d6d
1000034728,ACCESORIOS PARE MANUALIDADES,0.47,866666200123,visible,ACCESORIOE LLAVERO,1,200123,https://img-eu-2.freex.es/img/071/1000034728/1024x1024/0712b35f8a94fa424955b38cba8cd5a7
1000034729,ACCESORIOS PARE MANUALIDADES,0.47,866666200124,visible,ACCESORIOE LLAVERO,1,200124,https://img-eu-2.freex.es/img/071/1000034729/1024x1024/80bd066542fbf96be733ea311411528b
1000034730,ACCESORIOS PARE MANUALIDADES,0.47,866666200125,visible,ACCESORIOE LLAVERO,1,200125,https://img-eu-2.freex.es/img/071/1000034730/1024x1024/f5ffdbe2070088ad6aea46e40ea4a476
1000034731,ACCESORIOS PARE MANUALIDADES,0.47,866666200126,visible,ACCESORIOE LLAVERO,1,200126,https://img-eu-2.freex.es/img/071/1000034731/1024x1024/1001b01442a83c10c057cdd7a9b9dd20
1000034732,ACCESORIOS PARE MANUALIDADES,0.47,866666200127,visible,ACCESORIOE LLAVERO,1,200127,https://img-eu-2.freex.es/img/071/1000034732/1024x1024/01136201d43f3ebe07b9af812d86bbc9
1000034733,ACCESORIOS PARE MANUALIDADES,0.47,866666200128,visible,ACCESORIOE LLAVERO,1,200128,https://img-eu-2.freex.es/img/071/1000034733/1024x1024/cc45c08de0a8421f912ba8aa1694f2fc
1000034734,ACCESORIOS PARE MANUALIDADES,0.47,866666200129,visible,ACCESORIOE LLAVERO,1,200129,https://img-eu-2.freex.es/img/071/1000034734/1024x1024/b4b2f7ecefe9c7fe4e3d2d12a01d75a4
1000034735,ACCESORIOS PARE MANUALIDADES,0.47,866666200130,visible,ACCESORIOE LLAVERO,1,200130,https://img-eu-2.freex.es/img/071/1000034735/1024x1024/cc3194a976b33a7a1fb5ca02faded176
1000034736,ACCESORIOS PARE MANUALIDADES,0.47,866666200131,visible,ACCESORIOE LLAVERO,1,200131,https://img-eu-2.freex.es/img/071/1000034736/1024x1024/805bd279c0e57028a1613a616ec20a5d
1000034737,ACCESORIOS PARE MANUALIDADES,0.47,866666200132,visible,ACCESORIOE LLAVERO,1,200132,https://img-eu-2.freex.es/img/071/1000034737/1024x1024/3fc984070842ad832f3fe537258bb237
1000034738,ACCESORIOS PARE MANUALIDADES,0.47,866666200133,visible,ACCESORIOE LLAVERO,1,200133,https://img-eu-2.freex.es/img/071/1000034738/1024x1024/f9a61759fa9826042d1e33619dc4b926
1000034739,ACCESORIOS PARE MANUALIDADES,0.47,866666200134,visible,ACCESORIOE LLAVERO,1,200134,https://img-eu-2.freex.es/img/071/1000034739/1024x1024/f7e98a8d02902adaa368333f5ef43a0b
1000034740,ACCESORIOS PARA MANUALIDADES,0.47,866666200135,visible,ACCESORIOE LLAVERO,1,200135,https://img-eu-2.freex.es/img/071/1000034740/1024x1024/daeebd21231ff95450793fc02d4429ef
1000034741,ACCESORIOS PARE MANUALIDADES,0.47,866666200136,visible,ACCESORIOE LLAVERO,1,200136,https://img-eu-2.freex.es/img/071/1000034741/1024x1024/33fcd62689cf7501abb526bd0a23dafc
1000034742,ACCESORIOS PARE MANUALIDADES,0.47,866666200137,visible,ACCESORIOE LLAVERO,1,200137,https://img-eu-2.freex.es/img/071/1000034742/1024x1024/8865437a5857d961a59f6282d2b2a89b
1000034743,ACCESORIOS PARE MANUALIDADES,0.47,866666200138,visible,ACCESORIOE LLAVERO,1,200138,https://img-eu-2.freex.es/img/071/1000034743/1024x1024/a869435659c33c8ebcfdf55f9eddffe1
1000034744,ACCESORIOS PARE MANUALIDADES,0.47,866666200139,visible,ACCESORIOE LLAVERO,1,200139,https://img-eu-2.freex.es/img/071/1000034744/1024x1024/6c643a34a996259eb58e94b59f460fe3
1000034745,ACCESORIOS PARA MANUALIDADES,0.47,866666200140,visible,ACCESORIOE LLAVERO,1,200140,https://img-eu-2.freex.es/img/071/1000034745/1024x1024/78b6e5db74ee6893d48ca02c553c8f9c
1000034746,ACCESORIOS PARA MANUALIDADES,0.47,866666200141,visible,ACCESORIOE LLAVERO,1,200141,https://img-eu-2.freex.es/img/071/1000034746/1024x1024/c139f9c8d6a41486b735629885686017
1000034747,ACCESORIOS PARA MANUALIDADES,0.47,866666200142,visible,ACCESORIOE LLAVERO,1,200142,https://img-eu-2.freex.es/img/071/1000034747/1024x1024/4dfe7481b19ce2cd2a0588c6983f5a71
1000034748,ACCESORIOS PARA MANUALIDADES,0.47,866666200143,visible,ACCESORIOE LLAVERO,1,200143,https://img-eu-2.freex.es/img/071/1000034748/1024x1024/754409957a361bdd4438b880e1486e44
1000034749,ACCESORIOS PARA MANUALIDADES,0.47,866666200144,visible,ACCESORIOE LLAVERO,1,200144,https://img-eu-2.freex.es/img/071/1000034749/1024x1024/eb456f0643e13d8e1b4198b7403e01d0
1000034750,ACCESORIOS PARA MANUALIDADES,0.47,866666200145,visible,ACCESORIOE LLAVERO,1,200145,https://img-eu-2.freex.es/img/071/1000034750/1024x1024/e3b4f36bc4799e3eb789b352838e25fe
1000034751,ACCESORIOS PARA MANUALIDADES,0.47,866666200146,visible,ACCESORIOE LLAVERO,1,200146,https://img-eu-2.freex.es/img/071/1000034751/1024x1024/d8a1f25bdf4913c533e0f3f9c575e87d
1000034752,ACCESORIOS PARA MANUALIDADES,0.47,866666200147,visible,ACCESORIOE LLAVERO,1,200147,https://img-eu-2.freex.es/img/071/1000034752/1024x1024/ff3591f033fdfe625c45bc0c5a3fde75
1000034753,ACCESORIOS PARA MANUALIDADES,0.47,866666200148,visible,ACCESORIOE LLAVERO,1,200148,https://img-eu-2.freex.es/img/071/1000034753/1024x1024/de51b24dc1bff0968cc9b609e20a384b
1000034754,ACCESORIOS PARA MANUALIDADES,0.47,866666200149,visible,ACCESORIOE LLAVERO,1,200149,https://img-eu-2.freex.es/img/071/1000034754/1024x1024/3f55b51399a71ea5427a093fdacce7d7
1000034755,ACCESORIOS PARE MANUALIDADES,0.47,866666200150,visible,ACCESORIOE LLAVERO,1,200150,https://img-eu-2.freex.es/img/071/1000034755/1024x1024/f8ab571680204e9b842b47eea1db791c
1000034756,ACCESORIOS PARE MANUALIDADES,0.47,866666200151,visible,ACCESORIOE LLAVERO,1,200151,https://img-eu-2.freex.es/img/071/1000034756/1024x1024/08b3e9f089e83103f2488e0a66ce7d08
1000034757,ACCESORIOS PARE MANUALIDADES,0.47,866666200152,visible,ACCESORIOE LLAVERO,1,200152,https://img-eu-2.freex.es/img/071/1000034757/1024x1024/37126151dd099765e0130d78cf4efb0e
1000034758,ACCESORIOS PARE MANUALIDADES,0.47,866666200153,visible,ACCESORIOE LLAVERO,1,200153,https://img-eu-2.freex.es/img/071/1000034758/1024x1024/381f175166b7765b2738baafebde4b34
1000034759,ACCESORIOS PARE MANUALIDADES,0.47,866666200154,visible,ACCESORIOE LLAVERO,1,200154,https://img-eu-2.freex.es/img/071/1000034759/1024x1024/94ffa3ffa8c024b0194e4282c995be83
1000034760,ACCESORIOS PARE MANUALIDADES,0.47,866666200155,visible,ACCESORIOE LLAVERO,1,200155,https://img-eu-2.freex.es/img/071/1000034760/1024x1024/d978575f5b0e4dd9f469eee220c7d596
1000034761,ACCESORIOS PARE MANUALIDADES,0.47,866666200156,visible,ACCESORIOE LLAVERO,1,200156,https://img-eu-2.freex.es/img/071/1000034761/1024x1024/fa5fd1bfa93bb0017cd27d2b3a0b6774
1000034762,ACCESORIOS PARE MANUALIDADES,0.47,866666200157,visible,ACCESORIOE LLAVERO,1,200157,https://img-eu-2.freex.es/img/071/1000034762/1024x1024/2e84958301834ec69037fb628c23451d
1000034763,ACCESORIOS PARE MANUALIDADES,0.47,866666200158,visible,ACCESORIOE LLAVERO,1,200158,https://img-eu-2.freex.es/img/071/1000034763/1024x1024/bc58e6e85b74ad64f3aa5b3b2e839178
1000034764,ACCESORIOS PARE MANUALIDADES,0.47,866666200159,visible,ACCESORIOE LLAVERO,1,200159,https://img-eu-2.freex.es/img/071/1000034764/1024x1024/cf5ab2e92bb3e20166fbf0e13cbc8394
1000034765,ACCESORIOS PARE MANUALIDADES,0.47,866666200160,visible,ACCESORIOE LLAVERO,1,200160,https://img-eu-2.freex.es/img/071/1000034765/1024x1024/fa540614bc0e0bfe257b3935da27e88b
1000034766,ACCESORIOS PARE MANUALIDADES,0.47,866666200161,visible,ACCESORIOE LLAVERO,1,200161,https://img-eu-2.freex.es/img/071/1000034766/1024x1024/faacad3f4ea9370494782b56c2ee94fb
1000034767,ACCESORIOS PARE MANUALIDADES,0.47,866666200162,visible,ACCESORIOE LLAVERO,1,200162,https://img-eu-2.freex.es/img/071/1000034767/1024x1024/4f76f11a1a57ea54d483a80af0fa94af
1000034768,ACCESORIOS PARE MANUALIDADES,0.47,866666200163,visible,ACCESORIOE LLAVERO,1,200163,https://img-eu-2.freex.es/img/071/1000034768/1024x1024/1a834d6eccd46e1ddbd45224aff0a4e1
1000034769,ACCESORIOS PARE MANUALIDADES,0.47,866666200164,visible,ACCESORIOE LLAVERO,1,200164,https://img-eu-2.freex.es/img/071/1000034769/1024x1024/3e84bacc81ffe495740a6fbc429fb080
1000034770,ACCESORIOS PARE MANUALIDADES,0.47,866666200165,visible,ACCESORIOE LLAVERO,1,200165,https://img-eu-2.freex.es/img/071/1000034770/1024x1024/e993d6bebc1c36239f5c82aee1d4f165
1000034771,ACCESORIOS PARE MANUALIDADES,0.47,866666200166,visible,ACCESORIOE LLAVERO,1,200166,https://img-eu-2.freex.es/img/071/1000034771/1024x1024/7abb2937ef9ec359a91faf5238e7706d
1000034772,ACCESORIOS PARE MANUALIDADES,0.47,866666200167,visible,ACCESORIOE LLAVERO,1,200167,https://img-eu-2.freex.es/img/071/1000034772/1024x1024/ec3382a8e18061b138693d52a6e57f24
1000034773,ACCESORIOS PARE MANUALIDADES,0.47,866666200168,visible,ACCESORIOE LLAVERO,1,200168,https://img-eu-2.freex.es/img/071/1000034773/1024x1024/2fa4c3fc31099ebe609f62a7339b522b
1000034774,ACCESORIOS PARE MANUALIDADES,0.47,866666200169,visible,ACCESORIOE LLAVERO,1,200169,https://img-eu-2.freex.es/img/071/1000034774/1024x1024/88859e2777064c73a16fc19a65156208
1000034775,ACCESORIOS PARE MANUALIDADES,0.47,866666200170,visible,ACCESORIOE LLAVERO,1,200170,https://img-eu-2.freex.es/img/071/1000034775/1024x1024/bcaa30ea99055fbd6367280eb4700ff3
1000034776,ACCESORIOS PARE MANUALIDADES,0.47,866666200171,visible,ACCESORIOE LLAVERO,1,200171,https://img-eu-2.freex.es/img/071/1000034776/1024x1024/ecf31d1df0e556a515b462e5a47e76e2
1000034777,ACCESORIOS PARE MANUALIDADES,0.47,866666200172,visible,ACCESORIOE LLAVERO,1,200172,https://img-eu-2.freex.es/img/071/1000034777/1024x1024/ec0c5f488fb6caae941a7108896b071a
1000034778,ACCESORIOS PARE MANUALIDADES,0.47,866666200173,visible,ACCESORIOE LLAVERO,1,200173,https://img-eu-2.freex.es/img/071/1000034778/1024x1024/e536dc6abf3379ce1baae89b273741fc
1000034779,ACCESORIOS PARE MANUALIDADES,0.47,866666200174,visible,ACCESORIOE LLAVERO,1,200174,https://img-eu-2.freex.es/img/071/1000034779/1024x1024/d3b42103733dc5f487a14b043ae86878
1000034780,ACCESORIOS PARE MANUALIDADES,0.47,866666200175,visible,ACCESORIOE LLAVERO,1,200175,https://img-eu-2.freex.es/img/071/1000034780/1024x1024/9bd51f204d26478a1d49745846042a14
1000034781,ACCESORIOS PARE MANUALIDADES,0.47,866666200176,visible,ACCESORIOE LLAVERO,1,200176,https://img-eu-2.freex.es/img/071/1000034781/1024x1024/57f4c2779d755edb362e52185988f24e
1000034782,ACCESORIOS PARE MANUALIDADES,0.47,866666200177,visible,ACCESORIOE LLAVERO,1,200177,https://img-eu-2.freex.es/img/071/1000034782/1024x1024/54aaea3ac8029900548acb6533b3d5d9
1000034783,ACCESORIOS PARE MANUALIDADES,0.47,866666200178,visible,ACCESORIOE LLAVERO,1,200178,https://img-eu-2.freex.es/img/071/1000034783/1024x1024/afa47c58a2cb0e1c4d732002880308b9
1000034784,ACCESORIOS PARE MANUALIDADES,0.47,866666200179,visible,ACCESORIOE LLAVERO,1,200179,https://img-eu-2.freex.es/img/071/1000034784/1024x1024/5d0440d222641a0a09fdd75bf7c62f09
1000034785,ACCESORIOS PARE MANUALIDADES,0.47,866666200180,visible,ACCESORIOE LLAVERO,1,200180,https://img-eu-2.freex.es/img/071/1000034785/1024x1024/6fa6f2e177217bed2f87878da2afe294
1000034786,ACCESORIOS PARE MANUALIDADES,0.47,866666200181,visible,ACCESORIOE LLAVERO,1,200181,https://img-eu-2.freex.es/img/071/1000034786/1024x1024/48ec86b35ca1f69c6668d4c12b614123
1000034787,ACCESORIOS PARE MANUALIDADES,0.47,866666200182,visible,ACCESORIOE LLAVERO,1,200182,https://img-eu-2.freex.es/img/071/1000034787/1024x1024/af6d35a7e4ee38e0ae351418a2640488
1000034788,ACCESORIOS PARE MANUALIDADES,0.47,866666200183,visible,ACCESORIOE LLAVERO,1,200183,https://img-eu-2.freex.es/img/071/1000034788/1024x1024/7f88b093d682121c893a73bd6205dd95
1000034789,ACCESORIOS PARE MANUALIDADES,0.47,866666200184,visible,ACCESORIOE LLAVERO,1,200184,https://img-eu-2.freex.es/img/071/1000034789/1024x1024/1a6bdb2619448fa3e2493c5bd631255c
1000034790,ACCESORIOS PARE MANUALIDADES,0.47,866666200185,visible,ACCESORIOE LLAVERO,1,200185,https://img-eu-2.freex.es/img/071/1000034790/1024x1024/982377e2bde100e70d3261fc128a77b9
1000034791,ACCESORIOS PARE MANUALIDADES,0.47,866666200186,visible,ACCESORIOE LLAVERO,1,200186,https://img-eu-2.freex.es/img/071/1000034791/1024x1024/b71c7ededbada96c34c411a92b9d5179
1000034792,ACCESORIOS PARE MANUALIDADES,0.47,866666200187,visible,ACCESORIOE LLAVERO,1,200187,https://img-eu-2.freex.es/img/071/1000034792/1024x1024/f07ba0126995961392da5817bdec5393
1000034793,ACCESORIOS PARE MANUALIDADES,0.47,866666200188,visible,ACCESORIOE LLAVERO,1,200188,https://img-eu-2.freex.es/img/071/1000034793/1024x1024/d3f4e7cb4cc3ffe47ba1397e0080d94c
1000034794,ACCESORIOS PARE MANUALIDADES,0.47,866666200189,visible,ACCESORIOE LLAVERO,1,200189,https://img-eu-2.freex.es/img/071/1000034794/1024x1024/cc410b81915b71f2e36a11c28632e1a9
1000034795,ACCESORIOS PARE MANUALIDADES,0.47,866666200190,visible,ACCESORIOE LLAVERO,1,200190,https://img-eu-2.freex.es/img/071/1000034795/1024x1024/cabf880b4f928e13870cdbb6ff71032a
1000034796,ACCESORIOS PARE MANUALIDADES,0.47,866666200191,visible,ACCESORIOE LLAVERO,1,200191,https://img-eu-2.freex.es/img/071/1000034796/1024x1024/e9afe1b688995f39aa50919fcc067113
1000034797,ACCESORIOS PARE MANUALIDADES,0.47,866666200192,visible,ACCESORIOE LLAVERO,1,200192,https://img-eu-2.freex.es/img/071/1000034797/1024x1024/2b4fc2b355183188b8bdc9e8113d9ff9
1000034798,ACCESORIOS PARE MANUALIDADES,0.47,866666200193,visible,ACCESORIOE LLAVERO,1,200193,https://img-eu-2.freex.es/img/071/1000034798/1024x1024/d44fdd9b04dde03d4ba6d49b3c1e0307
1000034799,ACCESORIOS PARE MANUALIDADES,0.47,866666200194,visible,ACCESORIOE LLAVERO,1,200194,https://img-eu-2.freex.es/img/071/1000034799/1024x1024/8802031e2f107e056ddd499820bb775b
1000034800,ACCESORIOS PARE MANUALIDADES,0.47,866666200195,visible,ACCESORIOE LLAVERO,1,200195,https://img-eu-2.freex.es/img/071/1000034800/1024x1024/9fe46d14017d1553f9c0519e6ded1920
1000034801,ACCESORIOS PARE MANUALIDADES,0.47,866666200196,visible,ACCESORIOE LLAVERO,1,200196,https://img-eu-2.freex.es/img/071/1000034801/1024x1024/825b8b2dad6960ab8f0d38f65c9fabc6
1000034802,ACCESORIOS PARE MANUALIDADES,0.47,866666200197,visible,ACCESORIOE LLAVERO,1,200197,https://img-eu-2.freex.es/img/071/1000034802/1024x1024/05ffce6c2e0c249d28b291677eddbf5a
1000034803,ACCESORIOS PARE MANUALIDADES,0.47,866666200198,visible,ACCESORIOE LLAVERO,1,200198,https://img-eu-2.freex.es/img/071/1000034803/1024x1024/35c0c9392bf1b0215b9cefdb1b265d15
1000034804,ACCESORIOS PARE MANUALIDADES,0.47,866666200199,visible,ACCESORIOE LLAVERO,1,200199,https://img-eu-2.freex.es/img/071/1000034804/1024x1024/6937345faf67395100d40f4d14c1c3a9
1000034805,ACCESORIOS PARE MANUALIDADES,0.47,866666200200,visible,ACCESORIOE LLAVERO,1,200200,https://img-eu-2.freex.es/img/071/1000034805/1024x1024/f0a7c08fa8c22e24a69ae91dec4ba6aa
1000034806,ACCESORIOS PARE MANUALIDADES,0.47,866666200201,visible,ACCESORIOE LLAVERO,1,200201,https://img-eu-2.freex.es/img/071/1000034806/1024x1024/b31438d001360e58b879d53d0a137e3b
1000034807,ACCESORIOS PARE MANUALIDADES,0.47,866666200202,visible,ACCESORIOE LLAVERO,1,200202,https://img-eu-2.freex.es/img/071/1000034807/1024x1024/ea0937148947408ff19cca6b2d95eb71
1000035542,Gancho para pendientes,0.41,8666662003081,visible,ACCESORIOE LLAVERO,1,200308,https://img-eu-2.freex.es/img/071/1000035542/1024x1024/cead3c1ebb45c81b827b7b2ac8482461
1000035543,Gancho para pendientes,0.41,8666662003098,visible,ACCESORIOE LLAVERO,1,200309,https://img-eu-2.freex.es/img/071/1000035543/1024x1024/d6a0f54cb23b0bdd3bd5bd81cf944a90
1000035544,Gancho para pendientes,0.41,8666662003104,visible,ACCESORIOE LLAVERO,1,200310,https://img-eu-2.freex.es/img/071/1000035544/1024x1024/0c8df4284fa233c92a0d6cc148b342cd
1000035545,Gancho para pendientes,0.41,8666662003111,visible,ACCESORIOE LLAVERO,1,200311,https://img-eu-2.freex.es/img/071/1000035545/1024x1024/c2fb6e3cadce34004df56ccff8505fac
1000035546,Gancho para pendientes,0.41,8666662003128,visible,ACCESORIOE LLAVERO,1,200312,https://img-eu-2.freex.es/img/071/1000035546/1024x1024/297db578ea3ed60f008184a8b24b7066
1000035547,Gancho para pendientes,0.41,8666662003135,visible,ACCESORIOE LLAVERO,1,200313,https://img-eu-2.freex.es/img/071/1000035547/1024x1024/743f3d836ce426913b6aefe24e0e7f7a
1000035548,Gancho para pendientes,0.41,8666662003142,visible,ACCESORIOE LLAVERO,1,200314,https://img-eu-2.freex.es/img/071/1000035548/1024x1024/a3471279aa1ec3cf916f028daa8d393f
1000035549,Gancho para pendientes,0.41,8666662003159,visible,ACCESORIOE LLAVERO,1,200315,https://img-eu-2.freex.es/img/071/1000035549/1024x1024/730d201700798fab711ca7feae7e432e
1000035550,Gancho para pendientes,0.41,8666662003166,visible,ACCESORIOE LLAVERO,1,200316,https://img-eu-2.freex.es/img/071/1000035550/1024x1024/13aab77f6c1d3cf2e302cabb05fa1645
1000035551,Gancho para pendientes,0.41,8666662003173,visible,ACCESORIOE LLAVERO,1,200317,https://img-eu-2.freex.es/img/071/1000035551/1024x1024/58c5b2286b09177a5d8744d371907c16
1000035552,Gancho para pendientes,0.41,8666662003180,visible,ACCESORIOE LLAVERO,1,200318,https://img-eu-2.freex.es/img/071/1000035552/1024x1024/6ee22e8ba9db197103a3b21e1044875e
1000035553,Gancho para pendientes,0.41,8666662003197,visible,ACCESORIOE LLAVERO,1,200319,https://img-eu-2.freex.es/img/071/1000035553/1024x1024/3765bcd327caaa635bf919e89aa6b3d0
1000035554,Gancho para pendientes,0.41,8666662003203,visible,ACCESORIOE LLAVERO,1,200320,https://img-eu-2.freex.es/img/071/1000035554/1024x1024/ac049f1845e4f7afcf0192741d130eb6
1000035555,Gancho para pendientes,0.41,8666662003210,visible,ACCESORIOE LLAVERO,1,200321,https://img-eu-2.freex.es/img/071/1000035555/1024x1024/898c6f8fb5bb77f2c01d41155d43c319
1000035556,Gancho para pendientes,0.41,8666662003227,visible,ACCESORIOE LLAVERO,1,200322,https://img-eu-2.freex.es/img/071/1000035556/1024x1024/68cb07d3c7e73760f74ce27a31d1506d
1000035557,Gancho para pendientes,0.41,8666662003234,visible,ACCESORIOE LLAVERO,1,200323,https://img-eu-2.freex.es/img/071/1000035557/1024x1024/9174132dff203b72114a14d1ceaccf9d
1000035558,Gancho para pendientes,0.41,8666662003241,visible,ACCESORIOE LLAVERO,1,200324,https://img-eu-2.freex.es/img/071/1000035558/1024x1024/826b4487f42f83a707aafcf762eb6076
1000035559,Gancho para pendientes,0.41,8666662003258,visible,ACCESORIOE LLAVERO,1,200325,https://img-eu-2.freex.es/img/071/1000035559/1024x1024/e9388d7f0772a214b12c437a4412beac
1000035560,Gancho para pendientes,0.41,8666662003265,visible,ACCESORIOE LLAVERO,1,200326,https://img-eu-2.freex.es/img/071/1000035560/1024x1024/17f3402dfe35c9a21f22be7df806e5a6
1000035561,Gancho para pendientes,0.41,8666662003272,visible,ACCESORIOE LLAVERO,1,200327,https://img-eu-2.freex.es/img/071/1000035561/1024x1024/e136ad88b20607d420812f69a67262f8
1000035562,Gancho para pendientes,0.41,8666662003289,visible,ACCESORIOE LLAVERO,1,200328,https://img-eu-2.freex.es/img/071/1000035562/1024x1024/5bc84294302422e9025addaa8881c2fc
1000035563,Gancho para pendientes,0.41,8666662003296,visible,ACCESORIOE LLAVERO,1,200329,https://img-eu-2.freex.es/img/071/1000035563/1024x1024/c1874eb1142ceea696339ab6526f1ebd
1000035564,Gancho para pendientes,0.41,8666662003302,visible,ACCESORIOE LLAVERO,1,200330,https://img-eu-2.freex.es/img/071/1000035564/1024x1024/765026149b42529330c36785f2a1c8fe
1000038459,MOSQUETON DE METAL,0.72,866666200417,visible,ACCESORIOE LLAVERO,1,200417,https://img-eu-2.freex.es/img/071/1000038459/1024x1024/8b4f6f1850c121609e746988e61ea959
1000038460,MOSQUETON DE METAL,0.72,866666200418,visible,ACCESORIOE LLAVERO,1,200418,https://img-eu-2.freex.es/img/071/1000038460/1024x1024/7006721860c2cb95fd14896ea2d73ee1
1000038461,MOSQUETON DE METAL,0.78,866666200419,visible,ACCESORIOE LLAVERO,1,200419,https://img-eu-2.freex.es/img/071/1000038461/1024x1024/225c8a8c06f4d4ec7403facb13bd4e75
1000038462,MOSQUETON DE METAL,0.78,866666200420,visible,ACCESORIOE LLAVERO,1,200420,https://img-eu-2.freex.es/img/071/1000038462/1024x1024/fb576ea25dec0e407b44786ea3c4e77d
1000038463,MOSQUETON DE METAL,0.78,866666200421,visible,ACCESORIOE LLAVERO,1,200421,https://img-eu-2.freex.es/img/071/1000038463/1024x1024/bb47884fd61420d63d118924a490d18a
1000038464,MOSQUETON DE METAL,0.83,866666200422,visible,ACCESORIOE LLAVERO,1,200422,https://img-eu-2.freex.es/img/071/1000038464/1024x1024/b0269673fe890955cb3527fe74568de1
1000038465,MOSQUETON DE METAL,0.83,866666200423,visible,ACCESORIOE LLAVERO,1,200423,https://img-eu-2.freex.es/img/071/1000038465/1024x1024/ecbadcf20ba266b96b4d0be6a5a48bb8
1000038466,MOSQUETON DE METAL,0.89,866666200424,visible,ACCESORIOE LLAVERO,1,200424,https://img-eu-2.freex.es/img/071/1000038466/1024x1024/5afbb368af754fd91b505ab2c94779e5
1000038467,MOSQUETON DE METAL,0.89,866666200425,visible,ACCESORIOE LLAVERO,1,200425,https://img-eu-2.freex.es/img/071/1000038467/1024x1024/b741985486808c81ffde888495181f66
1000038468,MOSQUETON DE METAL,0.89,866666200426,visible,ACCESORIOE LLAVERO,1,200426,https://img-eu-2.freex.es/img/071/1000038468/1024x1024/96c3091452686290c7192e9f21a76c62
1000038469,HEBILLA DE AJUSTE,0.41,866666200427,visible,ACCESORIOE LLAVERO,1,200427,https://img-eu-2.freex.es/img/071/1000038469/1024x1024/3a2311ea11f6f3eaef3bb75668998289
1000038470,HEBILLA DE AJUSTE,0.41,866666200428,visible,ACCESORIOE LLAVERO,1,200428,https://img-eu-2.freex.es/img/071/1000038470/1024x1024/75109ed597fef647e1719d9245b946ff
1000038471,HEBILLA DE AJUSTE,0.41,866666200429,visible,ACCESORIOE LLAVERO,1,200429,https://img-eu-2.freex.es/img/071/1000038471/1024x1024/600d586d835c945c370322c44d79ea17
1000038472,HEBILLA DE AJUSTE,0.41,866666200430,visible,ACCESORIOE LLAVERO,1,200430,https://img-eu-2.freex.es/img/071/1000038472/1024x1024/173552e91e089abe12a4c4cf42976889
1000038473,HEBILLA DE AJUSTE,0.41,866666200431,visible,ACCESORIOE LLAVERO,1,200431,https://img-eu-2.freex.es/img/071/1000038473/1024x1024/4d091cbdb7627ca0e2fd730037c30108
1000038474,HEBILLA DE AJUSTE,0.41,866666200432,visible,ACCESORIOE LLAVERO,1,200432,https://img-eu-2.freex.es/img/071/1000038474/1024x1024/e7858b18665c220c9fa5390cd0fa83bb
1000038475,HEBILLA DE AJUSTE,0.41,866666200433,visible,ACCESORIOE LLAVERO,1,200433,https://img-eu-2.freex.es/img/071/1000038475/1024x1024/f3c14e53faae6f37018b60080b4d8dbc
1000038476,HEBILLA DE AJUSTE,0.41,866666200434,visible,ACCESORIOE LLAVERO,1,200434,https://img-eu-2.freex.es/img/071/1000038476/1024x1024/0837df732aa2ecaa1dc5bd4e488f7ab2
1000038477,HEBILLA DE AJUSTE,0.41,866666200435,visible,ACCESORIOE LLAVERO,1,200435,https://img-eu-2.freex.es/img/071/1000038477/1024x1024/2a46c2fede0bcabe71e14cbd863d0ee5
1000038478,HEBILLA DE AJUSTE,0.41,866666200436,visible,ACCESORIOE LLAVERO,1,200436,https://img-eu-2.freex.es/img/071/1000038478/1024x1024/376afcbbcf6a9f92e7eab88cd92d3648
1000038479,MOSQUETON DE METAL,0.72,866666200437,visible,ACCESORIOE LLAVERO,1,200437,https://img-eu-2.freex.es/img/071/1000038479/1024x1024/f75d26c23b01d1d29d46b32113777d02
1000038480,MOSQUETON DE METAL,0.72,866666200438,visible,ACCESORIOE LLAVERO,1,200438,https://img-eu-2.freex.es/img/071/1000038480/1024x1024/8ebb5fefde281a51622406ab5d7ad4ca
1000038481,MOSQUETON DE METAL,0.78,866666200439,visible,ACCESORIOE LLAVERO,1,200439,https://img-eu-2.freex.es/img/071/1000038481/1024x1024/38c1c5a7f76299dad7786b9a3cbec7fe
1000038482,MOSQUETON DE METAL,0.78,866666200440,visible,ACCESORIOE LLAVERO,1,200440,https://img-eu-2.freex.es/img/071/1000038482/1024x1024/c8a309ce78cd961157ef5bc3fe77028a
1000038483,MOSQUETON DE METAL,0.83,866666200441,visible,ACCESORIOE LLAVERO,1,200441,https://img-eu-2.freex.es/img/071/1000038483/1024x1024/dcd03885a3759f9a4f59d085e98254c4
1000038484,MOSQUETON DE METAL,0.83,866666200442,visible,ACCESORIOE LLAVERO,1,200442,https://img-eu-2.freex.es/img/071/1000038484/1024x1024/dd688c831c5d45a42035d4d0249f2b8a
1000038485,MOSQUETON DE METAL,0.61,866666200443,visible,ACCESORIOE LLAVERO,1,200443,https://img-eu-2.freex.es/img/071/1000038485/1024x1024/5d5b3665ef306c39133f220e901a9800
1000038486,MOSQUETON DE METAL,0.61,866666200444,visible,ACCESORIOE LLAVERO,1,200444,https://img-eu-2.freex.es/img/071/1000038486/1024x1024/aa1a5444d67706aae4300ca75ab04169
1000039021,REMACHA DE METAL,0.78,866666200445,visible,ACCESORIOE LLAVERO,1,200445,https://img-eu-2.freex.es/img/071/1000039021/1024x1024/3f85a78c7940f1c6f5664b1b6eb83b77
1000039022,REMACHA DE METAL,0.78,866666200446,visible,ACCESORIOE LLAVERO,1,200446,https://img-eu-2.freex.es/img/071/1000039022/1024x1024/8cb4b7e9daf803d65bb26fdcb29f7833
1000038487,HEBILLA DE AJUSTE,0.43,866666200447,visible,ACCESORIOE LLAVERO,1,200447,https://img-eu-2.freex.es/img/071/1000038487/1024x1024/23de6366b9876eecad8affba89a35b0e
1000038488,HEBILLA DE AJUSTE,0.43,866666200448,visible,ACCESORIOE LLAVERO,1,200448,https://img-eu-2.freex.es/img/071/1000038488/1024x1024/b1b7aa2dea06468726aa78e3525e410f
1000039023,HEBILLA DE METAL,0.51,866666200449,visible,ACCESORIOE LLAVERO,1,200449,https://img-eu-2.freex.es/img/071/1000039023/1024x1024/54fae273eb7bd5a420f5e2f56ba934a2
1000039024,HEBILLA DE METAL,0.51,866666200450,visible,ACCESORIOE LLAVERO,1,200450,https://img-eu-2.freex.es/img/071/1000039024/1024x1024/abc8932a4216ee89b94a9bfb3a106452
1000038489,HEBILLA DE AJUSTE,0.57,866666200451,visible,ACCESORIOE LLAVERO,1,200451,https://img-eu-2.freex.es/img/071/1000038489/1024x1024/3674dc08bbeab6e4dfe97e3d4f35cc4e
1000038490,HEBILLA DE AJUSTE,0.57,866666200452,visible,ACCESORIOE LLAVERO,1,200452,https://img-eu-2.freex.es/img/071/1000038490/1024x1024/4458b846f367195a34df37f3c47804b1
1000038491,HEBILLA DE AJUSTE,0.6,866666200453,visible,ACCESORIOE LLAVERO,1,200453,https://img-eu-2.freex.es/img/071/1000038491/1024x1024/71738a6752ec3d4b536e2d0534cccb51
1000038492,HEBILLA DE AJUSTE,0.6,866666200454,visible,ACCESORIOE LLAVERO,1,200454,https://img-eu-2.freex.es/img/071/1000038492/1024x1024/a6472a162ebf33c7637f445b0ba4052e
1000038493,HEBILLA DE AJUSTE,0.41,866666200455,visible,ACCESORIOE LLAVERO,1,200455,https://img-eu-2.freex.es/img/071/1000038493/1024x1024/8f5f6bd0debc869e844cdca332926cf4
1000038494,HEBILLA DE AJUSTE,0.41,866666200456,visible,ACCESORIOE LLAVERO,1,200456,https://img-eu-2.freex.es/img/071/1000038494/1024x1024/720bffeca96ed1fa26f7a750d62897eb
1000038495,HEBILLA DE AJUSTE,0.43,866666200457,visible,ACCESORIOE LLAVERO,1,200457,https://img-eu-2.freex.es/img/071/1000038495/1024x1024/c69be36cc7631ff16c9cb6360c39cd7f
1000038496,HEBILLA DE AJUSTE,0.43,866666200458,visible,ACCESORIOE LLAVERO,1,200458,https://img-eu-2.freex.es/img/071/1000038496/1024x1024/c4f970689ced8b860393388363346563
1000038497,HEBILLA DE AJUSTE,0.45,866666200459,visible,ACCESORIOE LLAVERO,1,200459,https://img-eu-2.freex.es/img/071/1000038497/1024x1024/1d9ce567358fa25ff2e2354423b36c11
1000038498,HEBILLA DE AJUSTE,0.45,866666200460,visible,ACCESORIOE LLAVERO,1,200460,https://img-eu-2.freex.es/img/071/1000038498/1024x1024/6fb8302a756985fd71f4170212a3240c
1000038499,HEBILLA DE AJUSTE,0.47,866666200461,visible,ACCESORIOE LLAVERO,1,200461,https://img-eu-2.freex.es/img/071/1000038499/1024x1024/d7a200ab56af3b013a1188d45392974b
1000038500,HEBILLA DE AJUSTE,0.47,866666200462,visible,ACCESORIOE LLAVERO,1,200462,https://img-eu-2.freex.es/img/071/1000038500/1024x1024/9e003b9eb0d9d61376d9d0f7d3bb7aae
1000038501,HEBILLA REDONDO DE METAL,0.41,866666200463,visible,ACCESORIOE LLAVERO,1,200463,https://img-eu-2.freex.es/img/071/1000038501/1024x1024/6cc5d99edf9155148072857a97217fd6
1000038502,HEBILLA REDONDO DE METAL,0.41,866666200464,visible,ACCESORIOE LLAVERO,1,200464,https://img-eu-2.freex.es/img/071/1000038502/1024x1024/d8b804f056501153c078d604c902c09c
1000038503,HEBILLA REDONDO DE METAL,0.43,866666200465,visible,ACCESORIOE LLAVERO,1,200465,https://img-eu-2.freex.es/img/071/1000038503/1024x1024/c017ee98de65a3517a48fc70a481c4cb
1000038504,HEBILLA REDONDO DE METAL,0.43,866666200466,visible,ACCESORIOE LLAVERO,1,200466,https://img-eu-2.freex.es/img/071/1000038504/1024x1024/5c2a907404b3ef8acfd5f94d291feffe
1000038505,HEBILLA REDONDO DE METAL,0.45,866666200467,visible,ACCESORIOE LLAVERO,1,200467,https://img-eu-2.freex.es/img/071/1000038505/1024x1024/e6ab9e6da8d064fd4a4ff0fe84ebf8fb
1000038506,HEBILLA REDONDO DE METAL,0.45,866666200468,visible,ACCESORIOE LLAVERO,1,200468,https://img-eu-2.freex.es/img/071/1000038506/1024x1024/5fa234b05d5b4b44af36619280d1ecfa
1000038507,HEBILLA REDONDO DE METAL,0.47,866666200469,visible,ACCESORIOE LLAVERO,1,200469,https://img-eu-2.freex.es/img/071/1000038507/1024x1024/53ec4081ddef6a7282d91325ccbc2b06
1000038508,HEBILLA REDONDO DE METAL,0.47,866666200470,visible,ACCESORIOE LLAVERO,1,200470,https://img-eu-2.freex.es/img/071/1000038508/1024x1024/15d74443674c1ea71ca424ef2aa9c191
1000041786,ABALORIO DE PERLA,0.45,8666662004712,visible,ACCESORIOE LLAVERO,1,200471,https://img-eu-2.freex.es/img/071/1000041786/1024x1024/348e9ac8c783d15eee908fbe4b55e087
1000041787,ABALORIO DE PERLA,0.45,8666662004729,visible,ACCESORIOE LLAVERO,1,200472,https://img-eu-2.freex.es/img/071/1000041787/1024x1024/d30f0ac4c757bbce79cdc630edc2763d
1000041788,ABALORIO DE PERLA,0.45,8666662004736,visible,ACCESORIOE LLAVERO,1,200473,https://img-eu-2.freex.es/img/071/1000041788/1024x1024/a562f4cc39ff3b9b48d3c0938652bb44
1000041789,ABALORIO DE PERLA,0.45,8666662004743,visible,ACCESORIOE LLAVERO,1,200474,https://img-eu-2.freex.es/img/071/1000041789/1024x1024/cf7c19148db049049cd5e5fd55713213
1000041790,ABALORIO DE PERLA,0.45,8666662004750,visible,ACCESORIOE LLAVERO,1,200475,https://img-eu-2.freex.es/img/071/1000041790/1024x1024/eb167ba1a02cc6b659da934d94a5a483
1000041791,ABALORIO DE PERLA,0.45,8666662004767,visible,ACCESORIOE LLAVERO,1,200476,https://img-eu-2.freex.es/img/071/1000041791/1024x1024/ab905d755918a0c2831a44ec712306a9
1000041792,ABALORIO DE PERLA,0.45,8666662004774,visible,ACCESORIOE LLAVERO,1,200477,https://img-eu-2.freex.es/img/071/1000041792/1024x1024/58905d74febef16ef67b470da040b960
1000041793,ABALORIO DE PERLA,0.45,8666662004781,visible,ACCESORIOE LLAVERO,1,200478,https://img-eu-2.freex.es/img/071/1000041793/1024x1024/d6c3e6db6f8e3a2e7475b45e86b77fbe
1000041794,ABALORIO DE PERLA,0.45,8666662004798,visible,ACCESORIOE LLAVERO,1,200479,https://img-eu-2.freex.es/img/071/1000041794/1024x1024/fa8b0b7e9ebf6f2f56beffe07826e794
1000041795,ABALORIO DE PERLA,0.45,8666662004804,visible,ACCESORIOE LLAVERO,1,200480,https://img-eu-2.freex.es/img/071/1000041795/1024x1024/4ef3f18647ae52f2643a603075abceef
1000041796,ABALORIO DE PERLA,0.45,8666662004811,visible,ACCESORIOE LLAVERO,1,200481,https://img-eu-2.freex.es/img/071/1000041796/1024x1024/546ac0b2b80fc2732050c53391916323
1000041797,ABALORIO DE PERLA,0.45,8666662004828,visible,ACCESORIOE LLAVERO,1,200482,https://img-eu-2.freex.es/img/071/1000041797/1024x1024/06cf82da3cd4a046af9b1973acb7ed8c
1000041798,ABALORIO DE PERLA,0.45,8666662004835,visible,ACCESORIOE LLAVERO,1,200483,https://img-eu-2.freex.es/img/071/1000041798/1024x1024/691102bed6b1457e79dd07ee37c80260
1000041799,ABALORIO DE PERLA,0.45,8666662004842,visible,ACCESORIOE LLAVERO,1,200484,https://img-eu-2.freex.es/img/071/1000041799/1024x1024/17ee444053882af753c83ff2e85db4c2
1000041800,ABALORIO DE PERLA,0.45,8666662004859,visible,ACCESORIOE LLAVERO,1,200485,https://img-eu-2.freex.es/img/071/1000041800/1024x1024/2e9484cd62de20de4bfe4d294dd1cfa7
1000041801,ABALORIO DE PERLA,0.45,8666662004866,visible,ACCESORIOE LLAVERO,1,200486,https://img-eu-2.freex.es/img/071/1000041801/1024x1024/956be2408891db845c189b42502fe5be
1000041802,ABALORIO DE PERLA,0.45,8666662004873,visible,ACCESORIOE LLAVERO,1,200487,https://img-eu-2.freex.es/img/071/1000041802/1024x1024/f7ee3aab3a0d1e54e8e9a4338b8c2e4c
1000041803,ABALORIO DE PERLA,0.45,8666662004880,visible,ACCESORIOE LLAVERO,1,200488,https://img-eu-2.freex.es/img/071/1000041803/1024x1024/b0998180b142b74ed9535b616c2c759f
1000041804,ABALORIO DE PERLA,0.45,8666662004897,visible,ACCESORIOE LLAVERO,1,200489,https://img-eu-2.freex.es/img/071/1000041804/1024x1024/22e943b28dfaf609add1c3352773ddf1
1000041805,ABALORIO DE PERLA,0.45,8666662004903,visible,ACCESORIOE LLAVERO,1,200490,https://img-eu-2.freex.es/img/071/1000041805/1024x1024/8fd40e53b00794b2850bc7b091daaeca
1000041806,ABALORIO DE PERLA,0.45,8666662004910,visible,ACCESORIOE LLAVERO,1,200491,https://img-eu-2.freex.es/img/071/1000041806/1024x1024/f74337423b143272818a745d84454778
1000041807,ABALORIO DE PERLA,0.45,8666662004927,visible,ACCESORIOE LLAVERO,1,200492,https://img-eu-2.freex.es/img/071/1000041807/1024x1024/0b080c4423d1617e58e98fdff28392d6
1000041808,ABALORIO DE PERLA,0.45,8666662004934,visible,ACCESORIOE LLAVERO,1,200493,https://img-eu-2.freex.es/img/071/1000041808/1024x1024/0d3b3014a346c26bcd0d46419ca7e7d3
1000041809,ABALORIO DE PERLA,0.45,8666662004941,visible,ACCESORIOE LLAVERO,1,200494,https://img-eu-2.freex.es/img/071/1000041809/1024x1024/7a31bc2517dd21002d5f78f5902549c8
1000041810,ABALORIO DE PERLA,0.45,8666662004958,visible,ACCESORIOE LLAVERO,1,200495,https://img-eu-2.freex.es/img/071/1000041810/1024x1024/09b117b655c087d948d3287ad81a0c1f
1000041811,ABALORIO DE PERLA,0.45,8666662004965,visible,ACCESORIOE LLAVERO,1,200496,https://img-eu-2.freex.es/img/071/1000041811/1024x1024/747c71b78d9ec95d69c7dec2b10e7acd
1000043090,ACCESORIOS PARA MANUALIDADES,0.51,8666662005719,visible,ACCESORIOE LLAVERO,1,200571,https://img-eu-2.freex.es/img/071/1000043090/1024x1024/5db065c4954b085ba5acaaa16e010576
1000043091,ACCESORIOS PARA MANUALIDADES,0.51,8666662005726,visible,ACCESORIOE LLAVERO,1,200572,https://img-eu-2.freex.es/img/071/1000043091/1024x1024/9ea48e047d5b6c017db4ed5fd4a618cb
1000043092,ACCESORIOS PARA MANUALIDADES,0.51,8666662005733,visible,ACCESORIOE LLAVERO,1,200573,https://img-eu-2.freex.es/img/071/1000043092/1024x1024/d85e623e0d78b67aa446adcd38b319f5
1000043093,ACCESORIOS PARA MANUALIDADES,0.51,8666662005740,visible,ACCESORIOE LLAVERO,1,200574,https://img-eu-2.freex.es/img/071/1000043093/1024x1024/b5850cf72aac2e0164d6922b6852fad1
1000043094,ACCESORIOS PARA MANUALIDADES,0.51,8666662005757,visible,ACCESORIOE LLAVERO,1,200575,https://img-eu-2.freex.es/img/071/1000043094/1024x1024/93388e01d13bb6fc72b31290d9edd7fa
1000043095,ACCESORIOS PARA MANUALIDADES,0.51,8666662005764,visible,ACCESORIOE LLAVERO,1,200576,https://img-eu-2.freex.es/img/071/1000043095/1024x1024/c556ac1682bfbe7ef9d2226a2e1d62e5
1000043096,ACCESORIOS PARA MANUALIDADES,0.51,8666662005771,visible,ACCESORIOE LLAVERO,1,200577,https://img-eu-2.freex.es/img/071/1000043096/1024x1024/807199fb574efc2c6af75724f72d6e72
1000043097,ACCESORIOS PARA MANUALIDADES,0.51,8666662005788,visible,ACCESORIOE LLAVERO,1,200578,https://img-eu-2.freex.es/img/071/1000043097/1024x1024/035ed60e36bd194941311ccb0adad660
1000043098,ACCESORIOS PARA MANUALIDADES,0.51,8666662005795,visible,ACCESORIOE LLAVERO,1,200579,https://img-eu-2.freex.es/img/071/1000043098/1024x1024/16469472f5656e43121f345b0ec5dfc5
1000043099,ACCESORIOS PARA MANUALIDADES,0.41,8666662005801,visible,ACCESORIOE LLAVERO,1,200580,https://img-eu-2.freex.es/img/071/1000043099/1024x1024/20adddead9213ea9ca2b8e6df81621c5
1000043100,ACCESORIOS PARA MANUALIDADES,0.41,8666662005818,visible,ACCESORIOE LLAVERO,1,200581,https://img-eu-2.freex.es/img/071/1000043100/1024x1024/daec5aeae2ecdb9c3edfd017d15ccb1e
1000043101,ACCESORIOS PARA MANUALIDADES,0.41,8666662005825,visible,ACCESORIOE LLAVERO,1,200582,https://img-eu-2.freex.es/img/071/1000043101/1024x1024/32936e4b187397d2168c430eabc3d78a
1000043102,ACCESORIOS PARA MANUALIDADES,0.41,8666662005832,visible,ACCESORIOE LLAVERO,1,200583,https://img-eu-2.freex.es/img/071/1000043102/1024x1024/0bb754e6259212237aa9917610e25b68
1000043103,ACCESORIOS PARA MANUALIDADES,0.41,8666662005849,visible,ACCESORIOE LLAVERO,1,200584,https://img-eu-2.freex.es/img/071/1000043103/1024x1024/83a8e74c5ba37b42e24feb7931f46b2c
1000043104,ACCESORIOS PARA MANUALIDADES,0.41,8666662005856,visible,ACCESORIOE LLAVERO,1,200585,https://img-eu-2.freex.es/img/071/1000043104/1024x1024/97c473a72ebbcd66b4d3ccd9b4e65fe9
1000043105,ACCESORIOS PARA MANUALIDADES,0.41,8666662005863,visible,ACCESORIOE LLAVERO,1,200586,https://img-eu-2.freex.es/img/071/1000043105/1024x1024/a0f68acf38e602d91acccbf9be957260
1000043106,ACCESORIOS PARA MANUALIDADES,0.41,8666662005870,visible,ACCESORIOE LLAVERO,1,200587,https://img-eu-2.freex.es/img/071/1000043106/1024x1024/02bd59ab64e40eeed0befd92cc8e08c9
1000043107,ACCESORIOS PARA MANUALIDADES,0.41,8666662005887,visible,ACCESORIOE LLAVERO,1,200588,https://img-eu-2.freex.es/img/071/1000043107/1024x1024/9976a81fbc4aed5a345f9776e1f3c170
1000043108,ACCESORIOS PARA MANUALIDADES,0.41,8666662005894,visible,ACCESORIOE LLAVERO,1,200589,https://img-eu-2.freex.es/img/071/1000043108/1024x1024/6190e4b6830c4b27d0ea3851203faf0c
1000015382,Accesorios para manualidades,0.47,8666662011260,visible,ACCESORIOE LLAVERO,1,201126,https://img-eu-2.freex.es/img/071/1000015382/1024x1024/6cde520c2fe97bfac286be16e3e2d45c
1000035568,Accesorios para manualidades,0.41,8666662011277,visible,ACCESORIOE LLAVERO,1,201127,https://img-eu-2.freex.es/img/071/1000035568/1024x1024/08fd68dfd73808f30c6a8a33702886bc
1000035569,Accesorios para manualidades,0.41,8666662011284,visible,ACCESORIOE LLAVERO,1,201128,https://img-eu-2.freex.es/img/071/1000035569/1024x1024/e42893dc94d0db9bdebe29c61644a23a
1000035570,Accesorios para manualidades,0.41,8666662011291,visible,ACCESORIOE LLAVERO,1,201129,https://img-eu-2.freex.es/img/071/1000035570/1024x1024/08f15fbc15637a657f680e6ab324da5b
1000035571,Accesorios para manualidades,0.41,8666662011307,visible,ACCESORIOE LLAVERO,1,201130,https://img-eu-2.freex.es/img/071/1000035571/1024x1024/f4f9ef3b19c7cfe105c0409443a0e2df
1000035572,Accesorios para manualidades,0.41,8666662011314,visible,ACCESORIOE LLAVERO,1,201131,https://img-eu-2.freex.es/img/071/1000035572/1024x1024/ae3da0ff2e9f075347fb2d06acb8e6be
1000035573,Accesorios para manualidades,0.41,8666662011321,visible,ACCESORIOE LLAVERO,1,201132,https://img-eu-2.freex.es/img/071/1000035573/1024x1024/147395be71b1515680e6c6e3feaecb41
1000035574,Accesorios para manualidades,0.41,8666662011338,visible,ACCESORIOE LLAVERO,1,201133,https://img-eu-2.freex.es/img/071/1000035574/1024x1024/5bdc850b9e801655b767f5a38f8e4065
1000015383,Accesorios para manualidades,0.41,8666662011345,visible,ACCESORIOE LLAVERO,1,201134,https://img-eu-2.freex.es/img/071/1000015383/1024x1024/71bd6f44e5d755236ce0159552510134
1000035575,Accesorios para manualidades,0.41,8666662011352,visible,ACCESORIOE LLAVERO,1,201135,https://img-eu-2.freex.es/img/071/1000035575/1024x1024/aac41ca8dfc0e786674e8186e9a087ae
1000035576,Accesorios para manualidades,0.41,8666662011369,visible,ACCESORIOE LLAVERO,1,201136,https://img-eu-2.freex.es/img/071/1000035576/1024x1024/d042e9f252c5dc595374335550ebc841
1000035577,Accesorios para manualidades,0.41,8666662011376,visible,ACCESORIOE LLAVERO,1,201137,https://img-eu-2.freex.es/img/071/1000035577/1024x1024/fa929aba913fda5ddbb1abc35a3d3fee
1000035578,Accesorios para manualidades,0.41,8666662011383,visible,ACCESORIOE LLAVERO,1,201138,https://img-eu-2.freex.es/img/071/1000035578/1024x1024/182779affbdc0363368338834174fb6d
1000035579,Accesorios para manualidades,0.41,8666662011390,visible,ACCESORIOE LLAVERO,1,201139,https://img-eu-2.freex.es/img/071/1000035579/1024x1024/eb030684eb4b63e82f224ec0de1beb33
1000015394,Accesorios para manualidades,0.41,8666662011406,visible,ACCESORIOE LLAVERO,1,201140,https://img-eu-2.freex.es/img/071/1000015394/1024x1024/f61fc3cdd45a2b619f86acfb0dd6d30d
1000035580,Accesorios para manualidades,0.41,8666662011413,visible,ACCESORIOE LLAVERO,1,201141,https://img-eu-2.freex.es/img/071/1000035580/1024x1024/7d805fc3c00064c65d2bf07066f95e04
1000035581,Accesorios para manualidades,0.41,8666662011420,visible,ACCESORIOE LLAVERO,1,201142,https://img-eu-2.freex.es/img/071/1000035581/1024x1024/03bbb0a29e0e2d1d31fbf8ca88c2d6d7
1000035582,Accesorios para manualidades,0.41,8666662011437,visible,ACCESORIOE LLAVERO,1,201143,https://img-eu-2.freex.es/img/071/1000035582/1024x1024/6ec7553ac3b46102cd2529a335aa9071
1000035583,Accesorios para manualidades,0.41,8666662011444,visible,ACCESORIOE LLAVERO,1,201144,https://img-eu-2.freex.es/img/071/1000035583/1024x1024/05ed795dc837855eca7d41497b7989d2
1000035584,Accesorios para manualidades,0.41,8666662011451,visible,ACCESORIOE LLAVERO,1,201145,https://img-eu-2.freex.es/img/071/1000035584/1024x1024/fdd4870c2d82e9e3d35e84452e952cba
1000035585,Accesorios para manualidades,0.41,8666662011468,visible,ACCESORIOE LLAVERO,1,201146,https://img-eu-2.freex.es/img/071/1000035585/1024x1024/966c02ec9869aeedb460a33fe03f3ace
1000035586,Accesorios para manualidades,0.41,8666662011475,visible,ACCESORIOE LLAVERO,1,201147,https://img-eu-2.freex.es/img/071/1000035586/1024x1024/7cf7411f3eaf199b19e71e80a470834b
1000035587,Accesorios para manualidades,0.41,8666662011482,visible,ACCESORIOE LLAVERO,1,201148,https://img-eu-2.freex.es/img/071/1000035587/1024x1024/759e648c6f6e5a8e37da60daf0b9a6a0
1000035588,Accesorios para manualidades,0.41,8666662011499,visible,ACCESORIOE LLAVERO,1,201149,https://img-eu-2.freex.es/img/071/1000035588/1024x1024/3ab4aca08992923b94fca01aaf05d6bd
1000036942,CIERRES DE RESORTE,0.47,866666201279,visible,ACCESORIOE LLAVERO,1,201279,https://img-eu-2.freex.es/img/071/1000036942/1024x1024/5e3442cc4ee6037814de2e7b7502d4de
1000036943,CIERRES DE RESORTE,0.47,866666201280,visible,ACCESORIOE LLAVERO,1,201280,https://img-eu-2.freex.es/img/071/1000036943/1024x1024/45c8834a120e4ede147f075236649893
1000036944,CIERRES DE RESORTE,0.47,866666201281,visible,ACCESORIOE LLAVERO,1,201281,https://img-eu-2.freex.es/img/071/1000036944/1024x1024/c8d78ad5d3714cda13909487a7628100
1000036945,IMPERDIBLES,0.41,866666201282,visible,ACCESORIOE LLAVERO,1,201282,https://img-eu-2.freex.es/img/071/1000036945/1024x1024/4e2199aa8a4a1384086f473e32af86d9
1000036946,IMPERDIBLES,0.41,866666201283,visible,ACCESORIOE LLAVERO,1,201283,https://img-eu-2.freex.es/img/071/1000036946/1024x1024/29fd0a9717a35c8bb5283f4a44384981
1000036947,IMPERDIBLES,0.41,866666201284,visible,ACCESORIOE LLAVERO,1,201284,https://img-eu-2.freex.es/img/071/1000036947/1024x1024/70cf71750642398e1e32dff68543c78b
1000015461,Anillo de llavero,0.41,8666662012878,visible,ACCESORIOE LLAVERO,1,201287,https://img-eu-2.freex.es/img/071/1000015461/1024x1024/b56f566c5e0cc03f559e6c9ee2980e1d
1000037267,IMPERDIBLE CON BASE,0.41,8666662012885,visible,ACCESORIOE LLAVERO,1,201288,https://img-eu-2.freex.es/img/071/1000037267/1024x1024/1e076bc298100a331a8a07f14f0b2d16
1000037268,IMPERDIBLE CON BASE,0.41,8666662012892,visible,ACCESORIOE LLAVERO,1,201289,https://img-eu-2.freex.es/img/071/1000037268/1024x1024/080763c83b8e690f21cdc306027718da
1000037269,IMPERDIBLE CON BASE,0.41,8666662012908,visible,ACCESORIOE LLAVERO,1,201290,https://img-eu-2.freex.es/img/071/1000037269/1024x1024/8b002e0f7f4e353250d84586e6a41ff7
1000036949,GANCHI PARA PENDIENTES,0.47,866666201291,visible,ACCESORIOE LLAVERO,1,201291,https://img-eu-2.freex.es/img/071/1000036949/1024x1024/20221509019822beb8383a7b4e2183a3
1000036950,GANCHI PARA PENDIENTES,0.47,866666201292,visible,ACCESORIOE LLAVERO,1,201292,https://img-eu-2.freex.es/img/071/1000036950/1024x1024/7fc88262025d36c9fa311d584a85e03f
1000036951,GANCHI PARA PENDIENTES,0.47,866666201293,visible,ACCESORIOE LLAVERO,1,201293,https://img-eu-2.freex.es/img/071/1000036951/1024x1024/1ed41f40f564b1b8333731801483ae49
1000015476,BROCHE PARA ACCESORIOS,0.41,866666201294,visible,ACCESORIOE LLAVERO,1,201294,https://img-eu-2.freex.es/img/071/1000015476/1024x1024/28111b85641fd6ac1afbe20a2429e80b
1000036952,BROCHE PARA ACCESORIOS,0.41,866666201295,visible,ACCESORIOE LLAVERO,1,201295,https://img-eu-2.freex.es/img/071/1000036952/1024x1024/ed0cf59ae2fb392907052c94b9ba77d3
1000036953,BROCHE PARA ACCESORIOS,0.41,866666201296,visible,ACCESORIOE LLAVERO,1,201296,https://img-eu-2.freex.es/img/071/1000036953/1024x1024/f1791a7c7860b5cd4b80d2b53470799a
1000037632,ACCESORIOS PARA MANUALIDADES,0.41,8666662013905,visible,ACCESORIOE LLAVERO,1,201390,https://img-eu-2.freex.es/img/071/1000037632/1024x1024/2885039f75734200f0af36c0dabc7a47
1000037633,ACCESORIOS PARA MANUALIDADES,0.41,8666662013912,visible,ACCESORIOE LLAVERO,1,201391,https://img-eu-2.freex.es/img/071/1000037633/1024x1024/3ff1bc1054fc674d8dd7e63ccc070d11
1000037634,ACCESORIOS PARA MANUALIDADES,0.41,8666662013929,visible,ACCESORIOE LLAVERO,1,201392,https://img-eu-2.freex.es/img/071/1000037634/1024x1024/6113f775d9b88ae1f833662cf768329b
1000037635,ACCESORIOS PARA MANUALIDADES,0.41,8666662013936,visible,ACCESORIOE LLAVERO,1,201393,https://img-eu-2.freex.es/img/071/1000037635/1024x1024/2902cb4493ab01c29dd321f8303df775
1000037636,ACCESORIOS PARA MANUALIDADES,0.41,8666662013943,visible,ACCESORIOE LLAVERO,1,201394,https://img-eu-2.freex.es/img/071/1000037636/1024x1024/4173fb6a51009cb30b35e4ea4f5a3b5b
1000037637,ACCESORIOS PARA MANUALIDADES,0.41,8666662013950,visible,ACCESORIOE LLAVERO,1,201395,https://img-eu-2.freex.es/img/071/1000037637/1024x1024/c56f5c114569d0a137eda1d47fbbff4b
1000037638,ACCESORIOS PARA MANUALIDADES,0.41,8666662013967,visible,ACCESORIOE LLAVERO,1,201396,https://img-eu-2.freex.es/img/071/1000037638/1024x1024/fca6aa63f1249879b95a276a635d5c9b
1000037639,ACCESORIOS PARA MANUALIDADES,0.41,8666662013974,visible,ACCESORIOE LLAVERO,1,201397,https://img-eu-2.freex.es/img/071/1000037639/1024x1024/234beb277059e0ad24f81e4ea9988654
1000037640,ACCESORIOS PARA MANUALIDADES,0.41,8666662013981,visible,ACCESORIOE LLAVERO,1,201398,https://img-eu-2.freex.es/img/071/1000037640/1024x1024/06782dce5d3a5fcc8bfe97df697f3d1f
1000037641,ACCESORIOS PARA MANUALIDADES,0.41,8666662013998,visible,ACCESORIOE LLAVERO,1,201399,https://img-eu-2.freex.es/img/071/1000037641/1024x1024/9914671b14ee78189d97229fdcac26f8
1000037642,ACCESORIOS PARA MANUALIDADES,0.41,8666662014001,visible,ACCESORIOE LLAVERO,1,201400,https://img-eu-2.freex.es/img/071/1000037642/1024x1024/45fe5e084f2c3605e5bbe775b58fc03f
1000037643,ACCESORIOS PARA MANUALIDADES,0.41,8666662014018,visible,ACCESORIOE LLAVERO,1,201401,https://img-eu-2.freex.es/img/071/1000037643/1024x1024/eadf7d1a5a67609c68ec1b8ee7e1cf65
1000037644,ACCESORIOS PARA MANUALIDADES,0.41,8666662014025,visible,ACCESORIOE LLAVERO,1,201402,https://img-eu-2.freex.es/img/071/1000037644/1024x1024/7eac5216186c5724e285ea9a768d9fa2
1000037645,ACCESORIOS PARA MANUALIDADES,0.41,8666662014032,visible,ACCESORIOE LLAVERO,1,201403,https://img-eu-2.freex.es/img/071/1000037645/1024x1024/b17da238b7d831ccbcd633879bd6d5af
1000037646,ACCESORIOS PARA MANUALIDADES,0.41,8666662014049,visible,ACCESORIOE LLAVERO,1,201404,https://img-eu-2.freex.es/img/071/1000037646/1024x1024/35c6d438649b3089b54c15cc721b9c58
1000037647,ACCESORIOS PARA MANUALIDADES,0.41,8666662014056,visible,ACCESORIOE LLAVERO,1,201405,https://img-eu-2.freex.es/img/071/1000037647/1024x1024/9d901c0af41360671e5c41820f2748c1
1000037649,ACCESORIOS PARA MANUALIDADES,0.41,8666662014070,visible,ACCESORIOE LLAVERO,1,201407,https://img-eu-2.freex.es/img/071/1000037649/1024x1024/203ac1d83aa11981bbf8944dbdc1c3ae
1000037651,ACCESORIOS PARA MANUALIDADES,0.41,8666662014094,visible,ACCESORIOE LLAVERO,1,201409,https://img-eu-2.freex.es/img/071/1000037651/1024x1024/da7f39c0b6442b771d968548b703c81a
1000037911,PINZA DE METAL,0.41,8666662014315,visible,ACCESORIOE LLAVERO,1,201431,https://img-eu-2.freex.es/img/071/1000037911/1024x1024/4de3057f540ae0dd55661f06e27f4fa0
1000037912,PINZA DE METAL,0.41,8666662014322,visible,ACCESORIOE LLAVERO,1,201432,https://img-eu-2.freex.es/img/071/1000037912/1024x1024/e19ff1e04c263e7f74464ae998380723
1000037977,PINZA DE METAL,0.41,866666201433,visible,ACCESORIOE LLAVERO,1,201433,https://img-eu-2.freex.es/img/071/1000037977/1024x1024/b0c00e6ef3ad24cf38d5894786b58349
1000037913,PINZA DE METAL,0.41,8666662014346,visible,ACCESORIOE LLAVERO,1,201434,https://img-eu-2.freex.es/img/071/1000037913/1024x1024/e3e1018db66c4ca413745f27b19fdb4d
1000037914,BROCHE CLIP CON BASE,0.53,8666662014353,visible,ACCESORIOE LLAVERO,1,201435,https://img-eu-2.freex.es/img/071/1000037914/1024x1024/e3f3b453e9ec8048db3061f87421eb0a
1000037915,BROCHE CLIP CON BASE,0.57,8666662014360,visible,ACCESORIOE LLAVERO,1,201436,https://img-eu-2.freex.es/img/071/1000037915/1024x1024/092c7997996800f8e0331997a18dc8f5
1000037916,BROCHE CLIP CON BASE,0.53,8666662014377,visible,ACCESORIOE LLAVERO,1,201437,https://img-eu-2.freex.es/img/071/1000037916/1024x1024/41909619c511f5fec92e05f66d3fcad5
1000037917,ALFILER DE NOVIA,0.41,8666662014384,visible,ACCESORIOE LLAVERO,1,201438,https://img-eu-2.freex.es/img/071/1000037917/1024x1024/f292384caa1d51b54219154d2b834619
1000037918,ALFILER DE NOVIA,0.41,8666662014391,visible,ACCESORIOE LLAVERO,1,201439,https://img-eu-2.freex.es/img/071/1000037918/1024x1024/6fbd0b98d601cfff19d417c1b4ed9ff5
1000039037,32*14mm MOSQUETON DE METAL,0.47,866666201521,visible,ACCESORIOE LLAVERO,1,201521,https://img-eu-2.freex.es/img/071/1000039037/1024x1024/eabadf88b2d7d5335f6d50c65f947870
1000026505,32*14mm MOSQUETON DE METAL,0.47,866666201522,visible,ACCESORIOE LLAVERO,1,201522,https://img-eu-2.freex.es/img/071/1000026505/1024x1024/09741eebfc8e57e6baeddb5744934407
1000039038,32*14mm MOSQUETON DE METAL,0.47,866666201523,visible,ACCESORIOE LLAVERO,1,201523,https://img-eu-2.freex.es/img/071/1000039038/1024x1024/9f27ac06da797cbfab6e2f05e18fb6a7
1000039051,CADENA METAL,0.78,866666201551,visible,ACCESORIOE LLAVERO,1,201551,https://img-eu-2.freex.es/img/071/1000039051/1024x1024/cc616a244b61b4ddaa927d7db2fb314e
1000039052,CADENA METAL,0.78,866666201552,visible,ACCESORIOE LLAVERO,1,201552,https://img-eu-2.freex.es/img/071/1000039052/1024x1024/77cc7ad59c090121e2c9b2393bb250b3
1000026508,CADENA METAL,0.93,866666201553,visible,ACCESORIOE LLAVERO,1,201553,https://img-eu-2.freex.es/img/071/1000026508/1024x1024/d743a87dcebcdf5bfa80d2b3bcf5b776
1000039053,CADENA METAL,0.93,866666201554,visible,ACCESORIOE LLAVERO,1,201554,https://img-eu-2.freex.es/img/071/1000039053/1024x1024/fb17560d17aed3b76dd9ce5014da00f4
1000039054,CADENA METAL,1.62,866666201555,visible,ACCESORIOE LLAVERO,1,201555,https://img-eu-2.freex.es/img/071/1000039054/1024x1024/1f3cfd0df22a26ae7491039395ac69bb
1000039055,CADENA METAL,1.62,866666201556,visible,ACCESORIOE LLAVERO,1,201556,https://img-eu-2.freex.es/img/071/1000039055/1024x1024/bc5c620c2293dc8c0710c10d402f47a9
1000039056,CADENA METAL,1.2,866666201557,visible,ACCESORIOE LLAVERO,1,201557,https://img-eu-2.freex.es/img/071/1000039056/1024x1024/571392387af471f3da36ae2a751f7b1c
1000039057,CADENA METAL,1.2,866666201558,visible,ACCESORIOE LLAVERO,1,201558,https://img-eu-2.freex.es/img/071/1000039057/1024x1024/797a2b68861ec5e774ea3c5ee4ff956c
1000039058,CADENA METAL,1.41,866666201559,visible,ACCESORIOE LLAVERO,1,201559,https://img-eu-2.freex.es/img/071/1000039058/1024x1024/63930bd43dd4d092cccc5ff4657c3e4a
1000026509,CADENA METAL,1.41,866666201560,visible,ACCESORIOE LLAVERO,1,201560,https://img-eu-2.freex.es/img/071/1000026509/1024x1024/78e0440eb4f46d205dd8c3cb07e7ff8c
1000039059,CADENA METAL,0.85,866666201561,visible,ACCESORIOE LLAVERO,1,201561,https://img-eu-2.freex.es/img/071/1000039059/1024x1024/efa5a16ef2991dc493bca2af1084b210
1000039060,CADENA METAL,0.85,866666201562,visible,ACCESORIOE LLAVERO,1,201562,https://img-eu-2.freex.es/img/071/1000039060/1024x1024/a425746c56ea03224cd9517db84d5003
1000039061,CADENA METAL,1.52,866666201563,visible,ACCESORIOE LLAVERO,1,201563,https://img-eu-2.freex.es/img/071/1000039061/1024x1024/b3c4b6a4c8a50ef6f9fa57b233224bc9
1000039062,CADENA METAL,1.52,866666201564,visible,ACCESORIOE LLAVERO,1,201564,https://img-eu-2.freex.es/img/071/1000039062/1024x1024/86c52b21bf3d4e711e3b6ddbff99b386
1000039063,CADENA METAL,0.93,866666201565,visible,ACCESORIOE LLAVERO,1,201565,https://img-eu-2.freex.es/img/071/1000039063/1024x1024/b2fce573a0e28b4cc6d3705012e6a7ff
1000039064,CADENA METAL,0.93,866666201566,visible,ACCESORIOE LLAVERO,1,201566,https://img-eu-2.freex.es/img/071/1000039064/1024x1024/18d9c0cb3190b59893c250369b9886a4
1000039065,CADENA METAL,1.46,866666201567,visible,ACCESORIOE LLAVERO,1,201567,https://img-eu-2.freex.es/img/071/1000039065/1024x1024/9bc1481ceb13921012324240344d2fce
1000039066,CADENA METAL,1.46,866666201568,visible,ACCESORIOE LLAVERO,1,201568,https://img-eu-2.freex.es/img/071/1000039066/1024x1024/f11a326488bc502a6d3323780e8aeb51
1000039067,CADENA METAL,1.62,866666201569,visible,ACCESORIOE LLAVERO,1,201569,https://img-eu-2.freex.es/img/071/1000039067/1024x1024/d41c2bff07df07904275db0d529de909
1000039068,CADENA METAL,1.62,866666201570,visible,ACCESORIOE LLAVERO,1,201570,https://img-eu-2.freex.es/img/071/1000039068/1024x1024/457d6539ae07ddf6118e844eed306534
1000041083,HEBILLA DE ENLACE,0.51,8666662016579,visible,ACCESORIOE LLAVERO,1,201657,https://img-eu-2.freex.es/img/071/1000041083/1024x1024/bcc99e8267a84ffceb6348574c5f17d6
1000041085,HEBILLA DE ENLACE,0.51,8666662016593,visible,ACCESORIOE LLAVERO,1,201659,https://img-eu-2.freex.es/img/071/1000041085/1024x1024/7871c212dd20b62d881d66de8d96f1b7
1000043154,PENDIENTES DE ARO,0.51,8666662100018,visible,ACCESORIOE LLAVERO,1,210001,https://img-eu-2.freex.es/img/071/1000043154/1024x1024/abe6880a556914797e77a36c40226240
1000043155,PENDIENTES DE ARO,0.51,8666662100025,visible,ACCESORIOE LLAVERO,1,210002,https://img-eu-2.freex.es/img/071/1000043155/1024x1024/7f10ae17534e38e1e64addd049503f6d
1000043156,PENDIENTES DE ARO,0.51,8666662100032,visible,ACCESORIOE LLAVERO,1,210003,https://img-eu-2.freex.es/img/071/1000043156/1024x1024/77621487a6e466406c6be96d57e5e4c4
1000043157,PENDIENTES DE ARO,0.51,8666662100049,visible,ACCESORIOE LLAVERO,1,210004,https://img-eu-2.freex.es/img/071/1000043157/1024x1024/d55248e02fcb2cd0cae7e5ae702613a0
1000043158,PENDIENTES DE ARO,0.51,8666662100056,visible,ACCESORIOE LLAVERO,1,210005,https://img-eu-2.freex.es/img/071/1000043158/1024x1024/02ce036d604df668066401f6e516280c
1000043159,PENDIENTES DE ARO,0.51,8666662100063,visible,ACCESORIOE LLAVERO,1,210006,https://img-eu-2.freex.es/img/071/1000043159/1024x1024/e7be4ee5bce11b8d05162e532af64ca5
1000043160,PENDIENTES DE ARO,0.55,8666662100070,visible,ACCESORIOE LLAVERO,1,210007,https://img-eu-2.freex.es/img/071/1000043160/1024x1024/7eaf816d5101d3b432751b2bdbdf9d54
1000043161,PENDIENTES DE ARO,0.55,8666662100087,visible,ACCESORIOE LLAVERO,1,210008,https://img-eu-2.freex.es/img/071/1000043161/1024x1024/d330db7aacacdcc49dd041f1be84b600
1000043162,PENDIENTES DE ARO,0.55,8666662100094,visible,ACCESORIOE LLAVERO,1,210009,https://img-eu-2.freex.es/img/071/1000043162/1024x1024/440cd9a5d279d419c363b1a55c0ec411
1000043163,PENDIENTES DE ARO,0.55,8666662100100,visible,ACCESORIOE LLAVERO,1,210010,https://img-eu-2.freex.es/img/071/1000043163/1024x1024/e2be39ddddb037385e84db33b7631289
1000043164,PENDIENTES DE ARO,0.55,8666662100117,visible,ACCESORIOE LLAVERO,1,210011,https://img-eu-2.freex.es/img/071/1000043164/1024x1024/15bc1120eece4431e243c755dfa88fc1
1000043165,PENDIENTES DE ARO,0.55,8666662100124,visible,ACCESORIOE LLAVERO,1,210012,https://img-eu-2.freex.es/img/071/1000043165/1024x1024/a46376b44e5b041bddd952a8a9d76f93
1000043166,PENDIENTES DE ARO,0.57,8666662100131,visible,ACCESORIOE LLAVERO,1,210013,https://img-eu-2.freex.es/img/071/1000043166/1024x1024/013408b9fcf34d0c03df47c15add11fa
1000043167,PENDIENTES DE ARO,0.57,8666662100148,visible,ACCESORIOE LLAVERO,1,210014,https://img-eu-2.freex.es/img/071/1000043167/1024x1024/4adba51708286d5074b4099b2a2979ff
1000043168,PENDIENTES DE ARO,0.57,8666662100155,visible,ACCESORIOE LLAVERO,1,210015,https://img-eu-2.freex.es/img/071/1000043168/1024x1024/9148a6fa3fd341de74d89de7f96e3142
1000043169,PENDIENTES DE ARO,0.61,8666662100162,visible,ACCESORIOE LLAVERO,1,210016,https://img-eu-2.freex.es/img/071/1000043169/1024x1024/22824b76fa6ff8b6d7b475453d9e8fb9
1000043170,PENDIENTES DE ARO,0.61,8666662100179,visible,ACCESORIOE LLAVERO,1,210017,https://img-eu-2.freex.es/img/071/1000043170/1024x1024/7f958b3fa5de673f46fead38545eac36
1000043171,PENDIENTES DE ARO,0.61,8666662100186,visible,ACCESORIOE LLAVERO,1,210018,https://img-eu-2.freex.es/img/071/1000043171/1024x1024/3f34558a1cadea1ba00729fbbc8e3762
1000044809,ACCESORIOS PARA MANUALIDADES,0.51,8666662102418,visible,ACCESORIOE LLAVERO,1,210241,https://img-eu-2.freex.es/img/071/1000044809/1024x1024/da3679234d00331ace2900f94e6edc7b
1000044810,ACCESORIOS PARA MANUALIDADES,0.51,8666662102449,visible,ACCESORIOE LLAVERO,1,210244,https://img-eu-2.freex.es/img/071/1000044810/1024x1024/431949d8615473097e2213fa1ab456f9
1000044811,ACCESORIOS PARA MANUALIDADES,0.51,8666662102456,visible,ACCESORIOE LLAVERO,1,210245,https://img-eu-2.freex.es/img/071/1000044811/1024x1024/8f7f22b2d885252d4d33b87bcffff72e
1000044812,ACCESORIOS PARA MANUALIDADES,0.51,8666662102463,visible,ACCESORIOE LLAVERO,1,210246,https://img-eu-2.freex.es/img/071/1000044812/1024x1024/d5a06b86e003f71ccd1fad54bc05ff51
1000044813,ACCESORIOS PARA MANUALIDADES,0.51,8666662102470,visible,ACCESORIOE LLAVERO,1,210247,https://img-eu-2.freex.es/img/071/1000044813/1024x1024/2dc87c92a939839b960433eedd44b33d
1000044814,ACCESORIOS PARA MANUALIDADES,0.51,8666662102517,visible,ACCESORIOE LLAVERO,1,210251,https://img-eu-2.freex.es/img/071/1000044814/1024x1024/bc8710732e25988438b0e90dbc666ac5
1000044815,ACCESORIOS PARA MANUALIDADES,0.51,8666662102531,visible,ACCESORIOE LLAVERO,1,210253,https://img-eu-2.freex.es/img/071/1000044815/1024x1024/b11f7742ad8775f7aff22440006acd26
1000044816,ACCESORIOS PARA MANUALIDADES,0.53,8666662102555,visible,ACCESORIOE LLAVERO,1,210255,https://img-eu-2.freex.es/img/071/1000044816/1024x1024/2a094dbd62052f7ce8bd378522db704e
1000044817,ACCESORIOS PARA MANUALIDADES,0.53,8666662102579,visible,ACCESORIOE LLAVERO,1,210257,https://img-eu-2.freex.es/img/071/1000044817/1024x1024/96f5aee8f45235f80117806752ef4d12
1000044818,ACCESORIOS PARA MANUALIDADES,0.53,8666662102586,visible,ACCESORIOE LLAVERO,1,210258,https://img-eu-2.freex.es/img/071/1000044818/1024x1024/95bd4840424f75893e48477731b318f2
1000044819,ACCESORIOS PARA MANUALIDADES,0.53,8666662102593,visible,ACCESORIOE LLAVERO,1,210259,https://img-eu-2.freex.es/img/071/1000044819/1024x1024/310d66759df1b3aa7fc7e9dece9eaf6f
1000044820,ACCESORIOS PARA MANUALIDADES,0.53,8666662102609,visible,ACCESORIOE LLAVERO,1,210260,https://img-eu-2.freex.es/img/071/1000044820/1024x1024/7a0e7cb4ca0d41657ebadcb32d6fe0f5
1000044821,ACCESORIOS PARA MANUALIDADES,0.65,8666662102630,visible,ACCESORIOE LLAVERO,1,210263,https://img-eu-2.freex.es/img/071/1000044821/1024x1024/178957be52b4ae701501144c7bf75104
1000044822,ACCESORIOS PARA MANUALIDADES,0.65,8666662102647,visible,ACCESORIOE LLAVERO,1,210264,https://img-eu-2.freex.es/img/071/1000044822/1024x1024/288605a38c6c0c6745aee1b88d62effa
1000044549,HEBILLA DE ENLACE CON IMAN,0.43,8666662102654,visible,ACCESORIOE LLAVERO,1,210265,https://img-eu-2.freex.es/img/071/1000044549/1024x1024/a56ed7c1467abfd328b242e1daa6a1a7
1000044550,HEBILLA DE ENLACE CON IMAN,0.43,8666662102661,visible,ACCESORIOE LLAVERO,1,210266,https://img-eu-2.freex.es/img/071/1000044550/1024x1024/374d6d5f88d9f43de6abb5a0fd603365
1000044551,HEBILLA DE ENLACE CON IMAN,0.43,8666662102678,visible,ACCESORIOE LLAVERO,1,210267,https://img-eu-2.freex.es/img/071/1000044551/1024x1024/1c093513aff58ad578f361cabaaa5bbd
1000044552,HEBILLA DE ENLACE CON IMAN,0.43,8666662102685,visible,ACCESORIOE LLAVERO,1,210268,https://img-eu-2.freex.es/img/071/1000044552/1024x1024/618a8e75bc7026742f846b9ce3459c00
1000044553,HEBILLA DE ENLACE CON IMAN,0.43,8666662102692,visible,ACCESORIOE LLAVERO,1,210269,https://img-eu-2.freex.es/img/071/1000044553/1024x1024/1d4eb1fb184481e2813157e31f11a60c
1000044554,HEBILLA DE ENLACE CON IMAN,0.43,8666662102708,visible,ACCESORIOE LLAVERO,1,210270,https://img-eu-2.freex.es/img/071/1000044554/1024x1024/604c3c0a54716d4a1dbe9f352e6ba504
1000044555,HEBILLA DE ENLACE CON IMAN,0.43,8666662102715,visible,ACCESORIOE LLAVERO,1,210271,https://img-eu-2.freex.es/img/071/1000044555/1024x1024/32cdea20f4bb3648af571f5a2231143e
1000044556,HEBILLA DE ENLACE CON IMAN,0.43,8666662102722,visible,ACCESORIOE LLAVERO,1,210272,https://img-eu-2.freex.es/img/071/1000044556/1024x1024/b052e870bf3742490e158ff1c026469e
1000044557,HEBILLA DE ENLACE CON IMAN,0.43,8666662102739,visible,ACCESORIOE LLAVERO,1,210273,https://img-eu-2.freex.es/img/071/1000044557/1024x1024/fdcb142ca5cdc499211f1f116aee940e
1000044558,HEBILLA DE ENLACE CON IMAN,0.43,8666662102746,visible,ACCESORIOE LLAVERO,1,210274,https://img-eu-2.freex.es/img/071/1000044558/1024x1024/cd74111be560d20e6a74b6b6995ae591
1000044559,HEBILLA DE ENLACE CON IMAN,0.45,8666662102753,visible,ACCESORIOE LLAVERO,1,210275,https://img-eu-2.freex.es/img/071/1000044559/1024x1024/36253a0df18030b0928324d312139492
1000044560,HEBILLA DE ENLACE CON IMAN,0.45,8666662102760,visible,ACCESORIOE LLAVERO,1,210276,https://img-eu-2.freex.es/img/071/1000044560/1024x1024/320199821e85d098ca8070cac5965805
1000044561,HEBILLA DE ENLACE CON IMAN,0.51,8666662102777,visible,ACCESORIOE LLAVERO,1,210277,https://img-eu-2.freex.es/img/071/1000044561/1024x1024/142a48459c4221a2f0b374838a450925
1000044562,HEBILLA DE ENLACE CON IMAN,0.51,8666662102784,visible,ACCESORIOE LLAVERO,1,210278,https://img-eu-2.freex.es/img/071/1000044562/1024x1024/b6d75f6d3e9b6d384b0982aef86343c0
1000044563,HEBILLA DE ENLACE CON IMAN,0.57,8666662102791,visible,ACCESORIOE LLAVERO,1,210279,https://img-eu-2.freex.es/img/071/1000044563/1024x1024/112ccfa8875df6595be903271ebe7b20
1000044564,HEBILLA DE ENLACE CON IMAN,0.57,8666662102807,visible,ACCESORIOE LLAVERO,1,210280,https://img-eu-2.freex.es/img/071/1000044564/1024x1024/6433c5bc06a06b7ec67012796238f082
1000004286,LLAVERO,0.47,8666661060825,visible,ACCESORIOE LLAVERO,1,06082,https://img-eu-2.freex.es/img/071/1000004286/1024x1024/fa4d00c3b37a9c647442fb95402688e4
1000004284,LLAVERO,0.47,8666661060870,visible,ACCESORIOE LLAVERO,1,06087,https://img-eu-2.freex.es/img/071/1000004284/1024x1024/6ea4ebb37fb2a4565889bf29672dc35b
1000004292,LLAVERO,0.47,8666661060887,visible,ACCESORIOE LLAVERO,1,06088,https://img-eu-2.freex.es/img/071/1000004292/1024x1024/da91bccf3ad1c46ea50ddf2ba5e63406
1000004291,LLAVERO,0.47,8666661060894,visible,ACCESORIOE LLAVERO,1,06089,https://img-eu-2.freex.es/img/071/1000004291/1024x1024/8c1003afbddd02e6411cd60f9e273813
1000033520,,0.41,8655611888831,visible,ACCESORIOE LLAVERO,1,88883-1,https://img-eu-2.freex.es/img/071/1000033520/1024x1024/d4967cdcd1c8ce71da8f30b1fc89772e
1000031061,ACCESORIOS DE BISUTERIA,0.47,866666192100,visible,ACCESORIOE LLAVERO,1,92100-1,https://img-eu-2.freex.es/img/071/1000031061/1024x1024/e714040269d294b27aed4ac7a2e385b4
1000031063,ACCESORIOS DE BISUTERIA,0.47,866666192100,visible,ACCESORIOE LLAVERO,1,92100-3,https://img-eu-2.freex.es/img/071/1000031063/1024x1024/094e38343ce2114498b7a8e45587a181
1000031064,ACCESORIOS DE BISUTERIA,0.47,866666192100,visible,ACCESORIOE LLAVERO,1,92100-4,https://img-eu-2.freex.es/img/071/1000031064/1024x1024/ac388f42c126514d9ab30f9df5a652e7
1000031065,ACCESORIOS DE BISUTERIA,0.47,866666192101,visible,ACCESORIOE LLAVERO,1,92101-1,https://img-eu-2.freex.es/img/071/1000031065/1024x1024/d13c88082c4674c8c75920d9535d65bc
1000031067,ACCESORIOS DE BISUTERIA,0.47,866666192101,visible,ACCESORIOE LLAVERO,1,92101-3,https://img-eu-2.freex.es/img/071/1000031067/1024x1024/9ee29d1384a682b44fe194f7dc552adc
1000031068,ACCESORIOS DE BISUTERIA,0.47,866666192101,visible,ACCESORIOE LLAVERO,1,92101-4,https://img-eu-2.freex.es/img/071/1000031068/1024x1024/02382223126f3e38b3a28452d859e155
1000031069,ACCESORIOS DE BISUTERIA,0.47,866666192102,visible,ACCESORIOE LLAVERO,1,92102-1,https://img-eu-2.freex.es/img/071/1000031069/1024x1024/19e83b05f8e90ab9cd5a08c90d3a56ef
1000031070,ACCESORIOS DE BISUTERIA,0.47,866666192102,visible,ACCESORIOE LLAVERO,1,92102-2,https://img-eu-2.freex.es/img/071/1000031070/1024x1024/558db1707a1a6674e2c1b1093d58c672
1000031071,ACCESORIOS DE BISUTERIA,0.47,866666192102,visible,ACCESORIOE LLAVERO,1,92102-3,https://img-eu-2.freex.es/img/071/1000031071/1024x1024/d5a0f59dd5314d06d91ead8aa8a40675
1000031072,ACCESORIOS DE BISUTERIA,0.47,866666192102,visible,ACCESORIOE LLAVERO,1,92102-4,https://img-eu-2.freex.es/img/071/1000031072/1024x1024/15099e7df07d5f4989913c710089bab9
1000031073,ACCESORIOS DE BISUTERIA,0.47,866666192103,visible,ACCESORIOE LLAVERO,1,92103-1,https://img-eu-2.freex.es/img/071/1000031073/1024x1024/88cad02e0c4abc2cf032fa603cb459d1
1000031074,ACCESORIOS DE BISUTERIA,0.47,866666192103,visible,ACCESORIOE LLAVERO,1,92103-2,https://img-eu-2.freex.es/img/071/1000031074/1024x1024/bb777924d30f0d026ab6e0c209972b93
1000031075,ACCESORIOS DE BISUTERIA,0.47,866666192103,visible,ACCESORIOE LLAVERO,1,92103-3,https://img-eu-2.freex.es/img/071/1000031075/1024x1024/170849a5a5ee32b997398fbdb8348ad3
1000031076,ACCESORIOS DE BISUTERIA,0.47,866666192103,visible,ACCESORIOE LLAVERO,1,92103-4,https://img-eu-2.freex.es/img/071/1000031076/1024x1024/383d44f3360444a4ffb2e4eaa680ae01
1000031077,ACCESORIOS DE BISUTERIA,0.47,866666192104,visible,ACCESORIOE LLAVERO,1,92104-1,https://img-eu-2.freex.es/img/071/1000031077/1024x1024/79a51ebdf2bac94f7d7d3222188f20f2
1000031078,ACCESORIOS DE BISUTERIA,0.47,866666192104,visible,ACCESORIOE LLAVERO,1,92104-2,https://img-eu-2.freex.es/img/071/1000031078/1024x1024/37fb4208e249884f15ae524f06a69378
1000031079,ACCESORIOS DE BISUTERIA,0.47,866666192104,visible,ACCESORIOE LLAVERO,1,92104-3,https://img-eu-2.freex.es/img/071/1000031079/1024x1024/464a303b07776cc2b314024668dcae49
1000031080,ACCESORIOS DE BISUTERIA,0.47,866666192104,visible,ACCESORIOE LLAVERO,1,92104-4,https://img-eu-2.freex.es/img/071/1000031080/1024x1024/f7b9d88a9813f5a69c11045c4d2e44fb
1000025544,ACESSRlOS DE PORTA CHAVE,0.47,866666191057,visible,ACCESORIOE LLAVERO,1,91057,https://img-eu-2.freex.es/img/071/1000025544/1024x1024/93b20655f1ce7cba73183815a7ca5b01
1000025543,ACESSRlOS DE PORTA CHAVE,0.47,866666191056,visible,ACCESORIOE LLAVERO,1,91056,https://img-eu-2.freex.es/img/071/1000025543/1024x1024/1811a0c7788c09a0111704442cd8c7b2
1000025546,ACESSRlOS DE PORTA CHAVE,0.47,866666191059,visible,ACCESORIOE LLAVERO,1,91059,https://img-eu-2.freex.es/img/071/1000025546/1024x1024/d30f9f28e44ac6a21e2086f946d8e7be
1000031107,ACCESORIOS DE BISUTERIA,0.41,866666192115,visible,ACCESORIOE LLAVERO,1,92115-1,https://img-eu-2.freex.es/img/071/1000031107/1024x1024/c994757e21fbba82e9aee432aea6b2b4
1000031108,ACCESORIOS DE BISUTERIA,0.41,866666192115,visible,ACCESORIOE LLAVERO,1,92115-2,https://img-eu-2.freex.es/img/071/1000031108/1024x1024/df155af89f07a380f15bd210e040069d
1000031109,ACCESORIOS DE BISUTERIA,0.41,866666192116,visible,ACCESORIOE LLAVERO,1,92116-1,https://img-eu-2.freex.es/img/071/1000031109/1024x1024/9013974f4c9c869d7d16fad4581899f2
1000031110,ACCESORIOS DE BISUTERIA,0.41,866666192116,visible,ACCESORIOE LLAVERO,1,92116-2,https://img-eu-2.freex.es/img/071/1000031110/1024x1024/5b8d360026e867866e8702cb506cbf9a
1000031093,ACCESORIOS DE BISUTERIA,0.41,866666192108,visible,ACCESORIOE LLAVERO,1,92108-1,https://img-eu-2.freex.es/img/071/1000031093/1024x1024/e631fd4399e698f0efd742dd30279415
1000031094,ACCESORIOS DE BISUTERIA,0.41,866666192108,visible,ACCESORIOE LLAVERO,1,92108-2,https://img-eu-2.freex.es/img/071/1000031094/1024x1024/13fc10998374bcf2479b753e8729f7f9
1000031095,ACCESORIOS DE BISUTERIA,0.41,866666192109,visible,ACCESORIOE LLAVERO,1,92109-1,https://img-eu-2.freex.es/img/071/1000031095/1024x1024/49dc4fb9b8d3526ad60f3930f9069e5b
1000031096,ACCESORIOS DE BISUTERIA,0.41,866666192109,visible,ACCESORIOE LLAVERO,1,92109-2,https://img-eu-2.freex.es/img/071/1000031096/1024x1024/5b21618d6706f3824590395671188e40
1000031097,ACCESORIOS DE BISUTERIA,0.41,866666192110,visible,ACCESORIOE LLAVERO,1,92110-1,https://img-eu-2.freex.es/img/071/1000031097/1024x1024/928b2f43bc18ce535c4da6f510b02102
1000031098,ACCESORIOS DE BISUTERIA,0.41,866666192110,visible,ACCESORIOE LLAVERO,1,92110-2,https://img-eu-2.freex.es/img/071/1000031098/1024x1024/4320b63ddc7369c9cfec25248ed445d4
1000031086,ACCESORIOS DE BISUTERIA,0.41,866666192106,visible,ACCESORIOE LLAVERO,1,92106-2,https://img-eu-2.freex.es/img/071/1000031086/1024x1024/89ae989a2cb7552d53bb56cae8208f21
1000031088,ACCESORIOS DE BISUTERIA,0.41,866666192106,visible,ACCESORIOE LLAVERO,1,92106-4,https://img-eu-2.freex.es/img/071/1000031088/1024x1024/a6b1e91a5ea03bb9383b1d725ae90f16
1000033522,,0.41,8655611888831,visible,ACCESORIOE LLAVERO,1,88883-3,https://img-eu-2.freex.es/img/071/1000033522/1024x1024/1b7599592b069135e8f89f52c3d71874
1000033524,,0.41,8655611888831,visible,ACCESORIOE LLAVERO,1,88883-5,https://img-eu-2.freex.es/img/071/1000033524/1024x1024/23d23fdd105c8839f257f4bda66a55ab
1000033945,ACCESORIOS PARA MANUALIDADES,0.41,8655611888831,visible,ACCESORIOE LLAVERO,1,88883-6,https://img-eu-2.freex.es/img/071/1000033945/1024x1024/af2b2ab1e1e67b9e990d67f632121acc
1000033946,ACCESORIOS PARA MANUALIDADES,0.41,8655611888831,visible,ACCESORIOE LLAVERO,1,88883-7,https://img-eu-2.freex.es/img/071/1000033946/1024x1024/d21f7a842abc4932c28db9a5076326cd
1000033947,ACCESORIOS PARA MANUALIDADES,0.41,8655611888831,visible,ACCESORIOE LLAVERO,1,88883-8,https://img-eu-2.freex.es/img/071/1000033947/1024x1024/c4d9a26879feb5c7cc6312a2563fe58c
1000033948,ACCESORIOS PARA MANUALIDADES,0.41,8655611888831,visible,ACCESORIOE LLAVERO,1,88883-9,https://img-eu-2.freex.es/img/071/1000033948/1024x1024/b2fa6d9495b1e57b41b73cc32af29ab2
1000033926,ACCESORIOS PARA MANUALIDADES,0.41,8655611888831,visible,ACCESORIOE LLAVERO,1,88883-10,https://img-eu-2.freex.es/img/071/1000033926/1024x1024/03825d1975844126cfb15dc6676960eb
1000033927,ACCESORIOS PARA MANUALIDADES,0.41,8655611888831,visible,ACCESORIOE LLAVERO,1,88883-11,https://img-eu-2.freex.es/img/071/1000033927/1024x1024/d686b56b8331c464953c7f4be6090cb0
1000033928,ACCESORIOS PARA MANUALIDADES,0.41,8655611888831,visible,ACCESORIOE LLAVERO,1,88883-12,https://img-eu-2.freex.es/img/071/1000033928/1024x1024/14d65e321bf2746468732de8b3abf045
1000033929,ACCESORIOS PARA MANUALIDADES,0.41,8655611888831,visible,ACCESORIOE LLAVERO,1,88883-13,https://img-eu-2.freex.es/img/071/1000033929/1024x1024/aaccc2b0a27638a6bfa671bed12ad0d2
1000033930,ACCESORIOS PARA MANUALIDADES,0.41,8655611888831,visible,ACCESORIOE LLAVERO,1,88883-14,https://img-eu-2.freex.es/img/071/1000033930/1024x1024/0658139b92a0bcbc968b121ba848689c
1000033931,ACCESORIOS PARA MANUALIDADES,0.41,8655611888831,visible,ACCESORIOE LLAVERO,1,88883-15,https://img-eu-2.freex.es/img/071/1000033931/1024x1024/b646652eef9ffb9c6e89f13e13fd0dd5
1000033932,ACCESORIOS PARA MANUALIDADES,0.41,8655611888831,visible,ACCESORIOE LLAVERO,1,88883-16,https://img-eu-2.freex.es/img/071/1000033932/1024x1024/13bfdf8d4fd1a2c1515e30a3fcbea075
1000033933,ACCESORIOS PARA MANUALIDADES,0.41,8655611888831,visible,ACCESORIOE LLAVERO,1,88883-17,https://img-eu-2.freex.es/img/071/1000033933/1024x1024/ddb14a75f67f84c76a9aa346e7525bcc
1000033935,ACCESORIOS PARA MANUALIDADES,0.41,8655611888831,visible,ACCESORIOE LLAVERO,1,88883-19,https://img-eu-2.freex.es/img/071/1000033935/1024x1024/9731b6198d2c26a8aca8f45d89dd8138
1000033936,ACCESORIOS PARA MANUALIDADES,0.41,8655611888831,visible,ACCESORIOE LLAVERO,1,88883-20,https://img-eu-2.freex.es/img/071/1000033936/1024x1024/080f30ba7c4c750fc034403e3d4a6442
1000033937,ACCESORIOS PARA MANUALIDADES,0.41,8655611888831,visible,ACCESORIOE LLAVERO,1,88883-21,https://img-eu-2.freex.es/img/071/1000033937/1024x1024/81450a53f059c081209bfb5b3addff25
1000033938,ACCESORIOS PARA MANUALIDADES,0.41,8655611888831,visible,ACCESORIOE LLAVERO,1,88883-22,https://img-eu-2.freex.es/img/071/1000033938/1024x1024/86311d07682b353a33dd8983191b1b9c
1000033939,ACCESORIOS PARA MANUALIDADES,0.41,8655611888831,visible,ACCESORIOE LLAVERO,1,88883-23,https://img-eu-2.freex.es/img/071/1000033939/1024x1024/79c7fe0293cf6883215d5af1dd40f8dd
1000033940,ACCESORIOS PARA MANUALIDADES,0.41,8655611888831,visible,ACCESORIOE LLAVERO,1,88883-24,https://img-eu-2.freex.es/img/071/1000033940/1024x1024/300eacd3a5cd983a880eb11dc370dc97
1000033943,ACCESORIOS PARA MANUALIDADES,0.41,8655611888831,visible,ACCESORIOE LLAVERO,1,88883-27,https://img-eu-2.freex.es/img/071/1000033943/1024x1024/8e308fde6a14b31e054f9d250b38fbe3
1000033944,ACCESORIOS PARA MANUALIDADES,0.41,8655611888831,visible,ACCESORIOE LLAVERO,1,88883-28,https://img-eu-2.freex.es/img/071/1000033944/1024x1024/f8419128400dcb5923de40e31980bec8
1000043968,BOLSA DE TERCIOPELO,0.48,8666662101114,visible,ACCESORIOE LLAVERO,1,210111,https://img-eu-2.freex.es/img/071/1000043968/1024x1024/f16fe933fad5534cf533cf53c68d85e7
1000043969,BOLSA DE TERCIOPELO,0.48,8666662101121,visible,ACCESORIOE LLAVERO,1,210112,https://img-eu-2.freex.es/img/071/1000043969/1024x1024/01b4e0ec8ddfcbc1ef67f536beb79d07
1000043970,BOLSA DE TERCIOPELO,0.48,8666662101138,visible,ACCESORIOE LLAVERO,1,210113,https://img-eu-2.freex.es/img/071/1000043970/1024x1024/992d54fd86fae391067cdb1f94e472fc
1000043971,BOLSA DE TERCIOPELO,0.48,8666662101145,visible,ACCESORIOE LLAVERO,1,210114,https://img-eu-2.freex.es/img/071/1000043971/1024x1024/e97c6ea98740f9d2ab977cf18167bd55
1000043972,BOLSA DE TERCIOPELO,0.48,8666662101152,visible,ACCESORIOE LLAVERO,1,210115,https://img-eu-2.freex.es/img/071/1000043972/1024x1024/10ace6468c5ef3b5cc83baf312605c1b
1000043973,BOLSA DE TERCIOPELO,0.48,8666662101169,visible,ACCESORIOE LLAVERO,1,210116,https://img-eu-2.freex.es/img/071/1000043973/1024x1024/deaf9bfbe959be13224e1bde9bd210f7
1000043974,BOLSA DE TERCIOPELO,0.48,8666662101176,visible,ACCESORIOE LLAVERO,1,210117,https://img-eu-2.freex.es/img/071/1000043974/1024x1024/b0c003e550a58ce1db1e6aba32d59061
1000043975,BOLSA DE TERCIOPELO,0.48,8666662101183,visible,ACCESORIOE LLAVERO,1,210118,https://img-eu-2.freex.es/img/071/1000043975/1024x1024/f2479ec6d8478df3e834a57403291fe2
1000043976,BOLSA DE TERCIOPELO,0.48,8666662101190,visible,ACCESORIOE LLAVERO,1,210119,https://img-eu-2.freex.es/img/071/1000043976/1024x1024/c621dfebe086b56e88cf506a54b51e9a
1000043977,BOLSA DE TERCIOPELO,0.48,8666662101206,visible,ACCESORIOE LLAVERO,1,210120,https://img-eu-2.freex.es/img/071/1000043977/1024x1024/52e3c5fcea0cb7f3ec93854685e71b8d
1000043978,BOLSA DE TERCIOPELO,0.52,8666662101237,visible,ACCESORIOE LLAVERO,1,210123,https://img-eu-2.freex.es/img/071/1000043978/1024x1024/e5de8cb28c1fde4782789f61f9dfd760
1000043979,BOLSA DE TERCIOPELO,0.52,8666662101244,visible,ACCESORIOE LLAVERO,1,210124,https://img-eu-2.freex.es/img/071/1000043979/1024x1024/949f3396bcd5f66f92f4f816bd954fc9
1000043980,BOLSA DE TERCIOPELO,0.52,8666662101251,visible,ACCESORIOE LLAVERO,1,210125,https://img-eu-2.freex.es/img/071/1000043980/1024x1024/fa258a52ad8bfddd572a6887a1f6360d
1000043981,BOLSA DE TERCIOPELO,0.52,8666662101268,visible,ACCESORIOE LLAVERO,1,210126,https://img-eu-2.freex.es/img/071/1000043981/1024x1024/442658adedc6696a9a37f20c947ca8a9
1000043982,BOLSA DE TERCIOPELO,0.52,8666662101275,visible,ACCESORIOE LLAVERO,1,210127,https://img-eu-2.freex.es/img/071/1000043982/1024x1024/fde7c80d919b2ad89fb35a624ee12221
1000043983,BOLSA DE TERCIOPELO,0.52,8666662101282,visible,ACCESORIOE LLAVERO,1,210128,https://img-eu-2.freex.es/img/071/1000043983/1024x1024/9110f5f7fcbfb6551cfb08187c27e015
1000043984,BOLSA DE TERCIOPELO,0.52,8666662101299,visible,ACCESORIOE LLAVERO,1,210129,https://img-eu-2.freex.es/img/071/1000043984/1024x1024/67bad419b8c64401d284cf992b8b062e
1000043985,BOLSA DE TERCIOPELO,0.52,8666662101305,visible,ACCESORIOE LLAVERO,1,210130,https://img-eu-2.freex.es/img/071/1000043985/1024x1024/398c578c4abcbc5921c27ceee57581a4
1000043986,BOLSA DE TERCIOPELO,0.52,8666662101312,visible,ACCESORIOE LLAVERO,1,210131,https://img-eu-2.freex.es/img/071/1000043986/1024x1024/cdd16c6d1b43baa596bbacd8987a1b5a
1000043987,BOLSA DE TERCIOPELO,0.52,8666662101329,visible,ACCESORIOE LLAVERO,1,210132,https://img-eu-2.freex.es/img/071/1000043987/1024x1024/fa2f1ede657730874e99fc2bfe3dc5e8
1000043988,BOLSA DE TERCIOPELO,0.65,8666662101350,visible,ACCESORIOE LLAVERO,1,210135,https://img-eu-2.freex.es/img/071/1000043988/1024x1024/6f133b0474de41f070e0d56320d1d2a6
1000043989,BOLSA DE TERCIOPELO,0.65,8666662101367,visible,ACCESORIOE LLAVERO,1,210136,https://img-eu-2.freex.es/img/071/1000043989/1024x1024/0afa4d928940da6d9c62e4680c7afdb0
1000043990,BOLSA DE TERCIOPELO,0.65,8666662101374,visible,ACCESORIOE LLAVERO,1,210137,https://img-eu-2.freex.es/img/071/1000043990/1024x1024/60a47d4aad57ef9bd771996e4ad85501
1000043991,BOLSA DE TERCIOPELO,0.65,8666662101381,visible,ACCESORIOE LLAVERO,1,210138,https://img-eu-2.freex.es/img/071/1000043991/1024x1024/282be7194527715f56f3f90a2462147f
1000043992,BOLSA DE TERCIOPELO,0.65,8666662101398,visible,ACCESORIOE LLAVERO,1,210139,https://img-eu-2.freex.es/img/071/1000043992/1024x1024/8833d08d0ba97f77a9b29d56feb0f346
1000043993,BOLSA DE TERCIOPELO,0.65,8666662101404,visible,ACCESORIOE LLAVERO,1,210140,https://img-eu-2.freex.es/img/071/1000043993/1024x1024/895222b12add91aa8533f38fb228448e
1000043994,BOLSA DE TERCIOPELO,0.65,8666662101411,visible,ACCESORIOE LLAVERO,1,210141,https://img-eu-2.freex.es/img/071/1000043994/1024x1024/6db2205aa6de0d1614833fffcaaa24c2
1000043995,BOLSA DE TERCIOPELO,0.65,8666662101428,visible,ACCESORIOE LLAVERO,1,210142,https://img-eu-2.freex.es/img/071/1000043995/1024x1024/26e70e1a33674af3e1cba52e687f2a19
1000043996,BOLSA DE TERCIOPELO,0.65,8666662101435,visible,ACCESORIOE LLAVERO,1,210143,https://img-eu-2.freex.es/img/071/1000043996/1024x1024/8501f60827c60136a5195bd049232920
1000043997,BOLSA DE TERCIOPELO,0.65,8666662101442,visible,ACCESORIOE LLAVERO,1,210144,https://img-eu-2.freex.es/img/071/1000043997/1024x1024/8815ee7c52a701ae0e90ceabf8c6d395
1000043998,BOLSA DE TERCIOPELO,0.68,8666662101473,visible,ACCESORIOE LLAVERO,1,210147,https://img-eu-2.freex.es/img/071/1000043998/1024x1024/a3fd8c137a19eba0aa67b5c8325ce033
1000043999,BOLSA DE TERCIOPELO,0.68,8666662101480,visible,ACCESORIOE LLAVERO,1,210148,https://img-eu-2.freex.es/img/071/1000043999/1024x1024/27a01c41727d47b544b20cafa8c42ad5
1000044000,BOLSA DE TERCIOPELO,0.68,8666662101497,visible,ACCESORIOE LLAVERO,1,210149,https://img-eu-2.freex.es/img/071/1000044000/1024x1024/d463bcc8aa4f393179c3e1b0c7d899d0
1000044001,BOLSA DE TERCIOPELO,0.68,8666662101503,visible,ACCESORIOE LLAVERO,1,210150,https://img-eu-2.freex.es/img/071/1000044001/1024x1024/bf7f0cbd802fa73fd4af8295d502c2a6
1000044002,BOLSA DE TERCIOPELO,0.68,8666662101510,visible,ACCESORIOE LLAVERO,1,210151,https://img-eu-2.freex.es/img/071/1000044002/1024x1024/9105e5a71ff03eff30ae2c98f5ca0f19
1000044003,BOLSA DE TERCIOPELO,0.68,8666662101527,visible,ACCESORIOE LLAVERO,1,210152,https://img-eu-2.freex.es/img/071/1000044003/1024x1024/07ae75e9db6f8d9d20ea621f62a94cba
1000044004,BOLSA DE TERCIOPELO,0.68,8666662101534,visible,ACCESORIOE LLAVERO,1,210153,https://img-eu-2.freex.es/img/071/1000044004/1024x1024/a23edced8e2b430d24a9189bff089e27
1000044005,BOLSA DE TERCIOPELO,0.68,8666662101541,visible,ACCESORIOE LLAVERO,1,210154,https://img-eu-2.freex.es/img/071/1000044005/1024x1024/4234d2d9a09482722221ed84176614bd
1000044006,BOLSA DE TERCIOPELO,0.68,8666662101558,visible,ACCESORIOE LLAVERO,1,210155,https://img-eu-2.freex.es/img/071/1000044006/1024x1024/6c32c9f05bd2d28b85c32263fa766ac0
1000044007,BOLSA DE TERCIOPELO,0.68,8666662101565,visible,ACCESORIOE LLAVERO,1,210156,https://img-eu-2.freex.es/img/071/1000044007/1024x1024/b02d89387c76a580b6ab8177104a43ad
1000040061,,0,,visible,ACCESORIOE LLAVERO,1,??_20240418145130,https://img-eu-2.freex.es/img/071/1000040061/1024x1024/67ecae69720db18a4ce67257e848081d
1000042343,SAQUITO DE YUTE,0.72,8666662053666,visible,ACCESORIOE LLAVERO,1,205366,https://img-eu-2.freex.es/img/071/1000042343/1024x1024/c3b3b00fe2400740acd405a51421d9c5
1000042344,SAQUITO DE YUTE,0.83,8666662053673,visible,ACCESORIOE LLAVERO,1,205367,https://img-eu-2.freex.es/img/071/1000042344/1024x1024/6a28fa27375b8708bf0a1e5f02051ac3
1000042346,SAQUITO DE YUTE,1.14,8666662053697,visible,ACCESORIOE LLAVERO,1,205369,https://img-eu-2.freex.es/img/071/1000042346/1024x1024/98260402cd8dec268cef13dde875d0a4
1000042347,SAQUITO DE YUTE,1.52,8666662053703,visible,ACCESORIOE LLAVERO,1,205370,https://img-eu-2.freex.es/img/071/1000042347/1024x1024/dbd5f460b2051f3100bc5026966664dd
1000026650,BOLSA DE LINO,0.89,8666661909629,visible,ACCESORIOE LLAVERO,1,90962-2,https://img-eu-2.freex.es/img/071/1000026650/1024x1024/a1f2eefb7aa43401008bfe08a7d8d7fc
1000024615,BOLSA DE LINO,1.94,90963,visible,ACCESORIOE LLAVERO,1,90963,https://img-eu-2.freex.es/img/071/1000024615/1024x1024/0baee11bd1ddce2d031d22e2d4135e95
1000026651,BOLSA DE LINO,1.94,8666661909636,visible,ACCESORIOE LLAVERO,1,90963-2,https://img-eu-2.freex.es/img/071/1000026651/1024x1024/695bc64440eb7050d724595f34ff0baa
1000024616,BOLSA DE LINO,2.04,90964,visible,ACCESORIOE LLAVERO,1,90964,https://img-eu-2.freex.es/img/071/1000024616/1024x1024/33bd9639388d7982ee004131599452d9
1000026652,SAQUITO LINO,2.04,8666661909643,visible,ACCESORIOE LLAVERO,1,90964-2,https://img-eu-2.freex.es/img/071/1000026652/1024x1024/987ddfeb390190b889f538ccd958cc67
1000024617,BOLSA DE LINO,2.19,90965,visible,ACCESORIOE LLAVERO,1,90965,https://img-eu-2.freex.es/img/071/1000024617/1024x1024/4709b3c4d4541c52c08981b7a3f8c56e
1000026653,BOLSA DE LINO,2.19,8666661909650,visible,ACCESORIOE LLAVERO,1,90965-2,https://img-eu-2.freex.es/img/071/1000026653/1024x1024/975d36d2cc54ad3015520099775c8996
1000024618,BOLSA DE LINO,2.57,90966,visible,ACCESORIOE LLAVERO,1,90966,https://img-eu-2.freex.es/img/071/1000024618/1024x1024/e366f6c3f14a1380f02f34b75e588268
1000026654,BOLSA DE LINO,2.57,8666661909667,visible,ACCESORIOE LLAVERO,1,90966-2,https://img-eu-2.freex.es/img/071/1000026654/1024x1024/a58b73676141b7ccfc7fa072589767ca
1000026655,BOLSA DE LINO,2.67,8666661909674,visible,ACCESORIOE LLAVERO,1,90967-2,https://img-eu-2.freex.es/img/071/1000026655/1024x1024/b08fe6780c624dfd65ea094f87e4034c
1000024619,BOLSA DE LINO,2.67,90967,visible,ACCESORIOE LLAVERO,1,90967,https://img-eu-2.freex.es/img/071/1000024619/1024x1024/730495dbafa32cddd7c55dff0c4f4f16
1000031253,BOLSA ALGOD? DIVERTIDA PARA PAN,2.55,8430173286437,visible,ACCESORIOE LLAVERO,1,328643,https://img-eu-2.freex.es/img/071/1000031253/1024x1024/27bcfedf96e4311b056980304aea48e6
1000034302,BOLSA MULTIUSOS,1.73,8666661927265,visible,ACCESORIOE LLAVERO,1,92726-1,https://img-eu-2.freex.es/img/071/1000034302/1024x1024/a5e636ed3c513fa052d2f12185b8609c
1000034303,BOLSA MULTIUSOS,1.73,8666661927265,visible,ACCESORIOE LLAVERO,1,92726-2,https://img-eu-2.freex.es/img/071/1000034303/1024x1024/8cc3f61aa43714ab808d5950b2aaa6a1
1000040766,BOLSA MULTIUSOS,1.73,8666661927265,visible,ACCESORIOE LLAVERO,1,92726-3,https://img-eu-2.freex.es/img/071/1000040766/1024x1024/3895c64f3992ab80283fa2fa756e00fd
1000034304,BOLSA MULTIUSOS,1.94,8666661927272,visible,ACCESORIOE LLAVERO,1,92727-1,https://img-eu-2.freex.es/img/071/1000034304/1024x1024/18288df00a6014bc84ff78b5f7eca869
1000034305,BOLSA MULTIUSOS,1.94,8666661927272,visible,ACCESORIOE LLAVERO,1,92727-2,https://img-eu-2.freex.es/img/071/1000034305/1024x1024/2b1f9e334e156071eabcc154a9b9680f
1000040767,BOLSA MULTIUSOS,1.94,8666661927272,visible,ACCESORIOE LLAVERO,1,92727-3,https://img-eu-2.freex.es/img/071/1000040767/1024x1024/b7dd9c7a050523c4545b6f7c9d27c315
1000034306,BOLSA MULTIUSOS,2.36,8666661927289,visible,ACCESORIOE LLAVERO,1,92728-1,https://img-eu-2.freex.es/img/071/1000034306/1024x1024/036e2d0934bb507ef13ceccbd9ac218d
1000034307,BOLSA MULTIUSOS,2.36,8666661927388,visible,ACCESORIOE LLAVERO,1,92728-2,https://img-eu-2.freex.es/img/071/1000034307/1024x1024/d6b37ca4bc28632fa0eea9ce34216cbc
1000040768,BOLSA MULTIUSOS,2.36,8666661927289,visible,ACCESORIOE LLAVERO,1,92728-3,https://img-eu-2.freex.es/img/071/1000040768/1024x1024/24260d28f86dce28576a800c927ae28d
1000034309,BOLSA MULTIUSOS,1.35,8666661927296,visible,ACCESORIOE LLAVERO,1,92729-2,https://img-eu-2.freex.es/img/071/1000034309/1024x1024/b4f205010b42c2c2104010d708a14f31
1000034310,BOLSA MULTIUSOS,1.52,8666661927302,visible,ACCESORIOE LLAVERO,1,92730-1,https://img-eu-2.freex.es/img/071/1000034310/1024x1024/a498cb1901d281655e89d686f1e461ab
1000034311,BOLSA MULTIUSOS,1.52,8666661927302,visible,ACCESORIOE LLAVERO,1,92730-2,https://img-eu-2.freex.es/img/071/1000034311/1024x1024/abdfe0b1af97ef532e50f5df24be3c22
1000041010,BOLSA MULTIUSO,1.52,866666192730,visible,ACCESORIOE LLAVERO,1,92730-3,https://img-eu-2.freex.es/img/071/1000041010/1024x1024/cee0569da5ef3dd83f4c5319b39fc6ae
1000034312,BOLSA MULTIUSOS,1.73,8666661927319,visible,ACCESORIOE LLAVERO,1,92731-1,https://img-eu-2.freex.es/img/071/1000034312/1024x1024/05d222d41dd4b2939164870fb298d175
1000034313,BOLSA MULTIUSOS,1.73,8666661927319,visible,ACCESORIOE LLAVERO,1,92731-2,https://img-eu-2.freex.es/img/071/1000034313/1024x1024/e8c67869f83af200d7ce4f58a695ec9b
1000041011,BOLSA MULTIUSO,1.73,866666192731,visible,ACCESORIOE LLAVERO,1,92731-3,https://img-eu-2.freex.es/img/071/1000041011/1024x1024/7f9e82e89564bd60ceb3091773c32643
1000034314,BOLSA MULTIUSOS,1.94,8666661927326,visible,ACCESORIOE LLAVERO,1,92732-1,https://img-eu-2.freex.es/img/071/1000034314/1024x1024/ccf66c2dd4630644b61222a54f91c6fd
1000034315,BOLSA MULTIUSOS,1.94,8666661927326,visible,ACCESORIOE LLAVERO,1,92732-2,https://img-eu-2.freex.es/img/071/1000034315/1024x1024/5d51f8e323a9452e3951cfad2155d1eb
1000041012,BOLSA MULTIUSO,1.94,866666192732,visible,ACCESORIOE LLAVERO,1,92732-3,https://img-eu-2.freex.es/img/071/1000041012/1024x1024/b4eb5fbf56d3627152a1285f44cdfc03
1000034317,BOLSA MULTIUSOS,2.15,8666661927333,visible,ACCESORIOE LLAVERO,1,92733-2,https://img-eu-2.freex.es/img/071/1000034317/1024x1024/203c9bb89205951cdb4dac56c24f30f0
1000041013,BOLSA MULTIUSO,2.15,866666192733,visible,ACCESORIOE LLAVERO,1,92733-3,https://img-eu-2.freex.es/img/071/1000041013/1024x1024/d633d8fec13e520a388114ffd7aa317a
1000034318,BOLSA MULTIUSOS,2.25,8666661927340,visible,ACCESORIOE LLAVERO,1,92734-1,https://img-eu-2.freex.es/img/071/1000034318/1024x1024/ca1aac494805176ebab11578670b8aaf
1000034319,BOLSA MULTIUSOS,2.25,8666661927340,visible,ACCESORIOE LLAVERO,1,92734-2,https://img-eu-2.freex.es/img/071/1000034319/1024x1024/293feeddbcae233d1538cb521d0df43a
1000041014,BOLSA MULTIUSO,2.25,866666192734,visible,ACCESORIOE LLAVERO,1,92734-3,https://img-eu-2.freex.es/img/071/1000041014/1024x1024/f3eaa6874ee490f12fb2e04d2b71fd22
1000034320,BOLSA MULTIUSOS,2.15,8666661927357,visible,ACCESORIOE LLAVERO,1,92735-1,https://img-eu-2.freex.es/img/071/1000034320/1024x1024/4a92e2be571d0a7cba4ce9720581e419
1000034321,BOLSA MULTIUSOS,2.15,8666661927357,visible,ACCESORIOE LLAVERO,1,92735-2,https://img-eu-2.freex.es/img/071/1000034321/1024x1024/b1854a3b4ad65b45473d6e2d0b4e699c
1000041015,BOLSA MULTIUSO,2.15,866666192735,visible,ACCESORIOE LLAVERO,1,92735-3,https://img-eu-2.freex.es/img/071/1000041015/1024x1024/25bd49e819fc8bc416c36dc04bcbb881
1000034322,BOLSA MULTIUSOS,2.36,8666661927364,visible,ACCESORIOE LLAVERO,1,92736-1,https://img-eu-2.freex.es/img/071/1000034322/1024x1024/6b309ed05bd0c2f150ebcc708aecfddc
1000034323,BOLSA MULTIUSOS,2.36,8666661927364,visible,ACCESORIOE LLAVERO,1,92736-2,https://img-eu-2.freex.es/img/071/1000034323/1024x1024/10ca5ff27f01d71905ec27b99b4a3e88
1000034324,BOLSA MULTIUSOS,2.46,8666661927371,visible,ACCESORIOE LLAVERO,1,92737-1,https://img-eu-2.freex.es/img/071/1000034324/1024x1024/9807345793543dfa7f92a4f38ac407c5
1000034325,BOLSA MULTIUSOS,2.46,8666661927371,visible,ACCESORIOE LLAVERO,1,92737-2,https://img-eu-2.freex.es/img/071/1000034325/1024x1024/8ecad3922213b235df451124cdcebd66
1000041017,BOLSA MULTIUSO,2.46,866666192737,visible,ACCESORIOE LLAVERO,1,92737-3,https://img-eu-2.freex.es/img/071/1000041017/1024x1024/ba3a0abaf4a104d433573be8df5ed24c
1000034326,BOLSA MULTIUSOS,2.57,8666661927388,visible,ACCESORIOE LLAVERO,1,92738-1,https://img-eu-2.freex.es/img/071/1000034326/1024x1024/90b965d6eadce23a4e983bc912a2090a
1000040971,BOLSA MULTIUSOS,2.57,866666192738,visible,ACCESORIOE LLAVERO,1,92738-2,https://img-eu-2.freex.es/img/071/1000040971/1024x1024/f12c7b505ae70403de85528cde7a7a2c
1000041018,BOLSA MULTIUSO,2.57,866666192738,visible,ACCESORIOE LLAVERO,1,92738-3,https://img-eu-2.freex.es/img/071/1000041018/1024x1024/4071eddf38d94ec772b1510e4c018c56
1000034327,BOLSA MULTIUSOS,2.67,8666661927395,visible,ACCESORIOE LLAVERO,1,92739-1,https://img-eu-2.freex.es/img/071/1000034327/1024x1024/def0d79f1e291975214ff340eae0f786
1000034328,BOLSA MULTIUSOS,2.67,8666661927395,visible,ACCESORIOE LLAVERO,1,92739-2,https://img-eu-2.freex.es/img/071/1000034328/1024x1024/41efd0ed5f42912d735f91dd848b6694
1000041019,BOLSA MULTIUSO,2.67,866666192739,visible,ACCESORIOE LLAVERO,1,92739-3,https://img-eu-2.freex.es/img/071/1000041019/1024x1024/3726ba782126c094ce479667cfae470f
1000034329,BOLSA MULTIUSOS,2.67,8666661927401,visible,ACCESORIOE LLAVERO,1,92740-1,https://img-eu-2.freex.es/img/071/1000034329/1024x1024/e5fd9396b93a521f20a98d8d3c06324a
1000034330,BOLSA MULTIUSOS,2.67,8666661927401,visible,ACCESORIOE LLAVERO,1,92740-2,https://img-eu-2.freex.es/img/071/1000034330/1024x1024/74c5cea12bc828d6ace82e92cdef8317
1000041020,BOLSA MULTIUSO,2.67,866666192740,visible,ACCESORIOE LLAVERO,1,92740-3,https://img-eu-2.freex.es/img/071/1000041020/1024x1024/cc413426afaadc0b4a53880ae27904d0
1000034332,BOLSA MULTIUSOS,2.36,8666661927418,visible,ACCESORIOE LLAVERO,1,92741-2,https://img-eu-2.freex.es/img/071/1000034332/1024x1024/9cd13582a23690155646481064b4b74e
1000041021,BOLSA MULTIUSO,2.36,866666192741,visible,ACCESORIOE LLAVERO,1,92741-3,https://img-eu-2.freex.es/img/071/1000041021/1024x1024/4ad9befbf39f86a3045170ba7787e320
1000034333,BOLSA MULTIUSOS,2.36,8666661927425,visible,ACCESORIOE LLAVERO,1,92742-1,https://img-eu-2.freex.es/img/071/1000034333/1024x1024/6de305c795b3d01cd309cc58fbdd0e9b
1000034334,BOLSA MULTIUSOS,2.36,8666661927425,visible,ACCESORIOE LLAVERO,1,92742-2,https://img-eu-2.freex.es/img/071/1000034334/1024x1024/cdb44eb8df1e68d5375b467f8a73f96f
1000041022,BOLSA MULTIUSO,2.36,866666192742,visible,ACCESORIOE LLAVERO,1,92742-3,https://img-eu-2.freex.es/img/071/1000041022/1024x1024/a9b02ff9a2eb5f0527cd0bc8a3e8f401
1000034335,BOLSA MULTIUSOS,2.36,8666661927432,visible,ACCESORIOE LLAVERO,1,92743-1,https://img-eu-2.freex.es/img/071/1000034335/1024x1024/85296ddcf63e8f8a11eaff1b3f9c0383
1000034336,BOLSA MULTIUSOS,2.36,8666661927432,visible,ACCESORIOE LLAVERO,1,92743-2,https://img-eu-2.freex.es/img/071/1000034336/1024x1024/7c8052c102d6b6f784ba7f95ba831f58
1000041691,,2.36,866666192743,visible,ACCESORIOE LLAVERO,1,92743-3,https://img-eu-2.freex.es/img/071/1000041691/1024x1024/ea469720f48600dc6864d7d74f30cf51
1000034337,BOLSA MULTIUSOS,2.46,8666661927449,visible,ACCESORIOE LLAVERO,1,92744-1,https://img-eu-2.freex.es/img/071/1000034337/1024x1024/1e11274d0834893ddf47ace6c775ff97
1000041023,BOLSA MULTIUSO,2.46,866666192744,visible,ACCESORIOE LLAVERO,1,92744-3,https://img-eu-2.freex.es/img/071/1000041023/1024x1024/9f047173f0666c68e2d0f032b310daab
1000034339,BOLSA MULTIUSOS,2.88,8666661927456,visible,ACCESORIOE LLAVERO,1,92745-1,https://img-eu-2.freex.es/img/071/1000034339/1024x1024/967d264f2eff80201f569e9794eed240
1000034340,BOLSA MULTIUSOS,2.88,8666661927456,visible,ACCESORIOE LLAVERO,1,92745-2,https://img-eu-2.freex.es/img/071/1000034340/1024x1024/ffe6d431dea72753f96aa918ba2abf92
1000041024,BOLSA MULTIUSO,2.88,866666192745,visible,ACCESORIOE LLAVERO,1,92745-3,https://img-eu-2.freex.es/img/071/1000041024/1024x1024/6505cd412ee14550e93732ae15c9c1ac
1000034341,BOLSA MULTIUSOS,3.09,8666661927463,visible,ACCESORIOE LLAVERO,1,92746-1,https://img-eu-2.freex.es/img/071/1000034341/1024x1024/65c65a0e8ff771e6ed7b8907263b7edb
1000034342,BOLSA MULTIUSOS,3.09,8666661927463,visible,ACCESORIOE LLAVERO,1,92746-2,https://img-eu-2.freex.es/img/071/1000034342/1024x1024/5281613b794619ead7b323b19ed46cff
1000041025,BOLSA MULTIUSO,3.09,866666192746,visible,ACCESORIOE LLAVERO,1,92746-3,https://img-eu-2.freex.es/img/071/1000041025/1024x1024/dbdeffa60d25ae6477d479924802eb6b
1000034343,BOLSA MULTIUSOS,1.1,8666661927470,visible,ACCESORIOE LLAVERO,1,92747-1,https://img-eu-2.freex.es/img/071/1000034343/1024x1024/9bfd2b04f97b1d692d88e99802e90156
1000034344,BOLSA MULTIUSOS,1.1,8666661927470,visible,ACCESORIOE LLAVERO,1,92747-2,https://img-eu-2.freex.es/img/071/1000034344/1024x1024/6d9ca8fa787d3aca7f303dbfd1617dc2
1000034345,BOLSA MULTIUSOS,1.35,8666661927487,visible,ACCESORIOE LLAVERO,1,92748-1,https://img-eu-2.freex.es/img/071/1000034345/1024x1024/dd860080af23058c97fee33a08310ebe
1000030173,BOLSA DE LINO,0.78,866666191762,visible,ACCESORIOE LLAVERO,1,91762-1,https://img-eu-2.freex.es/img/071/1000030173/1024x1024/2264654386712172def30833040f3ada
1000030175,BOLSA DE LINO,0.78,866666191762,visible,ACCESORIOE LLAVERO,1,91762-2,https://img-eu-2.freex.es/img/071/1000030175/1024x1024/9cd99c0bfbcf54b80b545d1f17662076
1000030176,BOLSA DE LINO,0.78,866666191762,visible,ACCESORIOE LLAVERO,1,91762-3,https://img-eu-2.freex.es/img/071/1000030176/1024x1024/97c4cc843c9565499e6f1b883899f4d4
1000030177,BOLSA DE LINO,0.78,866666191762,visible,ACCESORIOE LLAVERO,1,91762-4,https://img-eu-2.freex.es/img/071/1000030177/1024x1024/b4bfda1e903c14fe4f9687b36ece36f3
1000030178,BOLSA DE LINO,0.78,866666191762,visible,ACCESORIOE LLAVERO,1,91762-5,https://img-eu-2.freex.es/img/071/1000030178/1024x1024/1d62b786608ba72a7726b01dcb9c6c6d
1000030179,BOLSA DE LINO,0.78,866666191762,visible,ACCESORIOE LLAVERO,1,91762-6,https://img-eu-2.freex.es/img/071/1000030179/1024x1024/34fd7437a44826cf5b159436a9d8dea8
1000030181,BOLSA DE LINO,0.78,866666191762,visible,ACCESORIOE LLAVERO,1,91762-8,https://img-eu-2.freex.es/img/071/1000030181/1024x1024/7d9ebe31740f5a16c5cc8c8e222d79cd
1000030174,BOLSA DE LINO,0.78,866666191762,visible,ACCESORIOE LLAVERO,1,91762-10,https://img-eu-2.freex.es/img/071/1000030174/1024x1024/3ef32bec79ac01fe11f3e61485208df4
1000030185,BOLSA DE LINO,0.78,866666191763,visible,ACCESORIOE LLAVERO,1,91763-2,https://img-eu-2.freex.es/img/071/1000030185/1024x1024/8d1b8aec181db2652f7dc68f4307b425
1000030186,BOLSA DE LINO,0.78,866666191763,visible,ACCESORIOE LLAVERO,1,91763-3,https://img-eu-2.freex.es/img/071/1000030186/1024x1024/ce94aed0db2b6007a1fae447259ff96e
1000030187,BOLSA DE LINO,0.78,866666191763,visible,ACCESORIOE LLAVERO,1,91763-4,https://img-eu-2.freex.es/img/071/1000030187/1024x1024/b0ba20a7d55a1c89d54237941e51f75b
1000030188,BOLSA DE LINO,0.78,866666191763,visible,ACCESORIOE LLAVERO,1,91763-5,https://img-eu-2.freex.es/img/071/1000030188/1024x1024/3cda30eb6a575e2140bb521475ce93c2
1000030189,BOLSA DE LINO,0.78,866666191763,visible,ACCESORIOE LLAVERO,1,91763-6,https://img-eu-2.freex.es/img/071/1000030189/1024x1024/5f6f8a74fc813acbf514dfa5130abe88
1000030190,BOLSA DE LINO,0.78,866666191763,visible,ACCESORIOE LLAVERO,1,91763-7,https://img-eu-2.freex.es/img/071/1000030190/1024x1024/5b694dc8511c8d2825be93bb8a18cf6d
1000030191,BOLSA DE LINO,0.78,866666191763,visible,ACCESORIOE LLAVERO,1,91763-8,https://img-eu-2.freex.es/img/071/1000030191/1024x1024/6174050041511c83b9c25a12279cf85e
1000030192,BOLSA DE LINO,0.78,866666191763,visible,ACCESORIOE LLAVERO,1,91763-9,https://img-eu-2.freex.es/img/071/1000030192/1024x1024/4ca7784315d9bb5836f37ed72aa01c85
1000030184,BOLSA DE LINO,0.78,866666191763,visible,ACCESORIOE LLAVERO,1,91763-10,https://img-eu-2.freex.es/img/071/1000030184/1024x1024/4d03b64ad98371371275c6aa3ec033b9
1000030195,BOLSA DE LINO,0.83,866666191764,visible,ACCESORIOE LLAVERO,1,91764-2,https://img-eu-2.freex.es/img/071/1000030195/1024x1024/c37c0ea1bad854fd84c895f037b5b8a2
1000030196,BOLSA DE LINO,0.83,866666191764,visible,ACCESORIOE LLAVERO,1,91764-3,https://img-eu-2.freex.es/img/071/1000030196/1024x1024/215ce0d974c0764db28499b1069a731e
1000030197,BOLSA DE LINO,0.83,866666191764,visible,ACCESORIOE LLAVERO,1,91764-4,https://img-eu-2.freex.es/img/071/1000030197/1024x1024/9ba0f46ab58176d0b49b86a9da689a3b
1000030198,BOLSA DE LINO,0.83,866666191764,visible,ACCESORIOE LLAVERO,1,91764-5,https://img-eu-2.freex.es/img/071/1000030198/1024x1024/b4f8ac0d43f63d148fd9475d2bd4722c
1000030199,BOLSA DE LINO,0.83,866666191764,visible,ACCESORIOE LLAVERO,1,91764-6,https://img-eu-2.freex.es/img/071/1000030199/1024x1024/396fb57531845d79cf73282b61af722e
1000030200,BOLSA DE LINO,0.83,866666191764,visible,ACCESORIOE LLAVERO,1,91764-7,https://img-eu-2.freex.es/img/071/1000030200/1024x1024/12763146bdc91e51ed4bafe03543192c
1000030201,BOLSA DE LINO,0.83,866666191764,visible,ACCESORIOE LLAVERO,1,91764-8,https://img-eu-2.freex.es/img/071/1000030201/1024x1024/b140210a33908e383f69407131c649db
1000030202,BOLSA DE LINO,0.83,866666191764,visible,ACCESORIOE LLAVERO,1,91764-9,https://img-eu-2.freex.es/img/071/1000030202/1024x1024/6625d46c72187d388fc1d7b41d7cb4b5
1000030194,BOLSA DE LINO,0.83,866666191764,visible,ACCESORIOE LLAVERO,1,91764-10,https://img-eu-2.freex.es/img/071/1000030194/1024x1024/d83f18644e5f3dbcf9b0b012000caa19
1000024671,BOLSA DE LINO,0.83,866666191034,visible,ACCESORIOE LLAVERO,1,91034-4,https://img-eu-2.freex.es/img/071/1000024671/1024x1024/e59ce609f87ff9d585f1b01911e5c27c
1000024676,BOLSA DE LINO,0.93,866666191035,visible,ACCESORIOE LLAVERO,1,91035-1,https://img-eu-2.freex.es/img/071/1000024676/1024x1024/2ae4ebde53dbe07ec97caf6893d5bdb7
1000024677,BOLSA DE LINO,0.93,866666191035,visible,ACCESORIOE LLAVERO,1,91035-2,https://img-eu-2.freex.es/img/071/1000024677/1024x1024/343198db87291f6866907ddd80096ae7
1000024678,BOLSA DE LINO,0.93,866666191035,visible,ACCESORIOE LLAVERO,1,91035-3,https://img-eu-2.freex.es/img/071/1000024678/1024x1024/fdc3b7e39391b27b738d0cf7644b683d
1000024679,BOLSA DE LINO,0.93,866666191035,visible,ACCESORIOE LLAVERO,1,91035-4,https://img-eu-2.freex.es/img/071/1000024679/1024x1024/babe4e149fb51ac144acdab8e9198c9f
1000024680,BOLSA DE LINO,0.93,866666191035,visible,ACCESORIOE LLAVERO,1,91035-5,https://img-eu-2.freex.es/img/071/1000024680/1024x1024/24f051ab8938068b66f258e59c48d5f4
1000024681,BOLSA DE LINO,0.93,866666191035,visible,ACCESORIOE LLAVERO,1,91035-6,https://img-eu-2.freex.es/img/071/1000024681/1024x1024/361ba47b70cde441c96d523c9048230b
1000024682,BOLSA DE LINO,0.93,866666191035,visible,ACCESORIOE LLAVERO,1,91035-7,https://img-eu-2.freex.es/img/071/1000024682/1024x1024/a1efaab887db62726405136f7eede492
1000024683,BOLSA DE LINO,0.93,866666191035,visible,ACCESORIOE LLAVERO,1,91035-8,https://img-eu-2.freex.es/img/071/1000024683/1024x1024/00d2e1dbb54d3a6d76ba8e6dc1db4e67
1000024684,BOLSA DE LINO,1.04,866666191036,visible,ACCESORIOE LLAVERO,1,91036-1,https://img-eu-2.freex.es/img/071/1000024684/1024x1024/00e67f7074e92ebef9a8ff101867b90d
1000024685,BOLSA DE LINO,1.04,866666191036,visible,ACCESORIOE LLAVERO,1,91036-2,https://img-eu-2.freex.es/img/071/1000024685/1024x1024/355f9eab5c2b8dae139ff38ae779680b
1000024686,BOLSA DE LINO,1.04,866666191036,visible,ACCESORIOE LLAVERO,1,91036-3,https://img-eu-2.freex.es/img/071/1000024686/1024x1024/8c86c36fcc2fa54cdee3af9b6b6388c8
1000024687,BOLSA DE LINO,1.04,866666191036,visible,ACCESORIOE LLAVERO,1,91036-4,https://img-eu-2.freex.es/img/071/1000024687/1024x1024/06b60c21861d6da0c530efadae29bba7
1000024688,BOLSA DE LINO,1.04,866666191036,visible,ACCESORIOE LLAVERO,1,91036-5,https://img-eu-2.freex.es/img/071/1000024688/1024x1024/cad0f3732b16096d93cdc4a416220c41
1000024689,BOLSA DE LINO,1.04,866666191036,visible,ACCESORIOE LLAVERO,1,91036-6,https://img-eu-2.freex.es/img/071/1000024689/1024x1024/d85e24a216e74e1a9d86d5ebe4d14d45
1000024690,BOLSA DE LINO,1.04,866666191036,visible,ACCESORIOE LLAVERO,1,91036-7,https://img-eu-2.freex.es/img/071/1000024690/1024x1024/f99a941058d44ba00036126c8f7b6884
1000024691,BOLSA DE LINO,1.04,866666191036,visible,ACCESORIOE LLAVERO,1,91036-8,https://img-eu-2.freex.es/img/071/1000024691/1024x1024/a9acf92bc481681974e2c981a99abf0c
1000024692,BOLSA DE LINO,0.99,866666191037,visible,ACCESORIOE LLAVERO,1,91037-1,https://img-eu-2.freex.es/img/071/1000024692/1024x1024/ae903908160c7595e40f10dd16c1295f
1000024693,BOLSA DE LINO,0.99,866666191037,visible,ACCESORIOE LLAVERO,1,91037-2,https://img-eu-2.freex.es/img/071/1000024693/1024x1024/c6fc84670fc15c1258acafd7bfa6d5a1
1000024694,BOLSA DE LINO,0.99,866666191037,visible,ACCESORIOE LLAVERO,1,91037-3,https://img-eu-2.freex.es/img/071/1000024694/1024x1024/f04ad8019490647dcf39ae15b8ebb755
1000024695,BOLSA DE LINO,0.99,866666191037,visible,ACCESORIOE LLAVERO,1,91037-4,https://img-eu-2.freex.es/img/071/1000024695/1024x1024/53c38f7e976f8b3e5c36728dab4b75c3
1000024696,BOLSA DE LINO,0.99,866666191037,visible,ACCESORIOE LLAVERO,1,91037-5,https://img-eu-2.freex.es/img/071/1000024696/1024x1024/5d18f7674a374f2e4176ac8f1c857303
1000024697,BOLSA DE LINO,0.99,866666191037,visible,ACCESORIOE LLAVERO,1,91037-6,https://img-eu-2.freex.es/img/071/1000024697/1024x1024/3f8098c7cb822cedd4bc6f794c08b128
1000024698,BOLSA DE LINO,0.99,866666191037,visible,ACCESORIOE LLAVERO,1,91037-7,https://img-eu-2.freex.es/img/071/1000024698/1024x1024/86cc162b6be6115cba6085e5eb596119
1000024699,BOLSA DE LINO,0.99,866666191037,visible,ACCESORIOE LLAVERO,1,91037-8,https://img-eu-2.freex.es/img/071/1000024699/1024x1024/1eda842dc17a7373340d52134906a2c6
1000040091,MALLA BRILLANTE,0,,visible,MALLA BRILLANTE,1,??_20240418145301,https://img-eu-2.freex.es/img/071/1000040091/1024x1024/c4cc1db2090a94e59f192d9667165913
1000037270,MALLA DE PERLAS,1.2,8666662012977,visible,MALLA BRILLANTE,1,201297,https://img-eu-2.freex.es/img/071/1000037270/1024x1024/64202a28b39dc456dbbdf474eeb3e677
1000037271,MALLA DE PERLAS,1.2,8666662012984,visible,MALLA BRILLANTE,1,201298,https://img-eu-2.freex.es/img/071/1000037271/1024x1024/df63bc0e001b3c7f06eddf9a7459cbbd
1000037272,MALLA DE PERLAS,1.2,8666662012991,visible,MALLA BRILLANTE,1,201299,https://img-eu-2.freex.es/img/071/1000037272/1024x1024/287854b609ffa5a9aeafeb714b62560b
1000015491,MALLA DE PERLAS,1.2,8666662013004,visible,MALLA BRILLANTE,1,201300,https://img-eu-2.freex.es/img/071/1000015491/1024x1024/c66302d08e2183977e8376766c51dcfe
1000037273,MALLA DE PERLAS,1.2,8666662013011,visible,MALLA BRILLANTE,1,201301,https://img-eu-2.freex.es/img/071/1000037273/1024x1024/8a6915f9b54f0a75292efe7b4bea2fea
1000037274,MALLA DE PERLAS,1.2,8666662013028,visible,MALLA BRILLANTE,1,201302,https://img-eu-2.freex.es/img/071/1000037274/1024x1024/88aac2a1a71c9c34ed4d55831a6faa13
1000037275,MALLA DE PERLAS,1.2,8666662013035,visible,MALLA BRILLANTE,1,201303,https://img-eu-2.freex.es/img/071/1000037275/1024x1024/31456ed011f34d7421d041c9edd92350
1000037276,MALLA DE PERLAS,1.2,8666662013042,visible,MALLA BRILLANTE,1,201304,https://img-eu-2.freex.es/img/071/1000037276/1024x1024/8acd54ef51b51f43e0fe2203975ad15e
1000037277,MALLA DE PERLAS,1.2,8666662013059,visible,MALLA BRILLANTE,1,201305,https://img-eu-2.freex.es/img/071/1000037277/1024x1024/7681de1b242e1a8bd306236f952b7f52
1000037278,MALLA DE PERLAS,1.2,8666662013066,visible,MALLA BRILLANTE,1,201306,https://img-eu-2.freex.es/img/071/1000037278/1024x1024/e1cb20540ce26658019ab9915c545f07
1000037279,MALLA DE PERLAS,1.2,8666662013073,visible,MALLA BRILLANTE,1,201307,https://img-eu-2.freex.es/img/071/1000037279/1024x1024/1a7c32f0c31bf1b6165c18942bbcc7ff
1000037280,MALLA DE PERLAS,1.2,8666662013080,visible,MALLA BRILLANTE,1,201308,https://img-eu-2.freex.es/img/071/1000037280/1024x1024/5fa5bb896a4efe7d317ff46bbb706308
1000037281,MALLA DE PERLAS,1.2,8666662013097,visible,MALLA BRILLANTE,1,201309,https://img-eu-2.freex.es/img/071/1000037281/1024x1024/112dd6fa46c6ff8fa42e9bf076cbbd1e
1000037282,MALLA DE PERLAS,1.2,8666662013103,visible,MALLA BRILLANTE,1,201310,https://img-eu-2.freex.es/img/071/1000037282/1024x1024/e34f41285e257b9f938d043c0b68cc6f
1000037283,MALLA DE PERLAS,1.2,8666662013110,visible,MALLA BRILLANTE,1,201311,https://img-eu-2.freex.es/img/071/1000037283/1024x1024/de0e10fdd8f5ce8a29c9ffa5dab3425e
1000037284,MALLA DE PERLAS,1.2,8666662013127,visible,MALLA BRILLANTE,1,201312,https://img-eu-2.freex.es/img/071/1000037284/1024x1024/c6e0c05273754d660a92e6466723dcc4
1000037285,MALLA DE PERLAS,1.2,8666662013134,visible,MALLA BRILLANTE,1,201313,https://img-eu-2.freex.es/img/071/1000037285/1024x1024/c7607e8ec1d2d8dc2912304e8ac3fd38
1000037286,MALLA DE PERLAS,1.2,8666662013141,visible,MALLA BRILLANTE,1,201314,https://img-eu-2.freex.es/img/071/1000037286/1024x1024/7740a528084ae75661ad8f30af3b125f
1000037287,MALLA DE PERLAS,1.2,8666662013158,visible,MALLA BRILLANTE,1,201315,https://img-eu-2.freex.es/img/071/1000037287/1024x1024/89a53ec7c51be16ccbbe1fde448265c9
1000037288,MALLA DE PERLAS,1.2,8666662013165,visible,MALLA BRILLANTE,1,201316,https://img-eu-2.freex.es/img/071/1000037288/1024x1024/c49043af76960b117d188cf97e1747b9
1000047028,MALLA BRILLANTE,1.2,866666201317,visible,MALLA BRILLANTE,1,201317-1,https://img-eu-2.freex.es/img/071/1000047028/1024x1024/f58eaf573e840635665489a5dfa98321
1000023118,MALLA BRILLANTE 8MM,1.2,8666661202010,visible,MALLA BRILLANTE,1,20201,https://img-eu-2.freex.es/img/071/1000023118/1024x1024/ad7dc4bfe1d5aaf69c86bf7412cf1018
1000023119,MALLA BRILLANTE,1.2,8666661202003,visible,MALLA BRILLANTE,1,20200-1,https://img-eu-2.freex.es/img/071/1000023119/1024x1024/532e3a88fcd21692fd415989bc5c3aaa
1000015052,MANTA DE BRICOLAJE,1.41,8666661200818,visible,MALLA BRILLANTE,1,20081,https://img-eu-2.freex.es/img/071/1000015052/1024x1024/70cc078341adcdbd30b92ca0ca7d33cd
1000015053,MANTA DE BRICOLAJE,1.41,8666661200825,visible,MALLA BRILLANTE,1,20082,https://img-eu-2.freex.es/img/071/1000015053/1024x1024/033307b286760f117d88820d19f924d7
1000015054,MANTA DE BRICOLAJE,0.99,8666661200832,visible,MALLA BRILLANTE,1,20083,https://img-eu-2.freex.es/img/071/1000015054/1024x1024/1476e52ce3f17962493c111f3747b45f
1000015055,MANTA DE BRICOLAJE,0.99,8666661200849,visible,MALLA BRILLANTE,1,20084,https://img-eu-2.freex.es/img/071/1000015055/1024x1024/4d0dd03d8aa8172f5ccb9c1bc906d1aa
1000015056,MANTA DE BRICOLAJE,1.04,8666661200856,visible,MALLA BRILLANTE,1,20085,https://img-eu-2.freex.es/img/071/1000015056/1024x1024/89ac10e59179d90b840618b9a23728aa
1000040064,BOLSA TRANSPARENTE,0,,visible,BOLSA TRANSPARENTE,1,??_20240418145146,https://img-eu-2.freex.es/img/071/1000040064/1024x1024/da93aad0393e3223ff4cd15a2426e910
1000043317,ALAMBRE PARA ATAR,0.41,86666622100211,visible,BOLSA TRANSPARENTE,1,210021,https://img-eu-2.freex.es/img/071/1000043317/1024x1024/da95ceba28cf04fa96ffa2738c7ea070
1000043318,ALAMBRE PARA ATAR,0.41,86666622100221,visible,BOLSA TRANSPARENTE,1,210022,https://img-eu-2.freex.es/img/071/1000043318/1024x1024/3a70ed54e885fe927edcc7ac2711b2ef
1000041860,BOLSA TRANSPARENTE,0.51,8666662016715,visible,BOLSA TRANSPARENTE,1,201671,https://img-eu-2.freex.es/img/071/1000041860/1024x1024/2822ea448e8a5620885524bab9cddcbf
1000041861,BOLSA TRANSPARENTE,0.51,8666662016722,visible,BOLSA TRANSPARENTE,1,201672,https://img-eu-2.freex.es/img/071/1000041861/1024x1024/6ed39d5e4b7cf3ba6c2ab8e0ee43a06c
1000039265,LAMINAS DE ACETATO,0.57,8666662016487,visible,BOLSA TRANSPARENTE,1,201648,https://img-eu-2.freex.es/img/071/1000039265/1024x1024/41a8c87f3d5806f2256bf764e8939a98
1000039266,LAMINAS DE ACETATO,0.6,8666662016494,visible,BOLSA TRANSPARENTE,1,201649,https://img-eu-2.freex.es/img/071/1000039266/1024x1024/36b94e68a187ab794d9516d88f57407c
1000039267,LAMINAS DE ACETATO,0.74,8666662016500,visible,BOLSA TRANSPARENTE,1,201650,https://img-eu-2.freex.es/img/071/1000039267/1024x1024/8db46364fe4dc2925d1e84be4b8a5741
1000024807,BOLSA DE CELOFAN,0.51,90630,visible,BOLSA TRANSPARENTE,1,90630,https://img-eu-2.freex.es/img/071/1000024807/1024x1024/9550c8227dc8630d9fc777a2f6bef467
1000024808,BOLSA DE CELOFAN,0.51,90631,visible,BOLSA TRANSPARENTE,1,90631,https://img-eu-2.freex.es/img/071/1000024808/1024x1024/00634a00fd949915ad86c7b1bc645695
1000024809,BOLSA DE CELOFAN,0.51,90632,visible,BOLSA TRANSPARENTE,1,90632,https://img-eu-2.freex.es/img/071/1000024809/1024x1024/1fab4c19ac22d37cd16216c14fb48c9a
1000024810,BOLSA DE CELOFAN,0.57,90633,visible,BOLSA TRANSPARENTE,1,90633,https://img-eu-2.freex.es/img/071/1000024810/1024x1024/af5b4cb42c1a6449eefe249e7c072142
1000024903,BOLSA DE CELOFAN,0.53,91135-1,visible,BOLSA TRANSPARENTE,1,91135-1,https://img-eu-2.freex.es/img/071/1000024903/1024x1024/5a3a5a8d3478eefdd0861b9773c9c1b7
1000024904,BOLSA DE CELOFAN,0.53,91135-2,visible,BOLSA TRANSPARENTE,1,91135-2,https://img-eu-2.freex.es/img/071/1000024904/1024x1024/eff54ab88a69696abdf68a8dc60f50d2
1000024905,BOLSA DE CELOFAN,0.53,91136-1,visible,BOLSA TRANSPARENTE,1,91136-1,https://img-eu-2.freex.es/img/071/1000024905/1024x1024/8b255120c72f56bb8d4a4023fa65c13d
1000024906,BOLSA DE CELOFAN,0.53,91136-2,visible,BOLSA TRANSPARENTE,1,91136-2,https://img-eu-2.freex.es/img/071/1000024906/1024x1024/fb649705b4bb52433bee86499551971f
1000024907,BOLSA DE CELOFAN,0.53,91137-1,visible,BOLSA TRANSPARENTE,1,91137-1,https://img-eu-2.freex.es/img/071/1000024907/1024x1024/f32b78b740a5783e01016c3f6fac3391
1000024908,BOLSA DE CELOFAN,0.53,91137-2,visible,BOLSA TRANSPARENTE,1,91137-2,https://img-eu-2.freex.es/img/071/1000024908/1024x1024/ef6e8c151475a9e98f62e9085ef600df
1000024909,BOLSA DE CELOFAN,0.55,91138-1,visible,BOLSA TRANSPARENTE,1,91138-1,https://img-eu-2.freex.es/img/071/1000024909/1024x1024/94c1747c06dd275db2444d03a3ff3ff5
1000024910,BOLSA DE CELOFAN,0.55,91138-2,visible,BOLSA TRANSPARENTE,1,91138-2,https://img-eu-2.freex.es/img/071/1000024910/1024x1024/630ae066a4d57818443d65615c32b834
1000024911,BOLSA DE CELOFAN,0.51,91139-1,visible,BOLSA TRANSPARENTE,1,91139-1,https://img-eu-2.freex.es/img/071/1000024911/1024x1024/707e3adeda7b0ab65efbe1d8b4df475b
1000024912,BOLSA DE CELOFAN,0.51,91139-2,visible,BOLSA TRANSPARENTE,1,91139-2,https://img-eu-2.freex.es/img/071/1000024912/1024x1024/ca87b4f1a15a05cea273e10cd05fa9b5
1000024913,BOLSA DE CELOFAN,0.51,91140-1,visible,BOLSA TRANSPARENTE,1,91140-1,https://img-eu-2.freex.es/img/071/1000024913/1024x1024/633c5691efd1c8b316bde59d9aae13fe
1000024914,BOLSA DE CELOFAN,0.51,91140-2,visible,BOLSA TRANSPARENTE,1,91140-2,https://img-eu-2.freex.es/img/071/1000024914/1024x1024/fcdbfdb2934f6000f8c6ab274e22f870
1000024915,BOLSA DE CELOFAN,0.51,91141-1,visible,BOLSA TRANSPARENTE,1,91141-1,https://img-eu-2.freex.es/img/071/1000024915/1024x1024/03d6a84bc5b09649a4d74328df031207
1000024916,BOLSA DE CELOFAN,0.51,91141-2,visible,BOLSA TRANSPARENTE,1,91141-2,https://img-eu-2.freex.es/img/071/1000024916/1024x1024/93c359db7026cce8be199d43ad27cbc9
1000023880,BOLSA TRASPARENTES,0.47,866666190611,visible,BOLSA TRANSPARENTE,1,90611,https://img-eu-2.freex.es/img/071/1000023880/1024x1024/4e91431bd558fd0160db2646baa2bb8a
1000023881,BOLSA TRASPARENTES,0.55,866666190612,visible,BOLSA TRANSPARENTE,1,90612,https://img-eu-2.freex.es/img/071/1000023881/1024x1024/0d12e5ae1c9379168872f9015980d40f
1000023882,BOLSA TRASPARENTES,0.51,866666190613,visible,BOLSA TRANSPARENTE,1,90613,https://img-eu-2.freex.es/img/071/1000023882/1024x1024/c3838392c5bab34361bc4f87f4af12c7
1000023883,BOLSA TRASPARENTES,0.53,866666190614,visible,BOLSA TRANSPARENTE,1,90614,https://img-eu-2.freex.es/img/071/1000023883/1024x1024/a59f38475a0cf07cf9ff0a3b0e6e1d90
1000023885,BOLSA TRASPARENTES,0.57,866666190616,visible,BOLSA TRANSPARENTE,1,90616,https://img-eu-2.freex.es/img/071/1000023885/1024x1024/c3856738e70956ba90733fc18700ec6b
1000023886,BOLSA TRASPARENTES,0.51,866666190617,visible,BOLSA TRANSPARENTE,1,90617,https://img-eu-2.freex.es/img/071/1000023886/1024x1024/0df326d9dad8ce3bafff1f35894f0593
1000023887,BOLSA TRASPARENTES,0.51,866666190618,visible,BOLSA TRANSPARENTE,1,90618,https://img-eu-2.freex.es/img/071/1000023887/1024x1024/f1e43bb8373b9b480d3410ca53ab429c
1000023888,BOLSA TRASPARENTES,0.57,866666190619,visible,BOLSA TRANSPARENTE,1,90619,https://img-eu-2.freex.es/img/071/1000023888/1024x1024/8c0aa8dd27f4b0527feae5b6c747b845
1000023889,BOLSA TRASPARENTES,0.64,866666190620,visible,BOLSA TRANSPARENTE,1,90620,https://img-eu-2.freex.es/img/071/1000023889/1024x1024/bd48f710e1def69daf687e2933d26336
1000023890,BOLSA TRASPARENTES,0.51,866666190621,visible,BOLSA TRANSPARENTE,1,90621,https://img-eu-2.freex.es/img/071/1000023890/1024x1024/a434e9523ad3ff4d3b05782e41338aa3
1000023891,BOLSA TRASPARENTES,0.51,866666190622,visible,BOLSA TRANSPARENTE,1,90622,https://img-eu-2.freex.es/img/071/1000023891/1024x1024/88a9eefba436f349a1c0cafde8ed1cc5
1000023892,BOLSA TRASPARENTES,0.51,866666190623,visible,BOLSA TRANSPARENTE,1,90623,https://img-eu-2.freex.es/img/071/1000023892/1024x1024/6fb3d0f92baef0d8f4694aada144dc14
1000023893,BOLSA TRASPARENTES,0.51,866666190624,visible,BOLSA TRANSPARENTE,1,90624,https://img-eu-2.freex.es/img/071/1000023893/1024x1024/a1b9cb3814b4895fa0d76e8e162d889d
1000023894,BOLSA TRASPARENTES,0.57,866666190625,visible,BOLSA TRANSPARENTE,1,90625,https://img-eu-2.freex.es/img/071/1000023894/1024x1024/4c8c592269435c8efd41cf403edbbb65
1000023895,BOLSA TRASPARENTES,0.55,866666190626,visible,BOLSA TRANSPARENTE,1,90626,https://img-eu-2.freex.es/img/071/1000023895/1024x1024/0b13abd212a571db4f1fb36712f97af9
1000023896,BOLSA TRASPARENTES,0.53,866666190627,visible,BOLSA TRANSPARENTE,1,90627,https://img-eu-2.freex.es/img/071/1000023896/1024x1024/bd7c00abd0ef858ab53ffc41b5737ccd
1000023897,BOLSA TRASPARENTES,0.51,866666190628,visible,BOLSA TRANSPARENTE,1,90628,https://img-eu-2.freex.es/img/071/1000023897/1024x1024/6246ff220fbf23b618634bb4f1078087
1000023898,BOLSA TRASPARENTES,0.51,866666190629,visible,BOLSA TRANSPARENTE,1,90629,https://img-eu-2.freex.es/img/071/1000023898/1024x1024/fe32dc59d65448a9714ad04a13df1883
1000017888,BOLSA ADHESIVO,0.47,866661201638,visible,BOLSA TRANSPARENTE,1,20163,https://img-eu-2.freex.es/img/071/1000017888/1024x1024/b1fb837238f74ee1ede3d1bba5ab974a
1000017889,BOLSA ADHESIVO,0.51,866661201644,visible,BOLSA TRANSPARENTE,1,20164,https://img-eu-2.freex.es/img/071/1000017889/1024x1024/458c42f180c0c02ce351db499137f90b
1000017890,BOLSA ADHESIVO,0.51,866661201650,visible,BOLSA TRANSPARENTE,1,20165,https://img-eu-2.freex.es/img/071/1000017890/1024x1024/8f1bfd18db570759ae206695774627bc
1000017891,BOLSA ADHESIVO,0.55,866661201666,visible,BOLSA TRANSPARENTE,1,20166,https://img-eu-2.freex.es/img/071/1000017891/1024x1024/7ca24a20c91d01fa60cc4442d219bdeb
1000017892,BOLSA ADHESIVO,0.51,866661201672,visible,BOLSA TRANSPARENTE,1,20167,https://img-eu-2.freex.es/img/071/1000017892/1024x1024/ef5e9584d15671750d08d8ad7046b9c8
1000017893,BOLSA ADHESIVO,0.47,866661201688,visible,BOLSA TRANSPARENTE,1,20168,https://img-eu-2.freex.es/img/071/1000017893/1024x1024/d940c8546672dfcb1f8882c38011f55d
1000017894,BOLSA ADHESIVO,0.47,866661201694,visible,BOLSA TRANSPARENTE,1,20169,https://img-eu-2.freex.es/img/071/1000017894/1024x1024/9a265900d2b93b6a20f9f5ab33291981
1000017895,BOLSA ADHESIVO,0.51,866661201707,visible,BOLSA TRANSPARENTE,1,20170,https://img-eu-2.freex.es/img/071/1000017895/1024x1024/55c9753bfbd6f0c35b5977b239441a76
1000017896,BOLSA ADHESIVO,0.47,866661201713,visible,BOLSA TRANSPARENTE,1,20171,https://img-eu-2.freex.es/img/071/1000017896/1024x1024/1f8421cb928e302858d01af11c96f061
1000017897,BOLSA ADHESIVO,0.47,866661201729,visible,BOLSA TRANSPARENTE,1,20172,https://img-eu-2.freex.es/img/071/1000017897/1024x1024/dc9fc30bf43b6c75cb745a30f3c544be
1000017898,BOLSA ADHESIVO,0.53,866661201735,visible,BOLSA TRANSPARENTE,1,20173,https://img-eu-2.freex.es/img/071/1000017898/1024x1024/40e1e5bdb1342fd88a3a9524a88e75ea
1000017899,BOLSA ADHESIVO,0.51,866661201741,visible,BOLSA TRANSPARENTE,1,20174,https://img-eu-2.freex.es/img/071/1000017899/1024x1024/4acdda014a9508800901cc6ea3e52bb9
1000017900,BOLSA ADHESIVO,0.47,866661201757,visible,BOLSA TRANSPARENTE,1,20175,https://img-eu-2.freex.es/img/071/1000017900/1024x1024/47c1784db9eaf5d87e9d09aaeedfd18d
1000017901,BOLSA ADHESIVO,0.47,866661201763,visible,BOLSA TRANSPARENTE,1,20176,https://img-eu-2.freex.es/img/071/1000017901/1024x1024/acd78b07ea7bd6cb4d7bf9da28c5cc19
1000017902,BOLSA ADHESIVO,0.47,866661201779,visible,BOLSA TRANSPARENTE,1,20177,https://img-eu-2.freex.es/img/071/1000017902/1024x1024/edb8764cba570422be3589ea939b0bba
1000017903,BOLSA ADHESIVO,0.47,866661201785,visible,BOLSA TRANSPARENTE,1,20178-1,https://img-eu-2.freex.es/img/071/1000017903/1024x1024/2dc7213ed0afcb62633b3a4fe488ac3b
1000001679,BOLSA TRANSPARENTE,0.49,8666661026210,visible,BOLSA TRANSPARENTE,1,02621,https://img-eu-2.freex.es/img/071/1000001679/1024x1024/07470383fe5380a715880fb6f3c499fa
1000001680,BOLSA TRANSPARENTE,0.41,8666661026227,visible,BOLSA TRANSPARENTE,1,02622,https://img-eu-2.freex.es/img/071/1000001680/1024x1024/2d8db53de4fe4bbe310268b623be554c
1000001682,BOLSA TRANSPARENTE,0.45,8666661026241,visible,BOLSA TRANSPARENTE,1,02624,https://img-eu-2.freex.es/img/071/1000001682/1024x1024/bf3f0957d6109c3c12a68b3c484a62f3
1000001683,BOLSA TRANSPARENTE,0.45,8666661026258,visible,BOLSA TRANSPARENTE,1,02625,https://img-eu-2.freex.es/img/071/1000001683/1024x1024/b4cfc0de4d22895ca87c8b48740cb8a4
1000016583,BOLSA DE CELOFAN,0.51,8666661201570,visible,BOLSA TRANSPARENTE,1,20157,https://img-eu-2.freex.es/img/071/1000016583/1024x1024/210ff978f9d8a21670437fae875d6f93
1000016584,BOLSA DE CELOFAN,0.51,8666661201587,visible,BOLSA TRANSPARENTE,1,20158,https://img-eu-2.freex.es/img/071/1000016584/1024x1024/331df17389d2cbe4bab4c8760a4b334a
1000016585,BOLSA DE CELOFAN,0.51,8666661201594,visible,BOLSA TRANSPARENTE,1,20159,https://img-eu-2.freex.es/img/071/1000016585/1024x1024/a82c4be4eff020e7667b269f54d8c930
1000016586,BOLSA DE CELOFAN,0.53,8666661201600,visible,BOLSA TRANSPARENTE,1,20160-1,https://img-eu-2.freex.es/img/071/1000016586/1024x1024/c6d4d6781dee62ff5da9ee1e73c653f0
1000016587,BOLSA DE CELOFAN,0.51,8666661201617,visible,BOLSA TRANSPARENTE,1,20161,https://img-eu-2.freex.es/img/071/1000016587/1024x1024/5fea640b314671cb958da698c95192f6
1000016588,BOLSA DE CELOFAN,0.51,8666661201624,visible,BOLSA TRANSPARENTE,1,20162,https://img-eu-2.freex.es/img/071/1000016588/1024x1024/8d9b3715bf91ed180353b0d33b3dad30
1000001684,BOLSA TRANSPARENTE,0.51,8666661026265,visible,BOLSA TRANSPARENTE,1,02626,https://img-eu-2.freex.es/img/071/1000001684/1024x1024/a88d5aa1935cd9df2a4ac3f0d6b77165
1000001685,BOLSA TRANSPARENTE,0.51,8666661026272,visible,BOLSA TRANSPARENTE,1,02627,https://img-eu-2.freex.es/img/071/1000001685/1024x1024/4f17c8ef279315d3f974707bb1bf095e
1000001686,BOLSA TRANSPARENTE,0.55,8666661026289,visible,BOLSA TRANSPARENTE,1,02628,https://img-eu-2.freex.es/img/071/1000001686/1024x1024/73e25edafb7ccb0d03b69b10d533ae05
1000001687,BOLSA TRANSPARENTE,0.51,8666661026296,visible,BOLSA TRANSPARENTE,1,02629,https://img-eu-2.freex.es/img/071/1000001687/1024x1024/51d6999ce2a4d8b6b0b1049edf733f35
1000006472,BOLSA DE CELOFAN,0.51,8666661069392,visible,BOLSA TRANSPARENTE,1,06939,https://img-eu-2.freex.es/img/071/1000006472/1024x1024/4a080dff22af51f355f42789b8ebefe2
1000006471,BOLSA DE CELOFAN,0.47,8666661069408,visible,BOLSA TRANSPARENTE,1,06940,https://img-eu-2.freex.es/img/071/1000006471/1024x1024/6c07e2bd45a08171f16b6be3813d5780
1000006473,BOLSA DE CELOFAN,0.47,8666661069415,visible,BOLSA TRANSPARENTE,1,06941,https://img-eu-2.freex.es/img/071/1000006473/1024x1024/edbe3b5656786eb1a34e8870358b74a9
1000006470,,0.51,8666661069422,visible,BOLSA TRANSPARENTE,1,06942,https://img-eu-2.freex.es/img/071/1000006470/1024x1024/a6ade6a98a1fd322fc85ca71d72b5ea5
1000006469,BOLSA DE CELOFAN,0.53,8666661069439,visible,BOLSA TRANSPARENTE,1,06943,https://img-eu-2.freex.es/img/071/1000006469/1024x1024/024e11abd37fdce23c9a5991e3f48ab6
1000035281,BOLSA ADHESIVO,0.61,866666202009,visible,BOLSA TRANSPARENTE,1,202009,https://img-eu-2.freex.es/img/071/1000035281/1024x1024/f58f1ff5dc2e6c2a6833ad5113dd0fc0
1000011211,BOLSA CIERRE,0.41,8666661026159,visible,BOLSA TRANSPARENTE,1,02615,https://img-eu-2.freex.es/img/071/1000011211/1024x1024/ad64d08be1e667265a1310e2fd0cdda5
1000011212,BOLSA CIERRE,0.41,8666661026166,visible,BOLSA TRANSPARENTE,1,02616,https://img-eu-2.freex.es/img/071/1000011212/1024x1024/d2f4adc8c5bacdf5c512e103a8a4478b
1000011213,,0.47,8666661026173,visible,BOLSA TRANSPARENTE,1,02617,https://img-eu-2.freex.es/img/071/1000011213/1024x1024/12111dc63761d1942f6301f382f116c3
1000001431,BOLSA CIERRE HERMETICO,0.51,8666661026180,visible,BOLSA TRANSPARENTE,1,02618,https://img-eu-2.freex.es/img/071/1000001431/1024x1024/2916bab3b0e8632223ab0dfd1911f5ea
1000011214,BOLSA CIERRE,0.51,8666661026197,visible,BOLSA TRANSPARENTE,1,02619,https://img-eu-2.freex.es/img/071/1000011214/1024x1024/36b39bf86ce9fb3a8100893d775a291c
1000001432,BOLSA CIERRE,0.61,8666661026203,visible,BOLSA TRANSPARENTE,1,02620,https://img-eu-2.freex.es/img/071/1000001432/1024x1024/710346c2001f83839cdb5789bef78029
1000035355,BOLSA CIERRE,0.6,866666191483,visible,BOLSA TRANSPARENTE,1,91483,https://img-eu-2.freex.es/img/071/1000035355/1024x1024/ae73eca6a71c4ff7448913d81fb1e717
1000040062,,0,,visible,BOLSA TRANSPARENTE,1,??_20240418145134,https://img-eu-2.freex.es/img/071/1000040062/1024x1024/3f8223c1fe8a3cd7e461042f8b53b0f9
1000015197,BOLSA DE GASA,0.72,8666661201112,visible,BOLSA TRANSPARENTE,1,20111-1,https://img-eu-2.freex.es/img/071/1000015197/1024x1024/4693c6577cb412a59d96a66662ebe2f2
1000015206,BOLSA DE GASA,0.78,8666661201129,visible,BOLSA TRANSPARENTE,1,20112-1,https://img-eu-2.freex.es/img/071/1000015206/1024x1024/471a4cc5ec936fdcda8c3e50ad2498f2
1000015147,BOLSA DE GASA,0.41,8666661201051,visible,BOLSA TRANSPARENTE,1,20105-2,https://img-eu-2.freex.es/img/071/1000015147/1024x1024/d0526231c4061c60c128dd576f137da6
1000015207,BOLSA DE GASA,0.78,8666661201129,visible,BOLSA TRANSPARENTE,1,20112-2,https://img-eu-2.freex.es/img/071/1000015207/1024x1024/3f3953fe83ea123bb0bad5e4c040aeee
1000015148,BOLSA DE TELA,0.41,8666661201051,visible,BOLSA TRANSPARENTE,1,20105-3,https://img-eu-2.freex.es/img/071/1000015148/1024x1024/99598990031eac87dde709ee514eb0a5
1000015156,BOLSA DE GASA,0.43,8666661201068,visible,BOLSA TRANSPARENTE,1,20106-3,https://img-eu-2.freex.es/img/071/1000015156/1024x1024/5080c73dc300c9b85ed9b2cf26df39e2
1000015183,BOLSA DE GASA M21058,0.45,8666661201099,visible,BOLSA TRANSPARENTE,1,20109-3,https://img-eu-2.freex.es/img/071/1000015183/1024x1024/6d246b068e573096e78803fdfbfcca3d
1000015191,BOLSA DE GASA,0.47,8666661201105,visible,BOLSA TRANSPARENTE,1,20110-3,https://img-eu-2.freex.es/img/071/1000015191/1024x1024/868bd4abbe65f25a45291249597bedc6
1000015199,BOLSA DE GASA,0.72,8666661201112,visible,BOLSA TRANSPARENTE,1,20111-3,https://img-eu-2.freex.es/img/071/1000015199/1024x1024/f6c9430a3efcfa1bb50e160113aaa0f8
1000015208,BOLSA DE GASA,0.78,8666661201129,visible,BOLSA TRANSPARENTE,1,20112-3,https://img-eu-2.freex.es/img/071/1000015208/1024x1024/62886b4946095b5da8d8481a3b94ee88
1000015149,BOLSA DE TELA,0.41,8666661201051,visible,BOLSA TRANSPARENTE,1,20105-4,https://img-eu-2.freex.es/img/071/1000015149/1024x1024/f6814e640278018bffccd88553eb9481
1000015184,BOLSA DE GASA,0.45,8666661201099,visible,BOLSA TRANSPARENTE,1,20109-4,https://img-eu-2.freex.es/img/071/1000015184/1024x1024/4c5edabfd3d5209a46359721241e3de7
1000022571,BOLSA DE GASA,0.47,8666661201105,visible,BOLSA TRANSPARENTE,1,20110-4,https://img-eu-2.freex.es/img/071/1000022571/1024x1024/af2e924f90318e14c59866205d239518
1000015200,BOLSA DE GASA,0.72,8666661201112,visible,BOLSA TRANSPARENTE,1,20111-4,https://img-eu-2.freex.es/img/071/1000015200/1024x1024/49adea8c195b98860bf4c09d28f8c95a
1000015209,BOLSA DE GASA,0.78,8666661201129,visible,BOLSA TRANSPARENTE,1,20112-4,https://img-eu-2.freex.es/img/071/1000015209/1024x1024/4f6ba6a5624765afaf5309135c2e2e1e
1000015150,BOLSA DE TELA,0.41,8666661201051,visible,BOLSA TRANSPARENTE,1,20105-5,https://img-eu-2.freex.es/img/071/1000015150/1024x1024/f0fde295e45313223eb008ae9e0fe7f7
1000015158,BOLSA DE GASA,0.43,8666661201068,visible,BOLSA TRANSPARENTE,1,20106-5,https://img-eu-2.freex.es/img/071/1000015158/1024x1024/cf65bfe15136f0740dd2464aabf12fc5
1000015192,BOLSA DE GASA,0.47,8666661201105,visible,BOLSA TRANSPARENTE,1,20110-5,https://img-eu-2.freex.es/img/071/1000015192/1024x1024/13e19f6dd32adcbb2c8df105bb5a6794
1000015201,BOLSA DE GASA,0.72,8666661201112,visible,BOLSA TRANSPARENTE,1,20111-5,https://img-eu-2.freex.es/img/071/1000015201/1024x1024/da44701343bb0b141baccf6c6159182a
1000015210,BOLSA DE GASA,0.78,8666661201129,visible,BOLSA TRANSPARENTE,1,20112-5,https://img-eu-2.freex.es/img/071/1000015210/1024x1024/8138b4dca1b768bc558b4c31bf3eb7ed
1000015151,BOLSA DE TELA,0.41,8666661201051,visible,BOLSA TRANSPARENTE,1,20105-6,https://img-eu-2.freex.es/img/071/1000015151/1024x1024/61d8e11effd9d8573648897f0bbeabb9
1000015159,BOLSA DE GASA,0.43,8666661201068,visible,BOLSA TRANSPARENTE,1,20106-6,https://img-eu-2.freex.es/img/071/1000015159/1024x1024/356b40fb1098c6fa2c561a4e0eb8fb43
1000015193,BOLSA DE GASA,0.47,8666661201105,visible,BOLSA TRANSPARENTE,1,20110-6,https://img-eu-2.freex.es/img/071/1000015193/1024x1024/775eb9d47d98e947242e360c792f50ae
1000015202,BOLSA DE GASA,0.72,8666661201112,visible,BOLSA TRANSPARENTE,1,20111-6,https://img-eu-2.freex.es/img/071/1000015202/1024x1024/80bd50e990e68b3591b94b0176802689
1000015211,BOLSA DE GASA,0.78,8666661201129,visible,BOLSA TRANSPARENTE,1,20112-6,https://img-eu-2.freex.es/img/071/1000015211/1024x1024/3fd0489e553f333bd1022aebede52e1a
1000022582,BOLSA DE TELA,0.41,866666120105,visible,BOLSA TRANSPARENTE,1,20105-7,https://img-eu-2.freex.es/img/071/1000022582/1024x1024/9eaa23cd83bf4e7b1d7319d5596f94b0
1000015194,BOLSA DE GASA M21059,0.47,8666661201105,visible,BOLSA TRANSPARENTE,1,20110-7,https://img-eu-2.freex.es/img/071/1000015194/1024x1024/5cbd99ae9dc8f302e0cf5ac37218b780
1000015203,BOLSA DE GASA,0.72,8666661201112,visible,BOLSA TRANSPARENTE,1,20111-7,https://img-eu-2.freex.es/img/071/1000015203/1024x1024/20e1da4c9ba2052969d751931b540642
1000015212,BOLSA DE GASA,0.78,8666661201129,visible,BOLSA TRANSPARENTE,1,20112-7,https://img-eu-2.freex.es/img/071/1000015212/1024x1024/bf52c31f77cae0569c9cfdec975f67d4
1000015152,BOLSA DE TELA,0.41,8666661201051,visible,BOLSA TRANSPARENTE,1,20105-8,https://img-eu-2.freex.es/img/071/1000015152/1024x1024/55d46577f2371506b2b62886436f5f5c
1000015170,BOLSA DE GASA,0.43,8666661201075,visible,BOLSA TRANSPARENTE,1,20107-8,https://img-eu-2.freex.es/img/071/1000015170/1024x1024/6df563f5dcb4f38efdc2a2e198c831cf
1000015195,BOLSA DE GASA,0.47,8666661201105,visible,BOLSA TRANSPARENTE,1,20110-8,https://img-eu-2.freex.es/img/071/1000015195/1024x1024/4445f8c3dd04d0b288a086ad4093b99e
1000015204,BOLSA DE GASA,0.72,8666661201112,visible,BOLSA TRANSPARENTE,1,20111-8,https://img-eu-2.freex.es/img/071/1000015204/1024x1024/e5d83e3ad73b8a4ce2c05f8934ab1a31
1000015213,BOLSA DE GASA,0.78,8666661201129,visible,BOLSA TRANSPARENTE,1,20112-8,https://img-eu-2.freex.es/img/071/1000015213/1024x1024/e8edf55ed6e68b73434a0d269140b0f9
1000015153,BOLSA DE TELA,0.41,8666661201051,visible,BOLSA TRANSPARENTE,1,20105-9,https://img-eu-2.freex.es/img/071/1000015153/1024x1024/2b4e3261c34415aadc4217dd6e8e1449
1000015162,BOLSA DE GASA,0.43,8666661201068,visible,BOLSA TRANSPARENTE,1,20106-9,https://img-eu-2.freex.es/img/071/1000015162/1024x1024/235850cc58d72df469f2a442061c4923
1000015171,BOLSA DE GASA,0.43,8666661201075,visible,BOLSA TRANSPARENTE,1,20107-9,https://img-eu-2.freex.es/img/071/1000015171/1024x1024/ce062920709a4e3287df5a6a04b3789b
1000015180,BOLSA DE GASA,0.43,8666661201082,visible,BOLSA TRANSPARENTE,1,20108-9,https://img-eu-2.freex.es/img/071/1000015180/1024x1024/009b49c20322ba5717ec02d9d1275fd7
1000015189,BOLSA DE GASA,0.45,8666661201099,visible,BOLSA TRANSPARENTE,1,20109-9,https://img-eu-2.freex.es/img/071/1000015189/1024x1024/d3265d1dec3eceb2b80625413b28cfeb
1000015196,BOLSA DE GASA,0.47,8666661201105,visible,BOLSA TRANSPARENTE,1,20110-9,https://img-eu-2.freex.es/img/071/1000015196/1024x1024/951449c64e957f3f0a3dac3183d15f4f
1000015205,BOLSA DE GASA,0.72,8666661201112,visible,BOLSA TRANSPARENTE,1,20111-9,https://img-eu-2.freex.es/img/071/1000015205/1024x1024/4df3b016071fa0316df2b8ea09ddccdb
1000015214,BOLSA DE GASA,0.78,8666661201129,visible,BOLSA TRANSPARENTE,1,20112-9,https://img-eu-2.freex.es/img/071/1000015214/1024x1024/c1dc1800def45a27ffadc9bf24284d87
1000035296,ACCESORIOS DE TELA,0.89,866666202088,visible,BOLSA TRANSPARENTE,1,202088,https://img-eu-2.freex.es/img/071/1000035296/1024x1024/7b809462e151cd95fe254c46994ec149
1000035297,ACCESORIOS DE TELA,0.89,866666202089,visible,BOLSA TRANSPARENTE,1,202089,https://img-eu-2.freex.es/img/071/1000035297/1024x1024/3c4b654a9d27b2723c56961a75fc84b8
1000035298,ACCESORIOS DE TELA,0.89,866666202090,visible,BOLSA TRANSPARENTE,1,202090,https://img-eu-2.freex.es/img/071/1000035298/1024x1024/b41189f599ecdb2a64cfa999b5b3c706
1000035299,ACCESORIOS DE TELA,0.89,866666202091,visible,BOLSA TRANSPARENTE,1,202091,https://img-eu-2.freex.es/img/071/1000035299/1024x1024/f5ff9a4867595b06031ada0fb95f02b8
1000035300,ACCESORIOS DE TELA,0.89,866666202092,visible,BOLSA TRANSPARENTE,1,202092,https://img-eu-2.freex.es/img/071/1000035300/1024x1024/0ea3cef46aae5defc549ba406cb0486a
1000035301,ACCESORIOS DE TELA,0.89,866666202093,visible,BOLSA TRANSPARENTE,1,202093,https://img-eu-2.freex.es/img/071/1000035301/1024x1024/3e06549ef711df435e76f1663d3d96c1
1000035302,ACCESORIOS DE TELA,0.89,866666202094,visible,BOLSA TRANSPARENTE,1,202094,https://img-eu-2.freex.es/img/071/1000035302/1024x1024/1aa971f0830f23cbc63969d33b0e5a45
1000035303,ACCESORIOS DE TELA,0.89,866666202095,visible,BOLSA TRANSPARENTE,1,202095,https://img-eu-2.freex.es/img/071/1000035303/1024x1024/4748c4dd3d397f2991101abc31869b35
1000035304,ACCESORIOS DE TELA,0.89,866666202096,visible,BOLSA TRANSPARENTE,1,202096,https://img-eu-2.freex.es/img/071/1000035304/1024x1024/1a98d8d484622aeb83ef51079378aa2d
1000035282,ACCESORIOS DE TELA,3.09,866666202026,visible,BOLSA TRANSPARENTE,1,202026,https://img-eu-2.freex.es/img/071/1000035282/1024x1024/512dcde8c598e8897e3337086108eea1
1000035045,ACCESORIOS DE TELA,3.09,866666202027,visible,BOLSA TRANSPARENTE,1,202027,https://img-eu-2.freex.es/img/071/1000035045/1024x1024/64155b1e4eef9faf0fec854f23ff6cdc
1000035046,ACCESORIOS DE TELA,3.09,866666202028,visible,BOLSA TRANSPARENTE,1,202028,https://img-eu-2.freex.es/img/071/1000035046/1024x1024/167814bf75c696c1a062b5c1c16ce0f1
1000035283,ACCESORIOS DE TELA,3.09,866666202029,visible,BOLSA TRANSPARENTE,1,202029,https://img-eu-2.freex.es/img/071/1000035283/1024x1024/97c3266273e75f5c4f1747dd6c6aa632
1000035284,ACCESORIOS DE TELA,3.09,866666202030,visible,BOLSA TRANSPARENTE,1,202030,https://img-eu-2.freex.es/img/071/1000035284/1024x1024/86b534e04acc2587de1f8945238f8dae
1000026541,ACCESORIOS DE TELA,3.09,866666202031,visible,BOLSA TRANSPARENTE,1,202031,https://img-eu-2.freex.es/img/071/1000026541/1024x1024/1c9a2ae5c323b01e94308800fdbf588d
1000035285,ACCESORIOS DE TELA,3.09,866666202032,visible,BOLSA TRANSPARENTE,1,202032,https://img-eu-2.freex.es/img/071/1000035285/1024x1024/b77365d68dd0f79d059f67e0e27cea1c
1000035286,ACCESORIOS DE TELA,3.09,866666202033,visible,BOLSA TRANSPARENTE,1,202033,https://img-eu-2.freex.es/img/071/1000035286/1024x1024/4aeb279473c628de2f14cfeabb04f8dc
1000035287,ACCESORIOS DE TELA,3.67,866666202034,visible,BOLSA TRANSPARENTE,1,202034,https://img-eu-2.freex.es/img/071/1000035287/1024x1024/6b8c49763561e3b10f10cb865dbb8eba
1000035288,ACCESORIOS DE TELA,3.67,866666202035,visible,BOLSA TRANSPARENTE,1,202035,https://img-eu-2.freex.es/img/071/1000035288/1024x1024/192278746fa8b6c2d2b59f9965a015c1
1000035289,ACCESORIOS DE TELA,3.67,866666202036,visible,BOLSA TRANSPARENTE,1,202036,https://img-eu-2.freex.es/img/071/1000035289/1024x1024/e9fea927a80dfb9dc3362523ecf10f2f
1000035290,ACCESORIOS DE TELA,3.67,866666202037,visible,BOLSA TRANSPARENTE,1,202037,https://img-eu-2.freex.es/img/071/1000035290/1024x1024/932d772608e48d79839f2b9d7901a585
1000035291,ACCESORIOS DE TELA,3.67,866666202038,visible,BOLSA TRANSPARENTE,1,202038,https://img-eu-2.freex.es/img/071/1000035291/1024x1024/94613d3146a7afa6b62e6a706772f3e5
1000035292,ACCESORIOS DE TELA,3.67,866666202039,visible,BOLSA TRANSPARENTE,1,202039,https://img-eu-2.freex.es/img/071/1000035292/1024x1024/2e33614c4d959d83a685915a1a3847f8
1000035293,ACCESORIOS DE TELA,3.67,866666202040,visible,BOLSA TRANSPARENTE,1,202040,https://img-eu-2.freex.es/img/071/1000035293/1024x1024/e60648bfd2b8bc91d443ebe4326832bc
1000035047,ACCESORIOS DE TELA,2.29,866666202041,visible,BOLSA TRANSPARENTE,1,202041,https://img-eu-2.freex.es/img/071/1000035047/1024x1024/21843b761bca0fa9482fbbb437864079
1000035049,ACCESORIOS DE TELA,2.29,866666202043,visible,BOLSA TRANSPARENTE,1,202043,https://img-eu-2.freex.es/img/071/1000035049/1024x1024/3658b2a94bab87a9a770964bd8a6aa2d
1000035053,ACCESORIOS DE TELA,2.29,866666202047,visible,BOLSA TRANSPARENTE,1,202047,https://img-eu-2.freex.es/img/071/1000035053/1024x1024/cc926e95915d9911a4a42a44e6a4981d
1000026542,ACCESORIOS DE TELA,2.29,866666202048,visible,BOLSA TRANSPARENTE,1,202048,https://img-eu-2.freex.es/img/071/1000026542/1024x1024/2db933af60f718a3eedf1f019a93ef36
1000035054,ACCESORIOS DE TELA,2.29,866666202049,visible,BOLSA TRANSPARENTE,1,202049,https://img-eu-2.freex.es/img/071/1000035054/1024x1024/c234670571f50b9b20657e8d5f07c7cd
1000035055,ACCESORIOS DE TELA,2.29,866666202050,visible,BOLSA TRANSPARENTE,1,202050,https://img-eu-2.freex.es/img/071/1000035055/1024x1024/632a924fec9d6ced7b973d16b7a99d64
1000035056,ACCESORIOS DE TELA,2.15,866666202051,visible,BOLSA TRANSPARENTE,1,202051,https://img-eu-2.freex.es/img/071/1000035056/1024x1024/ed1f4b2c2960e8e0386bee37f6d505eb
1000001477,BOLSA DE CARAMELO,0.51,8666661025657,visible,BOLSA TRANSPARENTE,1,02565,https://img-eu-2.freex.es/img/071/1000001477/1024x1024/6670aaada0858847b34f14fef53508e8
1000005094,FUNDA DE ABANICO ROSA,0.09,86666661008498,visible,BOLSA TRANSPARENTE,1,00849-3,https://img-eu-2.freex.es/img/071/1000005094/1024x1024/43e813c38db6254f4902e5cb9d7c2663
1000005095,FUNDA DE ABANICO NARANJA,0.09,86666661008498,visible,BOLSA TRANSPARENTE,1,00849-2,https://img-eu-2.freex.es/img/071/1000005095/1024x1024/0295b33f996d496dc2431e96cc6c45c7
1000005097,FUNDA DE ABANICO AZUL,0.09,86666661008498,visible,BOLSA TRANSPARENTE,1,00849-4,https://img-eu-2.freex.es/img/071/1000005097/1024x1024/ac661a359d2864e192f45043f3d89412
1000020621,BOLSA DE REGALOS,0.3,8655666729004,visible,BOLSA TRANSPARENTE,1,72900,https://img-eu-2.freex.es/img/071/1000020621/1024x1024/1603cb0d689b9e81bfa21d4141ba1f94
1000031944,,0,,visible,BOLSA TRANSPARENTE,1,20220616170402,https://img-eu-2.freex.es/img/071/1000031944/1024x1024/531fc130c8b516d6a2f1bd4023af3282
1000023869,BOLSA DE PAPEL,0.72,866666190474,visible,BOLSA TRANSPARENTE,1,90474,https://img-eu-2.freex.es/img/071/1000023869/1024x1024/9c6af9c7f510101d6e0c716cc580b837
1000023870,BOLSA DE PAPEL,0.72,866666190475,visible,BOLSA TRANSPARENTE,1,90475,https://img-eu-2.freex.es/img/071/1000023870/1024x1024/06ea9ec0036544774cefdeebb3e2f5d8
1000023871,BOLSA DE PAPEL,0.72,866666190476,visible,BOLSA TRANSPARENTE,1,90476,https://img-eu-2.freex.es/img/071/1000023871/1024x1024/465bad791af72264d07ccb7c4f8a5b66
1000023872,BOLSA DE PAPEL,0.61,866666190477,visible,BOLSA TRANSPARENTE,1,90477,https://img-eu-2.freex.es/img/071/1000023872/1024x1024/332d92782bf53317bc1f468f1a1badca
1000022690,SOBRES DE PAPEL,0.55,8666661203727,visible,BOLSA TRANSPARENTE,1,20372-1,https://img-eu-2.freex.es/img/071/1000022690/1024x1024/f26606fd0a11cc0e4beceaffbcfb6f82
1000022691,SOBRES DE PAPEL,0.55,8666661203727,visible,BOLSA TRANSPARENTE,1,20372-2,https://img-eu-2.freex.es/img/071/1000022691/1024x1024/e3ae5f653aef7b6d2330911798a97382
1000022692,SOBRES DE PAPEL,0.55,8666661203727,visible,BOLSA TRANSPARENTE,1,20372-3,https://img-eu-2.freex.es/img/071/1000022692/1024x1024/6220cea32d0688def633b1fc24cf35eb
1000022693,SOBRES DE PAPEL,0.55,8666661203727,visible,BOLSA TRANSPARENTE,1,20372-4,https://img-eu-2.freex.es/img/071/1000022693/1024x1024/5e7b43cf362af986f3b8626ebad54fd5
1000022694,SOBRES DE PAPEL,0.55,8666661203727,visible,BOLSA TRANSPARENTE,1,20372-5,https://img-eu-2.freex.es/img/071/1000022694/1024x1024/4f42721c8e0c117d67a1cd33e7b07f41
1000022695,SOBRES DE PAPEL,0.57,8666661203734,visible,BOLSA TRANSPARENTE,1,20373-1,https://img-eu-2.freex.es/img/071/1000022695/1024x1024/662e77c9cd92aaef70194a848f525ed6
1000022696,SOBRES DE PAPEL,0.57,8666661203734,visible,BOLSA TRANSPARENTE,1,20373-2,https://img-eu-2.freex.es/img/071/1000022696/1024x1024/3f3580caf25fe74a6acee063ad07778a
1000022697,SOBRES DE PAPEL,0.57,8666661203734,visible,BOLSA TRANSPARENTE,1,20373-3,https://img-eu-2.freex.es/img/071/1000022697/1024x1024/a3ae267e8960b17b5304a5eeba8390e9
1000022698,SOBRES DE PAPEL,0.57,8666661203734,visible,BOLSA TRANSPARENTE,1,20373-4,https://img-eu-2.freex.es/img/071/1000022698/1024x1024/e004a406e953f8c43442c556c7a88e09
1000022699,SOBRES DE PAPEL,0.57,8666661203734,visible,BOLSA TRANSPARENTE,1,20373-5,https://img-eu-2.freex.es/img/071/1000022699/1024x1024/553507df02614849e3fd019c8d58cc6b
1000022700,SOBRES DE PAPEL,0.57,8666661203741,visible,BOLSA TRANSPARENTE,1,20374-1,https://img-eu-2.freex.es/img/071/1000022700/1024x1024/67aae8e0ece520d46f5dd84592a4ccd4
1000022701,SOBRES DE PAPEL,0.57,8666661203741,visible,BOLSA TRANSPARENTE,1,20374-2,https://img-eu-2.freex.es/img/071/1000022701/1024x1024/c500250489c6e58d1d6aa183382bedf0
1000022702,SOBRES DE PAPEL,0.57,8666661203741,visible,BOLSA TRANSPARENTE,1,20374-3,https://img-eu-2.freex.es/img/071/1000022702/1024x1024/1a7eb5ff11f57fb6a501d240a6674969
1000022703,SOBRES DE PAPEL,0.57,8666661203741,visible,BOLSA TRANSPARENTE,1,20374-4,https://img-eu-2.freex.es/img/071/1000022703/1024x1024/f5fe288d8909a407dd543655eb09b824
1000022704,SOBRES DE PAPEL,0.57,8666661203741,visible,BOLSA TRANSPARENTE,1,20374-5,https://img-eu-2.freex.es/img/071/1000022704/1024x1024/65f3db4a57d1f820a165cdfa6a426c36
1000022705,SOBRES DE PAPEL,0.57,8666661203758,visible,BOLSA TRANSPARENTE,1,20375-1,https://img-eu-2.freex.es/img/071/1000022705/1024x1024/d6d4f2406897add1458f837eb48a0c75
1000022706,SOBRES DE PAPEL,0.57,8666661203758,visible,BOLSA TRANSPARENTE,1,20375-2,https://img-eu-2.freex.es/img/071/1000022706/1024x1024/92d609fc4c8aed14841d19ab42d16ae6
1000022707,SOBRES DE PAPEL,0.57,8666661203758,visible,BOLSA TRANSPARENTE,1,20375-3,https://img-eu-2.freex.es/img/071/1000022707/1024x1024/d5d3a97c6844f256c2bf85ff1cd21ac0
1000022708,SOBRES DE PAPEL,0.57,8666661203758,visible,BOLSA TRANSPARENTE,1,20375-4,https://img-eu-2.freex.es/img/071/1000022708/1024x1024/98c4fd730bf2dc60ada9c8d03d675531
1000022709,SOBRES DE PAPEL,0.57,8666661203758,visible,BOLSA TRANSPARENTE,1,20375-5,https://img-eu-2.freex.es/img/071/1000022709/1024x1024/371c08dd1ff1871aafa035def1ea2ed7
1000022710,BOSITA DE PAPEL,0.83,8666661203765,visible,BOLSA TRANSPARENTE,1,20376-1,https://img-eu-2.freex.es/img/071/1000022710/1024x1024/5171eccf43cd49186f8c48ef87539757
1000022711,BOSITA DE PAPEL,0.83,8666661203765,visible,BOLSA TRANSPARENTE,1,20376-2,https://img-eu-2.freex.es/img/071/1000022711/1024x1024/22b44c1d9d73e268297a070daa2d8a6c
1000022712,BOSITA DE PAPEL,0.83,8666661203765,visible,BOLSA TRANSPARENTE,1,20376-3,https://img-eu-2.freex.es/img/071/1000022712/1024x1024/e55de26b41050a7629b8d337d476b3f8
1000022713,BOSITA DE PAPEL,0.83,8666661203765,visible,BOLSA TRANSPARENTE,1,20376-4,https://img-eu-2.freex.es/img/071/1000022713/1024x1024/4d1876a1b0fa26a3c815d1a3f1e7077b
1000022714,BOSITA DE PAPEL,0.83,8666661203765,visible,BOLSA TRANSPARENTE,1,20376-5,https://img-eu-2.freex.es/img/071/1000022714/1024x1024/d5cb402a7553b800e7f3d5a426c36acc
1000022715,BOSITA DE PAPEL,0.83,8666661203772,visible,BOLSA TRANSPARENTE,1,20377-1,https://img-eu-2.freex.es/img/071/1000022715/1024x1024/793ffeeda89fcf149cc5bd1145889df1
1000022716,BOSITA DE PAPEL,0.83,8666661203772,visible,BOLSA TRANSPARENTE,1,20377-2,https://img-eu-2.freex.es/img/071/1000022716/1024x1024/954b03a0965d86f18f12a443e949ef20
1000022717,BOSITA DE PAPEL,0.83,8666661203772,visible,BOLSA TRANSPARENTE,1,20377-3,https://img-eu-2.freex.es/img/071/1000022717/1024x1024/43c9bc9da6d985b0fb323a1dba47f459
1000022718,BOSITA DE PAPEL,0.83,8666661203772,visible,BOLSA TRANSPARENTE,1,20377-4,https://img-eu-2.freex.es/img/071/1000022718/1024x1024/d1e307463c245cfe940f50ed233a25aa
1000022719,BOSITA DE PAPEL,0.83,8666661203772,visible,BOLSA TRANSPARENTE,1,20377-5,https://img-eu-2.freex.es/img/071/1000022719/1024x1024/8ae3136749c2f94a387a35c30e939c55
1000022720,BOSITA DE PAPEL,0.89,8666661203789,visible,BOLSA TRANSPARENTE,1,20378-1,https://img-eu-2.freex.es/img/071/1000022720/1024x1024/c5bb1e0b0c04cbe3282c67dfcfd13b81
1000022721,BOSITA DE PAPEL,0.89,8666661203789,visible,BOLSA TRANSPARENTE,1,20378-2,https://img-eu-2.freex.es/img/071/1000022721/1024x1024/88af2340a5465395aae559b62cccb442
1000022722,BOSITA DE PAPEL,0.89,8666661203789,visible,BOLSA TRANSPARENTE,1,20378-3,https://img-eu-2.freex.es/img/071/1000022722/1024x1024/896326b3799b6dc585dc8aa564137b86
1000022723,BOSITA DE PAPEL,0.89,8666661203789,visible,BOLSA TRANSPARENTE,1,20378-4,https://img-eu-2.freex.es/img/071/1000022723/1024x1024/e68cefc4115f973e012e7cc7db36be83
1000022724,BOSITA DE PAPEL,0.89,8666661203789,visible,BOLSA TRANSPARENTE,1,20378-5,https://img-eu-2.freex.es/img/071/1000022724/1024x1024/34aa98c0ecbfe3f1850ccba99f617762
1000022737,SOBRES DE PAPEL,0.45,8666661203826,visible,BOLSA TRANSPARENTE,1,20382-1,https://img-eu-2.freex.es/img/071/1000022737/1024x1024/4620a1c788b61734574b88c4c947cec5
1000022738,SOBRES DE PAPEL,0.45,8666661203826,visible,BOLSA TRANSPARENTE,1,20382-2,https://img-eu-2.freex.es/img/071/1000022738/1024x1024/5d67a06891eec343bc1bdeb49da8a8e0
1000022739,SOBRES DE PAPEL,0.45,8666661203826,visible,BOLSA TRANSPARENTE,1,20382-3,https://img-eu-2.freex.es/img/071/1000022739/1024x1024/4d1924a18120611cafecd3c0ca0565dc
1000022740,SOBRES DE PAPEL,0.45,8666661203826,visible,BOLSA TRANSPARENTE,1,20382-4,https://img-eu-2.freex.es/img/071/1000022740/1024x1024/3f4db6771eb4aeba163e6f7e55f1fa39
1000022741,BOSITA DE PAPEL,0.63,8666661203833,visible,BOLSA TRANSPARENTE,1,20383-1,https://img-eu-2.freex.es/img/071/1000022741/1024x1024/3e6e6404dc4c5b530b533af4045d81d6
1000022742,BOSITA DE PAPEL,0.63,8666661203833,visible,BOLSA TRANSPARENTE,1,20383-2,https://img-eu-2.freex.es/img/071/1000022742/1024x1024/c0f4dffe8765e84ca888c4954d9fe55a
1000022743,BOSITA DE PAPEL,0.63,8666661203833,visible,BOLSA TRANSPARENTE,1,20383-3,https://img-eu-2.freex.es/img/071/1000022743/1024x1024/c747f7a76ec63a444957b2d717c42c72
1000022744,BOSITA DE PAPEL,0.63,8666661203833,visible,BOLSA TRANSPARENTE,1,20383-4,https://img-eu-2.freex.es/img/071/1000022744/1024x1024/ec2f74341769fbf8f3416e089d5b1180
1000022745,BOSITA DE PAPEL,0.63,8666661203840,visible,BOLSA TRANSPARENTE,1,20384-1,https://img-eu-2.freex.es/img/071/1000022745/1024x1024/6c28801f25592fdeec4553a4f190cfa7
1000022746,BOSITA DE PAPEL,0.63,8666661203840,visible,BOLSA TRANSPARENTE,1,20384-2,https://img-eu-2.freex.es/img/071/1000022746/1024x1024/429be1ee902526892dbe6165f959afbe
1000022747,BOSITA DE PAPEL,0.63,8666661203840,visible,BOLSA TRANSPARENTE,1,20384-3,https://img-eu-2.freex.es/img/071/1000022747/1024x1024/cc6cff4b4fad4552963b37fe98243c2f
1000022748,BOSITA DE PAPEL,0.63,8666661203840,visible,BOLSA TRANSPARENTE,1,20384-4,https://img-eu-2.freex.es/img/071/1000022748/1024x1024/e390de21e6592c4b3ce56d66b9b2c7fb
1000022750,BOSITA DE PAPEL,0.63,8666661203857,visible,BOLSA TRANSPARENTE,1,20385-2,https://img-eu-2.freex.es/img/071/1000022750/1024x1024/2239fd503fd2d726dd07122e16098b22
1000022752,BOSITA DE PAPEL,0.63,8666661203857,visible,BOLSA TRANSPARENTE,1,20385-4,https://img-eu-2.freex.es/img/071/1000022752/1024x1024/694e9b1365e3b7f2a873fdfa6de930bd
1000040113,CINTA BIES TELA,0,,visible,CINTA BIES TELA,1,??_20240418145440,https://img-eu-2.freex.es/img/071/1000040113/1024x1024/e07c28cdd7bd6d1c71d970aed056fc12
1000030153,CINTA DE VIES TELA,1.41,866666101958,visible,CINTA BIES TELA,1,01958-1,https://img-eu-2.freex.es/img/071/1000030153/1024x1024/ec207fcb145a8774ea977be8b4f44746
1000030160,CINTA DE VIES TELA,1.41,866666101958,visible,CINTA BIES TELA,1,01958-2,https://img-eu-2.freex.es/img/071/1000030160/1024x1024/e52317a754a35cc32a7a57bd2d354ace
1000030161,CINTA DE VIES TELA,1.41,866666101958,visible,CINTA BIES TELA,1,01958-3,https://img-eu-2.freex.es/img/071/1000030161/1024x1024/f87e2db28a1333eb6ea745b19093fd82
1000030162,CINTA DE VIES TELA,1.41,866666101958,visible,CINTA BIES TELA,1,01958-4,https://img-eu-2.freex.es/img/071/1000030162/1024x1024/6d5aad97804a80d9bd6fb7824ae2b5a2
1000030163,CINTA DE VIES TELA,1.41,866666101958,visible,CINTA BIES TELA,1,01958-5,https://img-eu-2.freex.es/img/071/1000030163/1024x1024/3a0e281e85b9f522b89f556682a20614
1000030164,CINTA DE VIES TELA,1.41,866666101958,visible,CINTA BIES TELA,1,01958-6,https://img-eu-2.freex.es/img/071/1000030164/1024x1024/492cde2a1446f42a4b6ef0d975e744be
1000030165,CINTA DE VIES TELA,1.41,866666101958,visible,CINTA BIES TELA,1,01958-7,https://img-eu-2.freex.es/img/071/1000030165/1024x1024/a41f4b731dd6329abdcff3b2af6210a1
1000030166,CINTA DE VIES TELA,1.41,866666101958,visible,CINTA BIES TELA,1,01958-8,https://img-eu-2.freex.es/img/071/1000030166/1024x1024/ddbd2fae3b04c053a823767a9229977e
1000030167,CINTA DE VIES TELA,1.41,866666101958,visible,CINTA BIES TELA,1,01958-9,https://img-eu-2.freex.es/img/071/1000030167/1024x1024/43fb972511e27793d270c71af6e370cd
1000030154,CINTA DE VIES TELA,1.41,866666101958,visible,CINTA BIES TELA,1,01958-10,https://img-eu-2.freex.es/img/071/1000030154/1024x1024/ad724593b28785ad40e096a0e2fc2788
1000030155,CINTA DE VIES TELA,1.41,866666101958,visible,CINTA BIES TELA,1,01958-11,https://img-eu-2.freex.es/img/071/1000030155/1024x1024/fd1426e284c0551ec2ca129d397252db
1000030156,CINTA DE VIES TELA,1.41,866666101958,visible,CINTA BIES TELA,1,01958-12,https://img-eu-2.freex.es/img/071/1000030156/1024x1024/57641531c1b79a3f4eee33eec489915a
1000030157,CINTA DE VIES TELA,1.41,866666101958,visible,CINTA BIES TELA,1,01958-13,https://img-eu-2.freex.es/img/071/1000030157/1024x1024/b2d4d072c47c3aa37219f2826534013c
1000030158,CINTA DE VIES TELA,1.41,866666101958,visible,CINTA BIES TELA,1,01958-14,https://img-eu-2.freex.es/img/071/1000030158/1024x1024/39af81a234e03a37687d5e24f031996b
1000030159,CINTA DE VIES TELA,1.41,866666101958,visible,CINTA BIES TELA,1,01958-15,https://img-eu-2.freex.es/img/071/1000030159/1024x1024/3e6d70ffafc72160e9e4ccdcd50b11d9
1000007104,CINTA DE RASO,0.45,8666661083916,visible,CINTA BIES TELA,1,08391-A01,https://img-eu-2.freex.es/img/071/1000007104/1024x1024/ff1440456ca077f0741b6936fbc5752d
1000007139,CINTA DE RASO,0.55,8666661083923,visible,CINTA BIES TELA,1,08392-A01,https://img-eu-2.freex.es/img/071/1000007139/1024x1024/9552fcd3853e0da34b0d046cb83e5109
1000007173,CINTA DE RASO,0.66,8666661083930,visible,CINTA BIES TELA,1,08393-A01,https://img-eu-2.freex.es/img/071/1000007173/1024x1024/8d1d488589a4d47de7d3d299a2d78d45
1000007208,CINTA DE RASO,0.78,8666661083947,visible,CINTA BIES TELA,1,08394-A01,https://img-eu-2.freex.es/img/071/1000007208/1024x1024/cd4dbb2f31ad5c3cd1aec580bcca5148
1000007243,CINTA DE RASO,1.04,8666661083954,visible,CINTA BIES TELA,1,08395-A01,https://img-eu-2.freex.es/img/071/1000007243/1024x1024/f13efcc04c77257fc2b83a69a43144bb
1000007278,CINTA DE RASO,1.52,8666661083961,visible,CINTA BIES TELA,1,08396-A01,https://img-eu-2.freex.es/img/071/1000007278/1024x1024/04225d9acbe160b137996bf138e4a9bb
1000007313,CINTA DE RASO,1.88,8666661083978,visible,CINTA BIES TELA,1,08397-A01,https://img-eu-2.freex.es/img/071/1000007313/1024x1024/23b31bcb925ac972ae67519da6c0c698
1000007105,CINTA DE RASO,0.45,8666661083916,visible,CINTA BIES TELA,1,08391-A02,https://img-eu-2.freex.es/img/071/1000007105/1024x1024/48e87ad7171bb690ec0861370f31cd8b
1000007140,CINTA DE RASO,0.55,8666661083923,visible,CINTA BIES TELA,1,08392-A02,https://img-eu-2.freex.es/img/071/1000007140/1024x1024/62ef7874ad6bb9c53a5f4561a471c1f8
1000007174,CINTA DE RASO,0.66,8666661083930,visible,CINTA BIES TELA,1,08393-A02,https://img-eu-2.freex.es/img/071/1000007174/1024x1024/f434b82ae6e2eb50b2912ef5bb46d523
1000007209,CINTA DE RASO,0.78,8666661083947,visible,CINTA BIES TELA,1,08394-A02,https://img-eu-2.freex.es/img/071/1000007209/1024x1024/7fdafa0681ff39fc15c7e3144baf51ee
1000007244,CINTA DE RASO,1.04,8666661083954,visible,CINTA BIES TELA,1,08395-A02,https://img-eu-2.freex.es/img/071/1000007244/1024x1024/66a6e25fd93d62cb3d81df4939cd5ce9
1000007279,CINTA DE RASO,1.52,8666661083961,visible,CINTA BIES TELA,1,08396-A02,https://img-eu-2.freex.es/img/071/1000007279/1024x1024/217ad8cd7fcd836e40a620b452d4576b
1000007314,CINTA DE RASO,1.88,8666661083978,visible,CINTA BIES TELA,1,08397-A02,https://img-eu-2.freex.es/img/071/1000007314/1024x1024/57ec4882a9320d03dbda2ef9d2931d09
1000007106,CINTA DE RASO,0.45,8666661083916,visible,CINTA BIES TELA,1,08391-A03,https://img-eu-2.freex.es/img/071/1000007106/1024x1024/4ad25da26b69e13822da4407d88854b2
1000007141,CINTA DE RASO,0.55,8666661083923,visible,CINTA BIES TELA,1,08392-A03,https://img-eu-2.freex.es/img/071/1000007141/1024x1024/e4fd4b2f9112f15c5c024d421ee06c28
1000007175,CINTA DE RASO,0.66,8666661083930,visible,CINTA BIES TELA,1,08393-A03,https://img-eu-2.freex.es/img/071/1000007175/1024x1024/6b8d5abb84f38853352c1346348c44b2
1000007210,CINTA DE RASO,0.78,8666661083947,visible,CINTA BIES TELA,1,08394-A03,https://img-eu-2.freex.es/img/071/1000007210/1024x1024/b548740141eb8b1b153ad02144fe6658
1000007245,CINTA DE RASO,1.04,8666661083954,visible,CINTA BIES TELA,1,08395-A03,https://img-eu-2.freex.es/img/071/1000007245/1024x1024/570ab33879bc9f07407e6ed8f3a74dfb
1000007280,CINTA DE RASO,1.52,8666661083961,visible,CINTA BIES TELA,1,08396-A03,https://img-eu-2.freex.es/img/071/1000007280/1024x1024/d6388167ef1b39c9c265b14dc9e2b408
1000007315,CINTA DE RASO,1.88,8666661083978,visible,CINTA BIES TELA,1,08397-A03,https://img-eu-2.freex.es/img/071/1000007315/1024x1024/f2eab1837fcc62719d9a92143be5240a
1000007107,CINTA DE RASO,0.45,8666661083916,visible,CINTA BIES TELA,1,08391-A04,https://img-eu-2.freex.es/img/071/1000007107/1024x1024/eaa95a0258286155c2ffd60581668fa2
1000007142,CINTA DE RASO,0.55,8666661083923,visible,CINTA BIES TELA,1,08392-A04,https://img-eu-2.freex.es/img/071/1000007142/1024x1024/8928c89f14d567bfb38501791d848a3a
1000007176,CINTA DE RASO,0.66,8666661083930,visible,CINTA BIES TELA,1,08393-A04,https://img-eu-2.freex.es/img/071/1000007176/1024x1024/143f786bd3011e4bbd1975f9a16c87ac
1000007211,CINTA DE RASO,0.78,8666661083947,visible,CINTA BIES TELA,1,08394-A04,https://img-eu-2.freex.es/img/071/1000007211/1024x1024/4ef842b22d8387f6d518408312c8402f
1000007246,CINTA DE RASO,1.04,8666661083954,visible,CINTA BIES TELA,1,08395-A04,https://img-eu-2.freex.es/img/071/1000007246/1024x1024/43ca7eb95911f4a408506bbeb0237dda
1000007281,CINTA DE RASO,1.52,8666661083961,visible,CINTA BIES TELA,1,08396-A04,https://img-eu-2.freex.es/img/071/1000007281/1024x1024/6f7a8f41b18bc230bc383f46905f99d3
1000007316,CINTA DE RASO,1.88,8666661083978,visible,CINTA BIES TELA,1,08397-A04,https://img-eu-2.freex.es/img/071/1000007316/1024x1024/201d955bc83f5df9c37ce1fdfd6bd3f2
1000007108,CINTA DE RASO,0.45,8666661083916,visible,CINTA BIES TELA,1,08391-A05,https://img-eu-2.freex.es/img/071/1000007108/1024x1024/c2e0373947a9c4f0f63dcedac782681c
1000007143,CINTA DE RASO,0.55,8666661083923,visible,CINTA BIES TELA,1,08392-A05,https://img-eu-2.freex.es/img/071/1000007143/1024x1024/885dfeff1caa3b40a0996be4ee30ea39
1000007177,CINTA DE RASO,0.66,8666661083930,visible,CINTA BIES TELA,1,08393-A05,https://img-eu-2.freex.es/img/071/1000007177/1024x1024/0298251e21d15180893e77794040c4b9
1000007212,CINTA DE RASO,0.78,8666661083947,visible,CINTA BIES TELA,1,08394-A05,https://img-eu-2.freex.es/img/071/1000007212/1024x1024/af6bb8f6634fdd8f16ce35821311c002
1000007247,CINTA DE RASO,1.04,8666661083954,visible,CINTA BIES TELA,1,08395-A05,https://img-eu-2.freex.es/img/071/1000007247/1024x1024/4c47cddb42fe904408c9135a6ce43a2c
1000007282,CINTA DE RASO,1.52,8666661083961,visible,CINTA BIES TELA,1,08396-A05,https://img-eu-2.freex.es/img/071/1000007282/1024x1024/bd3ec4301f242f8636d46dff59e838e0
1000007317,CINTA DE RASO,1.88,8666661083978,visible,CINTA BIES TELA,1,08397-A05,https://img-eu-2.freex.es/img/071/1000007317/1024x1024/2a2e4518147207c565e1fdff319f6c37
1000007109,CINTA DE RASO salmon,0.45,8666661083916,visible,CINTA BIES TELA,1,08391-A06,https://img-eu-2.freex.es/img/071/1000007109/1024x1024/851966733b07cdc916ff9e7de6e5021f
1000007144,CINTA DE RASO SALMON,0.55,8666661083923,visible,CINTA BIES TELA,1,08392-A06,https://img-eu-2.freex.es/img/071/1000007144/1024x1024/f275097dc04b738073cfe71754bea684
1000007178,CINTA DE RASO SALMON,0.66,8666661083930,visible,CINTA BIES TELA,1,08393-A06,https://img-eu-2.freex.es/img/071/1000007178/1024x1024/5211dc8ec61966d64139e0d78f492583
1000007213,CINTA DE RASO SALMON,0.78,8666661083947,visible,CINTA BIES TELA,1,08394-A06,https://img-eu-2.freex.es/img/071/1000007213/1024x1024/190e35ab149391ebb66a7a2e7ec0296f
1000007248,CINTA DE RASO SALMON,1.04,8666661083954,visible,CINTA BIES TELA,1,08395-A06,https://img-eu-2.freex.es/img/071/1000007248/1024x1024/0962252321272b8771fc12379f025f6b
1000007283,CINTA DE RASO SALMON,1.52,8666661083961,visible,CINTA BIES TELA,1,08396-A06,https://img-eu-2.freex.es/img/071/1000007283/1024x1024/5a7ee7bf2612eba325142c9a62679695
1000007318,CINTA DE RASO SALMON,1.88,8666661083978,visible,CINTA BIES TELA,1,08397-A06,https://img-eu-2.freex.es/img/071/1000007318/1024x1024/a9b059990b0687b173f2efce4d1a9c76
1000007110,CINTA DE RASO,0.45,8666661083916,visible,CINTA BIES TELA,1,08391-A07,https://img-eu-2.freex.es/img/071/1000007110/1024x1024/588704e648631b448c4cbedf32ca62b5
1000007145,CINTA DE RASO,0.55,8666661083923,visible,CINTA BIES TELA,1,08392-A07,https://img-eu-2.freex.es/img/071/1000007145/1024x1024/bda19bc8339a32639704abdc2967a3cd
1000007179,CINTA DE RASO,0.66,8666661083930,visible,CINTA BIES TELA,1,08393-A07,https://img-eu-2.freex.es/img/071/1000007179/1024x1024/f75e3153698e3e58604bf45460d3d949
1000007214,CINTA DE RASO,0.78,8666661083947,visible,CINTA BIES TELA,1,08394-A07,https://img-eu-2.freex.es/img/071/1000007214/1024x1024/c41dfdba7ab87edb493ab2af2a36c46a
1000007249,CINTA DE RASO,1.04,8666661083954,visible,CINTA BIES TELA,1,08395-A07,https://img-eu-2.freex.es/img/071/1000007249/1024x1024/d4c58ab1336686667e6d49d0cbd31569
1000007284,CINTA DE RASO,1.52,8666661083961,visible,CINTA BIES TELA,1,08396-A07,https://img-eu-2.freex.es/img/071/1000007284/1024x1024/3af8e507cc87e4fe4bdb285b24aab5d9
1000007319,CINTA DE RASO,1.88,8666661083978,visible,CINTA BIES TELA,1,08397-A07,https://img-eu-2.freex.es/img/071/1000007319/1024x1024/bf46e33b658504e4c9f35b44f757c738
1000007111,CINTA DE RASO,0.45,8666661083916,visible,CINTA BIES TELA,1,08391-A08,https://img-eu-2.freex.es/img/071/1000007111/1024x1024/36af456a797e0591abf4a4389d83a895
1000007146,CINTA DE RASO,0.55,8666661083923,visible,CINTA BIES TELA,1,08392-A08,https://img-eu-2.freex.es/img/071/1000007146/1024x1024/73e623724c39c6a7a9ed3bfd1da1bd1f
1000007180,CINTA DE RASO,0.66,8666661083930,visible,CINTA BIES TELA,1,08393-A08,https://img-eu-2.freex.es/img/071/1000007180/1024x1024/cfcd8cc17767710a132e0612171ff525
1000007215,CINTA DE RASO,0.78,8666661083947,visible,CINTA BIES TELA,1,08394-A08,https://img-eu-2.freex.es/img/071/1000007215/1024x1024/0fdcd53d0a30f8f91366a6fe8c11a003
1000007250,CINTA DE RASO,1.04,8666661083954,visible,CINTA BIES TELA,1,08395-A08,https://img-eu-2.freex.es/img/071/1000007250/1024x1024/f9bd789247babc4a8f39afa2ed7f3fd0
1000007285,CINTA DE RASO,1.52,8666661083961,visible,CINTA BIES TELA,1,08396-A08,https://img-eu-2.freex.es/img/071/1000007285/1024x1024/ccd11a1da351d686c2ba376c44921927
1000007320,CINTA DE RASO,1.88,8666661083978,visible,CINTA BIES TELA,1,08397-A08,https://img-eu-2.freex.es/img/071/1000007320/1024x1024/11ceb381015d5dec9b61375b02837e3d
1000007112,CINTA DE RASO AMARILLO,0.45,8666661083916,visible,CINTA BIES TELA,1,08391-A09,https://img-eu-2.freex.es/img/071/1000007112/1024x1024/53b4a520079978da5c32ed9a9a81e196
1000007147,CINTA DE RASO AMARILLO,0.55,8666661083923,visible,CINTA BIES TELA,1,08392-A09,https://img-eu-2.freex.es/img/071/1000007147/1024x1024/749d2a99a0cc42686b3c4ba5a9019337
1000007181,CINTA DE RASO AMARILLO,0.66,8666661083930,visible,CINTA BIES TELA,1,08393-A09,https://img-eu-2.freex.es/img/071/1000007181/1024x1024/fc7e219c877a54e05e2c4b63642bab88
1000007216,CINTA DE RASO AMARILLO,0.78,8666661083947,visible,CINTA BIES TELA,1,08394-A09,https://img-eu-2.freex.es/img/071/1000007216/1024x1024/40ba3416976ad2f1dd714f5124a68ee0
1000007251,CINTA DE RASO AMARILLO,1.04,8666661083954,visible,CINTA BIES TELA,1,08395-A09,https://img-eu-2.freex.es/img/071/1000007251/1024x1024/01f0c08dc705d747ee84b5249a687bf8
1000007286,CINTA DE RASO AMARILLO,1.52,8666661083961,visible,CINTA BIES TELA,1,08396-A09,https://img-eu-2.freex.es/img/071/1000007286/1024x1024/13629ccfd109869187b06d8a8a444d16
1000007321,CINTA DE RASO AMARILLO,1.88,8666661083978,visible,CINTA BIES TELA,1,08397-A09,https://img-eu-2.freex.es/img/071/1000007321/1024x1024/836febbeb9efd73aeff067f1e4c6c530
1000007113,CINTA DE RASO,0.45,8666661083916,visible,CINTA BIES TELA,1,08391-A10,https://img-eu-2.freex.es/img/071/1000007113/1024x1024/607b36dde1788500682a6bd28fa3b5aa
1000007148,CINTA DE RASO,0.55,8666661083923,visible,CINTA BIES TELA,1,08392-A10,https://img-eu-2.freex.es/img/071/1000007148/1024x1024/300616e28e23223b82124ae3b252473b
1000007182,CINTA DE RASO,0.66,8666661083930,visible,CINTA BIES TELA,1,08393-A10,https://img-eu-2.freex.es/img/071/1000007182/1024x1024/b10be0a5193cf382bfb9f74fb97993aa
1000007217,CINTA DE RASO,0.78,8666661083947,visible,CINTA BIES TELA,1,08394-A10,https://img-eu-2.freex.es/img/071/1000007217/1024x1024/6e8ff93edbb836fe03220bc25ad3abd9
1000007252,CINTA DE RASO,1.04,8666661083954,visible,CINTA BIES TELA,1,08395-A10,https://img-eu-2.freex.es/img/071/1000007252/1024x1024/eb6043964075633739430bb3f5e98a71
1000007287,CINTA DE RASO,1.52,8666661083961,visible,CINTA BIES TELA,1,08396-A10,https://img-eu-2.freex.es/img/071/1000007287/1024x1024/5953f027440f765d48ad20a1e0bd6b5e
1000007322,CINTA DE RASO,1.88,8666661083978,visible,CINTA BIES TELA,1,08397-A10,https://img-eu-2.freex.es/img/071/1000007322/1024x1024/38f5918059624b6bdfab568388a4cb79
1000007114,CINTA DE RASO,0.45,8666661083916,visible,CINTA BIES TELA,1,08391-A11,https://img-eu-2.freex.es/img/071/1000007114/1024x1024/2c076ee31baadaa938646e5cb3ab20c8
1000012253,CINTA DE RASO,0.55,8666661083923,visible,CINTA BIES TELA,1,08392-A11,https://img-eu-2.freex.es/img/071/1000012253/1024x1024/13c0582fbbf94d8cc36c4851c5d872d5
1000007183,CINTA DE RASO,0.66,8666661083930,visible,CINTA BIES TELA,1,08393-A11,https://img-eu-2.freex.es/img/071/1000007183/1024x1024/482117e0183df2674143636abb15bd8e
1000007218,CINTA DE RASO,0.78,8666661083947,visible,CINTA BIES TELA,1,08394-A11,https://img-eu-2.freex.es/img/071/1000007218/1024x1024/ecec0a4a00fa7c45ae77835771051ee2
1000007253,CINTA DE RASO,1.04,8666661083954,visible,CINTA BIES TELA,1,08395-A11,https://img-eu-2.freex.es/img/071/1000007253/1024x1024/15c86810130c1ce6dcabea88d417ce68
1000007288,CINTA DE RASO,1.52,8666661083961,visible,CINTA BIES TELA,1,08396-A11,https://img-eu-2.freex.es/img/071/1000007288/1024x1024/09593d660c1a63008b54d426bb6d955d
1000007323,CINTA DE RASO,1.88,8666661083978,visible,CINTA BIES TELA,1,08397-A11,https://img-eu-2.freex.es/img/071/1000007323/1024x1024/5601ed50997623d82c8fedd4ac6ed5bd
1000007115,CINTA DE RASO,0.45,8666661083916,visible,CINTA BIES TELA,1,08391-A12,https://img-eu-2.freex.es/img/071/1000007115/1024x1024/0515893c9bcc7fd379e9abed51255ff0
1000007149,CINTA DE RASO,0.55,8666661083923,visible,CINTA BIES TELA,1,08392-A12,https://img-eu-2.freex.es/img/071/1000007149/1024x1024/ee6a7665789f26e377af39871d96f13f
1000007184,CINTA DE RASO,0.66,8666661083930,visible,CINTA BIES TELA,1,08393-A12,https://img-eu-2.freex.es/img/071/1000007184/1024x1024/618ae8688128ee280477bf3a37a59334
1000007219,CINTA DE RASO,0.78,8666661083947,visible,CINTA BIES TELA,1,08394-A12,https://img-eu-2.freex.es/img/071/1000007219/1024x1024/d38518da49fc41e95fb7eb4d8b1f9f54
1000007254,CINTA DE RASO,1.04,8666661083954,visible,CINTA BIES TELA,1,08395-A12,https://img-eu-2.freex.es/img/071/1000007254/1024x1024/a371732bfac0207cc6dabbc74c3fb9be
1000007289,CINTA DE RASO,1.52,8666661083961,visible,CINTA BIES TELA,1,08396-A12,https://img-eu-2.freex.es/img/071/1000007289/1024x1024/87307172a1d1a2128b50ea89a3878d56
1000007324,CINTA DE RASO,1.88,8666661083978,visible,CINTA BIES TELA,1,08397-A12,https://img-eu-2.freex.es/img/071/1000007324/1024x1024/8eee04c3cfed9da86a4c941565fa6a8c
1000007116,CINTA DE RASO,0.45,8666661083916,visible,CINTA BIES TELA,1,08391-A13,https://img-eu-2.freex.es/img/071/1000007116/1024x1024/461c0da37ce0561c960b6d505f1d047b
1000007150,CINTA DE RASO,0.55,8666661083923,visible,CINTA BIES TELA,1,08392-A13,https://img-eu-2.freex.es/img/071/1000007150/1024x1024/4900e25723ef03c21448a2c325fa48bd
1000007185,CINTA DE RASO,0.66,8666661083930,visible,CINTA BIES TELA,1,08393-A13,https://img-eu-2.freex.es/img/071/1000007185/1024x1024/053886ac767f8f7bd582db5aa25dd5d6
1000007220,CINTA DE RASO,0.78,8666661083947,visible,CINTA BIES TELA,1,08394-A13,https://img-eu-2.freex.es/img/071/1000007220/1024x1024/99369c42f0dc60c72074ff5ce3313893
1000007255,CINTA DE RASO,1.04,8666661083954,visible,CINTA BIES TELA,1,08395-A13,https://img-eu-2.freex.es/img/071/1000007255/1024x1024/300eb7361fbcdd7b92a31fa6cb0ebd82
1000007290,CINTA DE RASO,1.52,8666661083961,visible,CINTA BIES TELA,1,08396-A13,https://img-eu-2.freex.es/img/071/1000007290/1024x1024/439c510815d7013c19b3a64581e0ad0e
1000007325,CINTA DE RASO,1.88,8666661083978,visible,CINTA BIES TELA,1,08397-A13,https://img-eu-2.freex.es/img/071/1000007325/1024x1024/298d03d58339f3cd05b81702f7032278
1000007117,CINTA DE RASO,0.45,8666661083916,visible,CINTA BIES TELA,1,08391-A14,https://img-eu-2.freex.es/img/071/1000007117/1024x1024/52c2d6d2fe7565f24e4716cfd4f93dba
1000007151,CINTA DE RASO,0.55,8666661083923,visible,CINTA BIES TELA,1,08392-A14,https://img-eu-2.freex.es/img/071/1000007151/1024x1024/2e96951b0d2fc6470ac2d3fef59f07f1
1000007186,CINTA DE RASO,0.66,8666661083930,visible,CINTA BIES TELA,1,08393-A14,https://img-eu-2.freex.es/img/071/1000007186/1024x1024/289c48ba409ba97f9bed9a316e20a321
1000007221,CINTA DE RASO,0.78,8666661083947,visible,CINTA BIES TELA,1,08394-A14,https://img-eu-2.freex.es/img/071/1000007221/1024x1024/08088ce1931993aaabdab79ec0d0f88e
1000007256,CINTA DE RASO,1.04,8666661083954,visible,CINTA BIES TELA,1,08395-A14,https://img-eu-2.freex.es/img/071/1000007256/1024x1024/9a18dc18740a5ae3652c5b6cedef3a45
1000007291,CINTA DE RASO,1.52,8666661083961,visible,CINTA BIES TELA,1,08396-A14,https://img-eu-2.freex.es/img/071/1000007291/1024x1024/980586823e1fab527d2cac9d454778da
1000007326,CINTA DE RASO,1.88,8666661083978,visible,CINTA BIES TELA,1,08397-A14,https://img-eu-2.freex.es/img/071/1000007326/1024x1024/8ff7b224ce41ae68e4929ad6a64ce920
1000007118,04843-D15 CINTA DE RASO,0.45,8666661083916,visible,CINTA BIES TELA,1,08391-A15,https://img-eu-2.freex.es/img/071/1000007118/1024x1024/9cb9e7b3a7fa961d63831d1695ea718d
1000007152,10296-D15 CINTA DE RASO,0.55,8666661083923,visible,CINTA BIES TELA,1,08392-A15,https://img-eu-2.freex.es/img/071/1000007152/1024x1024/edd411fd792d64479bc4595d5f2ad339
1000007187,10296-D15 CINTA DE RASO,0.66,8666661083930,visible,CINTA BIES TELA,1,08393-A15,https://img-eu-2.freex.es/img/071/1000007187/1024x1024/c587745f0287b25fdecec20f65a84743
1000007222,10298-D15 CINTA DE RASO,0.78,8666661083947,visible,CINTA BIES TELA,1,08394-A15,https://img-eu-2.freex.es/img/071/1000007222/1024x1024/2d615f6a0468e1dc0ddb4c8fbe93c698
1000007257,CINTA DE RASO,1.04,8666661083954,visible,CINTA BIES TELA,1,08395-A15,https://img-eu-2.freex.es/img/071/1000007257/1024x1024/093cd907c0baa3eafa9978f4298e046a
1000007292,CINTA DE RASO,1.52,8666661083961,visible,CINTA BIES TELA,1,08396-A15,https://img-eu-2.freex.es/img/071/1000007292/1024x1024/4eac25be7b3c1de4bb45ed8a889a1e36
1000007327,CINTA DE RASO,1.88,8666661083978,visible,CINTA BIES TELA,1,08397-A15,https://img-eu-2.freex.es/img/071/1000007327/1024x1024/cfc87aa27739e9ca9ab8c7ec171c4328
1000007119,CINTA DE RASO,0.45,8666661083916,visible,CINTA BIES TELA,1,08391-A16,https://img-eu-2.freex.es/img/071/1000007119/1024x1024/91ace0341ad498647c282cb73da85fd6
1000007153,CINTA DE RASO,0.55,8666661083923,visible,CINTA BIES TELA,1,08392-A16,https://img-eu-2.freex.es/img/071/1000007153/1024x1024/f50696d1ba60a3d22876ffc3a6a6acf1
1000007188,CINTA DE RASO,0.66,8666661083930,visible,CINTA BIES TELA,1,08393-A16,https://img-eu-2.freex.es/img/071/1000007188/1024x1024/df698c5e91679e1cf550c4c066cb6393
1000007223,CINTA DE RASO,0.78,8666661083947,visible,CINTA BIES TELA,1,08394-A16,https://img-eu-2.freex.es/img/071/1000007223/1024x1024/7a486c68c519faa3ffabd1369296a801
1000007258,CINTA DE RASO,1.04,8666661083954,visible,CINTA BIES TELA,1,08395-A16,https://img-eu-2.freex.es/img/071/1000007258/1024x1024/d3ef0f91753eb98903cd5385a7e32b57
1000007293,CINTA DE RASO,1.52,8666661083961,visible,CINTA BIES TELA,1,08396-A16,https://img-eu-2.freex.es/img/071/1000007293/1024x1024/d1fa5db5348d1733642c5bfc40eb2cfc
1000007328,CINTA DE RASO,1.88,8666661083978,visible,CINTA BIES TELA,1,08397-A16,https://img-eu-2.freex.es/img/071/1000007328/1024x1024/0ce0d7445dcdf28aefccb87bac7388d9
1000007120,CINTA DE RASO,0.45,8666661083916,visible,CINTA BIES TELA,1,08391-A17,https://img-eu-2.freex.es/img/071/1000007120/1024x1024/4c507b3ac5165a57fc8afade387d1a17
1000007154,CINTA DE RASO,0.55,8666661083923,visible,CINTA BIES TELA,1,08392-A17,https://img-eu-2.freex.es/img/071/1000007154/1024x1024/273d7870a6a710fc72856156c16b0977
1000007189,CINTA DE RASO,0.66,8666661083930,visible,CINTA BIES TELA,1,08393-A17,https://img-eu-2.freex.es/img/071/1000007189/1024x1024/1ec6b60d269d9f34c3fd3de6ba0f1de0
1000007224,CINTA DE RASO,0.78,8666661083947,visible,CINTA BIES TELA,1,08394-A17,https://img-eu-2.freex.es/img/071/1000007224/1024x1024/5f04f3350fb03f1a99e018417dc0a81b
1000007259,CINTA DE RASO,1.04,8666661083954,visible,CINTA BIES TELA,1,08395-A17,https://img-eu-2.freex.es/img/071/1000007259/1024x1024/6c8042e869e83c50493a3ba76dca3c42
1000007294,CINTA DE RASO,1.52,8666661083961,visible,CINTA BIES TELA,1,08396-A17,https://img-eu-2.freex.es/img/071/1000007294/1024x1024/d993b9f675775c923c69a99e03435dff
1000007329,CINTA DE RASO,1.88,8666661083978,visible,CINTA BIES TELA,1,08397-A17,https://img-eu-2.freex.es/img/071/1000007329/1024x1024/f2ffb63dc93b0ab9ea1893618ad05f9a
1000007121,04843-D22 CINTA DE RASO,0.45,8666661083916,visible,CINTA BIES TELA,1,08391-A18,https://img-eu-2.freex.es/img/071/1000007121/1024x1024/bcb4830c8be29f451da9fd97c8d8f28f
1000007155,CINTA DE RASO,0.55,8666661083923,visible,CINTA BIES TELA,1,08392-A18,https://img-eu-2.freex.es/img/071/1000007155/1024x1024/743cf18a07163069624a30763c71c9de
1000007190,10297-D22 CINTA DE RASO,0.66,8666661083930,visible,CINTA BIES TELA,1,08393-A18,https://img-eu-2.freex.es/img/071/1000007190/1024x1024/a2a494fa995c7b896a024c415bc1f2d8
1000007225,CINTA DE RASO,0.78,8666661083947,visible,CINTA BIES TELA,1,08394-A18,https://img-eu-2.freex.es/img/071/1000007225/1024x1024/c8b06cd4457536ce4452d9a8700512ce
1000007260,CINTA DE RASO,1.04,8666661083954,visible,CINTA BIES TELA,1,08395-A18,https://img-eu-2.freex.es/img/071/1000007260/1024x1024/ba72790b7f8b4f31ce005eee45a3dbf5
1000007295,CINTA DE RASO,1.52,8666661083961,visible,CINTA BIES TELA,1,08396-A18,https://img-eu-2.freex.es/img/071/1000007295/1024x1024/ba059143ec380112a775f3d86d7ca50c
1000007330,CINTA DE RASO,1.88,8666661083978,visible,CINTA BIES TELA,1,08397-A18,https://img-eu-2.freex.es/img/071/1000007330/1024x1024/b63f486ef4746d7fa2a1f913fc69e8ef
1000007122,CINTA DE RASO,0.45,8666661083916,visible,CINTA BIES TELA,1,08391-A19,https://img-eu-2.freex.es/img/071/1000007122/1024x1024/c1cbe0e5099aec86271368529362e57f
1000007156,CINTA DE RASO,0.55,8666661083923,visible,CINTA BIES TELA,1,08392-A19,https://img-eu-2.freex.es/img/071/1000007156/1024x1024/1782c0d41dd72786368e5501d62cb013
1000007191,CINTA DE RASO,0.66,8666661083930,visible,CINTA BIES TELA,1,08393-A19,https://img-eu-2.freex.es/img/071/1000007191/1024x1024/67db3cf1bfcec08980e1ece97a0cde0b
1000007226,CINTA DE RASO,0.78,8666661083947,visible,CINTA BIES TELA,1,08394-A19,https://img-eu-2.freex.es/img/071/1000007226/1024x1024/7f4961fd0491c68b82d1ed24ef87f96d
1000007261,CINTA DE RASO,1.04,8666661083954,visible,CINTA BIES TELA,1,08395-A19,https://img-eu-2.freex.es/img/071/1000007261/1024x1024/316ecf6b44c5f702fb081ca65bb47c1f
1000007296,CINTA DE RASO,1.52,8666661083961,visible,CINTA BIES TELA,1,08396-A19,https://img-eu-2.freex.es/img/071/1000007296/1024x1024/c4a2fe9708527e84652f367ee43ba83c
1000007331,CINTA DE RASO,1.88,8666661083978,visible,CINTA BIES TELA,1,08397-A19,https://img-eu-2.freex.es/img/071/1000007331/1024x1024/48de672564bfaa190ea18b206ccec8c6
1000007123,04843-D19 CINTA DE RASO,0.45,8666661083916,visible,CINTA BIES TELA,1,08391-A20,https://img-eu-2.freex.es/img/071/1000007123/1024x1024/7a4e85590c69abf9b0182a0cf1254722
1000007157,10296-D19 CINTA DE RASO,0.55,8666661083923,visible,CINTA BIES TELA,1,08392-A20,https://img-eu-2.freex.es/img/071/1000007157/1024x1024/bc3b09d7ec04ecaa5c43f63a91579edb
1000007192,CINTA DE RASO,0.66,8666661083930,visible,CINTA BIES TELA,1,08393-A20,https://img-eu-2.freex.es/img/071/1000007192/1024x1024/cb84dd77cdc1107e2e0686782b1e1b52
1000007227,10298-D19 CINTA DE RASO,0.78,8666661083947,visible,CINTA BIES TELA,1,08394-A20,https://img-eu-2.freex.es/img/071/1000007227/1024x1024/cb81fa51c47ac1cace9d88d707d06e30
1000007262,CINTA DE RASO,1.04,8666661083954,visible,CINTA BIES TELA,1,08395-A20,https://img-eu-2.freex.es/img/071/1000007262/1024x1024/e817e87fc4763115e42bdb5ce39cdfe1
1000007297,CINTA DE RASO,1.52,8666661083961,visible,CINTA BIES TELA,1,08396-A20,https://img-eu-2.freex.es/img/071/1000007297/1024x1024/31c32fb3b30e56b753a75b48f6988142
1000007332,CINTA DE RASO,1.88,8666661083978,visible,CINTA BIES TELA,1,08397-A20,https://img-eu-2.freex.es/img/071/1000007332/1024x1024/69423a8b05bd9c1d104993063917465e
1000007124,CINTA DE RASO,0.45,8666661083916,visible,CINTA BIES TELA,1,08391-A21,https://img-eu-2.freex.es/img/071/1000007124/1024x1024/ebc76294b197be1f1d197fb2fe4f1e28
1000007158,CINTA DE RASO,0.55,8666661083923,visible,CINTA BIES TELA,1,08392-A21,https://img-eu-2.freex.es/img/071/1000007158/1024x1024/1f5b3f7f828b250794b9e37da7014c32
1000007193,CINTA DE RASO,0.66,8666661083930,visible,CINTA BIES TELA,1,08393-A21,https://img-eu-2.freex.es/img/071/1000007193/1024x1024/de618c186daa6853591e6c01285016ee
1000007228,CINTA DE RASO,0.78,8666661083947,visible,CINTA BIES TELA,1,08394-A21,https://img-eu-2.freex.es/img/071/1000007228/1024x1024/428c17a396b81b61597f0ba76e514740
1000007263,CINTA DE RASO,1.04,8666661083954,visible,CINTA BIES TELA,1,08395-A21,https://img-eu-2.freex.es/img/071/1000007263/1024x1024/835408b56886cc63cd0aa9121448a9d0
1000007298,CINTA DE RASO,1.52,8666661083961,visible,CINTA BIES TELA,1,08396-A21,https://img-eu-2.freex.es/img/071/1000007298/1024x1024/918c51808bf44bf3ddcb7bac42cf6b01
1000007333,CINTA DE RASO,1.88,8666661083978,visible,CINTA BIES TELA,1,08397-A21,https://img-eu-2.freex.es/img/071/1000007333/1024x1024/6ffd5ecaab36be364c486bddbf19b6b6
1000007125,04843-D21 CINTA DE RASO,0.45,8666661083916,visible,CINTA BIES TELA,1,08391-A22,https://img-eu-2.freex.es/img/071/1000007125/1024x1024/9858c3af816e90bed44c273041fb5d72
1000007159,CINTA DE RASO,0.55,8666661083923,visible,CINTA BIES TELA,1,08392-A22,https://img-eu-2.freex.es/img/071/1000007159/1024x1024/641ac9b7f2f2b7d2a67f9481d7ca0d27
1000007194,CINTA DE RASO,0.66,8666661083930,visible,CINTA BIES TELA,1,08393-A22,https://img-eu-2.freex.es/img/071/1000007194/1024x1024/5a25dabfca400af92bcd7480fc347bf3
1000007229,CINTA DE RASO,0.78,8666661083947,visible,CINTA BIES TELA,1,08394-A22,https://img-eu-2.freex.es/img/071/1000007229/1024x1024/1495b5f547bf4c6f1087ce6a9e1e40db
1000007264,CINTA DE RASO,1.04,8666661083954,visible,CINTA BIES TELA,1,08395-A22,https://img-eu-2.freex.es/img/071/1000007264/1024x1024/86b0488024d908d93ad30fdd29018309
1000007299,CINTA DE RASO,1.52,8666661083961,visible,CINTA BIES TELA,1,08396-A22,https://img-eu-2.freex.es/img/071/1000007299/1024x1024/a0f5479382afc53401b2842c474a3b9e
1000007334,CINTA DE RASO,1.88,8666661083978,visible,CINTA BIES TELA,1,08397-A22,https://img-eu-2.freex.es/img/071/1000007334/1024x1024/2504e1b8a8d2f6c33ed76bc9721f96d7
1000007126,CINTA DE RASO,0.45,8666661083916,visible,CINTA BIES TELA,1,08391-A23,https://img-eu-2.freex.es/img/071/1000007126/1024x1024/f462c6b89bc3a9c2710e2eb0a9e1a384
1000007160,CINTA DE RASO,0.55,8666661083923,visible,CINTA BIES TELA,1,08392-A23,https://img-eu-2.freex.es/img/071/1000007160/1024x1024/50186843a44054a105b2fc9538dca2ba
1000007195,CINTA DE RASO,0.66,8666661083930,visible,CINTA BIES TELA,1,08393-A23,https://img-eu-2.freex.es/img/071/1000007195/1024x1024/38ea05968034ed00979e4bb4c542497c
1000007230,CINTA DE RASO,0.78,8666661083947,visible,CINTA BIES TELA,1,08394-A23,https://img-eu-2.freex.es/img/071/1000007230/1024x1024/b17a7408927cfe776230b131853467ff
1000007265,CINTA DE RASO,1.04,8666661083954,visible,CINTA BIES TELA,1,08395-A23,https://img-eu-2.freex.es/img/071/1000007265/1024x1024/d0161d26d6f8d38089641e372b8dc6b3
1000007300,CINTA DE RASO,1.52,8666661083961,visible,CINTA BIES TELA,1,08396-A23,https://img-eu-2.freex.es/img/071/1000007300/1024x1024/dbb170f07432bfc9939930484ae1101d
1000007335,CINTA DE RASO,1.88,8666661083978,visible,CINTA BIES TELA,1,08397-A23,https://img-eu-2.freex.es/img/071/1000007335/1024x1024/c1d63935c8378948a03d071139c04bdc
1000007127,04843-D23 CINTA DE RASO,0.45,8666661083916,visible,CINTA BIES TELA,1,08391-A24,https://img-eu-2.freex.es/img/071/1000007127/1024x1024/d53640caa612f76a4d5fba743c7b2216
1000007161,CINTA DE RASO,0.55,8666661083923,visible,CINTA BIES TELA,1,08392-A24,https://img-eu-2.freex.es/img/071/1000007161/1024x1024/754b1a2e6da0d105b5630a1f4e1ea94c
1000007196,10297-D23 CINTA DE RASO,0.66,8666661083930,visible,CINTA BIES TELA,1,08393-A24,https://img-eu-2.freex.es/img/071/1000007196/1024x1024/f4b616efe64a6832bcdf126751dbda6a
1000007231,10298-D23 CINTA DE RASO,0.78,8666661083947,visible,CINTA BIES TELA,1,08394-A24,https://img-eu-2.freex.es/img/071/1000007231/1024x1024/4cda3e561652d575f0219493d014e97a
1000007266,CINTA DE RASO,1.04,8666661083954,visible,CINTA BIES TELA,1,08395-A24,https://img-eu-2.freex.es/img/071/1000007266/1024x1024/be7cdf3bd564ac6eea105e42b9536f01
1000007301,CINTA DE RASO,1.52,8666661083961,visible,CINTA BIES TELA,1,08396-A24,https://img-eu-2.freex.es/img/071/1000007301/1024x1024/e37b881808db1b151d8031c3a0a74d0c
1000007336,CINTA DE RASO,1.88,8666661083978,visible,CINTA BIES TELA,1,08397-A24,https://img-eu-2.freex.es/img/071/1000007336/1024x1024/6ff0b47d5c2464ef3382dccbe558eaac
1000007128,04843-D24 CINTA DE RASO,0.45,8666661083916,visible,CINTA BIES TELA,1,08391-A25,https://img-eu-2.freex.es/img/071/1000007128/1024x1024/7867a234edb7d4f7a4eef268d92d7a2d
1000007162,CINTA DE RASO,0.55,8666661083923,visible,CINTA BIES TELA,1,08392-A25,https://img-eu-2.freex.es/img/071/1000007162/1024x1024/299466687895126a97a55990d130326f
1000007197,CINTA DE RASO,0.66,8666661083930,visible,CINTA BIES TELA,1,08393-A25,https://img-eu-2.freex.es/img/071/1000007197/1024x1024/86f336b79d2694b2db2720380b4cb683
1000007232,CINTA DE RASO,0.78,8666661083947,visible,CINTA BIES TELA,1,08394-A25,https://img-eu-2.freex.es/img/071/1000007232/1024x1024/7de6384b97424a4a8184a74437913edb
1000007267,CINTA DE RASO,1.04,8666661083954,visible,CINTA BIES TELA,1,08395-A25,https://img-eu-2.freex.es/img/071/1000007267/1024x1024/eabd0d71f8c8f38e36e2225a23a9c548
1000007302,CINTA DE RASO,1.52,8666661083961,visible,CINTA BIES TELA,1,08396-A25,https://img-eu-2.freex.es/img/071/1000007302/1024x1024/59188b55d3018bd6aae87ab25df81c3f
1000007337,CINTA DE RASO,1.88,8666661083978,visible,CINTA BIES TELA,1,08397-A25,https://img-eu-2.freex.es/img/071/1000007337/1024x1024/50dcdcb8d6714cd0769feaae5928f798
1000007129,04843-D14 CINTA DE RASO,0.45,8666661083916,visible,CINTA BIES TELA,1,08391-A26,https://img-eu-2.freex.es/img/071/1000007129/1024x1024/54bb3912bd791fdbbc2fb8a716dad9df
1000007163,10296-D14 CINTA DE RASO,0.55,8666661083923,visible,CINTA BIES TELA,1,08392-A26,https://img-eu-2.freex.es/img/071/1000007163/1024x1024/44c62ba87987dffea58314152d786c2f
1000007198,CINTA DE RASO,0.66,8666661083930,visible,CINTA BIES TELA,1,08393-A26,https://img-eu-2.freex.es/img/071/1000007198/1024x1024/4b5a91e1cd63d76a143e265a47244b5a
1000007233,CINTA DE RASO,0.78,8666661083947,visible,CINTA BIES TELA,1,08394-A26,https://img-eu-2.freex.es/img/071/1000007233/1024x1024/34ab0813187bc57f6e54c62b3db7c447
1000007268,CINTA DE RASO,1.04,8666661083954,visible,CINTA BIES TELA,1,08395-A26,https://img-eu-2.freex.es/img/071/1000007268/1024x1024/b7935697b8a7b04271cccaa60f9e7f4c
1000007303,CINTA DE RASO,1.52,8666661083961,visible,CINTA BIES TELA,1,08396-A26,https://img-eu-2.freex.es/img/071/1000007303/1024x1024/00e64aacac8a9c9b26bb1d76f1f48de8
1000007338,CINTA DE RASO,1.88,8666661083978,visible,CINTA BIES TELA,1,08397-A26,https://img-eu-2.freex.es/img/071/1000007338/1024x1024/14468d4f0f4c8d369a1514defcd6126d
1000007130,CINTA DE RASO,0.45,8666661083916,visible,CINTA BIES TELA,1,08391-A27,https://img-eu-2.freex.es/img/071/1000007130/1024x1024/9cf14a35405d356c1ed1e8d386946d64
1000007164,CINTA DE RASO,0.55,8666661083923,visible,CINTA BIES TELA,1,08392-A27,https://img-eu-2.freex.es/img/071/1000007164/1024x1024/c79921d6a10fbe7a48eb6b5dae99b7cf
1000007199,CINTA DE RASO,0.66,8666661083930,visible,CINTA BIES TELA,1,08393-A27,https://img-eu-2.freex.es/img/071/1000007199/1024x1024/483196e90bcfa1ef5faedf6e29f749ae
1000007234,CINTA DE RASO,0.78,8666661083947,visible,CINTA BIES TELA,1,08394-A27,https://img-eu-2.freex.es/img/071/1000007234/1024x1024/006c822e097b0a6a7a93d4821cbf4666
1000007269,CINTA DE RASO,1.04,8666661083954,visible,CINTA BIES TELA,1,08395-A27,https://img-eu-2.freex.es/img/071/1000007269/1024x1024/f3dca080ee50e0ffb9b5361edbdf92b6
1000007304,CINTA DE RASO,1.52,8666661083961,visible,CINTA BIES TELA,1,08396-A27,https://img-eu-2.freex.es/img/071/1000007304/1024x1024/010ee50b49e321daf12adf56cda440af
1000007339,CINTA DE RASO,1.88,8666661083978,visible,CINTA BIES TELA,1,08397-A27,https://img-eu-2.freex.es/img/071/1000007339/1024x1024/a8017d36ae03a9c945a43eafc3e15da7
1000007131,04843-D25 CINTA DE RASO,0.45,8666661083916,visible,CINTA BIES TELA,1,08391-A28,https://img-eu-2.freex.es/img/071/1000007131/1024x1024/d87e205e5bc7c7e469692956496b01d1
1000007165,CINTA DE RASO,0.55,8666661083923,visible,CINTA BIES TELA,1,08392-A28,https://img-eu-2.freex.es/img/071/1000007165/1024x1024/07d364490aa023dbbcc32eaf0727b987
1000007200,CINTA DE RASO,0.66,8666661083930,visible,CINTA BIES TELA,1,08393-A28,https://img-eu-2.freex.es/img/071/1000007200/1024x1024/e3ed8a35cc01acee2f1f986ea6b86d6d
1000007235,CINTA DE RASO,0.78,8666661083947,visible,CINTA BIES TELA,1,08394-A28,https://img-eu-2.freex.es/img/071/1000007235/1024x1024/6fcc75bd478a807ffc2ab6af2b88ec41
1000007270,CINTA DE RASO,1.04,8666661083954,visible,CINTA BIES TELA,1,08395-A28,https://img-eu-2.freex.es/img/071/1000007270/1024x1024/29f493678cce23be52d80612e58bdd78
1000007305,CINTA DE RASO,1.52,8666661083961,visible,CINTA BIES TELA,1,08396-A28,https://img-eu-2.freex.es/img/071/1000007305/1024x1024/4d16db3bb037268c849ed4acb6d6a35e
1000007340,CINTA DE RASO,1.88,8666661083978,visible,CINTA BIES TELA,1,08397-A28,https://img-eu-2.freex.es/img/071/1000007340/1024x1024/7db04b24d132278af34df7b4fe8cc9e8
1000007132,04843-D32 CINTA DE RASO,0.45,8666661083916,visible,CINTA BIES TELA,1,08391-A29,https://img-eu-2.freex.es/img/071/1000007132/1024x1024/f4b49e1673e363bb9f4bfae66e633ac4
1000007166,10296-D32 CINTA DE RASO,0.55,8666661083923,visible,CINTA BIES TELA,1,08392-A29,https://img-eu-2.freex.es/img/071/1000007166/1024x1024/5cd7a121850a02d9aea66385ddceeb7d
1000007201,CINTA DE RASO,0.66,8666661083930,visible,CINTA BIES TELA,1,08393-A29,https://img-eu-2.freex.es/img/071/1000007201/1024x1024/559fc83103b0b26a4ce2cd8ce57cc54d
1000007236,CINTA DE RASO,0.78,8666661083947,visible,CINTA BIES TELA,1,08394-A29,https://img-eu-2.freex.es/img/071/1000007236/1024x1024/f3ffcb68e1883ba46de0f37726718b33
1000007271,CINTA DE RASO,1.04,8666661083954,visible,CINTA BIES TELA,1,08395-A29,https://img-eu-2.freex.es/img/071/1000007271/1024x1024/9045f698b62772703c33a6e2836af862
1000007306,CINTA DE RASO,1.52,8666661083961,visible,CINTA BIES TELA,1,08396-A29,https://img-eu-2.freex.es/img/071/1000007306/1024x1024/cb59a704a776e9e0d56416e7b2c62e58
1000007341,CINTA DE RASO,1.88,8666661083978,visible,CINTA BIES TELA,1,08397-A29,https://img-eu-2.freex.es/img/071/1000007341/1024x1024/817f82e70d308d8b099627fd5fc1d730
1000007133,CINTA DE RASO,0.45,8666661083916,visible,CINTA BIES TELA,1,08391-A30,https://img-eu-2.freex.es/img/071/1000007133/1024x1024/ca1762d684eb64478147b7de313da14f
1000007167,CINTA DE RASO,0.55,8666661083923,visible,CINTA BIES TELA,1,08392-A30,https://img-eu-2.freex.es/img/071/1000007167/1024x1024/48c5e6438409d9abc824faeef71046ef
1000007202,CINTA DE RASO,0.66,8666661083930,visible,CINTA BIES TELA,1,08393-A30,https://img-eu-2.freex.es/img/071/1000007202/1024x1024/0a2a576d4e7f9c8e997fc8016100b12a
1000007237,CINTA DE RASO,0.78,8666661083947,visible,CINTA BIES TELA,1,08394-A30,https://img-eu-2.freex.es/img/071/1000007237/1024x1024/71789d55b56a740bc92ea7a94a615735
1000007272,CINTA DE RASO,1.04,8666661083954,visible,CINTA BIES TELA,1,08395-A30,https://img-eu-2.freex.es/img/071/1000007272/1024x1024/c1640da76cb6b480a4236a5dccbde461
1000007307,CINTA DE RASO,1.52,8666661083961,visible,CINTA BIES TELA,1,08396-A30,https://img-eu-2.freex.es/img/071/1000007307/1024x1024/619521a3d251f11e30d08cd155379182
1000007342,CINTA DE RASO,1.88,8666661083978,visible,CINTA BIES TELA,1,08397-A30,https://img-eu-2.freex.es/img/071/1000007342/1024x1024/50ed96723d336b5a49ab848472e170e1
1000007134,CINTA DE RASO MORADO,0.45,8666661083916,visible,CINTA BIES TELA,1,08391-A31,https://img-eu-2.freex.es/img/071/1000007134/1024x1024/e549acdcd12f1d1c58ad67a1837b487c
1000007168,CINTA DE RASO MORADO,0.55,8666661083923,visible,CINTA BIES TELA,1,08392-A31,https://img-eu-2.freex.es/img/071/1000007168/1024x1024/1e8da94fa115cd7b197bffb2e9d21ac9
1000007203,CINTA DE RASO MORADO,0.66,8666661083930,visible,CINTA BIES TELA,1,08393-A31,https://img-eu-2.freex.es/img/071/1000007203/1024x1024/6c110af4c997a0c244d266c4dc682409
1000007238,CINTA DE RASO MORADO,0.78,8666661083947,visible,CINTA BIES TELA,1,08394-A31,https://img-eu-2.freex.es/img/071/1000007238/1024x1024/ee175bda17773f6b7980e4a580edc08e
1000007273,CINTA DE RASO MORADO,1.04,8666661083954,visible,CINTA BIES TELA,1,08395-A31,https://img-eu-2.freex.es/img/071/1000007273/1024x1024/2e338e60aee25928ef5d6217b6c9aa0e
1000007308,CINTA DE RASO MORADO,1.52,8666661083961,visible,CINTA BIES TELA,1,08396-A31,https://img-eu-2.freex.es/img/071/1000007308/1024x1024/69a54acc31910f104308c97bf524eed9
1000007343,CINTA DE RASO MORADO,1.88,8666661083978,visible,CINTA BIES TELA,1,08397-A31,https://img-eu-2.freex.es/img/071/1000007343/1024x1024/78af3f875b9346f4159db4889b8f542b
1000007135,CINTA DE RASO,0.45,8666661083916,visible,CINTA BIES TELA,1,08391-A32,https://img-eu-2.freex.es/img/071/1000007135/1024x1024/a139594c624fa0a40ded4085a30d30f9
1000007169,CINTA DE RASO,0.55,8666661083923,visible,CINTA BIES TELA,1,08392-A32,https://img-eu-2.freex.es/img/071/1000007169/1024x1024/62fc3e40d8759fb4b63b93a8ba61cab1
1000007204,CINTA DE RASO,0.66,8666661083930,visible,CINTA BIES TELA,1,08393-A32,https://img-eu-2.freex.es/img/071/1000007204/1024x1024/d5183a2ab493648c6c2e7124a64b0288
1000007239,CINTA DE RASO,0.78,8666661083947,visible,CINTA BIES TELA,1,08394-A32,https://img-eu-2.freex.es/img/071/1000007239/1024x1024/d0840eda795f21262d81338313a9d767
1000007274,CINTA DE RASO,1.04,8666661083954,visible,CINTA BIES TELA,1,08395-A32,https://img-eu-2.freex.es/img/071/1000007274/1024x1024/23374954b8d92b4cc227123e67a48866
1000007309,CINTA DE RASO,1.52,8666661083961,visible,CINTA BIES TELA,1,08396-A32,https://img-eu-2.freex.es/img/071/1000007309/1024x1024/eec61bef4df20c5774fb604a7d713770
1000007344,CINTA DE RASO,1.88,8666661083978,visible,CINTA BIES TELA,1,08397-A32,https://img-eu-2.freex.es/img/071/1000007344/1024x1024/458ec0a6ceaacbd9204ca9ed89d5e44b
1000007136,CINTA DE RASO,0.45,8666661083916,visible,CINTA BIES TELA,1,08391-A33,https://img-eu-2.freex.es/img/071/1000007136/1024x1024/6e31c7285cc393aa1c07558878eb98a9
1000007170,CINTA DE RASO,0.55,8666661083923,visible,CINTA BIES TELA,1,08392-A33,https://img-eu-2.freex.es/img/071/1000007170/1024x1024/2f7f8ca9981d2b6ba513348f53ebe5a4
1000007205,CINTA DE RASO,0.66,8666661083930,visible,CINTA BIES TELA,1,08393-A33,https://img-eu-2.freex.es/img/071/1000007205/1024x1024/c75eed223a430436ccd1b357a0c16a2a
1000007240,CINTA DE RASO,0.78,8666661083947,visible,CINTA BIES TELA,1,08394-A33,https://img-eu-2.freex.es/img/071/1000007240/1024x1024/1a0aa9f40228406db45e6eff787a1fa4
1000007275,CINTA DE RASO,1.04,8666661083954,visible,CINTA BIES TELA,1,08395-A33,https://img-eu-2.freex.es/img/071/1000007275/1024x1024/68ec89834bb872904593455873a5f667
1000007310,CINTA DE RASO,1.52,8666661083961,visible,CINTA BIES TELA,1,08396-A33,https://img-eu-2.freex.es/img/071/1000007310/1024x1024/102f1338e0c5f98c167bb01a61a1cce0
1000007345,CINTA DE RASO,1.88,8666661083978,visible,CINTA BIES TELA,1,08397-A33,https://img-eu-2.freex.es/img/071/1000007345/1024x1024/8f428a8d3c547fd89584e18e24762ac8
1000007137,CINTA DE RASO,0.45,8666661083916,visible,CINTA BIES TELA,1,08391-A34,https://img-eu-2.freex.es/img/071/1000007137/1024x1024/224f971515d9a24914db51b6bd3ca684
1000007171,CINTA DE RASO,0.55,8666661083923,visible,CINTA BIES TELA,1,08392-A34,https://img-eu-2.freex.es/img/071/1000007171/1024x1024/e25957a1b4058ace42e46d6ea557f4c6
1000007206,CINTA DE RASO,0.66,8666661083930,visible,CINTA BIES TELA,1,08393-A34,https://img-eu-2.freex.es/img/071/1000007206/1024x1024/06ec3a44c7ebe60bbddc40fe0e77edff
1000007241,CINTA DE RASO,0.78,8666661083947,visible,CINTA BIES TELA,1,08394-A34,https://img-eu-2.freex.es/img/071/1000007241/1024x1024/0433ac4b0c0e7e631d462997552a80b9
1000007276,CINTA DE RASO,1.04,8666661083954,visible,CINTA BIES TELA,1,08395-A34,https://img-eu-2.freex.es/img/071/1000007276/1024x1024/a6db7991f310f2ddea197847343019ed
1000007311,CINTA DE RASO,1.52,8666661083961,visible,CINTA BIES TELA,1,08396-A34,https://img-eu-2.freex.es/img/071/1000007311/1024x1024/61ca993a6aaf7c726def1bc233cc9798
1000007346,CINTA DE RASO,1.88,8666661083978,visible,CINTA BIES TELA,1,08397-A34,https://img-eu-2.freex.es/img/071/1000007346/1024x1024/711a7ccd56054a37bee193ab11ab4821
1000007138,CINTA DE RASO,0.45,8666661083916,visible,CINTA BIES TELA,1,08391-A35,https://img-eu-2.freex.es/img/071/1000007138/1024x1024/2feea250a8fb5c2512de957b9a462327
1000007172,CINTA DE RASO,0.55,8666661083923,visible,CINTA BIES TELA,1,08392-A35,https://img-eu-2.freex.es/img/071/1000007172/1024x1024/f56706cda101298a1f2160091d1613a6
1000007207,CINTA DE RASO,0.66,8666661083930,visible,CINTA BIES TELA,1,08393-A35,https://img-eu-2.freex.es/img/071/1000007207/1024x1024/b241ec4ea0b6d17f87cc2d1529980ab7
1000007242,CINTA DE RASO,0.78,8666661083947,visible,CINTA BIES TELA,1,08394-A35,https://img-eu-2.freex.es/img/071/1000007242/1024x1024/ff2985ee3efe2e29b8f8f94e9f08cc80
1000007277,CINTA DE RASO,1.04,8666661083954,visible,CINTA BIES TELA,1,08395-A35,https://img-eu-2.freex.es/img/071/1000007277/1024x1024/6619bccc3dc8c67743455eb74f06cfc6
1000007312,CINTA DE RASO,1.52,8666661083961,visible,CINTA BIES TELA,1,08396-A35,https://img-eu-2.freex.es/img/071/1000007312/1024x1024/1120459afb453c4d2d01e8c8d668ec8c
1000007347,CINTA DE RASO,1.88,8666661083978,visible,CINTA BIES TELA,1,08397-A35,https://img-eu-2.freex.es/img/071/1000007347/1024x1024/a40cade683cc46fda75f943295e65b1c
1000015290,04843-D18 CINTA DE RASO,0.45,8666661083916,visible,CINTA BIES TELA,1,08391-A36,https://img-eu-2.freex.es/img/071/1000015290/1024x1024/39e69ef15757613849bee38136bc46de
1000015291,10296-D18 CINTA DE RASO,0.55,8666661083923,visible,CINTA BIES TELA,1,08392-A36,https://img-eu-2.freex.es/img/071/1000015291/1024x1024/55d4a6074abc491135d593f7126f580c
1000015292,CINTA DE RASO,0.66,8666661083930,visible,CINTA BIES TELA,1,08393-A36,https://img-eu-2.freex.es/img/071/1000015292/1024x1024/805a37c73c242bb1090d2d25a1e11851
1000015293,CINTA DE RASO,0.78,8666661083947,visible,CINTA BIES TELA,1,08394-A36,https://img-eu-2.freex.es/img/071/1000015293/1024x1024/84a55af0f40cb17103f6a75185e442c8
1000015528,CINTA DE RASO,1.04,8666661083954,visible,CINTA BIES TELA,1,08395-A36,https://img-eu-2.freex.es/img/071/1000015528/1024x1024/29ac0b54d2354c2e70ea3f2b655f8e25
1000015529,CINTA DE RASO,1.52,8666661083961,visible,CINTA BIES TELA,1,08396-A36,https://img-eu-2.freex.es/img/071/1000015529/1024x1024/2b20fa410017f7ab2397c787f86b1ac5
1000015530,CINTA DE RASO,1.88,8666661083978,visible,CINTA BIES TELA,1,08397-A36,https://img-eu-2.freex.es/img/071/1000015530/1024x1024/fddd96211f486e56a70e4dce07de188b
1000040116,CINTA RASO,0,,visible,CINTA RASO,1,??_20240418145453,https://img-eu-2.freex.es/img/071/1000040116/1024x1024/6b46798b00b4cb2645a83b1b2d626fbe
1000040114,CINTA GROSGRAIN,0,,visible,CINTA GROSGRAIN,1,??_20240418145444,https://img-eu-2.freex.es/img/071/1000040114/1024x1024/41f00721d4e1f268a14dda42bca6aa7f
1000025718,CINTA GROSGRAIN,0.43,8666661911226,visible,CINTA GROSGRAIN,1,91122-1,https://img-eu-2.freex.es/img/071/1000025718/1024x1024/fd10fd9d8e3b5f96239c25d204cada27
1000025730,CINTA GROSGRAIN,0.53,8666661911233,visible,CINTA GROSGRAIN,1,91123-1,https://img-eu-2.freex.es/img/071/1000025730/1024x1024/8f97fb8fc1a61f674e209cf318c426e1
1000025742,CINTA GROSGRAIN,0.64,8666661911240,visible,CINTA GROSGRAIN,1,91124-1,https://img-eu-2.freex.es/img/071/1000025742/1024x1024/1c86bafe6b6b26d7665854422ec57427
1000025754,CINTA GROSGRAIN,0.74,8666661911257,visible,CINTA GROSGRAIN,1,91125-1,https://img-eu-2.freex.es/img/071/1000025754/1024x1024/e52ec44b28df47b7a6bc6b8a1a62a3f8
1000025766,CINTA GROSGRAIN,1.04,8666661911264,visible,CINTA GROSGRAIN,1,91126-1,https://img-eu-2.freex.es/img/071/1000025766/1024x1024/2808cc5b0e0948a7699f042711b9c49f
1000025777,CINTA GROSGRAIN,1.41,8666661911271,visible,CINTA GROSGRAIN,1,91127-1,https://img-eu-2.freex.es/img/071/1000025777/1024x1024/43b52399c566c7d00b90b3d6399c997a
1000025722,CINTA GROSGRAIN,0.43,8666661911226,visible,CINTA GROSGRAIN,1,91122-2,https://img-eu-2.freex.es/img/071/1000025722/1024x1024/d6e6a9efcfb342efd7c48c7e47897bb9
1000025734,CINTA GROSGRAIN,0.53,8666661911233,visible,CINTA GROSGRAIN,1,91123-2,https://img-eu-2.freex.es/img/071/1000025734/1024x1024/a0ce5310092b593de2c85fde34e88bf6
1000025746,CINTA GROSGRAIN,0.64,8666661911240,visible,CINTA GROSGRAIN,1,91124-2,https://img-eu-2.freex.es/img/071/1000025746/1024x1024/abfabca86d87657e0489840e12a60f27
1000025758,CINTA GROSGRAIN,0.74,8666661911257,visible,CINTA GROSGRAIN,1,91125-2,https://img-eu-2.freex.es/img/071/1000025758/1024x1024/7fd2ac198b0f189d82f927ce1ec0bae9
1000025770,CINTA GROSGRAIN,1.04,8666661911264,visible,CINTA GROSGRAIN,1,91126-2,https://img-eu-2.freex.es/img/071/1000025770/1024x1024/16c57d5c058a1107fadca355ed10fef3
1000025781,CINTA GROSGRAIN,1.41,8666661911271,visible,CINTA GROSGRAIN,1,91127-2,https://img-eu-2.freex.es/img/071/1000025781/1024x1024/f99bbd315039aac60771fba060355c33
1000025723,CINTA GROSGRAIN,0.43,8666661911226,visible,CINTA GROSGRAIN,1,91122-3,https://img-eu-2.freex.es/img/071/1000025723/1024x1024/ca97aecc764aebc0d7a8fb3d976e693d
1000025735,CINTA GROSGRAIN,0.53,8666661911233,visible,CINTA GROSGRAIN,1,91123-3,https://img-eu-2.freex.es/img/071/1000025735/1024x1024/102e84c9864dd6aed81a77a149da6e6f
1000025747,CINTA GROSGRAIN,0.64,8666661911240,visible,CINTA GROSGRAIN,1,91124-3,https://img-eu-2.freex.es/img/071/1000025747/1024x1024/eba328426b723a7fc95b8f4f99722dba
1000025759,CINTA GROSGRAIN,0.74,8666661911257,visible,CINTA GROSGRAIN,1,91125-3,https://img-eu-2.freex.es/img/071/1000025759/1024x1024/2e0e46c99ea4ea12c8ca41de4cc9c801
1000025771,CINTA GROSGRAIN,1.04,8666661911264,visible,CINTA GROSGRAIN,1,91126-3,https://img-eu-2.freex.es/img/071/1000025771/1024x1024/8f78c163983a4797542cdbba70c6a683
1000025724,CINTA GROSGRAIN,0.43,8666661911226,visible,CINTA GROSGRAIN,1,91122-4,https://img-eu-2.freex.es/img/071/1000025724/1024x1024/bcb6e435354a6f27ea25abb603ffc505
1000025736,CINTA GROSGRAIN,0.53,8666661911233,visible,CINTA GROSGRAIN,1,91123-4,https://img-eu-2.freex.es/img/071/1000025736/1024x1024/cd2ed04d158c5114be6c39d74b5f552b
1000025748,CINTA GROSGRAIN,0.64,8666661911240,visible,CINTA GROSGRAIN,1,91124-4,https://img-eu-2.freex.es/img/071/1000025748/1024x1024/b60b309dd78311b9cfbdb472bc07fa74
1000025760,CINTA GROSGRAIN,0.74,8666661911257,visible,CINTA GROSGRAIN,1,91125-4,https://img-eu-2.freex.es/img/071/1000025760/1024x1024/13da22977b2bab30c83dc9b617d13713
1000025772,CINTA GROSGRAIN,1.04,8666661911264,visible,CINTA GROSGRAIN,1,91126-4,https://img-eu-2.freex.es/img/071/1000025772/1024x1024/ea19b298a73385e2ae8dffa2d264a5c5
1000025725,CINTA GROSGRAIN,0.43,8666661911226,visible,CINTA GROSGRAIN,1,91122-5,https://img-eu-2.freex.es/img/071/1000025725/1024x1024/df1fdc9f43919bee8d3407abc2dd1a56
1000025737,CINTA GROSGRAIN,0.53,8666661911233,visible,CINTA GROSGRAIN,1,91123-5,https://img-eu-2.freex.es/img/071/1000025737/1024x1024/b7774a538f7c9cbf745de56cac3f0574
1000025749,CINTA GROSGRAIN,0.64,8666661911240,visible,CINTA GROSGRAIN,1,91124-5,https://img-eu-2.freex.es/img/071/1000025749/1024x1024/2f52b65bfc0c0d3ff8b3c444723866a4
1000025761,CINTA GROSGRAIN,0.74,8666661911257,visible,CINTA GROSGRAIN,1,91125-5,https://img-eu-2.freex.es/img/071/1000025761/1024x1024/3432ffccad04bf8565b4d5a31812f39e
1000025773,CINTA GROSGRAIN,1.04,8666661911264,visible,CINTA GROSGRAIN,1,91126-5,https://img-eu-2.freex.es/img/071/1000025773/1024x1024/91bb6543eac59bfd0259ad443cec0a55
1000025784,CINTA GROSGRAIN,1.41,8666661911271,visible,CINTA GROSGRAIN,1,91127-5,https://img-eu-2.freex.es/img/071/1000025784/1024x1024/f2604a8086f0f8b11d286f43877f30f1
1000025726,CINTA GROSGRAIN,0.43,8666661911226,visible,CINTA GROSGRAIN,1,91122-6,https://img-eu-2.freex.es/img/071/1000025726/1024x1024/0b1758831c70216e2e0d59bc6aba3b32
1000025738,CINTA GROSGRAIN,0.53,8666661911233,visible,CINTA GROSGRAIN,1,91123-6,https://img-eu-2.freex.es/img/071/1000025738/1024x1024/964ce1673e659ddce9e81b516d988198
1000025750,CINTA GROSGRAIN,0.64,8666661911240,visible,CINTA GROSGRAIN,1,91124-6,https://img-eu-2.freex.es/img/071/1000025750/1024x1024/1af8c69284aaf379171cdf395db22fe1
1000025762,CINTA GROSGRAIN,0.74,8666661911257,visible,CINTA GROSGRAIN,1,91125-6,https://img-eu-2.freex.es/img/071/1000025762/1024x1024/4943ba9c385b96e939384b38d2dbe9c2
1000025788,CINTA GROSGRAIN,1.04,8666661911264,visible,CINTA GROSGRAIN,1,91126-6,https://img-eu-2.freex.es/img/071/1000025788/1024x1024/d453296568d4b4e24c7d601b53b0f8c1
1000025791,CINTA GROSGRAIN,1.41,8666661911271,visible,CINTA GROSGRAIN,1,91127-6,https://img-eu-2.freex.es/img/071/1000025791/1024x1024/06343afc962ccb2c24a0951e0d466054
1000025727,CINTA GROSGRAIN,0.43,8666661911226,visible,CINTA GROSGRAIN,1,91122-7,https://img-eu-2.freex.es/img/071/1000025727/1024x1024/f9808ad75b6b4c7141853d0043e857e6
1000025739,CINTA GROSGRAIN,0.53,8666661911233,visible,CINTA GROSGRAIN,1,91123-7,https://img-eu-2.freex.es/img/071/1000025739/1024x1024/7098e435f5b3d195082703671a0bcf72
1000025751,CINTA GROSGRAIN,0.64,8666661911240,visible,CINTA GROSGRAIN,1,91124-7,https://img-eu-2.freex.es/img/071/1000025751/1024x1024/3e8d3e7c4aba40584d4aa00777723f90
1000025763,CINTA GROSGRAIN,0.74,8666661911257,visible,CINTA GROSGRAIN,1,91125-7,https://img-eu-2.freex.es/img/071/1000025763/1024x1024/833ff1cec4738ad98f5e47db48a353ff
1000025774,CINTA GROSGRAIN,1.04,8666661911264,visible,CINTA GROSGRAIN,1,91126-7,https://img-eu-2.freex.es/img/071/1000025774/1024x1024/e563be220e389783632669ea7dd90d8f
1000025785,CINTA GROSGRAIN,1.41,8666661911271,visible,CINTA GROSGRAIN,1,91127-7,https://img-eu-2.freex.es/img/071/1000025785/1024x1024/526cecffb29bdfca89b944c0911b2276
1000025740,CINTA GROSGRAIN,0.53,8666661911233,visible,CINTA GROSGRAIN,1,91123-8,https://img-eu-2.freex.es/img/071/1000025740/1024x1024/cdaeac0fcffd378c8666cab9a059d9ee
1000025729,CINTA GROSGRAIN,0.43,8666661911226,visible,CINTA GROSGRAIN,1,91122-9,https://img-eu-2.freex.es/img/071/1000025729/1024x1024/8868ff6018c3c791a04b49531ae987f8
1000025741,CINTA GROSGRAIN,0.53,8666661911233,visible,CINTA GROSGRAIN,1,91123-9,https://img-eu-2.freex.es/img/071/1000025741/1024x1024/be44234f2173222e4e357b30bc5fb589
1000025753,CINTA GROSGRAIN,0.64,8666661911240,visible,CINTA GROSGRAIN,1,91124-9,https://img-eu-2.freex.es/img/071/1000025753/1024x1024/da33cd62280de9cef1576d2dde7994d1
1000025765,CINTA GROSGRAIN,0.74,8666661911257,visible,CINTA GROSGRAIN,1,91125-9,https://img-eu-2.freex.es/img/071/1000025765/1024x1024/05ae468fb11cbb0e65c1794187d6c0ea
1000025776,CINTA GROSGRAIN,1.04,8666661911264,visible,CINTA GROSGRAIN,1,91126-9,https://img-eu-2.freex.es/img/071/1000025776/1024x1024/be494f57d81c288bbc448a1abf94a574
1000025787,CINTA GROSGRAIN,1.41,8666661911271,visible,CINTA GROSGRAIN,1,91127-9,https://img-eu-2.freex.es/img/071/1000025787/1024x1024/e280bfcbe0432e8be620bc028b91cf04
1000025719,CINTA GROSGRAIN,0.43,8666661911226,visible,CINTA GROSGRAIN,1,91122-10,https://img-eu-2.freex.es/img/071/1000025719/1024x1024/36f54ce230ac296bb20ea99d47d5124f
1000025731,CINTA GROSGRAIN,0.53,8666661911233,visible,CINTA GROSGRAIN,1,91123-10,https://img-eu-2.freex.es/img/071/1000025731/1024x1024/b973878bf38f5e1092318cfc45eeb263
1000025743,CINTA GROSGRAIN,0.64,8666661911240,visible,CINTA GROSGRAIN,1,91124-10,https://img-eu-2.freex.es/img/071/1000025743/1024x1024/9712a2b284b900afa08d86a0cf92de3a
1000025755,CINTA GROSGRAIN,0.74,8666661911257,visible,CINTA GROSGRAIN,1,91125-10,https://img-eu-2.freex.es/img/071/1000025755/1024x1024/b23a136b25b487b4e172e63ea71bb4e1
1000025767,CINTA GROSGRAIN,1.04,8666661911264,visible,CINTA GROSGRAIN,1,91126-10,https://img-eu-2.freex.es/img/071/1000025767/1024x1024/a91f05b8bea82d894aab33c3bf912784
1000025778,CINTA GROSGRAIN,1.41,8666661911271,visible,CINTA GROSGRAIN,1,91127-10,https://img-eu-2.freex.es/img/071/1000025778/1024x1024/d8fdca92eaf13bc244c8c3bac5317c9d
1000025720,CINTA GROSGRAIN,0.43,8666661911226,visible,CINTA GROSGRAIN,1,91122-11,https://img-eu-2.freex.es/img/071/1000025720/1024x1024/fbf4efa73604833e14d7ccf2aacdb9fe
1000025732,CINTA GROSGRAIN,0.53,8666661911233,visible,CINTA GROSGRAIN,1,91123-11,https://img-eu-2.freex.es/img/071/1000025732/1024x1024/98cf70712bdcd0ba3d001166056f1445
1000025744,CINTA GROSGRAIN,0.64,8666661911240,visible,CINTA GROSGRAIN,1,91124-11,https://img-eu-2.freex.es/img/071/1000025744/1024x1024/967c2359b1c26fd2465c01e15be32646
1000025756,CINTA GROSGRAIN,0.74,8666661911257,visible,CINTA GROSGRAIN,1,91125-11,https://img-eu-2.freex.es/img/071/1000025756/1024x1024/efeab2dfd726395408fe46f546b0bd2b
1000025768,CINTA GROSGRAIN,1.04,8666661911264,visible,CINTA GROSGRAIN,1,91126-11,https://img-eu-2.freex.es/img/071/1000025768/1024x1024/86d9187bd2114ccd7b631a3226284066
1000025721,CINTA GROSGRAIN,0.43,8666661911226,visible,CINTA GROSGRAIN,1,91122-12,https://img-eu-2.freex.es/img/071/1000025721/1024x1024/1f8f48b92cf70f9c48f1677c4bc8d2f0
1000025733,CINTA GROSGRAIN,0.53,8666661911233,visible,CINTA GROSGRAIN,1,91123-12,https://img-eu-2.freex.es/img/071/1000025733/1024x1024/987401106760f8a93583dc48cfd01908
1000025745,CINTA GROSGRAIN,0.64,8666661911240,visible,CINTA GROSGRAIN,1,91124-12,https://img-eu-2.freex.es/img/071/1000025745/1024x1024/19d86bdd77bc7def61a21a5e083bf76b
1000025757,CINTA GROSGRAIN,0.74,8666661911257,visible,CINTA GROSGRAIN,1,91125-12,https://img-eu-2.freex.es/img/071/1000025757/1024x1024/f9a06143b8eff6e82af0f2cf749192a8
1000025769,CINTA GROSGRAIN,1.04,8666661911264,visible,CINTA GROSGRAIN,1,91126-12,https://img-eu-2.freex.es/img/071/1000025769/1024x1024/4733e3fb10f242e0f99e83b8fb331445
1000025780,CINTA GROSGRAIN,1.41,8666661911271,visible,CINTA GROSGRAIN,1,91127-12,https://img-eu-2.freex.es/img/071/1000025780/1024x1024/f69ad2d46450f70bf9b06ffec2ef2a67
1000025804,CINTA GROSGRAIN,0.43,8666661911226,visible,CINTA GROSGRAIN,1,91122-13,https://img-eu-2.freex.es/img/071/1000025804/1024x1024/da0e90a0892937776557884f23235d76
1000025806,CINTA GROSGRAIN,0.53,8666661911233,visible,CINTA GROSGRAIN,1,91123-13,https://img-eu-2.freex.es/img/071/1000025806/1024x1024/28c2bef85da30a60be06f03a66af8f14
1000025808,CINTA GROSGRAIN,0.64,8666661911240,visible,CINTA GROSGRAIN,1,91124-13,https://img-eu-2.freex.es/img/071/1000025808/1024x1024/f94055466ba0834b6a21ce723c0e09e0
1000025810,CINTA GROSGRAIN,0.74,8666661911257,visible,CINTA GROSGRAIN,1,91125-13,https://img-eu-2.freex.es/img/071/1000025810/1024x1024/3d61fe1493437f74e085ffed489dd9d5
1000025812,CINTA GROSGRAIN,1.04,8666661911264,visible,CINTA GROSGRAIN,1,91126-13,https://img-eu-2.freex.es/img/071/1000025812/1024x1024/0d0419b6f7ecdf89e6a066b81cdaaf27
1000025814,CINTA GROSGRAIN,1.41,8666661911271,visible,CINTA GROSGRAIN,1,91127-13,https://img-eu-2.freex.es/img/071/1000025814/1024x1024/425caa00d94c08e845bd4fde7e36c00d
1000027278,CINTA GROSGRAIN,1.83,8666661914005,visible,CINTA GROSGRAIN,1,91400-13,https://img-eu-2.freex.es/img/071/1000027278/1024x1024/21ab8d7224e8b0f4bfe0041b17d94a9f
1000025805,CINTA GROSGRAIN,0.43,8666661911226,visible,CINTA GROSGRAIN,1,91122-14,https://img-eu-2.freex.es/img/071/1000025805/1024x1024/a251551704790c3557371234176a3b94
1000025807,CINTA GROSGRAIN,0.53,8666661911233,visible,CINTA GROSGRAIN,1,91123-14,https://img-eu-2.freex.es/img/071/1000025807/1024x1024/cfb0119e4ccaf293817609ceb63853ff
1000025809,CINTA GROSGRAIN,0.64,8666661911240,visible,CINTA GROSGRAIN,1,91124-14,https://img-eu-2.freex.es/img/071/1000025809/1024x1024/a8990442123fe91c30ad0da807a8e056
1000025811,CINTA GROSGRAIN,0.74,8666661911257,visible,CINTA GROSGRAIN,1,91125-14,https://img-eu-2.freex.es/img/071/1000025811/1024x1024/d85db1e8f1528f3236ec8b971a5adc2c
1000025813,CINTA GROSGRAIN,1.04,8666661911264,visible,CINTA GROSGRAIN,1,91126-14,https://img-eu-2.freex.es/img/071/1000025813/1024x1024/72daf38b371f5136a1c9311220d6e814
1000025815,CINTA GROSGRAIN,1.41,8666661911271,visible,CINTA GROSGRAIN,1,91127-14,https://img-eu-2.freex.es/img/071/1000025815/1024x1024/640bf9f5238363555b0599c64a60f97f
1000027279,CINTA GROSGRAIN,1.83,8666661914005,visible,CINTA GROSGRAIN,1,91400-14,https://img-eu-2.freex.es/img/071/1000027279/1024x1024/fe6538df2fd08544b7a0c6cad9527d39
1000040115,CINTA CASA,0,,visible,CINTA CASA,1,??_20240418145450,https://img-eu-2.freex.es/img/071/1000040115/1024x1024/3f57bb4124fd5fc36194bcf095b1064d
1000025646,CINTA DE GASA,0.47,8666661911165,visible,CINTA CASA,1,91116-1,https://img-eu-2.freex.es/img/071/1000025646/1024x1024/5ac4f5c08ee30c5cf54f7aa26df3b719
1000025658,CINTA DE GASA,0.6,8666661911172,visible,CINTA CASA,1,91117-1,https://img-eu-2.freex.es/img/071/1000025658/1024x1024/ef5ce9d7dd8a8e302d84acae9d0d6bc4
1000025670,CINTA DE GASA,0.78,8666661911189,visible,CINTA CASA,1,91118-1,https://img-eu-2.freex.es/img/071/1000025670/1024x1024/de3ef4ad20e1c87b12ecf7ec0b1de191
1000025694,CINTA DE GASA,1.1,8666661911202,visible,CINTA CASA,1,91120-1,https://img-eu-2.freex.es/img/071/1000025694/1024x1024/ea874a4b67dff71159742306813c9aa0
1000025650,CINTA DE GASA,0.47,8666661911165,visible,CINTA CASA,1,91116-2,https://img-eu-2.freex.es/img/071/1000025650/1024x1024/4fd4ea78100be556242a1156d4c64f7c
1000025662,CINTA DE GASA,0.6,8666661911172,visible,CINTA CASA,1,91117-2,https://img-eu-2.freex.es/img/071/1000025662/1024x1024/c7cc0164a5c37a88f886c38795a8207d
1000025674,CINTA DE GASA,0.78,8666661911189,visible,CINTA CASA,1,91118-2,https://img-eu-2.freex.es/img/071/1000025674/1024x1024/1ea87334bff0b6b9e89ae12d6a445a61
1000025686,CINTA DE GASA,0.93,8666661911196,visible,CINTA CASA,1,91119-2,https://img-eu-2.freex.es/img/071/1000025686/1024x1024/47f497d5a7b8d120962d4427eeb920bf
1000025698,CINTA DE GASA,1.1,8666661911202,visible,CINTA CASA,1,91120-2,https://img-eu-2.freex.es/img/071/1000025698/1024x1024/7e860de3b8b6f8130134361dfd7c2c0d
1000025710,CINTA DE GASA,1.67,8666661911219,visible,CINTA CASA,1,91121-2,https://img-eu-2.freex.es/img/071/1000025710/1024x1024/7123a0e2172b02be86ac2a60879dbaf0
1000027294,CINTA DE GASA,2.09,8666661914135,visible,CINTA CASA,1,91413-2,https://img-eu-2.freex.es/img/071/1000027294/1024x1024/32ee98a59833e3314ac4dd2f24ef4f94
1000025651,CINTA DE GASA,0.47,8666661911165,visible,CINTA CASA,1,91116-3,https://img-eu-2.freex.es/img/071/1000025651/1024x1024/eca105a853cca0053c7e1a861bf45b85
1000025663,CINTA DE GASA,0.6,8666661911172,visible,CINTA CASA,1,91117-3,https://img-eu-2.freex.es/img/071/1000025663/1024x1024/d4928d45153b87a14963c62b8fa27523
1000025675,CINTA DE GASA,0.78,8666661911189,visible,CINTA CASA,1,91118-3,https://img-eu-2.freex.es/img/071/1000025675/1024x1024/35da07f3a82ff7bf2b5e72f6448ced96
1000025687,CINTA DE GASA,0.93,8666661911196,visible,CINTA CASA,1,91119-3,https://img-eu-2.freex.es/img/071/1000025687/1024x1024/ba65492f9afc4e5bd18b84ca75b0d25f
1000025699,CINTA DE GASA,1.1,8666661911202,visible,CINTA CASA,1,91120-3,https://img-eu-2.freex.es/img/071/1000025699/1024x1024/89fd2834ad6ebb6fd104ccca7a937864
1000025711,CINTA DE GASA,1.67,8666661911219,visible,CINTA CASA,1,91121-3,https://img-eu-2.freex.es/img/071/1000025711/1024x1024/54fd800724f5458ae9b2e99bde75e154
1000027295,CINTA DE GASA,2.09,8666661914135,visible,CINTA CASA,1,91413-3,https://img-eu-2.freex.es/img/071/1000027295/1024x1024/ee455e4fb7042fe78527099a271f3d47
1000025652,CINTA DE GASA,0.47,8666661911165,visible,CINTA CASA,1,91116-4,https://img-eu-2.freex.es/img/071/1000025652/1024x1024/3d717f6aabb5098490c268bc147ffc27
1000025676,CINTA DE GASA,0.78,8666661911189,visible,CINTA CASA,1,91118-4,https://img-eu-2.freex.es/img/071/1000025676/1024x1024/85b79b04c397488f2ccb8fef173087c9
1000025688,CINTA DE GASA,0.93,8666661911196,visible,CINTA CASA,1,91119-4,https://img-eu-2.freex.es/img/071/1000025688/1024x1024/8ff6ca5d0ede33fb03b87f83e0e4295f
1000025700,CINTA DE GASA,1.1,8666661911202,visible,CINTA CASA,1,91120-4,https://img-eu-2.freex.es/img/071/1000025700/1024x1024/7ddb0ba774be152f3a47378ed31d6136
1000025653,CINTA DE GASA,0.47,8666661911165,visible,CINTA CASA,1,91116-5,https://img-eu-2.freex.es/img/071/1000025653/1024x1024/48bd8b67f0dd868dbba8ffbc73347947
1000025665,CINTA DE GASA,0.6,8666661911172,visible,CINTA CASA,1,91117-5,https://img-eu-2.freex.es/img/071/1000025665/1024x1024/be25ee1b4c803c6e22c4b478a303dbae
1000025677,CINTA DE GASA,0.78,8666661911189,visible,CINTA CASA,1,91118-5,https://img-eu-2.freex.es/img/071/1000025677/1024x1024/0be2da65de0dc78d5dd41540e3bcf130
1000025689,CINTA DE GASA,0.93,8666661911196,visible,CINTA CASA,1,91119-5,https://img-eu-2.freex.es/img/071/1000025689/1024x1024/0f099017798248feaef92a4fe4c9f57b
1000025701,CINTA DE GASA,1.1,8666661911202,visible,CINTA CASA,1,91120-5,https://img-eu-2.freex.es/img/071/1000025701/1024x1024/76ff461b51645cc1286ba2625da8e456
1000025713,CINTA DE GASA,1.67,8666661911219,visible,CINTA CASA,1,91121-5,https://img-eu-2.freex.es/img/071/1000025713/1024x1024/ad875c00789a1ed8143773aa22447e6c
1000025654,CINTA DE GASA,0.47,8666661911165,visible,CINTA CASA,1,91116-6,https://img-eu-2.freex.es/img/071/1000025654/1024x1024/d47059dea5204282536a576b4ac148bb
1000025666,CINTA DE GASA,0.6,8666661911172,visible,CINTA CASA,1,91117-6,https://img-eu-2.freex.es/img/071/1000025666/1024x1024/5e8fc2729e2435a26ae09b0d0682cd19
1000025678,CINTA DE GASA,0.78,8666661911189,visible,CINTA CASA,1,91118-6,https://img-eu-2.freex.es/img/071/1000025678/1024x1024/b5db6c3d2d904d8092b49f21e54cc9f6
1000025690,CINTA DE GASA,0.93,8666661911196,visible,CINTA CASA,1,91119-6,https://img-eu-2.freex.es/img/071/1000025690/1024x1024/0c37e77c2d791817420cc391692a266f
1000025702,CINTA DE GASA,1.1,8666661911202,visible,CINTA CASA,1,91120-6,https://img-eu-2.freex.es/img/071/1000025702/1024x1024/4c957bc14360af5ce2bb4d1d304519a9
1000025714,CINTA DE GASA,1.67,8666661911219,visible,CINTA CASA,1,91121-6,https://img-eu-2.freex.es/img/071/1000025714/1024x1024/74a57b00de5f2271ba5b2404f4cda95f
1000027298,CINTA DE GASA,2.09,8666661914135,visible,CINTA CASA,1,91413-6,https://img-eu-2.freex.es/img/071/1000027298/1024x1024/aad6e523d052fc99089e73024e22dbe8
1000025655,CINTA DE GASA,0.47,8666661911165,visible,CINTA CASA,1,91116-7,https://img-eu-2.freex.es/img/071/1000025655/1024x1024/80e497c8a94b697515e197f2559f0f8b
1000025667,CINTA DE GASA,0.6,8666661911172,visible,CINTA CASA,1,91117-7,https://img-eu-2.freex.es/img/071/1000025667/1024x1024/1201666cc034ffa0bcee7143d07b3125
1000025679,CINTA DE GASA,0.78,8666661911189,visible,CINTA CASA,1,91118-7,https://img-eu-2.freex.es/img/071/1000025679/1024x1024/cc7254fddca538c1a54d9bfaaff596ba
1000025691,CINTA DE GASA,0.93,8666661911196,visible,CINTA CASA,1,91119-7,https://img-eu-2.freex.es/img/071/1000025691/1024x1024/dcd1b7c73d7902e3635be901c198d293
1000025703,CINTA DE GASA,1.1,8666661911202,visible,CINTA CASA,1,91120-7,https://img-eu-2.freex.es/img/071/1000025703/1024x1024/fdfecca1749128d55248d823e98700c2
1000025715,CINTA DE GASA,1.67,8666661911219,visible,CINTA CASA,1,91121-7,https://img-eu-2.freex.es/img/071/1000025715/1024x1024/2d443d4df44645bcf1431290a4d65e69
1000027299,CINTA DE GASA,2.09,8666661914135,visible,CINTA CASA,1,91413-7,https://img-eu-2.freex.es/img/071/1000027299/1024x1024/7f1bb2758ff4dd18b08cfe50210d2495
1000025656,CINTA DE GASA,0.47,8666661911165,visible,CINTA CASA,1,91116-8,https://img-eu-2.freex.es/img/071/1000025656/1024x1024/8786b5bb8dfb4a1fa223963fc7b432f2
1000025668,CINTA DE GASA,0.6,8666661911172,visible,CINTA CASA,1,91117-8,https://img-eu-2.freex.es/img/071/1000025668/1024x1024/883c339bf55cedbac14da327d3541b1d
1000025680,CINTA DE GASA,0.78,8666661911189,visible,CINTA CASA,1,91118-8,https://img-eu-2.freex.es/img/071/1000025680/1024x1024/468c321dc910732520511d336716c147
1000025704,CINTA DE GASA,1.1,8666661911202,visible,CINTA CASA,1,91120-8,https://img-eu-2.freex.es/img/071/1000025704/1024x1024/9bb978d29caa55613cdd181d684c3ae1
1000025657,CINTA DE GASA,0.47,8666661911165,visible,CINTA CASA,1,91116-9,https://img-eu-2.freex.es/img/071/1000025657/1024x1024/de8d8c4a6c608ca8e05ddc5723d7e399
1000025669,CINTA DE GASA,0.6,8666661911172,visible,CINTA CASA,1,91117-9,https://img-eu-2.freex.es/img/071/1000025669/1024x1024/2e07a3f3b70a573b3544c6528a5fdc1e
1000025681,CINTA DE GASA,0.78,8666661911189,visible,CINTA CASA,1,91118-9,https://img-eu-2.freex.es/img/071/1000025681/1024x1024/7de5ca20d4153f1864143f6150fcf260
1000025693,CINTA DE GASA,0.93,8666661911196,visible,CINTA CASA,1,91119-9,https://img-eu-2.freex.es/img/071/1000025693/1024x1024/d5e38ca632b8613e4598be21402fcd13
1000025705,CINTA DE GASA,1.1,8666661911202,visible,CINTA CASA,1,91120-9,https://img-eu-2.freex.es/img/071/1000025705/1024x1024/f8dfbc95e545b2df4a12e01f91a209a9
1000025717,CINTA DE GASA,1.67,8666661911219,visible,CINTA CASA,1,91121-9,https://img-eu-2.freex.es/img/071/1000025717/1024x1024/55b6bd87117a5a245fbbcac9a23d1618
1000025647,CINTA DE GASA,0.47,8666661911165,visible,CINTA CASA,1,91116-10,https://img-eu-2.freex.es/img/071/1000025647/1024x1024/d993910492db2a4dfb38f24d6fac2a6e
1000025659,CINTA DE GASA,0.6,8666661911172,visible,CINTA CASA,1,91117-10,https://img-eu-2.freex.es/img/071/1000025659/1024x1024/8cf4eb36bb22d6a36c65e50c8ee07373
1000025671,CINTA DE GASA,0.78,8666661911189,visible,CINTA CASA,1,91118-10,https://img-eu-2.freex.es/img/071/1000025671/1024x1024/3cbdd10bd827341f2f68d44ea7216c3a
1000025683,CINTA DE GASA,0.93,8666661911196,visible,CINTA CASA,1,91119-10,https://img-eu-2.freex.es/img/071/1000025683/1024x1024/47a59d9a98afda67487c2eb896a3650d
1000025695,CINTA DE GASA,1.1,8666661911202,visible,CINTA CASA,1,91120-10,https://img-eu-2.freex.es/img/071/1000025695/1024x1024/264da78db9ab5a18c969bde945e0345e
1000025707,CINTA DE GASA,1.67,8666661911219,visible,CINTA CASA,1,91121-10,https://img-eu-2.freex.es/img/071/1000025707/1024x1024/c1fef2969dc014845a358fe28045b0eb
1000025648,CINTA DE GASA,0.47,8666661911165,visible,CINTA CASA,1,91116-11,https://img-eu-2.freex.es/img/071/1000025648/1024x1024/7f2718a5a57662f011194ef53811bd8f
1000025660,CINTA DE GASA,0.6,8666661911172,visible,CINTA CASA,1,91117-11,https://img-eu-2.freex.es/img/071/1000025660/1024x1024/48da9d853c17ff5ec8287b3ec8421a7c
1000025672,CINTA DE GASA,0.78,8666661911189,visible,CINTA CASA,1,91118-11,https://img-eu-2.freex.es/img/071/1000025672/1024x1024/98cb41bdc9c575b929417603b752da59
1000025684,CINTA DE GASA,0.93,8666661911196,visible,CINTA CASA,1,91119-11,https://img-eu-2.freex.es/img/071/1000025684/1024x1024/7fab7801eacc56f72f78f7f4c5ae9d4c
1000025696,CINTA DE GASA,1.1,8666661911202,visible,CINTA CASA,1,91120-11,https://img-eu-2.freex.es/img/071/1000025696/1024x1024/8a7d4802a9f3be638a6d912567a932f2
1000025649,CINTA DE GASA,0.47,8666661911165,visible,CINTA CASA,1,91116-12,https://img-eu-2.freex.es/img/071/1000025649/1024x1024/e03180dea9a63ac8ba5947ea9ba8b707
1000025661,CINTA DE GASA,0.6,8666661911172,visible,CINTA CASA,1,91117-12,https://img-eu-2.freex.es/img/071/1000025661/1024x1024/f0622ba01a720c007af1c9b070c3ea2f
1000025673,CINTA DE GASA,0.78,8666661911189,visible,CINTA CASA,1,91118-12,https://img-eu-2.freex.es/img/071/1000025673/1024x1024/d79900dff959f0bf78e46d979fe32969
1000025685,CINTA DE GASA,0.93,8666661911196,visible,CINTA CASA,1,91119-12,https://img-eu-2.freex.es/img/071/1000025685/1024x1024/2828507a27d1d064c625d2c837753634
1000025697,CINTA DE GASA,1.1,8666661911202,visible,CINTA CASA,1,91120-12,https://img-eu-2.freex.es/img/071/1000025697/1024x1024/6d24464a1ff25400828ed8ac2426fa70
1000025798,CINTA DE GASA,0.93,8666661911196,visible,CINTA CASA,1,91119-13,https://img-eu-2.freex.es/img/071/1000025798/1024x1024/e547c633c2972a3f2f3985b2502c0bd7
1000025800,CINTA DE GASA,1.1,8666661911202,visible,CINTA CASA,1,91120-13,https://img-eu-2.freex.es/img/071/1000025800/1024x1024/ad7ac0bb95b02a750573165a93ee0c1f
1000025802,CINTA DE GASA,1.67,8666661911219,visible,CINTA CASA,1,91121-13,https://img-eu-2.freex.es/img/071/1000025802/1024x1024/8dad30ee4a64e3dfdf3fba87dac59ce7
1000027292,CINTA DE GASA,2.09,8666661914135,visible,CINTA CASA,1,91413-13,https://img-eu-2.freex.es/img/071/1000027292/1024x1024/b568645e01eaebd598ee9c4ef6f5be23
1000025793,CINTA DE GASA,0.47,8666661911165,visible,CINTA CASA,1,91116-14,https://img-eu-2.freex.es/img/071/1000025793/1024x1024/29c514a8325becc4dec3051005b10a4c
1000025795,CINTA DE GASA,0.6,8666661911172,visible,CINTA CASA,1,91117-14,https://img-eu-2.freex.es/img/071/1000025795/1024x1024/fe059b767e4463bdfdfc5ce1d46fbc16
1000025797,CINTA DE GASA,0.78,8666661911189,visible,CINTA CASA,1,91118-14,https://img-eu-2.freex.es/img/071/1000025797/1024x1024/fee6b64534405b8d2da13dac93c1656b
1000025799,CINTA DE GASA,0.93,8666661911196,visible,CINTA CASA,1,91119-14,https://img-eu-2.freex.es/img/071/1000025799/1024x1024/4db250044a9905e11a10ad646011d6c2
1000025801,CINTA DE GASA,1.1,8666661911202,visible,CINTA CASA,1,91120-14,https://img-eu-2.freex.es/img/071/1000025801/1024x1024/982d1d3fb0df56ef0397536d9a43799b
1000025803,CINTA DE GASA,1.67,8666661911219,visible,CINTA CASA,1,91121-14,https://img-eu-2.freex.es/img/071/1000025803/1024x1024/938816290a217a054cdc113b8f8a97d7
1000027293,CINTA DE GASA,2.09,8666661914135,visible,CINTA CASA,1,91413-14,https://img-eu-2.freex.es/img/071/1000027293/1024x1024/ec929e5e6ec4b837f263ff68866fc69e
1000037856,CINTA DE GASA,0.78,8666661017188,visible,CINTA CASA,1,01718-032,https://img-eu-2.freex.es/img/071/1000037856/1024x1024/8924b5a5b55410f990542e78dbf65f12
1000000361,CINTA DE COLOR ORO,0.78,8666661017188,visible,CINTA CASA,1,01718-257,https://img-eu-2.freex.es/img/071/1000000361/1024x1024/150f3638586e9e820528d7d4c944f967
1000002658,CINTA DE COLOR ORO,0.6,8666661017171,visible,CINTA CASA,1,01717-257,https://img-eu-2.freex.es/img/071/1000002658/1024x1024/2db84fcb14abc24366ac310b0125eecc
1000040100,CUERDA LINO,0,,visible,CUERDA LINO,1,??_20240418145342,https://img-eu-2.freex.es/img/071/1000040100/1024x1024/932d5ac86539d25b9016e3ef2111d664
1000042336,CUERDA DE LINO,0.47,8666662053598,visible,CUERDA LINO,1,205359,https://img-eu-2.freex.es/img/071/1000042336/1024x1024/33650c1582c7f6d1f33273ebf616b93d
1000042335,CUERDA DE LINO,0.47,8666662053581,visible,CUERDA LINO,1,205358,https://img-eu-2.freex.es/img/071/1000042335/1024x1024/2e5bba4677aa15d7c6e4f16239f1f05e
1000042334,CUERDA DE LINO,0.47,8666662053574,visible,CUERDA LINO,1,205357,https://img-eu-2.freex.es/img/071/1000042334/1024x1024/6412993f14004e4686086d89e67dfc24
1000042333,HILO DE RAFIA PAPEL,0.41,8666662053567,visible,CUERDA LINO,1,205356,https://img-eu-2.freex.es/img/071/1000042333/1024x1024/165488cb66b6de7f167831ac27a58b4a
1000042332,HILO DE RAFIA PAPEL,0.41,8666662053550,visible,CUERDA LINO,1,205355,https://img-eu-2.freex.es/img/071/1000042332/1024x1024/45135d4dd12d0d0f22a2aed1619b4ca7
1000042331,HILO DE YUTE,0.47,8666662053543,visible,CUERDA LINO,1,205354,https://img-eu-2.freex.es/img/071/1000042331/1024x1024/efe7bb7cb584c0e765b0d1ef499bb7f0
1000042330,HILO DE YUTE,0.41,8666662053536,visible,CUERDA LINO,1,205353,https://img-eu-2.freex.es/img/071/1000042330/1024x1024/620cb316e4bccc56fdf58d910b0aef8c
1000042329,HILO DE YUTE,0.68,8666662053529,visible,CUERDA LINO,1,205352,https://img-eu-2.freex.es/img/071/1000042329/1024x1024/ff12c35c0b108ba5ce795d38957a5265
1000042328,HILO DE YUTE,0.68,8666662053512,visible,CUERDA LINO,1,205351,https://img-eu-2.freex.es/img/071/1000042328/1024x1024/a877c19f85c63d5ea7355bb51765c30e
1000042327,HILO DE YUTE,0.68,8666662053505,visible,CUERDA LINO,1,205350,https://img-eu-2.freex.es/img/071/1000042327/1024x1024/1845a6e0333c275c3bde0714c1e0e20a
1000022361,BOBINA HILO SISAL,0.72,86666611040046,visible,CUERDA LINO,1,14004,https://img-eu-2.freex.es/img/071/1000022361/1024x1024/a9b92cf262119ca73095c9903a0ddd00
1000022362,CUERDA,0.93,8666661140053,visible,CUERDA LINO,1,14005,https://img-eu-2.freex.es/img/071/1000022362/1024x1024/5d681aa05040e2876b042bdfc7a877d6
1000022363,BOBINA HILO SISAL,0.72,8666661140060,visible,CUERDA LINO,1,14006,https://img-eu-2.freex.es/img/071/1000022363/1024x1024/940d6dbd9da8a59759d0d5b880c5500c
1000022364,BOBINA HILO SISAL,0.93,8666661140072,visible,CUERDA LINO,1,14007-,https://img-eu-2.freex.es/img/071/1000022364/1024x1024/2d0c0029ffaf505994e694d4a7b96011
1000038605,BOBINA DE ALGODON,2.36,866666202443,visible,CUERDA LINO,1,202443-3,https://img-eu-2.freex.es/img/071/1000038605/1024x1024/2bc5a53e12eaf61fbc7f5af4d51047d7
1000038606,BOBINA DE ALGODON,2.36,866666202444,visible,CUERDA LINO,1,202444-4,https://img-eu-2.freex.es/img/071/1000038606/1024x1024/b5628d2eba5b955b33474148f026e1dc
1000038607,BOBINA DE ALGODON,2.36,866666202447,visible,CUERDA LINO,1,202447-7,https://img-eu-2.freex.es/img/071/1000038607/1024x1024/baea6fd894891403186ab8ad07097697
1000037997,BOBINA DE ALGODON,2.36,866666202449,visible,CUERDA LINO,1,202449-9,https://img-eu-2.freex.es/img/071/1000037997/1024x1024/9e56fcb34bae29914f675032f8435cc8
1000037931,BOBINA DE ALGODON,2.36,8666662024536,visible,CUERDA LINO,1,202453-1,https://img-eu-2.freex.es/img/071/1000037931/1024x1024/41ae874f9fe1935e3b68b10db1b9359f
1000038000,BOBINA DE ALGODON,2.36,866666202454,visible,CUERDA LINO,1,202454-2,https://img-eu-2.freex.es/img/071/1000038000/1024x1024/b30cfa88f80c7b32c76a2f6d1b6b1dfe
1000037932,BOBINA DE ALGODON,2.36,8666662024550,visible,CUERDA LINO,1,202455-3,https://img-eu-2.freex.es/img/071/1000037932/1024x1024/8e88d8c8c2c875064067f2191c83624c
1000037933,BOBINA DE ALGODON,2.36,8666662024567,visible,CUERDA LINO,1,202456-4,https://img-eu-2.freex.es/img/071/1000037933/1024x1024/9f6ebb652adc52fb9afe08ea09d0702b
1000037934,BOBINA DE ALGODON,2.36,8666662024574,visible,CUERDA LINO,1,202457-5,https://img-eu-2.freex.es/img/071/1000037934/1024x1024/b80a7a7aae5de825dd6729452685ee44
1000037935,BOBINA DE ALGODON,2.36,8666662024581,visible,CUERDA LINO,1,202458-6,https://img-eu-2.freex.es/img/071/1000037935/1024x1024/d7ccd477d62712c3d484c5cf0e953e92
1000037936,BOBINA DE ALGODON,2.36,8666662024598,visible,CUERDA LINO,1,202459-7,https://img-eu-2.freex.es/img/071/1000037936/1024x1024/bda00420489bdea97e6f221e8e575d66
1000038609,BOBINA DE ALGODON,2.36,866666202460,visible,CUERDA LINO,1,202460-8,https://img-eu-2.freex.es/img/071/1000038609/1024x1024/cfaad9d70b1a597f9caf1ce0d80a410a
1000037939,BOBINA DE ALGODON,2.36,8666662024635,visible,CUERDA LINO,1,202463-11,https://img-eu-2.freex.es/img/071/1000037939/1024x1024/2ad54c065b73f9947b43eaddeb83c7b6
1000037941,BOBINA DE ALGODON,2.36,8666662024659,visible,CUERDA LINO,1,202465-1,https://img-eu-2.freex.es/img/071/1000037941/1024x1024/a0d5f945f6967a3f91969764a0d6947b
1000037942,BOBINA DE ALGODON,2.36,8666662024666,visible,CUERDA LINO,1,202466-2,https://img-eu-2.freex.es/img/071/1000037942/1024x1024/50fa37ae204adadea929c2cbdb338949
1000037943,BOBINA DE ALGODON,2.36,8666662024673,visible,CUERDA LINO,1,202467-3,https://img-eu-2.freex.es/img/071/1000037943/1024x1024/2b2b5cf7eb212d460d01475c3c16b245
1000037944,BOBINA DE ALGODON,2.36,8666662024680,visible,CUERDA LINO,1,202468-4,https://img-eu-2.freex.es/img/071/1000037944/1024x1024/02b28dbdce41ab355dcb79c6d0897a2a
1000037945,BOBINA DE ALGODON,2.36,8666662024697,visible,CUERDA LINO,1,202469-5,https://img-eu-2.freex.es/img/071/1000037945/1024x1024/dbe69dad1e02e0fd82e9a7df58d4d313
1000037946,BOBINA DE ALGODON,2.36,8666662024703,visible,CUERDA LINO,1,202470-6,https://img-eu-2.freex.es/img/071/1000037946/1024x1024/a52652effd9c9d171a065b43eb11aace
1000037947,BOBINA DE ALGODON,2.36,8666662024710,visible,CUERDA LINO,1,202471-7,https://img-eu-2.freex.es/img/071/1000037947/1024x1024/1f881e39921f8110ca39fbabf818e980
1000037948,BOBINA DE ALGODON,2.36,8666662024727,visible,CUERDA LINO,1,202472-8,https://img-eu-2.freex.es/img/071/1000037948/1024x1024/469884e7f4b53c82e63a1bd5b93ae0d4
1000037949,BOBINA DE ALGODON,2.36,8666662024734,visible,CUERDA LINO,1,202473-9,https://img-eu-2.freex.es/img/071/1000037949/1024x1024/a149d9b86f2eb59d273b38e32541f913
1000037950,BOBINA DE ALGODON,2.36,8666662024741,visible,CUERDA LINO,1,202474-10,https://img-eu-2.freex.es/img/071/1000037950/1024x1024/4552a3bedfdee5d2ebeefb4b9f560ff6
1000037951,BOBINA DE ALGODON,2.36,866666202475,visible,CUERDA LINO,1,202475-11,https://img-eu-2.freex.es/img/071/1000037951/1024x1024/bcb1a88666f3907c71a54efe90eae7fe
1000037952,BOBINA DE ALGODON,2.36,8666662024765,visible,CUERDA LINO,1,202476-12,https://img-eu-2.freex.es/img/071/1000037952/1024x1024/6d02a581ccad84bbd0d568664e2af8ed
1000037953,BOBINA DE SISAL,2.92,8666662024789,visible,CUERDA LINO,1,202478-1,https://img-eu-2.freex.es/img/071/1000037953/1024x1024/2bb77e114d2b294b5d73fa5dd1227b2b
1000037954,BOBINA DE SISAL,2.92,8666662024796,visible,CUERDA LINO,1,202479-2,https://img-eu-2.freex.es/img/071/1000037954/1024x1024/d6d81e26c9496fbae4e0fe35f1dfebbb
1000038001,BOBINA DE SISAL,2.92,866666202480,visible,CUERDA LINO,1,202480-3,https://img-eu-2.freex.es/img/071/1000038001/1024x1024/ba87a286db9867702bef149bb4256221
1000037955,BOBINA DE SISAL,2.92,8666662024819,visible,CUERDA LINO,1,202481-4,https://img-eu-2.freex.es/img/071/1000037955/1024x1024/4935ea8095a70fffdcdd3d79a115ac41
1000037956,BOBINA DE SISAL,2.92,8666662024826,visible,CUERDA LINO,1,202482-5,https://img-eu-2.freex.es/img/071/1000037956/1024x1024/575080fb03f358ec88694c78aaba498e
1000037957,BOBINA DE SISAL,2.92,8666662024833,visible,CUERDA LINO,1,202483-6,https://img-eu-2.freex.es/img/071/1000037957/1024x1024/2e536a6d6efb01e1cc96ce53c8c44606
1000037958,BOBINA DE SISAL,2.92,8666662024840,visible,CUERDA LINO,1,202484-7,https://img-eu-2.freex.es/img/071/1000037958/1024x1024/0558aec76f1e53cf7ce705969beb44e0
1000037959,BOBINA DE SISAL,2.92,8666662024857,visible,CUERDA LINO,1,202485-8,https://img-eu-2.freex.es/img/071/1000037959/1024x1024/461f18e310c71d692fa68e35c75a9beb
1000038002,BOBINA DE SISAL,2.92,866666202486,visible,CUERDA LINO,1,202486-9,https://img-eu-2.freex.es/img/071/1000038002/1024x1024/3c37ecc27ea5c421dc6e5a599257ff49
1000038003,BOBINA DE SISAL,2.92,866666202487,visible,CUERDA LINO,1,202487-10,https://img-eu-2.freex.es/img/071/1000038003/1024x1024/ef16c05a30d269ebf0d7376109dd19aa
1000037960,BOBINA DE SISAL,2.92,866666202488,visible,CUERDA LINO,1,202488-11,https://img-eu-2.freex.es/img/071/1000037960/1024x1024/cb5b64d799833e629ee281b59b09c5e7
1000037961,BOBINA DE SISAL,2.92,8666662024895,visible,CUERDA LINO,1,202489-12,https://img-eu-2.freex.es/img/071/1000037961/1024x1024/084e8044de8215c0044e7ae833faa700
1000037962,BOBINA DE SISAL,2.92,8666662024901,visible,CUERDA LINO,1,202490-1,https://img-eu-2.freex.es/img/071/1000037962/1024x1024/0f5ed571aa808a53ecc927f6dfc2642c
1000037963,BOBINA DE SISAL,2.92,8666662024918,visible,CUERDA LINO,1,202491-2,https://img-eu-2.freex.es/img/071/1000037963/1024x1024/6be704f0465b428d1f8449792fc88518
1000038004,BOBINA DE SISAL,2.92,866666202492,visible,CUERDA LINO,1,202492-3,https://img-eu-2.freex.es/img/071/1000038004/1024x1024/420262739f2361053460edc84841d83b
1000038610,BOBINA DE SISAL,2.92,866666202493,visible,CUERDA LINO,1,202493-4,https://img-eu-2.freex.es/img/071/1000038610/1024x1024/8524655ca394214774c5d862b74d2721
1000037964,BOBINA DE SISAL,2.92,8666662024949,visible,CUERDA LINO,1,202494-5,https://img-eu-2.freex.es/img/071/1000037964/1024x1024/bdc0ca8c6bf6a72836c574a6aa3cd030
1000038005,BOBINA DE SISAL,2.92,866666202495,visible,CUERDA LINO,1,202495-6,https://img-eu-2.freex.es/img/071/1000038005/1024x1024/1dbbb059893345ad0840e2eb90a5b3ce
1000038006,BOBINA DE SISAL,2.92,866666202496,visible,CUERDA LINO,1,202496-7,https://img-eu-2.freex.es/img/071/1000038006/1024x1024/33ac9469d9c1721bc184784f8d25ecf3
1000038007,BOBINA DE SISAL,2.92,866666202497,visible,CUERDA LINO,1,202497-8,https://img-eu-2.freex.es/img/071/1000038007/1024x1024/80ac53482ffdf99dec685fad3335395b
1000037965,BOBINA DE SISAL,2.92,8666662024987,visible,CUERDA LINO,1,202498-9,https://img-eu-2.freex.es/img/071/1000037965/1024x1024/48e0b0f04c7840586ed63f8b167a795f
1000038008,BOBINA DE SISAL,2.92,866666202499,visible,CUERDA LINO,1,202499-10,https://img-eu-2.freex.es/img/071/1000038008/1024x1024/176cbdf1d3af55b191c72e9b6a8c94d7
1000037966,BOBINA DE SISAL,2.92,8666662025007,visible,CUERDA LINO,1,202500-11,https://img-eu-2.freex.es/img/071/1000037966/1024x1024/e6519f69cb8525f1bc678e09a09a180a
1000038194,BOBINA DE SISAL,2.92,866666202501,visible,CUERDA LINO,1,202501-12,https://img-eu-2.freex.es/img/071/1000038194/1024x1024/dd207a10221e10b9282d4f46717061b1
1000037967,BOBINA DE SISAL,2.92,8666662025021,visible,CUERDA LINO,1,202502,https://img-eu-2.freex.es/img/071/1000037967/1024x1024/6301322f4714e4b83d37699d49d2f5fb
1000038010,BOBINA DE SISAL,2.92,866666202503,visible,CUERDA LINO,1,202503,https://img-eu-2.freex.es/img/071/1000038010/1024x1024/1aa9b0a08fd7b84ff2f00913dffc6486
1000038011,BOBINA DE SISAL,2.92,866666202504,visible,CUERDA LINO,1,202504,https://img-eu-2.freex.es/img/071/1000038011/1024x1024/14c1bb24f0e96053bd664dfd89abb00d
1000037968,BOBINA DE SISAL,2.92,8666662025052,visible,CUERDA LINO,1,202505,https://img-eu-2.freex.es/img/071/1000037968/1024x1024/c30c3e1cc8af780079faedb8af7442a1
1000038012,BOBINA DE SISAL,2.92,866666202506,visible,CUERDA LINO,1,202506,https://img-eu-2.freex.es/img/071/1000038012/1024x1024/13012e45601ac8f5b4df00ede59965f2
1000038013,BOBINA DE SISAL,2.92,866666202507,visible,CUERDA LINO,1,202507,https://img-eu-2.freex.es/img/071/1000038013/1024x1024/145f6db924de6c20f970211c7815873f
1000038014,BOBINA DE SISAL,2.92,866666202508,visible,CUERDA LINO,1,202508,https://img-eu-2.freex.es/img/071/1000038014/1024x1024/5f0b3ebedda2b04478dd50973822c091
1000037969,BOBINA DE SISAL,2.92,8666662025090,visible,CUERDA LINO,1,202509,https://img-eu-2.freex.es/img/071/1000037969/1024x1024/f6ddcb196f6f8fe8147da863a5e3956d
1000038015,BOBINA DE SISAL,2.92,866666202510,visible,CUERDA LINO,1,202510,https://img-eu-2.freex.es/img/071/1000038015/1024x1024/44fa0fef70094146e4bd876f60359bd8
1000038016,BOBINA DE SISAL,2.92,866666202511,visible,CUERDA LINO,1,202511,https://img-eu-2.freex.es/img/071/1000038016/1024x1024/d981bdb8e5dc3229b13939e6225fc196
1000037970,BOBINA DE SISAL,2.92,8666662025120,visible,CUERDA LINO,1,202512,https://img-eu-2.freex.es/img/071/1000037970/1024x1024/0609cba3ce209b2c12b7e4b02ea48d18
1000038017,BOBINA DE SISAL,2.92,866666202513,visible,CUERDA LINO,1,202513,https://img-eu-2.freex.es/img/071/1000038017/1024x1024/a47b48159ebf13e371c93bc7140c613d
1000033954,CUERDA DE SISAL,0.99,866666192719,visible,CUERDA LINO,1,92719,https://img-eu-2.freex.es/img/071/1000033954/1024x1024/54cc8f90bfd2e2cc6bcf6d57ef9899a4
1000033953,CUERDA DE SISAL,0.72,866666192718,visible,CUERDA LINO,1,92718,https://img-eu-2.freex.es/img/071/1000033953/1024x1024/1f34c3db592e415529bef4789a2cb2d1
1000033951,CUERDA DE SISAL,0.57,866666192716,visible,CUERDA LINO,1,92716,https://img-eu-2.freex.es/img/071/1000033951/1024x1024/0c7ee99547df07fdcfac968877faf136
1000033950,CUERDA DE SISAL,0.44,866666192715,visible,CUERDA LINO,1,92715,https://img-eu-2.freex.es/img/071/1000033950/1024x1024/74da213b2c84920de10535b59cc8010b
1000033949,CUERDA DE SISAL,0.41,866666192714,visible,CUERDA LINO,1,92714,https://img-eu-2.freex.es/img/071/1000033949/1024x1024/b561bf429615e4a2d9608f96ed406288
1000033960,CUERDA DE ALGOD?N,0.87,866666192725,visible,CUERDA LINO,1,92725,https://img-eu-2.freex.es/img/071/1000033960/1024x1024/99e038e684d2b53a19b328da867dd210
1000033959,CUERDA DE ALGOD?N,0.57,866666192724,visible,CUERDA LINO,1,92724,https://img-eu-2.freex.es/img/071/1000033959/1024x1024/e2b35e80277e216d0d4c09661615473c
1000033958,CUERDA DE ALGOD?N,0.53,866666192723,visible,CUERDA LINO,1,92723,https://img-eu-2.freex.es/img/071/1000033958/1024x1024/65b3b796dc75a2dec04016ac80fc5504
1000033957,CUERDA DE ALGOD?,0.47,866666192722,visible,CUERDA LINO,1,92722,https://img-eu-2.freex.es/img/071/1000033957/1024x1024/82d0e96254d74522963fb5d1ee2949fe
1000033956,CUERDA DE ALGOD?N,0.44,866666192721,visible,CUERDA LINO,1,92721,https://img-eu-2.freex.es/img/071/1000033956/1024x1024/b8f869945efc2e7b8b43131344893116
1000033955,CUERDA DE ALGOD?N,0.41,866666192720,visible,CUERDA LINO,1,92720,https://img-eu-2.freex.es/img/071/1000033955/1024x1024/d99b68e2a4bea9ae5bd4b37ac71a97fc
1000031802,14001 CUERDA DE ALGODON,0.64,8666661103508,visible,CUERDA LINO,1,14001-5,https://img-eu-2.freex.es/img/071/1000031802/1024x1024/0e27fa40ba5b16b4857a109a0aa0c022
1000031804,CUERDA DE ALGODON,0.64,8666661103508,visible,CUERDA LINO,1,14001-7,https://img-eu-2.freex.es/img/071/1000031804/1024x1024/7fde9257e2b6955e61b509e2f93293b4
1000031806,CUERDA DE ALGODON,0.72,8666661103522,visible,CUERDA LINO,1,14003,https://img-eu-2.freex.es/img/071/1000031806/1024x1024/096c8d03344bcea5531be8adc2ef5ad1
1000022561,CUERDA DE ALGODON 92712-7,0.72,8666661103515,visible,CUERDA LINO,1,14002,https://img-eu-2.freex.es/img/071/1000022561/1024x1024/526bf1b58674d2be23a4239c9a982138
1000033981,BOBINA HILO SISAL,0.72,8666661140008,visible,CUERDA LINO,1,14000-0,https://img-eu-2.freex.es/img/071/1000033981/1024x1024/95be73c4c0adaf35c9f70baebbb1b7ad
1000033982,BOBINA HILO SISAL,0.72,8666661140008,visible,CUERDA LINO,1,14000-01,https://img-eu-2.freex.es/img/071/1000033982/1024x1024/6d17c738ecb80e4f76ccf156dec95c60
1000033983,BOBINA HILO SISAL,0.72,8666661140008,visible,CUERDA LINO,1,14000-02,https://img-eu-2.freex.es/img/071/1000033983/1024x1024/e0b6443d4b854942990937686399b592
1000033984,BOBINA HILO SISAL,0.72,8666661140008,visible,CUERDA LINO,1,14000-03,https://img-eu-2.freex.es/img/071/1000033984/1024x1024/3a5d0fa4c3227ba296825bdfa3552b06
1000033985,BOBINA HILO SISAL,0.72,8666661140008,visible,CUERDA LINO,1,14000-04,https://img-eu-2.freex.es/img/071/1000033985/1024x1024/03f197628dcda2eacff16d574d63042d
1000033986,BOBINA HILO SISAL,0.72,8666661140008,visible,CUERDA LINO,1,14000-05,https://img-eu-2.freex.es/img/071/1000033986/1024x1024/888608bca9f0b26878d3c46ced900f64
1000033987,BOBINA HILO SISAL,0.72,8666661140008,visible,CUERDA LINO,1,14000-06,https://img-eu-2.freex.es/img/071/1000033987/1024x1024/743b2da7331e9ccab14c3824a627c542
1000033988,BOBINA HILO SISAL,0.72,8666661140008,visible,CUERDA LINO,1,14000-07,https://img-eu-2.freex.es/img/071/1000033988/1024x1024/aa42361f520fdcb804848498bc78c0ab
1000033898,BOBINA HILO SISAL,1.04,92712-1,visible,CUERDA LINO,1,92712-1,https://img-eu-2.freex.es/img/071/1000033898/1024x1024/e574aa2f2f4daf5b3395c02b54cf8ff1
1000033900,BOBINA HILO SISAL,1.04,92712-2,visible,CUERDA LINO,1,92712-2,https://img-eu-2.freex.es/img/071/1000033900/1024x1024/2eaef2483c0bf3fdec6ec72e63c581c8
1000033901,BOBINA HILO SISAL,1.04,92712-3,visible,CUERDA LINO,1,92712-3,https://img-eu-2.freex.es/img/071/1000033901/1024x1024/4a53842c2fee9b1047273112597b95e5
1000033902,BOBINA HILO SISAL,1.04,92712-4,visible,CUERDA LINO,1,92712-4,https://img-eu-2.freex.es/img/071/1000033902/1024x1024/a7fce1cb3179b829e6bd7dda3ae6f05d
1000033903,BOBINA HILO SISAL,1.04,92712-5,visible,CUERDA LINO,1,92712-5,https://img-eu-2.freex.es/img/071/1000033903/1024x1024/36a74b7cbdf60be1ad23781a2f4e8e3f
1000033904,BOBINA HILO SISAL,1.04,92712-6,visible,CUERDA LINO,1,92712-6,https://img-eu-2.freex.es/img/071/1000033904/1024x1024/45fede1d08fffa6adc88dd5053af580c
1000033905,BOBINA HILO SISAL14002,1.04,92712-7,visible,CUERDA LINO,1,92712-7,https://img-eu-2.freex.es/img/071/1000033905/1024x1024/877c16b7ea2be4dd9b1046f65759853a
1000033906,BOBINA HILO SISAL,1.04,92712-8,visible,CUERDA LINO,1,92712-8,https://img-eu-2.freex.es/img/071/1000033906/1024x1024/3cf1fb39aa399149bb89491f348e09a2
1000033907,BOBINA HILO SISAL,1.04,92712-9,visible,CUERDA LINO,1,92712-9,https://img-eu-2.freex.es/img/071/1000033907/1024x1024/71bfb6a7603a23c3b3ad55e1c56727fc
1000033899,BOBINA HILO SISAL,1.04,92712-10,visible,CUERDA LINO,1,92712-10,https://img-eu-2.freex.es/img/071/1000033899/1024x1024/4090322d0ae5e6a45c8f39ea4daafe97
1000034542,BOBINA DE SISAL,0.47,92898-1,visible,CUERDA LINO,1,92898-1,https://img-eu-2.freex.es/img/071/1000034542/1024x1024/6df23c6104e313f32881a4371865b6da
1000034551,BOBINA DE SISAL,0.47,92898-2,visible,CUERDA LINO,1,92898-2,https://img-eu-2.freex.es/img/071/1000034551/1024x1024/0fa2705944cb027c4e891416d98e1f84
1000034552,BOBINA DE SISAL,0.47,92898-3,visible,CUERDA LINO,1,92898-3,https://img-eu-2.freex.es/img/071/1000034552/1024x1024/c156e88f376bc2c6c49ec0c53bf046dc
1000034553,BOBINA DE SISAL,0.47,92898-4,visible,CUERDA LINO,1,92898-4,https://img-eu-2.freex.es/img/071/1000034553/1024x1024/73c02a0ecae1ca684975165de9d0e27e
1000034554,BOBINA DE SISAL,0.47,92898-5,visible,CUERDA LINO,1,92898-5,https://img-eu-2.freex.es/img/071/1000034554/1024x1024/ad85472718fc6ba91811fa7be672bd9c
1000034555,BOBINA DE SISAL,0.47,92898-6,visible,CUERDA LINO,1,92898-6,https://img-eu-2.freex.es/img/071/1000034555/1024x1024/116c6bc14eeb180a089baff4b9791ba3
1000034556,BOBINA DE SISAL,0.47,92898-7,visible,CUERDA LINO,1,92898-7,https://img-eu-2.freex.es/img/071/1000034556/1024x1024/f0611b3e930c61c30d8e5c2ac21eaec9
1000034557,BOBINA DE SISAL,0.47,92898-8,visible,CUERDA LINO,1,92898-8,https://img-eu-2.freex.es/img/071/1000034557/1024x1024/bea8fe13f862b3d1122c29677fcd701d
1000034558,BOBINA DE SISAL,0.47,92898-9,visible,CUERDA LINO,1,92898-9,https://img-eu-2.freex.es/img/071/1000034558/1024x1024/107709fc9e8e7114245973ea3e3d3d07
1000034543,BOBINA DE SISAL,0.47,92898-10,visible,CUERDA LINO,1,92898-10,https://img-eu-2.freex.es/img/071/1000034543/1024x1024/c6a232251c66c615a580fd406c57f4d2
1000034544,BOBINA DE SISAL,0.47,92898-11,visible,CUERDA LINO,1,92898-11,https://img-eu-2.freex.es/img/071/1000034544/1024x1024/012f83d19cf2e1b08ab89977cdd36c61
1000034545,BOBINA DE SISAL,0.47,92898-12,visible,CUERDA LINO,1,92898-12,https://img-eu-2.freex.es/img/071/1000034545/1024x1024/ba193928305d0dfae623aaff0166ad14
1000034546,BOBINA DE SISAL,0.47,92898-13,visible,CUERDA LINO,1,92898-13,https://img-eu-2.freex.es/img/071/1000034546/1024x1024/c3fb778288496a6dd1c0262a1bf42a5c
1000034547,BOBINA DE SISAL,0.47,92898-14,visible,CUERDA LINO,1,92898-14,https://img-eu-2.freex.es/img/071/1000034547/1024x1024/6fbf312b83717a2ede74d2918a2a2c16
1000034548,BOBINA DE SISAL,0.47,92898-15,visible,CUERDA LINO,1,92898-15,https://img-eu-2.freex.es/img/071/1000034548/1024x1024/8317f1228ed5e3e86feb5d8af140f54b
1000034549,BOBINA DE SISAL,0.47,92898-16,visible,CUERDA LINO,1,92898-16,https://img-eu-2.freex.es/img/071/1000034549/1024x1024/a48f370ba85bcab8145000ae0e5c7c3f
1000034550,BOBINA DE SISAL,0.47,92898-17,visible,CUERDA LINO,1,92898-17,https://img-eu-2.freex.es/img/071/1000034550/1024x1024/5966c1f12aa8aed5d06fecf5773c211d
1000034526,BOBINA DE SISAL,0.47,92897-1,visible,CUERDA LINO,1,92897-1,https://img-eu-2.freex.es/img/071/1000034526/1024x1024/e41c4ec96998a76cf856dd943532ca8b
1000034534,BOBINA DE SISAL,0.47,92897-2,visible,CUERDA LINO,1,92897-2,https://img-eu-2.freex.es/img/071/1000034534/1024x1024/426f02e27fb9181e92a95c15b9bbceb6
1000034535,BOBINA DE SISAL,0.47,92897-3,visible,CUERDA LINO,1,92897-3,https://img-eu-2.freex.es/img/071/1000034535/1024x1024/61983410789582b4102e9e437df4cc91
1000034536,BOBINA DE SISAL,0.47,92897-4,visible,CUERDA LINO,1,92897-4,https://img-eu-2.freex.es/img/071/1000034536/1024x1024/69c10f8fbed53e7b617362fecb16968d
1000034537,BOBINA DE SISAL,0.47,92897-5,visible,CUERDA LINO,1,92897-5,https://img-eu-2.freex.es/img/071/1000034537/1024x1024/9ea763d87308ded3b0ff9691686775b6
1000034538,BOBINA DE SISAL,0.47,92897-6,visible,CUERDA LINO,1,92897-6,https://img-eu-2.freex.es/img/071/1000034538/1024x1024/6105d71c1cdd76d7d0e49d4e9a8449f8
1000034539,BOBINA DE SISAL,0.47,92897-7,visible,CUERDA LINO,1,92897-7,https://img-eu-2.freex.es/img/071/1000034539/1024x1024/a163e9288ad703972eca5a1c582cfa49
1000034540,BOBINA DE SISAL,0.47,92897-8,visible,CUERDA LINO,1,92897-8,https://img-eu-2.freex.es/img/071/1000034540/1024x1024/2e61e4c03ceca5ab055f97f505ab74fc
1000034541,BOBINA DE SISAL,0.47,92897-9,visible,CUERDA LINO,1,92897-9,https://img-eu-2.freex.es/img/071/1000034541/1024x1024/a71c1ae4a774335c5c9ca7bd02da4f5e
1000034527,BOBINA DE SISAL,0.47,92897-10,visible,CUERDA LINO,1,92897-10,https://img-eu-2.freex.es/img/071/1000034527/1024x1024/3ebf2aab905d8bceb1892c7c025f12ed
1000034528,BOBINA DE SISAL,0.47,92897-11,visible,CUERDA LINO,1,92897-11,https://img-eu-2.freex.es/img/071/1000034528/1024x1024/aaa874ec3a99149115131f76b12fddd9
1000034529,BOBINA DE SISAL,0.47,92897-12,visible,CUERDA LINO,1,92897-12,https://img-eu-2.freex.es/img/071/1000034529/1024x1024/b8bb713f719c9921289413ed7bb1cda8
1000034530,BOBINA DE SISAL,0.47,92897-13,visible,CUERDA LINO,1,92897-13,https://img-eu-2.freex.es/img/071/1000034530/1024x1024/618438747720db7bb195acd4f577519f
1000034531,BOBINA DE SISAL,0.47,92897-14,visible,CUERDA LINO,1,92897-14,https://img-eu-2.freex.es/img/071/1000034531/1024x1024/d519ad9821ef2a450367bc2155240ef8
1000034532,BOBINA DE SISAL,0.47,92897-15,visible,CUERDA LINO,1,92897-15,https://img-eu-2.freex.es/img/071/1000034532/1024x1024/a03864f1f430c40e7e9820d85598c364
1000034533,BOBINA DE SISAL,0.47,92897-16,visible,CUERDA LINO,1,92897-16,https://img-eu-2.freex.es/img/071/1000034533/1024x1024/c6b98796ace5a9d1327b0ed77b92027b
1000029907,CUERDA DE LINO,1.31,866666191941,visible,CUERDA LINO,1,91941,https://img-eu-2.freex.es/img/071/1000029907/1024x1024/e02aa30d1f6aa374e27c990a61bdad75
1000029908,CUERDA DE LINO,1.41,866666191942,visible,CUERDA LINO,1,91942,https://img-eu-2.freex.es/img/071/1000029908/1024x1024/6f7f443a07bcb17aa3c306ef20a05853
1000029909,CUERDA DE LINO,1.35,866666191943,visible,CUERDA LINO,1,91943,https://img-eu-2.freex.es/img/071/1000029909/1024x1024/533897ee1846abd77a807872ee9b753a
1000029910,CUERDA DE LINO,1.35,866666191944,visible,CUERDA LINO,1,91944,https://img-eu-2.freex.es/img/071/1000029910/1024x1024/93964530d29666c2e5f79ee971d5eb43
1000029911,CUERDA DE LINO,1.46,866666191945,visible,CUERDA LINO,1,91945,https://img-eu-2.freex.es/img/071/1000029911/1024x1024/3764ef78f5b5d262685ad050f35909c8
1000029912,CUERDA DE LINO,1.35,866666191946,visible,CUERDA LINO,1,91946,https://img-eu-2.freex.es/img/071/1000029912/1024x1024/a575eea15176eb691f5a9cd36860c9dd
1000029913,CUERDA DE LINO,2.36,866666191947,visible,CUERDA LINO,1,91947,https://img-eu-2.freex.es/img/071/1000029913/1024x1024/c7b5688f85f3fde7e84d05dab2c5f8e6
1000029914,CUERDA DE LINO,2.25,866666191948,visible,CUERDA LINO,1,91948,https://img-eu-2.freex.es/img/071/1000029914/1024x1024/00e30b775a2a83749a6122f9cc28159e
1000029915,CUERDA DE LINO,2.46,866666191949,visible,CUERDA LINO,1,91949,https://img-eu-2.freex.es/img/071/1000029915/1024x1024/9599f2c8e2a1b03b51b26886247850b3
1000029916,CUERDA DE LINO,2.25,866666191950,visible,CUERDA LINO,1,91950,https://img-eu-2.freex.es/img/071/1000029916/1024x1024/30fdf6393058fcfa2588577c486d7ad5
1000030223,CUERDA DE LINO,2.36,866666191951,visible,CUERDA LINO,1,91951,https://img-eu-2.freex.es/img/071/1000030223/1024x1024/8c3b80b5fb38f20d1da3b916d9f44425
1000030224,CUERDA DE LINO,2.67,866666191952,visible,CUERDA LINO,1,91952,https://img-eu-2.freex.es/img/071/1000030224/1024x1024/3e83b90479125ff8c432f67931d68d76
1000030225,CUERDA DE LINO,3.66,866666191953,visible,CUERDA LINO,1,91953,https://img-eu-2.freex.es/img/071/1000030225/1024x1024/ea5564a4514d7fa18d7bc906ba466fd3
1000030226,CUERDA DE LINO,4.04,866666191954,visible,CUERDA LINO,1,91954,https://img-eu-2.freex.es/img/071/1000030226/1024x1024/6a42a97f41510b4b6906282fcad3304e
1000029917,CUERDA DE LINO,6.24,866666191955,visible,CUERDA LINO,1,91955,https://img-eu-2.freex.es/img/071/1000029917/1024x1024/d40cc9244ac233e9f51c291b0821a47c
1000030227,CUERDA DE LINO,7.92,866666191956,visible,CUERDA LINO,1,91956,https://img-eu-2.freex.es/img/071/1000030227/1024x1024/576961ae88976c59fb01aa42eb2a2038
1000029918,CUERDA DE ALGOD?,1.2,866666191957,visible,CUERDA LINO,1,91957,https://img-eu-2.freex.es/img/071/1000029918/1024x1024/337eb13fce0d09c9dd65959ae4143156
1000029919,CUERDA DE ALGOD?,1.25,866666191958,visible,CUERDA LINO,1,91958,https://img-eu-2.freex.es/img/071/1000029919/1024x1024/ca5d3fc01a618543b07defe7e519ebee
1000029920,CUERDA DE ALGOD?,1.31,866666191959,visible,CUERDA LINO,1,91959,https://img-eu-2.freex.es/img/071/1000029920/1024x1024/a26aa057602a33d61c6e1fccb6bd85ba
1000029921,CUERDA DE ALGODON,1.31,866666191960,visible,CUERDA LINO,1,91960,https://img-eu-2.freex.es/img/071/1000029921/1024x1024/17f101938dae199cd7267745a24f34fc
1000029922,CUERDA DE ALGOD?N,1.31,866666191961,visible,CUERDA LINO,1,91961,https://img-eu-2.freex.es/img/071/1000029922/1024x1024/75b2478b55d9e1d0d40a3c11d6a388ea
1000029923,CUERDA DE ALGODON,2.19,866666191962,visible,CUERDA LINO,1,91962,https://img-eu-2.freex.es/img/071/1000029923/1024x1024/ce9efa2042efd012cfd2c3313839f223
1000029585,CUERDA DE ALGODON,1.83,91963,visible,CUERDA LINO,1,91963,https://img-eu-2.freex.es/img/071/1000029585/1024x1024/ae73a2c9f71bff8107ea88276e7e6812
1000029586,CUERDA DE ALGODON,2.04,91964,visible,CUERDA LINO,1,91964,https://img-eu-2.freex.es/img/071/1000029586/1024x1024/73ceec522a7ca651d6a7130be611c0b9
1000029587,CUERDA DE ALGODON,1.83,91965,visible,CUERDA LINO,1,91965,https://img-eu-2.freex.es/img/071/1000029587/1024x1024/30959b9136687f2d04662bd8ed23540f
1000029588,CUERDA DE ALGODON,1.83,91966,visible,CUERDA LINO,1,91966,https://img-eu-2.freex.es/img/071/1000029588/1024x1024/3dc92a69248037de046f5d74cfbcd0ae
1000029589,CUERDA DE ALGODON,2.04,91967,visible,CUERDA LINO,1,91967,https://img-eu-2.freex.es/img/071/1000029589/1024x1024/71bba85b8a5ab4c7cfda8c5b12ee5499
1000029924,CUERDA DE ALGODON,2.57,866666191968,visible,CUERDA LINO,1,91968,https://img-eu-2.freex.es/img/071/1000029924/1024x1024/c6904ee1d85ef314f743020fd4dc8b0c
1000033083,CUERDA DE ALGODON,3.09,866666191969,visible,CUERDA LINO,1,91969,https://img-eu-2.freex.es/img/071/1000033083/1024x1024/1058a0c2bd0aba71374bff4a9716d1c1
1000031899,,0,,visible,CUERDA LINO,1,20220615114239,https://img-eu-2.freex.es/img/071/1000031899/1024x1024/68326dd6acf491c3e2a94f17e889cb17
1000040099,CUERDA DIY,0,,visible,CUERDA DIY,1,??_20240418145336,https://img-eu-2.freex.es/img/071/1000040099/1024x1024/d1d6ee4696c27e11759a9a817b86b59f
1000038509,GOMA PARA PULSERA,0.66,866666202628,visible,CUERDA DIY,1,202628,https://img-eu-2.freex.es/img/071/1000038509/1024x1024/e1d759d9537ad876573f05e92cdb218a
1000038510,GOMA PARA PULSERA,0.89,866666202629,visible,CUERDA DIY,1,202629,https://img-eu-2.freex.es/img/071/1000038510/1024x1024/e3c0bcc840ba8d1df114df68472ebe99
1000038511,GOMA PARA PULSERA,0.83,866666202630,visible,CUERDA DIY,1,202630,https://img-eu-2.freex.es/img/071/1000038511/1024x1024/f8d251cd560d936765c565420513fc4d
1000038513,GOMA PARA PULSERA,0.66,866666202632,visible,CUERDA DIY,1,202632,https://img-eu-2.freex.es/img/071/1000038513/1024x1024/9470e50abd57a0286c33a4f5ec352dbc
1000038512,GOMA PARA PULSERA,0.83,866666202631,visible,CUERDA DIY,1,202631,https://img-eu-2.freex.es/img/071/1000038512/1024x1024/d1c10f46525440591fa032c771aa48f6
1000038514,GOMA PARA PULSERA,0.66,866666202633,visible,CUERDA DIY,1,202633,https://img-eu-2.freex.es/img/071/1000038514/1024x1024/cda703715e9cffe04c254d95b1c40711
1000038516,GOMA PARA PULSERA,0.92,866666202635,visible,CUERDA DIY,1,202635,https://img-eu-2.freex.es/img/071/1000038516/1024x1024/30017353a01c0b4a114289a0aa3e3f94
1000038515,GOMA PARA PULSERA,0.66,866666202634,visible,CUERDA DIY,1,202634,https://img-eu-2.freex.es/img/071/1000038515/1024x1024/a9a1d2af6d9978252d629a9e6d52394f
1000042632,CORDON TIRADO,0.64,8666662019310,visible,CUERDA DIY,1,201931,https://img-eu-2.freex.es/img/071/1000042632/1024x1024/a3c2a7539b02632bb1e0f891e25514d8
1000042633,CORDON TIRADO,0.64,8666662019327,visible,CUERDA DIY,1,201932,https://img-eu-2.freex.es/img/071/1000042633/1024x1024/6a1b4190e63ece08e80d2d281c492633
1000042634,CORDON TIRADO,0.64,8666662019334,visible,CUERDA DIY,1,201933,https://img-eu-2.freex.es/img/071/1000042634/1024x1024/908f59192a3e93fb20be2e25cbeb6ad1
1000042635,CORDON TIRADO,0.64,8666662019341,visible,CUERDA DIY,1,201934,https://img-eu-2.freex.es/img/071/1000042635/1024x1024/eccf3a55e5f04b4088343006739956ce
1000042943,CORDON TIRADO,0.64,8666662019358,visible,CUERDA DIY,1,201935-1,https://img-eu-2.freex.es/img/071/1000042943/1024x1024/2e86ca2e92c0cb6f4f7912bc659f3bca
1000042636,CORDON TIRADO,0.64,8666662019365,visible,CUERDA DIY,1,201936,https://img-eu-2.freex.es/img/071/1000042636/1024x1024/676ecd038faf7a8ab5dc9b4b4079f271
1000042637,CORDON TIRADO,0.64,8666662019372,visible,CUERDA DIY,1,201937,https://img-eu-2.freex.es/img/071/1000042637/1024x1024/6983ba413ad53a7d3ee10009498ae782
1000042638,CORDON TIRADO,0.64,8666662019389,visible,CUERDA DIY,1,201938,https://img-eu-2.freex.es/img/071/1000042638/1024x1024/398831bf115287c5a9851cbeb114596e
1000042639,CORDON TIRADO,0.64,8666662019396,visible,CUERDA DIY,1,201939,https://img-eu-2.freex.es/img/071/1000042639/1024x1024/7bcd930be5dfe234c46f1229b8a35d4d
1000042640,CORDON TIRADO,0.64,8666662019402,visible,CUERDA DIY,1,201940,https://img-eu-2.freex.es/img/071/1000042640/1024x1024/f2bd573348933d062fbe56aca31cb444
1000042641,CORDON TIRADO,0.64,8666662019419,visible,CUERDA DIY,1,201941,https://img-eu-2.freex.es/img/071/1000042641/1024x1024/c9eede568de25257c947980f3ade3899
1000042944,CORDON TIRADO,0.64,8666662019426,visible,CUERDA DIY,1,201942-1,https://img-eu-2.freex.es/img/071/1000042944/1024x1024/03e9536bc770f04f7c39bfc66a91d4af
1000042642,CORDON TIRADO,0.64,8666662019433,visible,CUERDA DIY,1,201943,https://img-eu-2.freex.es/img/071/1000042642/1024x1024/aa6393cd2200c3214262a0be023d9f1f
1000042643,CORDON TIRADO,0.64,8666662019440,visible,CUERDA DIY,1,201944,https://img-eu-2.freex.es/img/071/1000042643/1024x1024/1c9bde206572fb1d870c95f8b7e82668
1000042644,CORDON TIRADO,0.64,8666662019457,visible,CUERDA DIY,1,201945,https://img-eu-2.freex.es/img/071/1000042644/1024x1024/7cbd5bf4573b4b29aec079fef2e3694c
1000042645,CORDON TIRADO,0.64,8666662019464,visible,CUERDA DIY,1,201946,https://img-eu-2.freex.es/img/071/1000042645/1024x1024/471fc612974220dde1db3bd00d0ad797
1000042646,CORDON TIRADO,0.64,8666662019471,visible,CUERDA DIY,1,201947,https://img-eu-2.freex.es/img/071/1000042646/1024x1024/a43ff2065535ef675ccc03fa84511e27
1000042647,CORDON TIRADO,0.64,8666662019488,visible,CUERDA DIY,1,201948,https://img-eu-2.freex.es/img/071/1000042647/1024x1024/c07aec47fd562d43f74c1d5a217f780e
1000042648,CORDON TIRADO,0.64,8666662019495,visible,CUERDA DIY,1,201949,https://img-eu-2.freex.es/img/071/1000042648/1024x1024/e60913bd3c59629176a277cbb9b99aac
1000042649,CORDON TIRADO,0.64,8666662019501,visible,CUERDA DIY,1,201950,https://img-eu-2.freex.es/img/071/1000042649/1024x1024/5eb9d3f84abdfabeb60a74032ce34146
1000042650,CORDON TIRADO,0.64,8666662019518,visible,CUERDA DIY,1,201951,https://img-eu-2.freex.es/img/071/1000042650/1024x1024/10dbd738810c43c8980ea13d5dba5222
1000042651,CORDON TIRADO,0.64,8666662019525,visible,CUERDA DIY,1,201952,https://img-eu-2.freex.es/img/071/1000042651/1024x1024/41d5d1a3b2e1d6576e4a70f6dbe5ad39
1000042652,CORDON TIRADO,0.64,8666662019532,visible,CUERDA DIY,1,201953,https://img-eu-2.freex.es/img/071/1000042652/1024x1024/05c9700e3c187c5ae465fa2c2377183b
1000042653,CORDON TIRADO,0.64,8666662019549,visible,CUERDA DIY,1,201954,https://img-eu-2.freex.es/img/071/1000042653/1024x1024/19b52473c2c81ead02177f646aca9752
1000042654,CORDON TIRADO,0.64,8666662019556,visible,CUERDA DIY,1,201955,https://img-eu-2.freex.es/img/071/1000042654/1024x1024/0346c74c0a0aea7f68d87ee80b8a88ca
1000042655,CORDON TIRADO,0.64,8666662019563,visible,CUERDA DIY,1,201956,https://img-eu-2.freex.es/img/071/1000042655/1024x1024/73bacc4f2041480efd30b1d749de8a0d
1000042656,CORDON TIRADO,0.64,8666662019570,visible,CUERDA DIY,1,201957,https://img-eu-2.freex.es/img/071/1000042656/1024x1024/1e27deb97d68ec7347792d1c7a657684
1000042657,CORDON TIRADO,0.64,8666662019587,visible,CUERDA DIY,1,201958,https://img-eu-2.freex.es/img/071/1000042657/1024x1024/217fbb49a308158380acf5ccceaa8dad
1000007512,CORDON TIRADO,1.94,8666661082735,visible,CUERDA DIY,1,08273-1,https://img-eu-2.freex.es/img/071/1000007512/1024x1024/d31e1669e4f9ca80e9a4b31bdf72dc23
1000007513,CORDON TIRADO,1.94,8666661082735,visible,CUERDA DIY,1,08273-2,https://img-eu-2.freex.es/img/071/1000007513/1024x1024/8d195cb79fcd7526a3ec49f615e1f6f6
1000007514,CORDON TIRADO,1.94,8666661082735,visible,CUERDA DIY,1,08273-3,https://img-eu-2.freex.es/img/071/1000007514/1024x1024/bb1916cf6f619561242da51c3b4e0783
1000007515,CORDON TIRADO,1.94,8666661082735,visible,CUERDA DIY,1,08273-4,https://img-eu-2.freex.es/img/071/1000007515/1024x1024/933769d7eb4092f5301c10afb25f8b15
1000007516,CORDON TIRADO,1.94,8666661082735,visible,CUERDA DIY,1,08273-5,https://img-eu-2.freex.es/img/071/1000007516/1024x1024/4442e6b14c6e3bc6da0eaaec6fb317a6
1000007517,CORDON TIRADO,1.94,8666661082735,visible,CUERDA DIY,1,08273-6,https://img-eu-2.freex.es/img/071/1000007517/1024x1024/7c9203a126fe953c8c59b948e8150b98
1000007518,CORDON TIRADO,1.94,8666661082735,visible,CUERDA DIY,1,08273-7,https://img-eu-2.freex.es/img/071/1000007518/1024x1024/e59d2bfc4910c48e2a60ba9a396f661f
1000007519,CORDON TIRADO,1.94,8666661082735,visible,CUERDA DIY,1,08273-8,https://img-eu-2.freex.es/img/071/1000007519/1024x1024/2f180bca0e8376665a327358f3cc5d0c
1000007520,CORDON TIRADO,1.94,8666661082735,visible,CUERDA DIY,1,08273-9,https://img-eu-2.freex.es/img/071/1000007520/1024x1024/38f7a632a3ed45f1791cb8d425ff45f2
1000040175,CORDON TIRADO,1.94,866666108273,visible,CUERDA DIY,1,08273-10,https://img-eu-2.freex.es/img/071/1000040175/1024x1024/0d2dee3bab9963cc329305b22404ec17
1000006855,HILO PARA MANUALIDAD,1.31,8666661082742,visible,CUERDA DIY,1,08274-1,https://img-eu-2.freex.es/img/071/1000006855/1024x1024/fb0f7830ab6209230bd0550863a2d1b7
1000006856,HILO PARA MANUALIDAD,1.31,8666661082742,visible,CUERDA DIY,1,08274-2,https://img-eu-2.freex.es/img/071/1000006856/1024x1024/9b0f0427b4f027044c536c42bf324661
1000006857,HILO PARA MANUALIDAD,1.31,8666661082742,visible,CUERDA DIY,1,08274-3,https://img-eu-2.freex.es/img/071/1000006857/1024x1024/7a525226a817a13dbb37262f49fbc257
1000006858,HILO PARA MANUALIDAD,1.31,8666661082742,visible,CUERDA DIY,1,08274-4,https://img-eu-2.freex.es/img/071/1000006858/1024x1024/241dcd86ed074c8f6032571ed373cabc
1000006859,HILO PARA MANUALIDAD,1.31,8666661082742,visible,CUERDA DIY,1,08274-5,https://img-eu-2.freex.es/img/071/1000006859/1024x1024/822b1f4c3bd6f2a23faa37c48b0b673b
1000006860,HILO PARA MANUALIDAD,1.31,8666661082742,visible,CUERDA DIY,1,08274-6,https://img-eu-2.freex.es/img/071/1000006860/1024x1024/4e42bdec4789c243dd91327bd9446213
1000006861,HILO PARA MANUALIDAD,1.31,8666661082742,visible,CUERDA DIY,1,08274-7,https://img-eu-2.freex.es/img/071/1000006861/1024x1024/084be5495c9a42ab93a3d27728b6ac10
1000006862,HILO PARA MANUALIDAD,1.31,8666661082742,visible,CUERDA DIY,1,08274-8,https://img-eu-2.freex.es/img/071/1000006862/1024x1024/d1c1172a6959df57df1781651db5f1d4
1000006863,HILO PARA MANUALIDAD,1.31,8666661082742,visible,CUERDA DIY,1,08274-9,https://img-eu-2.freex.es/img/071/1000006863/1024x1024/c9c8c956ec3e253183c0c2e4c409bab0
1000006864,HILO PARA MANUALIDAD,1.31,8666661082742,visible,CUERDA DIY,1,08274-10,https://img-eu-2.freex.es/img/071/1000006864/1024x1024/11456c398e0da7d8b9d607aacea38e7c
1000006865,HILO PARA MANUALIDAD,1.31,8666661082742,visible,CUERDA DIY,1,08274-11,https://img-eu-2.freex.es/img/071/1000006865/1024x1024/db89d2bddefe8b74bbb180029681a7c9
1000006866,HILO PARA MANUALIDAD,1.31,8666661082742,visible,CUERDA DIY,1,08274-12,https://img-eu-2.freex.es/img/071/1000006866/1024x1024/51b179116be6debb6b1b05becfb9f5c8
1000006867,HILO PARA MANUALIDAD,1.31,8666661082742,visible,CUERDA DIY,1,08274-13,https://img-eu-2.freex.es/img/071/1000006867/1024x1024/6bc94cb570414593a9d8885c89a75991
1000006868,HILO PARA MANUALIDAD,1.31,8666661082742,visible,CUERDA DIY,1,08274-14,https://img-eu-2.freex.es/img/071/1000006868/1024x1024/2fae0682ff7227b82a783f131adbd540
1000006869,HILO PARA MANUALIDAD,1.31,8666661082742,visible,CUERDA DIY,1,08274-15,https://img-eu-2.freex.es/img/071/1000006869/1024x1024/e52339611e79835ed5b0bd9bf87c08e3
1000006870,HILO PARA MANUALIDAD,1.31,8666661082742,visible,CUERDA DIY,1,08274-16,https://img-eu-2.freex.es/img/071/1000006870/1024x1024/a95a294ce9ffbae14bd178a6737d415d
1000006871,HILO PARA MANUALIDAD,1.31,8666661082742,visible,CUERDA DIY,1,08274-17,https://img-eu-2.freex.es/img/071/1000006871/1024x1024/67e8b1af3a60fb5a5435fca56075e14c
1000022232,HILO PARA MANUALIDADES,1.31,8666661082742,visible,CUERDA DIY,1,08274-18,https://img-eu-2.freex.es/img/071/1000022232/1024x1024/4f3da2ee8ef5c791bfe4e6f087957c0f
1000044623,HILO PARA MANUALIDAD,1.31,8666661082742,visible,CUERDA DIY,1,08274-19,https://img-eu-2.freex.es/img/071/1000044623/1024x1024/18d8f19e5f8b4447ec0598fc99c5249f
1000034689,,0,,visible,CUERDA DIY,1,20220615114240,https://img-eu-2.freex.es/img/071/1000034689/1024x1024/68326dd6acf491c3e2a94f17e889cb17
1000038855,HILO COLA DE RATON,1.41,866666202361,visible,CUERDA DIY,1,202361-1,https://img-eu-2.freex.es/img/071/1000038855/1024x1024/3d44df0a522bbe56358f426227806010
1000038856,HILO COLA DE RATON,1.41,866666202362,visible,CUERDA DIY,1,202362-1,https://img-eu-2.freex.es/img/071/1000038856/1024x1024/b72039f848f785ad1f8a908e36d91e18
1000038857,HILO COLA DE RATON,1.41,866666202363,visible,CUERDA DIY,1,202363-1,https://img-eu-2.freex.es/img/071/1000038857/1024x1024/8b2921551e5735e8edb0a286ede1fb10
1000038858,HILO COLA DE RATON,1.41,866666202364,visible,CUERDA DIY,1,202364-1,https://img-eu-2.freex.es/img/071/1000038858/1024x1024/b99b0fcf2dac3da43491f7ff1f385178
1000038859,HILO COLA DE RATON,1.41,866666202365,visible,CUERDA DIY,1,202365-1,https://img-eu-2.freex.es/img/071/1000038859/1024x1024/40d997675c9a773aa50607eaa27ff9c2
1000038860,HILO COLA DE RATON,1.41,866666202366,visible,CUERDA DIY,1,202366-1,https://img-eu-2.freex.es/img/071/1000038860/1024x1024/d23220d37ca70d969498f9291275e8cf
1000038861,HILO COLA DE RATON,1.41,866666202367,visible,CUERDA DIY,1,202367-1,https://img-eu-2.freex.es/img/071/1000038861/1024x1024/65dcc5df6e6d1341bfa73bc41778d88a
1000038862,HILO COLA DE RATON,1.41,866666202368,visible,CUERDA DIY,1,202368-1,https://img-eu-2.freex.es/img/071/1000038862/1024x1024/dd26fcb51bc4503c321093e84ce1a26e
1000038863,HILO COLA DE RATON,1.41,866666202369,visible,CUERDA DIY,1,202369-1,https://img-eu-2.freex.es/img/071/1000038863/1024x1024/d20514114bedf8ba25bb3f0834285707
1000038864,HILO COLA DE RATON,1.41,866666202370,visible,CUERDA DIY,1,202370-1,https://img-eu-2.freex.es/img/071/1000038864/1024x1024/3e25ab89ec0ed6689aae37ae52031dfb
1000029423,HILO COLO DE RATON,1.2,8666661917662,visible,CUERDA DIY,1,91766-25,https://img-eu-2.freex.es/img/071/1000029423/1024x1024/a47b7571b35997fbd41e2021ecfd1731
1000029407,HILO COLO DE RATON,1.2,8666661917662,visible,CUERDA DIY,1,91766-1,https://img-eu-2.freex.es/img/071/1000029407/1024x1024/34c349a2433b88cc610ba8f98852e3b8
1000029417,HILO COLO DE RATON,1.2,8666661917662,visible,CUERDA DIY,1,91766-2,https://img-eu-2.freex.es/img/071/1000029417/1024x1024/63c191e03edd153b55c6389299b13048
1000029424,HILO COLO DE RATON,1.2,8666661917662,visible,CUERDA DIY,1,91766-3,https://img-eu-2.freex.es/img/071/1000029424/1024x1024/c9c861df4672945a79744cd1805ad96a
1000029425,HILO COLO DE RATON,1.2,8666661917662,visible,CUERDA DIY,1,91766-5,https://img-eu-2.freex.es/img/071/1000029425/1024x1024/b074d04318b3c2e4cf8ba2c42a97cc0b
1000029426,HILO COLO DE RATON,1.2,8666661917662,visible,CUERDA DIY,1,91766-6,https://img-eu-2.freex.es/img/071/1000029426/1024x1024/9805d8157eb7391c079226716cd0306f
1000029427,HILO COLO DE RATON,1.2,8666661917662,visible,CUERDA DIY,1,91766-7,https://img-eu-2.freex.es/img/071/1000029427/1024x1024/19b547e3b6db810ce6c16b40e34399f0
1000029428,HILO COLO DE RATON,1.2,8666661917662,visible,CUERDA DIY,1,91766-8,https://img-eu-2.freex.es/img/071/1000029428/1024x1024/5f6a13c0383ec0addd14eb1601ef24a0
1000029429,HILO COLO DE RATON,1.2,8666661917662,visible,CUERDA DIY,1,91766-9,https://img-eu-2.freex.es/img/071/1000029429/1024x1024/dc8f46782150e0f7af1530aebe62ae86
1000029408,HILO COLO DE RATON,1.2,8666661917662,visible,CUERDA DIY,1,91766-10,https://img-eu-2.freex.es/img/071/1000029408/1024x1024/58dfa39a4a0dcc4cba418f1f50882b41
1000029409,HILO COLO DE RATON,1.2,8666661917662,visible,CUERDA DIY,1,91766-11,https://img-eu-2.freex.es/img/071/1000029409/1024x1024/d0028701a6c838e68815967e74a82cef
1000029410,HILO COLO DE RATON,1.2,8666661917662,visible,CUERDA DIY,1,91766-12,https://img-eu-2.freex.es/img/071/1000029410/1024x1024/ca0dd1596e298ea7f91ece7564dd593c
1000029411,HILO COLO DE RATON,1.2,8666661917662,visible,CUERDA DIY,1,91766-13,https://img-eu-2.freex.es/img/071/1000029411/1024x1024/57acad2dfeeac42d5c117b23d5741618
1000029412,HILO COLO DE RATON,1.2,8666661917662,visible,CUERDA DIY,1,91766-15,https://img-eu-2.freex.es/img/071/1000029412/1024x1024/0dae8c6d8866e42c0b3bbbac4e68573e
1000029413,HILO COLO DE RATON,1.2,8666661917662,visible,CUERDA DIY,1,91766-16,https://img-eu-2.freex.es/img/071/1000029413/1024x1024/407713f2f7a84d36a9f9958e9c73e1f4
1000029414,HILO COLO DE RATON,1.2,8666661917662,visible,CUERDA DIY,1,91766-17,https://img-eu-2.freex.es/img/071/1000029414/1024x1024/1a4389f43e804ad4c43a1d0592866090
1000029415,HILO COLO DE RATON,1.2,8666661917662,visible,CUERDA DIY,1,91766-18,https://img-eu-2.freex.es/img/071/1000029415/1024x1024/3a7512eeed85415d1e13d461c3432e6e
1000029416,HILO COLO DE RATON,1.2,8666661917662,visible,CUERDA DIY,1,91766-19,https://img-eu-2.freex.es/img/071/1000029416/1024x1024/1f8489bb5daeb15f98731d857f734fb8
1000029418,HILO COLO DE RATON,1.2,8666661917662,visible,CUERDA DIY,1,91766-20,https://img-eu-2.freex.es/img/071/1000029418/1024x1024/d1be4f42f6e913e24a23904b1e0cd0db
1000029419,HILO COLO DE RATON,1.2,8666661917662,visible,CUERDA DIY,1,91766-21,https://img-eu-2.freex.es/img/071/1000029419/1024x1024/73193f66e756ca495835dfb562b66e87
1000029420,HILO COLO DE RATON,1.2,8666661917662,visible,CUERDA DIY,1,91766-22,https://img-eu-2.freex.es/img/071/1000029420/1024x1024/48422e5d308349ab988be5cee61481be
1000029421,HILO COLO DE RATON,1.2,8666661917662,visible,CUERDA DIY,1,91766-23,https://img-eu-2.freex.es/img/071/1000029421/1024x1024/f1111e8b39529bdbad03505efcc857d1
1000029422,HILO COLO DE RATON,1.2,8666661917662,visible,CUERDA DIY,1,91766-24,https://img-eu-2.freex.es/img/071/1000029422/1024x1024/899619c423e71e88d98cd12b2921ec4f
1000034690,,0,,visible,CUERDA DIY,1,20220615114241,https://img-eu-2.freex.es/img/071/1000034690/1024x1024/68326dd6acf491c3e2a94f17e889cb17
1000035080,HILO COLA DE RATON,1.52,866666202101,visible,CUERDA DIY,1,202101,https://img-eu-2.freex.es/img/071/1000035080/1024x1024/f357edaa28acfdead950e1a43c013a83
1000035081,HILO COLA DE RATON,1.52,866666202102,visible,CUERDA DIY,1,202102,https://img-eu-2.freex.es/img/071/1000035081/1024x1024/3bc230b0311b50aa65f32b2dc759aaba
1000035082,HILO COLA DE RATON,1.52,866666202103,visible,CUERDA DIY,1,202103,https://img-eu-2.freex.es/img/071/1000035082/1024x1024/0ff408d8f8b97d30d6662231af984cf9
1000035083,HILO COLA DE RATON,1.52,866666202104,visible,CUERDA DIY,1,202104,https://img-eu-2.freex.es/img/071/1000035083/1024x1024/c470141671beae71b5dcc2d97cafe09e
1000035084,HILO COLA DE RATON,1.52,866666202105,visible,CUERDA DIY,1,202105,https://img-eu-2.freex.es/img/071/1000035084/1024x1024/bc11ba552641e2cceb342067dc8872b3
1000035085,HILO COLA DE RATON,1.52,866666202106,visible,CUERDA DIY,1,202106,https://img-eu-2.freex.es/img/071/1000035085/1024x1024/091e89bfda1d1edb58c74d96366e8cc4
1000026119,HILO DE RATON PARA MANUALIDADES,1.31,8666661120253,visible,CUERDA DIY,1,12025,https://img-eu-2.freex.es/img/071/1000026119/1024x1024/583e1902d14639e07a511bf018431378
1000000263,HILO PARA COLLA,0.51,8666661025749,visible,CUERDA DIY,1,02574,https://img-eu-2.freex.es/img/071/1000000263/1024x1024/a4c5c919d8200d2f3c0963d3382e5256
1000015996,HILO COLO DE RATON,1.31,8666661120253,visible,CUERDA DIY,1,12025-1,https://img-eu-2.freex.es/img/071/1000015996/1024x1024/a869f4799dc720a8fedaa74c7fe30e24
1000016007,HILO COLO DE RATON,1.31,8666661120253,visible,CUERDA DIY,1,12025-2,https://img-eu-2.freex.es/img/071/1000016007/1024x1024/74d9c918c0ddf2f1fb7902e2a84588e8
1000016013,HILO COLO DE RATON,1.31,8666661120253,visible,CUERDA DIY,1,12025-3,https://img-eu-2.freex.es/img/071/1000016013/1024x1024/c26ae3505fb1a5761da5bcb90ea5f413
1000016014,HILO COLO DE RATON,1.31,8666661120253,visible,CUERDA DIY,1,12025-4,https://img-eu-2.freex.es/img/071/1000016014/1024x1024/66d090bbb4c60cc6dfde6c692dc9f0d2
1000016015,HILO COLO DE RATON,1.31,8666661120253,visible,CUERDA DIY,1,12025-5,https://img-eu-2.freex.es/img/071/1000016015/1024x1024/9839c36dc4765d84af0d5b0cb9e0059d
1000016016,HILO COLO DE RATON,1.31,8666661120253,visible,CUERDA DIY,1,12025-6,https://img-eu-2.freex.es/img/071/1000016016/1024x1024/3d60b72e228d6813d6a7efb04876c1a3
1000016017,HILO COLO DE RATON,1.31,8666661120253,visible,CUERDA DIY,1,12025-7,https://img-eu-2.freex.es/img/071/1000016017/1024x1024/efd507e270d31c3238d3cb24cb355246
1000016018,HILO COLO DE RATON,1.31,8666661120253,visible,CUERDA DIY,1,12025-8,https://img-eu-2.freex.es/img/071/1000016018/1024x1024/a0be9e993d9ff48c3896891440b6001b
1000016019,HILO COLO DE RATON,1.31,8666661120253,visible,CUERDA DIY,1,12025-9,https://img-eu-2.freex.es/img/071/1000016019/1024x1024/3d94469c69c6d47ad4e13304958ada6f
1000015997,HILO COLO DE RATON,1.31,8666661120253,visible,CUERDA DIY,1,12025-10,https://img-eu-2.freex.es/img/071/1000015997/1024x1024/05e02149c2fba11739f4d9c09ccac8cb
1000015998,HILO COLO DE RATON,1.31,8666661120253,visible,CUERDA DIY,1,12025-11,https://img-eu-2.freex.es/img/071/1000015998/1024x1024/cc303f04844329975235987b15f6474a
1000015999,HILO COLO DE RATON,1.31,8666661120253,visible,CUERDA DIY,1,12025-12,https://img-eu-2.freex.es/img/071/1000015999/1024x1024/10a25c46959136cdd046409d593ff123
1000016000,HILO COLO DE RATON,1.31,8666661120253,visible,CUERDA DIY,1,12025-13,https://img-eu-2.freex.es/img/071/1000016000/1024x1024/366355f8c9c20309d13133f44ac988c9
1000016001,HILO COLO DE RATON,1.31,8666661120253,visible,CUERDA DIY,1,12025-14,https://img-eu-2.freex.es/img/071/1000016001/1024x1024/4bcbd50e0608fad8f0c787612c2ce7b8
1000016002,HILO COLO DE RATON,1.31,8666661120253,visible,CUERDA DIY,1,12025-15,https://img-eu-2.freex.es/img/071/1000016002/1024x1024/5ffaf2a1c1b9244486f19108c0a424b4
1000016003,HILO COLO DE RATON,1.31,8666661120253,visible,CUERDA DIY,1,12025-16,https://img-eu-2.freex.es/img/071/1000016003/1024x1024/aa507223862115b50005ccd5c8aa0041
1000016004,HILO COLO DE RATON,1.31,8666661120253,visible,CUERDA DIY,1,12025-17,https://img-eu-2.freex.es/img/071/1000016004/1024x1024/8108b82b908632a4c95c7a04296e342b
1000016005,HILO COLO DE RATON,1.31,8666661120253,visible,CUERDA DIY,1,12025-18,https://img-eu-2.freex.es/img/071/1000016005/1024x1024/b3707fa5b425a98332e4a0890024a7a4
1000016006,HILO COLO DE RATON,1.31,8666661120253,visible,CUERDA DIY,1,12025-19,https://img-eu-2.freex.es/img/071/1000016006/1024x1024/6d5fe5e2bf2ffdf24c07519343c4cdcd
1000016008,HILO COLO DE RATON,1.31,8666661120253,visible,CUERDA DIY,1,12025-20,https://img-eu-2.freex.es/img/071/1000016008/1024x1024/7f8addea87dbf604ef54ea9bf619cfa8
1000016009,HILO COLO DE RATON,1.31,8666661120253,visible,CUERDA DIY,1,12025-21,https://img-eu-2.freex.es/img/071/1000016009/1024x1024/dc38d009a7e104d207837eecf9ff7a17
1000016010,HILO COLO DE RATON,1.31,8666661120253,visible,CUERDA DIY,1,12025-22,https://img-eu-2.freex.es/img/071/1000016010/1024x1024/913f5d74f037c12cc69278181d1abf9f
1000016011,HILO COLO DE RATON,1.31,8666661120253,visible,CUERDA DIY,1,12025-23,https://img-eu-2.freex.es/img/071/1000016011/1024x1024/e9c8b7054514ffbed98f2fc8fa98a9db
1000016012,HILO COLO DE RATON,1.31,8666661120253,visible,CUERDA DIY,1,12025-24,https://img-eu-2.freex.es/img/071/1000016012/1024x1024/141692873f06888df79cedec1bee7989
1000034691,,0,,visible,CUERDA DIY,1,20220615114243,https://img-eu-2.freex.es/img/071/1000034691/1024x1024/68326dd6acf491c3e2a94f17e889cb17
1000016093,HILO DE METALIZADO,0.51,8666661201488,visible,CUERDA DIY,1,20148-1,https://img-eu-2.freex.es/img/071/1000016093/1024x1024/f4d0259b5752f4d4b8a42a546658b1a0
1000016094,HILO DE METALIZADO,0.51,8666661201488,visible,CUERDA DIY,1,20148-2,https://img-eu-2.freex.es/img/071/1000016094/1024x1024/9b72c53a07fee12e9e2d3a498991ef51
1000016095,HILO DE METALIZADO,0.51,8666661201488,visible,CUERDA DIY,1,20148-3,https://img-eu-2.freex.es/img/071/1000016095/1024x1024/67e90c111e4cb9db1132aa9898e98bc5
1000016096,HILO DE METALIZADO,0.51,8666661201495,visible,CUERDA DIY,1,20149-1,https://img-eu-2.freex.es/img/071/1000016096/1024x1024/1f191440bcedf1f8b82ff6a3923c84c1
1000016097,HILO DE METALIZADO,0.51,8666661201495,visible,CUERDA DIY,1,20149-2,https://img-eu-2.freex.es/img/071/1000016097/1024x1024/dd2abf2f6968a2df258e344a84d95eeb
1000016098,HILO DE METALIZADO,0.51,8666661201495,visible,CUERDA DIY,1,20149-3,https://img-eu-2.freex.es/img/071/1000016098/1024x1024/01aefdc5471c774ca822bd108ea7c6f6
1000016099,HILO DE METALIZADO,0.51,8666661201501,visible,CUERDA DIY,1,20150-1,https://img-eu-2.freex.es/img/071/1000016099/1024x1024/078522e4c9bedcb4e6e030116ffa4bc4
1000016100,HILO DE METALIZADO,0.51,8666661201501,visible,CUERDA DIY,1,20150-2,https://img-eu-2.freex.es/img/071/1000016100/1024x1024/7fc79789e5464fe7bf18e806ea286d3e
1000016101,HILO DE METALIZADO,0.51,8666661201501,visible,CUERDA DIY,1,20150-3,https://img-eu-2.freex.es/img/071/1000016101/1024x1024/1ac78b8cc2de0173ada37416c091adb5
1000016102,HILO DE METALIZADO,0.51,8666661201518,visible,CUERDA DIY,1,20151-1,https://img-eu-2.freex.es/img/071/1000016102/1024x1024/380611c336c0a68d6b6791124be560bf
1000016103,HILO DE METALIZADO,0.51,8666661201518,visible,CUERDA DIY,1,20151-2,https://img-eu-2.freex.es/img/071/1000016103/1024x1024/d7667b38d6b5968fd818a0b58f6965ba
1000016104,HILO DE METALIZADO,0.51,8666661201518,visible,CUERDA DIY,1,20151-3,https://img-eu-2.freex.es/img/071/1000016104/1024x1024/450d08a80b1ac1dbb5c296f26646dabc
1000034692,HILO NYLON,0,,visible,HILO NYLON,1,20220615114244,https://img-eu-2.freex.es/img/071/1000034692/1024x1024/68326dd6acf491c3e2a94f17e889cb17
1000016105,HILO DE NYLON,0.45,8666661201525,visible,HILO NYLON,1,20152,https://img-eu-2.freex.es/img/071/1000016105/1024x1024/fe6102d257f36cbc7049ad4dce997e27
1000016106,HILO DE NYLON,0.45,8666661201532,visible,HILO NYLON,1,20153,https://img-eu-2.freex.es/img/071/1000016106/1024x1024/ed704bc70e38d80e644b1f622fef8a8a
1000016107,HILO DE NYLON,0.45,8666661201549,visible,HILO NYLON,1,20154,https://img-eu-2.freex.es/img/071/1000016107/1024x1024/65bfc953f61cb798b2675e3d99bd271e
1000016108,HILO DE NYLON,0.45,8666661201556,visible,HILO NYLON,1,20155,https://img-eu-2.freex.es/img/071/1000016108/1024x1024/2e19029d35e7800d0ad9df2ce00a9a03
1000016109,HILO DE NYLON,0.45,8666661201563,visible,HILO NYLON,1,20156,https://img-eu-2.freex.es/img/071/1000016109/1024x1024/2dac5a5c4ef6194cdcaddc8b703c6ad8
1000008548,CINTA DE LENTEJUELAS,0.51,091485,visible,HILO NYLON,1,091485,https://img-eu-2.freex.es/img/071/1000008548/1024x1024/abca620a248c1d7ea88c98c1154c2a3a
1000008549,CINTA DE ADORNO,0.51,09149,visible,HILO NYLON,1,09149,https://img-eu-2.freex.es/img/071/1000008549/1024x1024/3a2972835aa1d0716d37093d9d270acd
1000008550,CINTA DE ADORNO,0.51,09150,visible,HILO NYLON,1,09150,https://img-eu-2.freex.es/img/071/1000008550/1024x1024/3bca9df01be013cff8b2f183a10f26fb
1000034693,HILO ELASTICO,0,,visible,HILO ELASTICO,1,20220615114245,https://img-eu-2.freex.es/img/071/1000034693/1024x1024/68326dd6acf491c3e2a94f17e889cb17
1000034977,HILO DE NYLON,0.89,866666202061,visible,HILO ELASTICO,1,202061,https://img-eu-2.freex.es/img/071/1000034977/1024x1024/d883cace6667beb0ebdb7b3df8c7a744
1000034978,HILO DE NYLON,0.89,866666202062,visible,HILO ELASTICO,1,202062,https://img-eu-2.freex.es/img/071/1000034978/1024x1024/7e75692acbbb211111a22979924ad54b
1000034979,HILO DE NYLON,0.89,866666202063,visible,HILO ELASTICO,1,202063,https://img-eu-2.freex.es/img/071/1000034979/1024x1024/e4cd551a3d199f7a66cabe2d4458492f
1000034980,HILO DE NYLON,0.89,866666202064,visible,HILO ELASTICO,1,202064,https://img-eu-2.freex.es/img/071/1000034980/1024x1024/077ae886793dbd19f6039446b8f93e8c
1000034981,HILO DE NYLON,0.89,866666202065,visible,HILO ELASTICO,1,202065,https://img-eu-2.freex.es/img/071/1000034981/1024x1024/06ea5b8ccf11a2d2e49de7996c0dffbb
1000034982,HILO DE NYLON,1.31,866666202066,visible,HILO ELASTICO,1,202066,https://img-eu-2.freex.es/img/071/1000034982/1024x1024/7f1c8bffe20b557d2d9ac10cad8557e0
1000034983,HILO DE NYLON,1.31,866666202067,visible,HILO ELASTICO,1,202067,https://img-eu-2.freex.es/img/071/1000034983/1024x1024/fb45d06d634c55c4635c8d84c768e3bf
1000034984,HILO DE EL?TICO,1.14,866666202068,visible,HILO ELASTICO,1,202068,https://img-eu-2.freex.es/img/071/1000034984/1024x1024/f93d4c7ef6db369d1f1722e58d444b99
1000034985,HILO DE EL?TICO,1.14,866666202069,visible,HILO ELASTICO,1,202069,https://img-eu-2.freex.es/img/071/1000034985/1024x1024/c9757032f2913d9126141e39fae41910
1000034986,HILO DE EL?TICO,1.14,866666202070,visible,HILO ELASTICO,1,202070,https://img-eu-2.freex.es/img/071/1000034986/1024x1024/e8009cecbba0f58aefd832891d19ff4a
1000026649,HILO DE ELASTICO,0.51,8435401414576,visible,HILO ELASTICO,1,21457,https://img-eu-2.freex.es/img/071/1000026649/1024x1024/06336933431f5a923389c263744e19e6
1000026647,HILO DE ELASTICO,0.51,8435401414552,visible,HILO ELASTICO,1,21455,https://img-eu-2.freex.es/img/071/1000026647/1024x1024/b28330d06ec29dd5de582b9ac5120e60
1000026648,HILO DE ELASTICO,0.51,8435401414569,visible,HILO ELASTICO,1,21456,https://img-eu-2.freex.es/img/071/1000026648/1024x1024/2925b961acdce2e4b2aefa85b3251348
1000034694,HILO ELASTICO,0,,visible,HILO ELASTICO,1,20220615114246,https://img-eu-2.freex.es/img/071/1000034694/1024x1024/68326dd6acf491c3e2a94f17e889cb17
1000018477,HILO DE ELASTICO,0.41,8435401409466,visible,HILO ELASTICO,1,20946-1,https://img-eu-2.freex.es/img/071/1000018477/1024x1024/7cea085946f4cfd22ba62bec6c05d705
1000018487,HILO DE ELASTICO,0.41,8435401409466,visible,HILO ELASTICO,1,20946-2,https://img-eu-2.freex.es/img/071/1000018487/1024x1024/49264488b6f66aca58117d1c55e6ee18
1000018488,HILO DE ELASTICO,0.41,8435401409466,visible,HILO ELASTICO,1,20946-3,https://img-eu-2.freex.es/img/071/1000018488/1024x1024/adea81af9c4a2eb027f7fe512ffb436c
1000018489,HILO DE ELASTICO,0.41,8435401409466,visible,HILO ELASTICO,1,20946-4,https://img-eu-2.freex.es/img/071/1000018489/1024x1024/ea99a558e8fd9f211bf3026ad3a77adc
1000018490,HILO DE ELASTICO,0.41,8435401409466,visible,HILO ELASTICO,1,20946-5,https://img-eu-2.freex.es/img/071/1000018490/1024x1024/56cd07670eb7d47c6c75a227db5db258
1000018491,HILO DE ELASTICO,0.41,8435401409466,visible,HILO ELASTICO,1,20946-6,https://img-eu-2.freex.es/img/071/1000018491/1024x1024/3f2a268efcb960bd4d1419dc984215fa
1000018492,HILO DE ELASTICO,0.41,8435401409466,visible,HILO ELASTICO,1,20946-7,https://img-eu-2.freex.es/img/071/1000018492/1024x1024/8e09b24a1ffc963d9196825ca67d0835
1000018493,HILO DE ELASTICO,0.41,8435401409466,visible,HILO ELASTICO,1,20946-8,https://img-eu-2.freex.es/img/071/1000018493/1024x1024/e4e92e7282068b668bb92d401e31d5cf
1000018494,HILO DE ELASTICO,0.41,8435401409466,visible,HILO ELASTICO,1,20946-9,https://img-eu-2.freex.es/img/071/1000018494/1024x1024/58d64e09dd26a3ee419cb35289c2b966
1000018478,HILO DE ELASTICO,0.41,8435401409466,visible,HILO ELASTICO,1,20946-10,https://img-eu-2.freex.es/img/071/1000018478/1024x1024/50d094db263b489040f7db164f08ff06
1000018479,HILO DE ELASTICO,0.41,8435401409466,visible,HILO ELASTICO,1,20946-11,https://img-eu-2.freex.es/img/071/1000018479/1024x1024/a4706681bfa74e944e3270bf0637a700
1000018480,HILO DE ELASTICO,0.41,8435401409466,visible,HILO ELASTICO,1,20946-12,https://img-eu-2.freex.es/img/071/1000018480/1024x1024/c60a1499710c39e0d034acea34a1bbe2
1000018481,HILO DE ELASTICO,0.41,8435401409466,visible,HILO ELASTICO,1,20946-13,https://img-eu-2.freex.es/img/071/1000018481/1024x1024/1772dc6ec9307d9814ded7a12140be4b
1000018482,HILO DE ELASTICO,0.41,8435401409466,visible,HILO ELASTICO,1,20946-14,https://img-eu-2.freex.es/img/071/1000018482/1024x1024/395cb2249acfe1037829ede088e77da8
1000018483,HILO DE ELASTICO,0.41,8435401409466,visible,HILO ELASTICO,1,20946-15,https://img-eu-2.freex.es/img/071/1000018483/1024x1024/7b15610b6d1415b796b1d66ad7da7f42
1000018484,HILO DE ELASTICO,0.41,8435401409466,visible,HILO ELASTICO,1,20946-16,https://img-eu-2.freex.es/img/071/1000018484/1024x1024/941a8eee2af4b83b2c287b8eedd77e92
1000018485,HILO DE ELASTICO,0.41,8435401409466,visible,HILO ELASTICO,1,20946-17,https://img-eu-2.freex.es/img/071/1000018485/1024x1024/cad5a9ad795e0f7ab9c47e748ff6605e
1000018486,HILO DE ELASTICO,0.41,8435401409466,visible,HILO ELASTICO,1,20946-18,https://img-eu-2.freex.es/img/071/1000018486/1024x1024/e9cfc80165e95b7ca7907fe3dda1ce68
1000003756,HILO PARA PULSERA,0.36,8666661050161,visible,HILO ELASTICO,1,05016,https://img-eu-2.freex.es/img/071/1000003756/1024x1024/2445f7991016cf02cbd664c134970d77
1000024015,HILO DE EL?TICO,0.47,8666661910748,visible,HILO ELASTICO,1,91074-1,https://img-eu-2.freex.es/img/071/1000024015/1024x1024/4ab95164b73fd85698f44475a42b2db2
1000024019,HILO DE EL?TICO,0.47,8666661910748,visible,HILO ELASTICO,1,91074-2,https://img-eu-2.freex.es/img/071/1000024019/1024x1024/f5eba1debc5938b4b7b46fcbb8aa0126
1000024020,HILO DE EL?TICO,0.47,8666661910748,visible,HILO ELASTICO,1,91074-3,https://img-eu-2.freex.es/img/071/1000024020/1024x1024/35c6980df3956dc15b91f5039ff19e1a
1000024021,HILO DE EL?TICO,0.47,8666661910748,visible,HILO ELASTICO,1,91074-4,https://img-eu-2.freex.es/img/071/1000024021/1024x1024/142a9b81ebfe4a5830856111f6a173a0
1000024022,HILO DE EL?TICO,0.47,8666661910748,visible,HILO ELASTICO,1,91074-5,https://img-eu-2.freex.es/img/071/1000024022/1024x1024/29bbcc58e930fa27d4902451bc9a6ae3
1000024023,HILO DE EL?TICO,0.47,8666661910748,visible,HILO ELASTICO,1,91074-6,https://img-eu-2.freex.es/img/071/1000024023/1024x1024/8b154ed8d634191568f3f835a5d84983
1000024024,HILO DE EL?TICO,0.47,8666661910748,visible,HILO ELASTICO,1,91074-7,https://img-eu-2.freex.es/img/071/1000024024/1024x1024/b65f0c6c9f85293e0593d60d1ccaf8f5
1000024025,HILO DE EL?TICO,0.47,8666661910748,visible,HILO ELASTICO,1,91074-8,https://img-eu-2.freex.es/img/071/1000024025/1024x1024/f43a144e47a37227ee079ed298ab68bf
1000024026,HILO DE EL?TICO,0.47,8666661910748,visible,HILO ELASTICO,1,91074-9,https://img-eu-2.freex.es/img/071/1000024026/1024x1024/919a5a711469db136c6a6d0c3d6f3bb7
1000024016,HILO DE EL?TICO,0.47,8666661910748,visible,HILO ELASTICO,1,91074-10,https://img-eu-2.freex.es/img/071/1000024016/1024x1024/98c5820b1d66e273e498da49338349a8
1000024017,HILO DE EL?TICO,0.47,8666661910748,visible,HILO ELASTICO,1,91074-11,https://img-eu-2.freex.es/img/071/1000024017/1024x1024/07783b7a03b3d2dc4dc5851bbc05dbb7
1000024018,HILO DE EL?TICO,0.47,8666661910748,visible,HILO ELASTICO,1,91074-12,https://img-eu-2.freex.es/img/071/1000024018/1024x1024/42abed4200136f328d8502fdf3e909ea
1000034695,HILO METALIZADO,0,,visible,HILO METALIZADO,1,20220615114247,https://img-eu-2.freex.es/img/071/1000034695/1024x1024/68326dd6acf491c3e2a94f17e889cb17
1000033867,HILO DE METALICO,0.57,8666661927777,visible,HILO METALIZADO,1,92777-12,https://img-eu-2.freex.es/img/071/1000033867/1024x1024/0c599dfcbe741f6ba12fd34a7889bab8
1000033864,HILO DE METALICO,0.57,8666661927777,visible,HILO METALIZADO,1,92777-1,https://img-eu-2.freex.es/img/071/1000033864/1024x1024/9136b3d0d23ea6375d99c6547a385343
1000033868,HILO DE METALICO,0.57,8666661927777,visible,HILO METALIZADO,1,92777-2,https://img-eu-2.freex.es/img/071/1000033868/1024x1024/e17b5c8277127628b542e6b551d483fc
1000033869,HILO DE METALICO,0.57,8666661927777,visible,HILO METALIZADO,1,92777-3,https://img-eu-2.freex.es/img/071/1000033869/1024x1024/60587fc966f85f5000464be11a626a5f
1000033870,HILO DE METALICO,0.57,8666661927777,visible,HILO METALIZADO,1,92777-4,https://img-eu-2.freex.es/img/071/1000033870/1024x1024/fce86b0dfb0911ea47bb83782cce06c2
1000033871,HILO DE METALICO,0.57,8666661927777,visible,HILO METALIZADO,1,92777-5,https://img-eu-2.freex.es/img/071/1000033871/1024x1024/77aba88d55561b9169a2211ea50775e2
1000033872,HILO DE METALICO,0.57,8666661927777,visible,HILO METALIZADO,1,92777-6,https://img-eu-2.freex.es/img/071/1000033872/1024x1024/94997cd4386b1579c5961da369617aea
1000033873,HILO DE METALICO,0.57,8666661927777,visible,HILO METALIZADO,1,92777-7,https://img-eu-2.freex.es/img/071/1000033873/1024x1024/f7a3ff3eae75cf1e3f51a69e1f1e80bd
1000033874,HILO DE METALICO,0.57,8666661927777,visible,HILO METALIZADO,1,92777-8,https://img-eu-2.freex.es/img/071/1000033874/1024x1024/ac4447d3a1168403d58816a031711b11
1000033875,HILO DE METALICO,0.57,8666661927777,visible,HILO METALIZADO,1,92777-9,https://img-eu-2.freex.es/img/071/1000033875/1024x1024/337ecc6f366d258a3e0366b404012419
1000033865,HILO DE METALICO,0.57,8666661927777,visible,HILO METALIZADO,1,92777-10,https://img-eu-2.freex.es/img/071/1000033865/1024x1024/298d98ee9acd5bcb86ee0aaea1cc7773
1000033866,HILO DE METALICO,0.57,8666661927777,visible,HILO METALIZADO,1,92777-11,https://img-eu-2.freex.es/img/071/1000033866/1024x1024/ec24886f5ba4998bec47af7f38993312
1000034696,HILO DE MACRAME,0,,visible,HILO DE MACRAME,1,20220615114249,https://img-eu-2.freex.es/img/071/1000034696/1024x1024/68326dd6acf491c3e2a94f17e889cb17
1000034399,HILO DE MACRAMEN,0.47,8666661928132,visible,HILO DE MACRAME,1,92813-1,https://img-eu-2.freex.es/img/071/1000034399/1024x1024/7e8edf5477aa6759cbd498e83479f11e
1000034410,HILO DE MACRAMEN,0.47,8666661928132,visible,HILO DE MACRAME,1,92813-2,https://img-eu-2.freex.es/img/071/1000034410/1024x1024/942175d2ad595effbb37b2d3a34c3ff9
1000034414,HILO DE MACRAMEN,0.47,8666661928132,visible,HILO DE MACRAME,1,92813-3,https://img-eu-2.freex.es/img/071/1000034414/1024x1024/b371428eb6f48e3a8ed9eaef6008cc08
1000034415,HILO DE MACRAMEN,0.47,8666661928132,visible,HILO DE MACRAME,1,92813-4,https://img-eu-2.freex.es/img/071/1000034415/1024x1024/d2312702bb57d71241a3064d9b99c0e5
1000034416,HILO DE MACRAMEN,0.47,8666661928132,visible,HILO DE MACRAME,1,92813-5,https://img-eu-2.freex.es/img/071/1000034416/1024x1024/6594700783db2f3a992a088549015f83
1000034417,HILO DE MACRAMEN,0.47,8666661928132,visible,HILO DE MACRAME,1,92813-6,https://img-eu-2.freex.es/img/071/1000034417/1024x1024/75f6a0d1f6459cea29658902caf3ce68
1000034418,HILO DE MACRAMEN,0.47,8666661928132,visible,HILO DE MACRAME,1,92813-7,https://img-eu-2.freex.es/img/071/1000034418/1024x1024/af90007e8b7b6170b1473010e00d0ed8
1000034419,HILO DE MACRAMEN,0.47,8666661928132,visible,HILO DE MACRAME,1,92813-8,https://img-eu-2.freex.es/img/071/1000034419/1024x1024/1f88d97cad47e8c00abea6cf881c7e54
1000034420,HILO DE MACRAMEN,0.47,8666661928132,visible,HILO DE MACRAME,1,92813-9,https://img-eu-2.freex.es/img/071/1000034420/1024x1024/c5f4efb6a826c6ff1b6b9a14399bbcc8
1000034400,HILO DE MACRAMEN,0.47,8666661928132,visible,HILO DE MACRAME,1,92813-10,https://img-eu-2.freex.es/img/071/1000034400/1024x1024/d50e9bc477d3c87b6104a468688d2229
1000034401,HILO DE MACRAMEN,0.47,8666661928132,visible,HILO DE MACRAME,1,92813-11,https://img-eu-2.freex.es/img/071/1000034401/1024x1024/16fa7c8f5bdac26efcde5351425514a4
1000034402,HILO DE MACRAMEN,0.47,8666661928132,visible,HILO DE MACRAME,1,92813-12,https://img-eu-2.freex.es/img/071/1000034402/1024x1024/631555a0fac4a9c88a48af7da5a93e3c
1000034403,HILO DE MACRAMEN,0.47,8666661928132,visible,HILO DE MACRAME,1,92813-13,https://img-eu-2.freex.es/img/071/1000034403/1024x1024/fb1844cfd9f0043a1e773855fc65d888
1000034404,HILO DE MACRAMEN,0.47,8666661928132,visible,HILO DE MACRAME,1,92813-14,https://img-eu-2.freex.es/img/071/1000034404/1024x1024/87e84560eb69c460f45248857e1311dd
1000034405,HILO DE MACRAMEN,0.47,8666661928132,visible,HILO DE MACRAME,1,92813-15,https://img-eu-2.freex.es/img/071/1000034405/1024x1024/61d6e38c8c721f93219094f590b95e32
1000034406,HILO DE MACRAMEN,0.47,8666661928132,visible,HILO DE MACRAME,1,92813-16,https://img-eu-2.freex.es/img/071/1000034406/1024x1024/575c17e65757845efe13a59b12d5927e
1000034407,HILO DE MACRAMEN,0.47,8666661928132,visible,HILO DE MACRAME,1,92813-17,https://img-eu-2.freex.es/img/071/1000034407/1024x1024/5b47e92d00f7d7cb73926a318d812314
1000034408,HILO DE MACRAMEN,0.47,8666661928132,visible,HILO DE MACRAME,1,92813-18,https://img-eu-2.freex.es/img/071/1000034408/1024x1024/59d90c6624fdfa3e54899eef31d334bb
1000034409,HILO DE MACRAMEN,0.47,8666661928132,visible,HILO DE MACRAME,1,92813-19,https://img-eu-2.freex.es/img/071/1000034409/1024x1024/96484197ce216f4ed7f0264eec81f783
1000034411,HILO DE MACRAMEN,0.47,8666661928132,visible,HILO DE MACRAME,1,92813-20,https://img-eu-2.freex.es/img/071/1000034411/1024x1024/f5b6f47e8a03d8b4b22dc0141064e259
1000034412,HILO DE MACRAMEN,0.47,8666661928132,visible,HILO DE MACRAME,1,92813-21,https://img-eu-2.freex.es/img/071/1000034412/1024x1024/c55bbcff4d7f2f5a54e3bcf66e4f8968
1000034413,HILO DE MACRAMEN,0.47,8666661928132,visible,HILO DE MACRAME,1,92813-22,https://img-eu-2.freex.es/img/071/1000034413/1024x1024/e7166edaf320060ce0db2b3e2fb90b24
1000034421,HILO DE MACRAMEN,1.04,8666661928149,visible,HILO DE MACRAME,1,92814-1,https://img-eu-2.freex.es/img/071/1000034421/1024x1024/73aece0ad66ec38e3a18c9e62ccec73c
1000034432,HILO DE MACRAMEN,1.04,8666661928149,visible,HILO DE MACRAME,1,92814-2,https://img-eu-2.freex.es/img/071/1000034432/1024x1024/50c049d406433e7d23beeb7fa000699b
1000034436,HILO DE MACRAMEN,1.04,8666661928149,visible,HILO DE MACRAME,1,92814-3,https://img-eu-2.freex.es/img/071/1000034436/1024x1024/f1a11efda2b3d83eeda9852b9b6787e0
1000034437,HILO DE MACRAMEN,1.04,8666661928149,visible,HILO DE MACRAME,1,92814-4,https://img-eu-2.freex.es/img/071/1000034437/1024x1024/456ee4897b0d2b370494d3cf084b001e
1000034438,HILO DE MACRAMEN,1.04,8666661928149,visible,HILO DE MACRAME,1,92814-5,https://img-eu-2.freex.es/img/071/1000034438/1024x1024/28a0caea21fc22f6f6089353f62ec5c6
1000034439,HILO DE MACRAMEN,1.04,8666661928149,visible,HILO DE MACRAME,1,92814-6,https://img-eu-2.freex.es/img/071/1000034439/1024x1024/ce1571958e561b8c5336644a4ac0499b
1000034440,HILO DE MACRAMEN,1.04,8666661928149,visible,HILO DE MACRAME,1,92814-7,https://img-eu-2.freex.es/img/071/1000034440/1024x1024/6bd093e5f44231d6461151fc90b35581
1000034441,HILO DE MACRAMEN,1.04,8666661928149,visible,HILO DE MACRAME,1,92814-8,https://img-eu-2.freex.es/img/071/1000034441/1024x1024/864396793967ef7742506ed555d1bcd8
1000034442,HILO DE MACRAMEN,1.04,8666661928149,visible,HILO DE MACRAME,1,92814-9,https://img-eu-2.freex.es/img/071/1000034442/1024x1024/55d6e6e1d1b0420c8d218e89d43bde3b
1000034422,HILO DE MACRAMEN,1.04,8666661928149,visible,HILO DE MACRAME,1,92814-10,https://img-eu-2.freex.es/img/071/1000034422/1024x1024/19c4ca6d001ccdb28c86000ba494f908
1000034423,HILO DE MACRAMEN,1.04,8666661928149,visible,HILO DE MACRAME,1,92814-11,https://img-eu-2.freex.es/img/071/1000034423/1024x1024/64a6aaeab254f0ddae79d6e0802c74e5
1000034424,HILO DE MACRAMEN,1.04,8666661928149,visible,HILO DE MACRAME,1,92814-12,https://img-eu-2.freex.es/img/071/1000034424/1024x1024/916454b10c4933626b5fe3fae8d8acd9
1000034425,HILO DE MACRAMEN,1.04,8666661928149,visible,HILO DE MACRAME,1,92814-13,https://img-eu-2.freex.es/img/071/1000034425/1024x1024/b554662f30b10b77ea073c7e6782ddd1
1000034426,HILO DE MACRAMEN,1.04,8666661928149,visible,HILO DE MACRAME,1,92814-14,https://img-eu-2.freex.es/img/071/1000034426/1024x1024/f312c9dfebf5fd05f33683627953e67c
1000034427,HILO DE MACRAMEN,1.04,8666661928149,visible,HILO DE MACRAME,1,92814-15,https://img-eu-2.freex.es/img/071/1000034427/1024x1024/e3ac06f5f53676ec006c37d0dd5bdb89
1000034428,HILO DE MACRAMEN,1.04,8666661928149,visible,HILO DE MACRAME,1,92814-16,https://img-eu-2.freex.es/img/071/1000034428/1024x1024/29846539eb4114a96b76480c26c8e41a
1000034429,HILO DE MACRAMEN,1.04,8666661928149,visible,HILO DE MACRAME,1,92814-17,https://img-eu-2.freex.es/img/071/1000034429/1024x1024/b3123a7715f639441993298f3492bd30
1000034430,HILO DE MACRAMEN,1.04,8666661928149,visible,HILO DE MACRAME,1,92814-18,https://img-eu-2.freex.es/img/071/1000034430/1024x1024/5d2da9f002d518926eeaaa70001b807f
1000034431,HILO DE MACRAMEN,1.04,8666661928149,visible,HILO DE MACRAME,1,92814-19,https://img-eu-2.freex.es/img/071/1000034431/1024x1024/4a0365c93453c13d97b59f47d1802a5a
1000034433,HILO DE MACRAMEN,1.04,8666661928149,visible,HILO DE MACRAME,1,92814-20,https://img-eu-2.freex.es/img/071/1000034433/1024x1024/0d159c43dcc31d1f20dd31a4728be1b5
1000034434,HILO DE MACRAMEN,1.04,8666661928149,visible,HILO DE MACRAME,1,92814-21,https://img-eu-2.freex.es/img/071/1000034434/1024x1024/310c57181934ff8d666cd2e031683513
1000034435,HILO DE MACRAMEN,1.04,8666661928149,visible,HILO DE MACRAME,1,92814-22,https://img-eu-2.freex.es/img/071/1000034435/1024x1024/3a74ac6f2be207fe6651472b9f6f12cc
1000034696,HILO DE MACRAME,0,,visible,HILO DE MACRAME,1,20220615114249,https://img-eu-2.freex.es/img/071/1000034696/1024x1024/68326dd6acf491c3e2a94f17e889cb17
1000034399,HILO DE MACRAMEN,0.47,8666661928132,visible,HILO DE MACRAME,1,92813-1,https://img-eu-2.freex.es/img/071/1000034399/1024x1024/7e8edf5477aa6759cbd498e83479f11e
1000034410,HILO DE MACRAMEN,0.47,8666661928132,visible,HILO DE MACRAME,1,92813-2,https://img-eu-2.freex.es/img/071/1000034410/1024x1024/942175d2ad595effbb37b2d3a34c3ff9
1000034414,HILO DE MACRAMEN,0.47,8666661928132,visible,HILO DE MACRAME,1,92813-3,https://img-eu-2.freex.es/img/071/1000034414/1024x1024/b371428eb6f48e3a8ed9eaef6008cc08
1000034415,HILO DE MACRAMEN,0.47,8666661928132,visible,HILO DE MACRAME,1,92813-4,https://img-eu-2.freex.es/img/071/1000034415/1024x1024/d2312702bb57d71241a3064d9b99c0e5
1000034416,HILO DE MACRAMEN,0.47,8666661928132,visible,HILO DE MACRAME,1,92813-5,https://img-eu-2.freex.es/img/071/1000034416/1024x1024/6594700783db2f3a992a088549015f83
1000034417,HILO DE MACRAMEN,0.47,8666661928132,visible,HILO DE MACRAME,1,92813-6,https://img-eu-2.freex.es/img/071/1000034417/1024x1024/75f6a0d1f6459cea29658902caf3ce68
1000034418,HILO DE MACRAMEN,0.47,8666661928132,visible,HILO DE MACRAME,1,92813-7,https://img-eu-2.freex.es/img/071/1000034418/1024x1024/af90007e8b7b6170b1473010e00d0ed8
1000034419,HILO DE MACRAMEN,0.47,8666661928132,visible,HILO DE MACRAME,1,92813-8,https://img-eu-2.freex.es/img/071/1000034419/1024x1024/1f88d97cad47e8c00abea6cf881c7e54
1000034420,HILO DE MACRAMEN,0.47,8666661928132,visible,HILO DE MACRAME,1,92813-9,https://img-eu-2.freex.es/img/071/1000034420/1024x1024/c5f4efb6a826c6ff1b6b9a14399bbcc8
1000034400,HILO DE MACRAMEN,0.47,8666661928132,visible,HILO DE MACRAME,1,92813-10,https://img-eu-2.freex.es/img/071/1000034400/1024x1024/d50e9bc477d3c87b6104a468688d2229
1000034401,HILO DE MACRAMEN,0.47,8666661928132,visible,HILO DE MACRAME,1,92813-11,https://img-eu-2.freex.es/img/071/1000034401/1024x1024/16fa7c8f5bdac26efcde5351425514a4
1000034402,HILO DE MACRAMEN,0.47,8666661928132,visible,HILO DE MACRAME,1,92813-12,https://img-eu-2.freex.es/img/071/1000034402/1024x1024/631555a0fac4a9c88a48af7da5a93e3c
1000034403,HILO DE MACRAMEN,0.47,8666661928132,visible,HILO DE MACRAME,1,92813-13,https://img-eu-2.freex.es/img/071/1000034403/1024x1024/fb1844cfd9f0043a1e773855fc65d888
1000034404,HILO DE MACRAMEN,0.47,8666661928132,visible,HILO DE MACRAME,1,92813-14,https://img-eu-2.freex.es/img/071/1000034404/1024x1024/87e84560eb69c460f45248857e1311dd
1000034405,HILO DE MACRAMEN,0.47,8666661928132,visible,HILO DE MACRAME,1,92813-15,https://img-eu-2.freex.es/img/071/1000034405/1024x1024/61d6e38c8c721f93219094f590b95e32
1000034406,HILO DE MACRAMEN,0.47,8666661928132,visible,HILO DE MACRAME,1,92813-16,https://img-eu-2.freex.es/img/071/1000034406/1024x1024/575c17e65757845efe13a59b12d5927e
1000034407,HILO DE MACRAMEN,0.47,8666661928132,visible,HILO DE MACRAME,1,92813-17,https://img-eu-2.freex.es/img/071/1000034407/1024x1024/5b47e92d00f7d7cb73926a318d812314
1000034408,HILO DE MACRAMEN,0.47,8666661928132,visible,HILO DE MACRAME,1,92813-18,https://img-eu-2.freex.es/img/071/1000034408/1024x1024/59d90c6624fdfa3e54899eef31d334bb
1000034409,HILO DE MACRAMEN,0.47,8666661928132,visible,HILO DE MACRAME,1,92813-19,https://img-eu-2.freex.es/img/071/1000034409/1024x1024/96484197ce216f4ed7f0264eec81f783
1000034411,HILO DE MACRAMEN,0.47,8666661928132,visible,HILO DE MACRAME,1,92813-20,https://img-eu-2.freex.es/img/071/1000034411/1024x1024/f5b6f47e8a03d8b4b22dc0141064e259
1000034412,HILO DE MACRAMEN,0.47,8666661928132,visible,HILO DE MACRAME,1,92813-21,https://img-eu-2.freex.es/img/071/1000034412/1024x1024/c55bbcff4d7f2f5a54e3bcf66e4f8968
1000034413,HILO DE MACRAMEN,0.47,8666661928132,visible,HILO DE MACRAME,1,92813-22,https://img-eu-2.freex.es/img/071/1000034413/1024x1024/e7166edaf320060ce0db2b3e2fb90b24
1000034421,HILO DE MACRAMEN,1.04,8666661928149,visible,HILO DE MACRAME,1,92814-1,https://img-eu-2.freex.es/img/071/1000034421/1024x1024/73aece0ad66ec38e3a18c9e62ccec73c
1000034432,HILO DE MACRAMEN,1.04,8666661928149,visible,HILO DE MACRAME,1,92814-2,https://img-eu-2.freex.es/img/071/1000034432/1024x1024/50c049d406433e7d23beeb7fa000699b
1000034436,HILO DE MACRAMEN,1.04,8666661928149,visible,HILO DE MACRAME,1,92814-3,https://img-eu-2.freex.es/img/071/1000034436/1024x1024/f1a11efda2b3d83eeda9852b9b6787e0
1000034437,HILO DE MACRAMEN,1.04,8666661928149,visible,HILO DE MACRAME,1,92814-4,https://img-eu-2.freex.es/img/071/1000034437/1024x1024/456ee4897b0d2b370494d3cf084b001e
1000034438,HILO DE MACRAMEN,1.04,8666661928149,visible,HILO DE MACRAME,1,92814-5,https://img-eu-2.freex.es/img/071/1000034438/1024x1024/28a0caea21fc22f6f6089353f62ec5c6
1000034439,HILO DE MACRAMEN,1.04,8666661928149,visible,HILO DE MACRAME,1,92814-6,https://img-eu-2.freex.es/img/071/1000034439/1024x1024/ce1571958e561b8c5336644a4ac0499b
1000034440,HILO DE MACRAMEN,1.04,8666661928149,visible,HILO DE MACRAME,1,92814-7,https://img-eu-2.freex.es/img/071/1000034440/1024x1024/6bd093e5f44231d6461151fc90b35581
1000034441,HILO DE MACRAMEN,1.04,8666661928149,visible,HILO DE MACRAME,1,92814-8,https://img-eu-2.freex.es/img/071/1000034441/1024x1024/864396793967ef7742506ed555d1bcd8
1000034442,HILO DE MACRAMEN,1.04,8666661928149,visible,HILO DE MACRAME,1,92814-9,https://img-eu-2.freex.es/img/071/1000034442/1024x1024/55d6e6e1d1b0420c8d218e89d43bde3b
1000034422,HILO DE MACRAMEN,1.04,8666661928149,visible,HILO DE MACRAME,1,92814-10,https://img-eu-2.freex.es/img/071/1000034422/1024x1024/19c4ca6d001ccdb28c86000ba494f908
1000034423,HILO DE MACRAMEN,1.04,8666661928149,visible,HILO DE MACRAME,1,92814-11,https://img-eu-2.freex.es/img/071/1000034423/1024x1024/64a6aaeab254f0ddae79d6e0802c74e5
1000034424,HILO DE MACRAMEN,1.04,8666661928149,visible,HILO DE MACRAME,1,92814-12,https://img-eu-2.freex.es/img/071/1000034424/1024x1024/916454b10c4933626b5fe3fae8d8acd9
1000034425,HILO DE MACRAMEN,1.04,8666661928149,visible,HILO DE MACRAME,1,92814-13,https://img-eu-2.freex.es/img/071/1000034425/1024x1024/b554662f30b10b77ea073c7e6782ddd1
1000034426,HILO DE MACRAMEN,1.04,8666661928149,visible,HILO DE MACRAME,1,92814-14,https://img-eu-2.freex.es/img/071/1000034426/1024x1024/f312c9dfebf5fd05f33683627953e67c
1000034427,HILO DE MACRAMEN,1.04,8666661928149,visible,HILO DE MACRAME,1,92814-15,https://img-eu-2.freex.es/img/071/1000034427/1024x1024/e3ac06f5f53676ec006c37d0dd5bdb89
1000034428,HILO DE MACRAMEN,1.04,8666661928149,visible,HILO DE MACRAME,1,92814-16,https://img-eu-2.freex.es/img/071/1000034428/1024x1024/29846539eb4114a96b76480c26c8e41a
1000034429,HILO DE MACRAMEN,1.04,8666661928149,visible,HILO DE MACRAME,1,92814-17,https://img-eu-2.freex.es/img/071/1000034429/1024x1024/b3123a7715f639441993298f3492bd30
1000034430,HILO DE MACRAMEN,1.04,8666661928149,visible,HILO DE MACRAME,1,92814-18,https://img-eu-2.freex.es/img/071/1000034430/1024x1024/5d2da9f002d518926eeaaa70001b807f
1000034431,HILO DE MACRAMEN,1.04,8666661928149,visible,HILO DE MACRAME,1,92814-19,https://img-eu-2.freex.es/img/071/1000034431/1024x1024/4a0365c93453c13d97b59f47d1802a5a
1000034433,HILO DE MACRAMEN,1.04,8666661928149,visible,HILO DE MACRAME,1,92814-20,https://img-eu-2.freex.es/img/071/1000034433/1024x1024/0d159c43dcc31d1f20dd31a4728be1b5
1000034434,HILO DE MACRAMEN,1.04,8666661928149,visible,HILO DE MACRAME,1,92814-21,https://img-eu-2.freex.es/img/071/1000034434/1024x1024/310c57181934ff8d666cd2e031683513
1000034435,HILO DE MACRAMEN,1.04,8666661928149,visible,HILO DE MACRAME,1,92814-22,https://img-eu-2.freex.es/img/071/1000034435/1024x1024/3a74ac6f2be207fe6651472b9f6f12cc
1000002561,ART PERLER BEAD,0.41,8666661042173,visible,HILO DE MACRAME,1,04217-6,https://img-eu-2.freex.es/img/071/1000002561/1024x1024/fa2f02b2cfae09f12729ac80fc455a1f
1000006250,ART PERLER BEAD,0.41,8666661042173,visible,HILO DE MACRAME,1,04217-12,https://img-eu-2.freex.es/img/071/1000006250/1024x1024/8b7dbff3e4e969b2c3605ef3c065a57d
1000002555,ART PERLER BEAD,0.41,8666661042173,visible,HILO DE MACRAME,1,04217-17,https://img-eu-2.freex.es/img/071/1000002555/1024x1024/4423cef65590a5af60ebace6944a5084
1000002557,ART PERLER BEAD,0.41,8666661042173,visible,HILO DE MACRAME,1,04217-20,https://img-eu-2.freex.es/img/071/1000002557/1024x1024/35caf191f67c9dd4813709197c21b3cf
1000002558,ART PERLER BEAD,0.41,8666661042173,visible,HILO DE MACRAME,1,04217-21,https://img-eu-2.freex.es/img/071/1000002558/1024x1024/4fc33f3aa50d3814cb41f04bec72e1b2
1000002560,ART PERLER BEAD,0.41,8666661042173,visible,HILO DE MACRAME,1,04217-23,https://img-eu-2.freex.es/img/071/1000002560/1024x1024/868e6a66acb3a93109978c213510252c
1000000093,ACESORIOS DE CROCHE,0.47,8666661019557,visible,HILO DE MACRAME,1,01955,https://img-eu-2.freex.es/img/071/1000000093/1024x1024/c8307d42f3e08268007cd3eb8cf12fe0
1000002568,ACESORIOS DE CROCHE,0.47,8666661019564,visible,HILO DE MACRAME,1,019564,https://img-eu-2.freex.es/img/071/1000002568/1024x1024/e65a40761e7edf39b364615ffc75a0c3
1000002564,TABLA PARA PERLER,0.68,8666661042180,visible,HILO DE MACRAME,1,04218,https://img-eu-2.freex.es/img/071/1000002564/1024x1024/0e1bd28bd0dfe1eb684769f75a607066
1000002565,TABLA PARA PERLER,0.68,8666661042197,visible,HILO DE MACRAME,1,04219,https://img-eu-2.freex.es/img/071/1000002565/1024x1024/a23b456bdd0598636d3ec411780efc0b
1000006255,TABLA PARA PERLER BEAD,0.68,8666661069118,visible,HILO DE MACRAME,1,06911,https://img-eu-2.freex.es/img/071/1000006255/1024x1024/5464e957e46bb1c20ac5ff641428d3c6
1000006256,TABLA PARA PERLER BEAD,0.68,8666661069125,visible,HILO DE MACRAME,1,06912,https://img-eu-2.freex.es/img/071/1000006256/1024x1024/38b7c496defc7333d61cddd33730c10e
1000006257,TABLA PARA PERLER BEAD,0.68,8666661069132,visible,HILO DE MACRAME,1,06913,https://img-eu-2.freex.es/img/071/1000006257/1024x1024/2035a83be9aa0b1238b3619b3aac3d29
1000034444,ART PERLER BEAD,1.83,86666661928161,visible,HILO DE MACRAME,1,92816,https://img-eu-2.freex.es/img/071/1000034444/1024x1024/d7e975b241b6007d1e601c73594a3c51
1000034445,ART PERLER BEAD,1.83,86666661928171,visible,HILO DE MACRAME,1,92817,https://img-eu-2.freex.es/img/071/1000034445/1024x1024/b56e23ee7ca43b1dfea6a6677fdc23cb
1000034446,ART PERLER BEAD,2.04,86666661928181,visible,HILO DE MACRAME,1,92818,https://img-eu-2.freex.es/img/071/1000034446/1024x1024/c5fef50962f2235d01ac0286fcb3a8b5
1000034447,ART PERLER BEAD,2.04,86666661928191,visible,HILO DE MACRAME,1,92819,https://img-eu-2.freex.es/img/071/1000034447/1024x1024/ab55b71d07ed9bc131b23c20cbe512b2
1000034369,ART PERLER BEAD,0.51,8666661928095,visible,HILO DE MACRAME,1,92809-1,https://img-eu-2.freex.es/img/071/1000034369/1024x1024/256fac565cddfe78a3606266900d7395
1000034380,ART PERLER BEAD,0.51,8666661928095,visible,HILO DE MACRAME,1,92809-2,https://img-eu-2.freex.es/img/071/1000034380/1024x1024/e48310aa0567a59c1c56b3ed1d09fe9e
1000034390,ART PERLER BEAD,0.51,8666661928095,visible,HILO DE MACRAME,1,92809-3,https://img-eu-2.freex.es/img/071/1000034390/1024x1024/7f5a6bd2d00fff705107f49476b8d62c
1000034391,ART PERLER BEAD,0.51,8666661928095,visible,HILO DE MACRAME,1,92809-4,https://img-eu-2.freex.es/img/071/1000034391/1024x1024/ee2fa1cb12201bf8150f6ed013074e5d
1000034392,ART PERLER BEAD,0.51,8666661928095,visible,HILO DE MACRAME,1,92809-5,https://img-eu-2.freex.es/img/071/1000034392/1024x1024/da1755ecebed86b05c2e065f3e486972
1000034393,ART PERLER BEAD,0.51,8666661928095,visible,HILO DE MACRAME,1,92809-6,https://img-eu-2.freex.es/img/071/1000034393/1024x1024/94e9f77db8a0b67221d194426aea3b68
1000034394,ART PERLER BEAD,0.51,8666661928095,visible,HILO DE MACRAME,1,92809-7,https://img-eu-2.freex.es/img/071/1000034394/1024x1024/4b3efc9aed6d42735ae492b7a0a15492
1000034395,ART PERLER BEAD,0.51,8666661928095,visible,HILO DE MACRAME,1,92809-8,https://img-eu-2.freex.es/img/071/1000034395/1024x1024/bceb53fa537de3c28cbbe07101816a7a
1000034396,ART PERLER BEAD,0.51,8666661928095,visible,HILO DE MACRAME,1,92809-9,https://img-eu-2.freex.es/img/071/1000034396/1024x1024/8b726e88234f0c4de89c39062e93f2b6
1000034370,ART PERLER BEAD,0.51,8666661928095,visible,HILO DE MACRAME,1,92809-10,https://img-eu-2.freex.es/img/071/1000034370/1024x1024/eb03921054cad4bdec700740ec16f43f
1000034371,ART PERLER BEAD,0.51,8666661928095,visible,HILO DE MACRAME,1,92809-11,https://img-eu-2.freex.es/img/071/1000034371/1024x1024/34bc2111cbf1851d714ed791d49c53b9
1000034372,ART PERLER BEAD,0.51,8666661928095,visible,HILO DE MACRAME,1,92809-12,https://img-eu-2.freex.es/img/071/1000034372/1024x1024/0e8d785c3e1e46332e4829135a2a0a03
1000034373,ART PERLER BEAD,0.51,8666661928095,visible,HILO DE MACRAME,1,92809-13,https://img-eu-2.freex.es/img/071/1000034373/1024x1024/a50c9449a7a8b239e0e1c7f863423ffc
1000034374,ART PERLER BEAD,0.51,8666661928095,visible,HILO DE MACRAME,1,92809-14,https://img-eu-2.freex.es/img/071/1000034374/1024x1024/f3761a3baf9198d0d8c00de4bd43d52e
1000034375,ART PERLER BEAD,0.51,8666661928095,visible,HILO DE MACRAME,1,92809-15,https://img-eu-2.freex.es/img/071/1000034375/1024x1024/6c1bc21dc81b224528e26a1908d1ab07
1000034376,ART PERLER BEAD,0.51,8666661928095,visible,HILO DE MACRAME,1,92809-16,https://img-eu-2.freex.es/img/071/1000034376/1024x1024/38d75535cd50af443c7e20ccfbeda00f
1000034377,ART PERLER BEAD,0.51,8666661928095,visible,HILO DE MACRAME,1,92809-17,https://img-eu-2.freex.es/img/071/1000034377/1024x1024/2413f2ed1e5a4a15d28a78153f282272
1000034378,ART PERLER BEAD,0.51,8666661928095,visible,HILO DE MACRAME,1,92809-18,https://img-eu-2.freex.es/img/071/1000034378/1024x1024/3a6654597a1e40a91348c1d76ec8f91f
1000034379,ART PERLER BEAD,0.51,8666661928095,visible,HILO DE MACRAME,1,92809-19,https://img-eu-2.freex.es/img/071/1000034379/1024x1024/0e06a3f46cc4ef2162948bacd845e980
1000034381,ART PERLER BEAD,0.51,8666661928095,visible,HILO DE MACRAME,1,92809-20,https://img-eu-2.freex.es/img/071/1000034381/1024x1024/36661af954e2f9e197883059a04fb700
1000034382,ART PERLER BEAD,0.51,8666661928095,visible,HILO DE MACRAME,1,92809-21,https://img-eu-2.freex.es/img/071/1000034382/1024x1024/b78b26177da2ee642c42efbb761e0b69
1000034383,ART PERLER BEAD,0.51,8666661928095,visible,HILO DE MACRAME,1,92809-22,https://img-eu-2.freex.es/img/071/1000034383/1024x1024/889ee259caa051761de1ff38ca148c0b
1000034384,ART PERLER BEAD,0.51,8666661928095,visible,HILO DE MACRAME,1,92809-23,https://img-eu-2.freex.es/img/071/1000034384/1024x1024/65213b5ba8a753589d7aa9defba09c64
1000034385,ART PERLER BEAD,0.51,8666661928095,visible,HILO DE MACRAME,1,92809-24,https://img-eu-2.freex.es/img/071/1000034385/1024x1024/1e12557916ca2ebb7aa116c61c773818
1000034386,ART PERLER BEAD,0.51,8666661928095,visible,HILO DE MACRAME,1,92809-25,https://img-eu-2.freex.es/img/071/1000034386/1024x1024/f4cc4849573c69fb9047b48df1eb6042
1000034387,ART PERLER BEAD,0.51,8666661928095,visible,HILO DE MACRAME,1,92809-26,https://img-eu-2.freex.es/img/071/1000034387/1024x1024/71a8ea4d1427a03223f709b4c07eabe3
1000034388,ART PERLER BEAD,0.51,8666661928095,visible,HILO DE MACRAME,1,92809-27,https://img-eu-2.freex.es/img/071/1000034388/1024x1024/cf1a2cf1edc14d6cbdedea52a8239d11
1000034389,ART PERLER BEAD,0.51,8666661928095,visible,HILO DE MACRAME,1,92809-28,https://img-eu-2.freex.es/img/071/1000034389/1024x1024/5bb463843b37a2639adff8479641b457
1000034397,ART PERLER BEAD,0.93,8666661928101,visible,HILO DE MACRAME,1,92810-1,https://img-eu-2.freex.es/img/071/1000034397/1024x1024/99ea1d91049ff0c2b95a09d4fa9034d1
1000034398,ART PERLER BEAD,0.93,8666661928101,visible,HILO DE MACRAME,1,92810-2,https://img-eu-2.freex.es/img/071/1000034398/1024x1024/184f9de2989ebaa0045e7a21e2e691c2
1000040110,TABLABEAD,0,,visible,TABLABEAD,1,??_20240418145428,https://img-eu-2.freex.es/img/071/1000040110/1024x1024/a4c4644771431562ca2f839f384a392d
1000043765,OJO DE MANUALIDADES,0.51,8666662101794,visible,TABLABEAD,1,210179,https://img-eu-2.freex.es/img/071/1000043765/1024x1024/2273cf69565204963321f24fb16e6698
1000043766,OJO DE MANUALIDADES,0.51,8666662101800,visible,TABLABEAD,1,210180,https://img-eu-2.freex.es/img/071/1000043766/1024x1024/079cd4eab64ddc9aad998463d2df8f86
1000043767,OJO DE MANUALIDADES,0.51,8666662101817,visible,TABLABEAD,1,210181,https://img-eu-2.freex.es/img/071/1000043767/1024x1024/71903c60345ec62b4f4c5afdc13d9cfb
1000043768,OJO DE MANUALIDADES,0.51,8666662101824,visible,TABLABEAD,1,210182,https://img-eu-2.freex.es/img/071/1000043768/1024x1024/83a33022b5ead01fba30512b3cfe5ed0
1000043769,OJO DE MANUALIDADES,0.51,8666662101831,visible,TABLABEAD,1,210183,https://img-eu-2.freex.es/img/071/1000043769/1024x1024/d55eef30040010614e6182645584b3a0
1000045922,OJO PARA MANUALIDADES,0.43,8666662103125,visible,TABLABEAD,1,210312,https://img-eu-2.freex.es/img/071/1000045922/1024x1024/00875a578d06af175086545bf7abce6c
1000045923,OJO PARA MANUALIDADES,0.43,8666662103132,visible,TABLABEAD,1,210313,https://img-eu-2.freex.es/img/071/1000045923/1024x1024/b82586be984f1518a9b8bba9349127e9
1000045924,OJO PARA MANUALIDADES,0.43,8666662103149,visible,TABLABEAD,1,210314,https://img-eu-2.freex.es/img/071/1000045924/1024x1024/3ee329c2bdad3a9289025b89c1320dfd
1000045925,OJO PARA MANUALIDADES,0.43,8666662103156,visible,TABLABEAD,1,210315,https://img-eu-2.freex.es/img/071/1000045925/1024x1024/def446ffd494874cf5224d6e9188464d
1000045926,OJO PARA MANUALIDADES,0.43,8666662103163,visible,TABLABEAD,1,210316,https://img-eu-2.freex.es/img/071/1000045926/1024x1024/dfc730d06805a31fd7ec043ce0a571c4
1000043788,PEGATINA OJO DE MANUALIDADES,0.36,8666662102081,visible,TABLABEAD,1,210208,https://img-eu-2.freex.es/img/071/1000043788/1024x1024/2181ed6444206f113ffef6ddbb5eec0a
1000043789,PEGATINA OJO DE MANUALIDADES,0.36,8666662102098,visible,TABLABEAD,1,210209,https://img-eu-2.freex.es/img/071/1000043789/1024x1024/d16ac838e84f28f721301a79a17294db
1000043790,PEGATINA OJO DE MANUALIDADES,0.36,8666662102104,visible,TABLABEAD,1,210210,https://img-eu-2.freex.es/img/071/1000043790/1024x1024/114543a16310bec1c6cc832fb7b1998b
1000043791,PEGATINA OJO DE MANUALIDADES,0.36,8666662102111,visible,TABLABEAD,1,210211,https://img-eu-2.freex.es/img/071/1000043791/1024x1024/fd6942016372d4c12a9493bd9c5daa4c
1000043792,PEGATINA OJO DE MANUALIDADES,0.36,8666662102128,visible,TABLABEAD,1,210212,https://img-eu-2.freex.es/img/071/1000043792/1024x1024/cb21d35b498ee1ec987144f01d1b9636
1000043793,PEGATINA OJO DE MANUALIDADES,0.36,8666662102135,visible,TABLABEAD,1,210213,https://img-eu-2.freex.es/img/071/1000043793/1024x1024/518a046915a6168cdbaae38384ba28ed
1000043794,PEGATINA OJO DE MANUALIDADES,0.36,8666662102142,visible,TABLABEAD,1,210214,https://img-eu-2.freex.es/img/071/1000043794/1024x1024/2efab7f0932f3bc6588292b06bdc736e
1000043795,PEGATINA OJO DE MANUALIDADES,0.36,8666662102159,visible,TABLABEAD,1,210215,https://img-eu-2.freex.es/img/071/1000043795/1024x1024/1a9074468326370439bfa4321ddfde51
1000043796,PEGATINA OJO DE MANUALIDADES,0.36,8666662102166,visible,TABLABEAD,1,210216,https://img-eu-2.freex.es/img/071/1000043796/1024x1024/e5512da1265f52c094310a88d0c8c064
1000043797,PEGATINA OJO DE MANUALIDADES,0.36,8666662102173,visible,TABLABEAD,1,210217,https://img-eu-2.freex.es/img/071/1000043797/1024x1024/9ea3f43c7ab97529ded59fd96887a78e
1000043798,PEGATINA OJO DE MANUALIDADES,0.36,8666662102180,visible,TABLABEAD,1,210218,https://img-eu-2.freex.es/img/071/1000043798/1024x1024/3a81ec18f429453de8bdff7bc376320e
1000043799,PEGATINA OJO DE MANUALIDADES,0.36,8666662102197,visible,TABLABEAD,1,210219,https://img-eu-2.freex.es/img/071/1000043799/1024x1024/556bad1eee1808b5f2a8250b4982b2e4
1000043800,PEGATINA OJO DE MANUALIDADES,0.36,8666662102203,visible,TABLABEAD,1,210220,https://img-eu-2.freex.es/img/071/1000043800/1024x1024/dd06f7a5ce8c2e5d8b97d4bbfb98df38
1000039480,OJO PARA MANUALIDADES,0.36,8666662016357,visible,TABLABEAD,1,201635,https://img-eu-2.freex.es/img/071/1000039480/1024x1024/637c79ba572e796113985c1904ea7fdb
1000039481,OJO PARA MANUALIDADES,0.36,8666662016364,visible,TABLABEAD,1,201636,https://img-eu-2.freex.es/img/071/1000039481/1024x1024/01e616d7056ed9dade1418b10d7c00eb
1000039482,OJO PARA MANUALIDADES,0.36,8666662016371,visible,TABLABEAD,1,201637,https://img-eu-2.freex.es/img/071/1000039482/1024x1024/09d1ab954407ba8a5fa7ed610be2e254
1000039483,OJO PARA MANUALIDADES,0.36,8666662016388,visible,TABLABEAD,1,201638-1,https://img-eu-2.freex.es/img/071/1000039483/1024x1024/8849b0611029a44942035534a95b0a15
1000039484,OJO PARA MANUALIDADES,0.36,8666662016395,visible,TABLABEAD,1,201639,https://img-eu-2.freex.es/img/071/1000039484/1024x1024/d381d966cb12d57e3251b2513b302317
1000039485,OJO PARA MANUALIDADES,0.36,8666662016401,visible,TABLABEAD,1,201640,https://img-eu-2.freex.es/img/071/1000039485/1024x1024/336928a55410e366468e4982d8bc9faa
1000039039,6mm OJO PARA MANUALIDADES,0.36,866666201531,visible,TABLABEAD,1,201531,https://img-eu-2.freex.es/img/071/1000039039/1024x1024/ebe2b1ed580bf02cfca28e1c0617f23d
1000039040,7mm OJO PARA MANUALIDADES,0.36,866666201532,visible,TABLABEAD,1,201532,https://img-eu-2.freex.es/img/071/1000039040/1024x1024/51731c72e61ade4f077f67e6b6c43840
1000039041,8mm OJO PARA MANUALIDADES,0.36,866666201533,visible,TABLABEAD,1,201533,https://img-eu-2.freex.es/img/071/1000039041/1024x1024/722a402f3c23a6744f3186226ad5701a
1000039042,10mm OJO PARA MANUALIDADES,0.36,866666201534,visible,TABLABEAD,1,201534,https://img-eu-2.freex.es/img/071/1000039042/1024x1024/1777da8b9cdf200e9131ef1a90d69c28
1000039043,12mm OJO PARA MANUALIDADES,0.36,866666201535,visible,TABLABEAD,1,201535,https://img-eu-2.freex.es/img/071/1000039043/1024x1024/c9be39bf7f2faadc85370229a638eeb8
1000039044,15mm OJO PARA MANUALIDADES,0.36,866666201536,visible,TABLABEAD,1,201536,https://img-eu-2.freex.es/img/071/1000039044/1024x1024/029f86617aac50e0fcfcfc9e0055fe11
1000039045,18mm OJO PARA MANUALIDADES,0.36,866666201537,visible,TABLABEAD,1,201537,https://img-eu-2.freex.es/img/071/1000039045/1024x1024/c8115ff0758238a29555cdff49260fab
1000039046,20mm OJO PARA MANUALIDADES,0.36,866666201538,visible,TABLABEAD,1,201538,https://img-eu-2.freex.es/img/071/1000039046/1024x1024/7f44fb86bf3c042fc70dfe4f80c57024
1000016641,OJO PARA MANUALIDADES,0.37,8666661202126,visible,TABLABEAD,1,20212,https://img-eu-2.freex.es/img/071/1000016641/1024x1024/53f63be198cdefb80e94bf23f8236933
1000016642,OJO PARA MANUALIDADES,0.37,8666661202133,visible,TABLABEAD,1,20213,https://img-eu-2.freex.es/img/071/1000016642/1024x1024/269015cb06d23ced4f204afb48b545bb
1000026486,OJO PARA MANUALIDADES,0.37,866666191381,visible,TABLABEAD,1,91381,https://img-eu-2.freex.es/img/071/1000026486/1024x1024/3bcfa55b7083c5f63ad3955bfbe4c772
1000026487,OJO PARA MANUALIDADES,0.37,866666191382,visible,TABLABEAD,1,91382,https://img-eu-2.freex.es/img/071/1000026487/1024x1024/8ac5dd171e2791a9f6ef61874a8dfbc4
1000026488,OJO PARA MANUALIDADES,0.37,866666191383,visible,TABLABEAD,1,91383,https://img-eu-2.freex.es/img/071/1000026488/1024x1024/ab0f924a37559fdc930e25d21431f0cc
1000026489,OJO PARA MANUALIDADES,0.37,866666191385,visible,TABLABEAD,1,91385,https://img-eu-2.freex.es/img/071/1000026489/1024x1024/d8a236ace5de90ddd77f5e3d6db1f7b7
1000040098,OJOS DIY,0,,visible,OJOS DIY,1,??_20240418145332,https://img-eu-2.freex.es/img/071/1000040098/1024x1024/3bc3bfb7589a84208ff3deb93a03af97
1000043370,OJO MANUALIDADES 9MM M21593-4 M25179,0.36,8435687251797,visible,OJOS DIY,1,25179,https://img-eu-2.freex.es/img/071/1000043370/1024x1024/9c4e23fc56ee2c81d00ed0d373f2a6d9
1000043369,OJO 7MM,0.36,8435687251773,visible,OJOS DIY,1,25177,https://img-eu-2.freex.es/img/071/1000043369/1024x1024/1134f2dbe1e907843d6c116d850e96d6
1000040090,CASCABEL,0,,visible,CASCABEL,1,??_20240418145253,https://img-eu-2.freex.es/img/071/1000040090/1024x1024/471fdf5b4fdc070931ac81392d09bc4f
1000000231,CASCABELES DE COLORES,0.36,8666661010233,visible,CASCABEL,1,01023,https://img-eu-2.freex.es/img/071/1000000231/1024x1024/52f996794f9d4dfc66997a24c4fe0e15
1000000232,CASCABELES DE COLORES,0.36,8666661010240,visible,CASCABEL,1,01024,https://img-eu-2.freex.es/img/071/1000000232/1024x1024/1ba1ced5fda4e56b4c64d67202fa8228
1000000233,CASCABELES DE COLORES,0.36,01025,visible,CASCABEL,1,01025,https://img-eu-2.freex.es/img/071/1000000233/1024x1024/f5289104564f7aca14f3c9a286708b35
1000035330,CAMPANA,0.47,866666203045,visible,CASCABEL,1,203045-1,https://img-eu-2.freex.es/img/071/1000035330/1024x1024/25298539abad5eb5c8c7ce209966f048
1000035331,CAMPANA,0.47,866666203045,visible,CASCABEL,1,203045-2,https://img-eu-2.freex.es/img/071/1000035331/1024x1024/08dda67f145d29e28eb4b11bc6294496
1000035332,CAMPANA,0.47,866666203046,visible,CASCABEL,1,203046-1,https://img-eu-2.freex.es/img/071/1000035332/1024x1024/15910faf9f4d6f685d294e126891f412
1000035333,CAMPANA,0.47,866666203046,visible,CASCABEL,1,203046-2,https://img-eu-2.freex.es/img/071/1000035333/1024x1024/9112b1977293d951b3de25c4b979c8bc
1000035334,CAMPANA,0.47,866666203047,visible,CASCABEL,1,203047-1,https://img-eu-2.freex.es/img/071/1000035334/1024x1024/81a1ca2d46a6e1f604313789bc50df30
1000035335,CAMPANA,0.47,866666203047,visible,CASCABEL,1,203047-2,https://img-eu-2.freex.es/img/071/1000035335/1024x1024/98530eba2dac603765ad76003fc7da43
1000035336,CAMPANA,0.47,866666203048,visible,CASCABEL,1,203048-1,https://img-eu-2.freex.es/img/071/1000035336/1024x1024/7b45a46d49601e5c2fe87005d142cf87
1000035337,CAMPANA,0.47,866666203048,visible,CASCABEL,1,203048-2,https://img-eu-2.freex.es/img/071/1000035337/1024x1024/3d4e5e88b5e4cb7770255fac67878bee
1000035338,CAMPANA,0.47,866666203049,visible,CASCABEL,1,203049-1,https://img-eu-2.freex.es/img/071/1000035338/1024x1024/e85629c269b971aefebd8891a3fb9dea
1000035339,CAMPANA,0.47,866666203049,visible,CASCABEL,1,203049-2,https://img-eu-2.freex.es/img/071/1000035339/1024x1024/5a76ca5c5304b3409f2d64bef72edbb7
1000035340,CAMPANA,0.51,866666203050,visible,CASCABEL,1,203050-1,https://img-eu-2.freex.es/img/071/1000035340/1024x1024/27a65ff3fe79e517a0d3a0bf882f531b
1000035341,CAMPANA,0.51,866666203050,visible,CASCABEL,1,203050-2,https://img-eu-2.freex.es/img/071/1000035341/1024x1024/d524303519fb22be36453e73266f4410
1000035342,CAMPANA,0.51,866666203051,visible,CASCABEL,1,203051-1,https://img-eu-2.freex.es/img/071/1000035342/1024x1024/ed9fe6a6fe527d88ab01211defa248d9
1000035343,CAMPANA,0.51,866666203051,visible,CASCABEL,1,203051-2,https://img-eu-2.freex.es/img/071/1000035343/1024x1024/5653088d02112e08119ecc45a642bb16
1000035344,CAMPANA,0.51,866666203052,visible,CASCABEL,1,203052-1,https://img-eu-2.freex.es/img/071/1000035344/1024x1024/71c8363f7eacca05152bbd94cf96c74c
1000035345,CAMPANA,0.51,866666203052,visible,CASCABEL,1,203052-2,https://img-eu-2.freex.es/img/071/1000035345/1024x1024/b17584c68b37619c27a79028cf5719a0
1000035346,CAMPANA,0.51,866666203053,visible,CASCABEL,1,203053-1,https://img-eu-2.freex.es/img/071/1000035346/1024x1024/a183137823b954e2e39dea944ba1b122
1000035347,CAMPANA,0.51,866666203053,visible,CASCABEL,1,203053-2,https://img-eu-2.freex.es/img/071/1000035347/1024x1024/f2d1352d7febf0a746164c4eee3e7769
1000035348,CAMPANA,0.51,866666203054,visible,CASCABEL,1,203054-1,https://img-eu-2.freex.es/img/071/1000035348/1024x1024/70fd72eb46e522ffaf98f1c8e20937e0
1000035349,CAMPANA,0.51,866666203054,visible,CASCABEL,1,203054-2,https://img-eu-2.freex.es/img/071/1000035349/1024x1024/2ced69c43198d7c35a2b362a88e26e37
1000035350,CAMPANA,0.51,866666203055,visible,CASCABEL,1,203055-1,https://img-eu-2.freex.es/img/071/1000035350/1024x1024/16e433308a0de66b3c4dc5a88aa5ad96
1000035351,CAMPANA,0.51,866666203055,visible,CASCABEL,1,203055-2,https://img-eu-2.freex.es/img/071/1000035351/1024x1024/3ca8723558eaf354a51bb1c107a9e8dd
1000035352,CAMPANA,0.51,866666203056,visible,CASCABEL,1,203056-1,https://img-eu-2.freex.es/img/071/1000035352/1024x1024/854053c234bfd3e6ea2150b37fbe179d
1000035353,CAMPANA,0.51,866666203056,visible,CASCABEL,1,203056-2,https://img-eu-2.freex.es/img/071/1000035353/1024x1024/e13909bf1b2e98579d13d80cdf93ecf0
1000034268,CAMPANA,0.57,8666662000011,visible,CASCABEL,1,200001,https://img-eu-2.freex.es/img/071/1000034268/1024x1024/ad38524816f756861c91d14aaabd7ab6
1000034269,CAMPANA,0.57,8666662000028,visible,CASCABEL,1,200002,https://img-eu-2.freex.es/img/071/1000034269/1024x1024/4c700ba32cf30ae90ccaa3bb5fb59253
1000034271,CAMPANA,0.57,8666662000042,visible,CASCABEL,1,200004,https://img-eu-2.freex.es/img/071/1000034271/1024x1024/4fb82cc60e993efa318762d6fe16e5bf
1000034272,CAMPANA,0.57,8666662000059,visible,CASCABEL,1,200005,https://img-eu-2.freex.es/img/071/1000034272/1024x1024/edc398918b18e50db16c460a79249f29
1000034273,CAMPANA,0.57,8666662000066,visible,CASCABEL,1,200006,https://img-eu-2.freex.es/img/071/1000034273/1024x1024/c1c6b8a1dbaee58298ed1430c376eece
1000034274,CAMPANA,0.57,8666662000073,visible,CASCABEL,1,200007,https://img-eu-2.freex.es/img/071/1000034274/1024x1024/89bb75df4d5adfa2c7f617d1cbf6472b
1000034275,CAMPANA,0.57,8666662000080,visible,CASCABEL,1,200008,https://img-eu-2.freex.es/img/071/1000034275/1024x1024/e942c836a2288fbe65979ec1e7d91622
1000034276,CAMPANA,0.57,8666662000097,visible,CASCABEL,1,200009,https://img-eu-2.freex.es/img/071/1000034276/1024x1024/ecea0fc1c6e1fc1e83701e6a2261640d
1000034277,CAMPANA,0.57,8666662000103,visible,CASCABEL,1,200010,https://img-eu-2.freex.es/img/071/1000034277/1024x1024/907b4dfc51b22699cffb049137322fa7
1000034278,CASCABEL,0.57,866666200011,visible,CASCABEL,1,200011,https://img-eu-2.freex.es/img/071/1000034278/1024x1024/4a179b25373d1e8dcb534cbe3ca4961c
1000034279,CAMPANA,0.57,8666662000127,visible,CASCABEL,1,200012,https://img-eu-2.freex.es/img/071/1000034279/1024x1024/52bbf8ebd31ad561767cc63056a0a12f
1000034280,CAMPANA,0.57,8666662000134,visible,CASCABEL,1,200013,https://img-eu-2.freex.es/img/071/1000034280/1024x1024/8dc18c251b47bcd3a98c5d36be70ac22
1000034281,CAMPANA,0.57,8666662000141,visible,CASCABEL,1,200014,https://img-eu-2.freex.es/img/071/1000034281/1024x1024/375f9aabe43c3d412d8936781211efc4
1000027313,CAMPANA,0.57,8666662000158,visible,CASCABEL,1,200015,https://img-eu-2.freex.es/img/071/1000027313/1024x1024/5b552a43550d8054a14dc1ace4af05c2
1000034282,CAMPANA,0.57,8666662000165,visible,CASCABEL,1,200016,https://img-eu-2.freex.es/img/071/1000034282/1024x1024/2f1e30855c9e4d5f7cc8fa2b25a9a79b
1000034283,CAMPANA,0.57,8666662000172,visible,CASCABEL,1,200017,https://img-eu-2.freex.es/img/071/1000034283/1024x1024/e3d73e41ba3062203cae8352daa358f4
1000034284,CAMPANA,0.57,8666662000189,visible,CASCABEL,1,200018,https://img-eu-2.freex.es/img/071/1000034284/1024x1024/b9f8ea10dbbf169e1fa3a23aee4afb41
1000034285,CAMPANA,0.57,8666662000196,visible,CASCABEL,1,200019,https://img-eu-2.freex.es/img/071/1000034285/1024x1024/146a631c234df7b1ce5510cdeec1fd58
1000034286,CAMPANA,0.57,8666662000202,visible,CASCABEL,1,200020,https://img-eu-2.freex.es/img/071/1000034286/1024x1024/46ee3a578be58edcb827b4c6cad90d10
1000034290,CAMPANA,0.57,8666662000240,visible,CASCABEL,1,200024,https://img-eu-2.freex.es/img/071/1000034290/1024x1024/8801d4e9a99f36278b590dd0a348c8b6
1000034291,CAMPANA,0.57,8666662000257,visible,CASCABEL,1,200025,https://img-eu-2.freex.es/img/071/1000034291/1024x1024/0befe173b3342603255f1054b6334199
1000034293,CASCABEL,0.57,866666200027,visible,CASCABEL,1,200027,https://img-eu-2.freex.es/img/071/1000034293/1024x1024/8e3848658c4298bb00f82012c9178b82
1000034294,CASCABEL,0.57,866666200028,visible,CASCABEL,1,200028,https://img-eu-2.freex.es/img/071/1000034294/1024x1024/cee4bf2f9a9683e8dc3e70e5ac88c11d
1000024812,CAMPANA,0.47,91040-2,visible,CASCABEL,1,91040-2,https://img-eu-2.freex.es/img/071/1000024812/1024x1024/2273c7b53b3977b9cba2e8b01c419365
1000024814,CAMPANA,0.47,91041-2,visible,CASCABEL,1,91041-2,https://img-eu-2.freex.es/img/071/1000024814/1024x1024/9cdeb33d43f164c90223f3786dfc8c09
1000024816,CAMPANA,0.47,91042-2,visible,CASCABEL,1,91042-2,https://img-eu-2.freex.es/img/071/1000024816/1024x1024/2bfef667d4dbe6a55d3f3f02716a5093
1000024818,CAMPANA,0.47,91043-2,visible,CASCABEL,1,91043-2,https://img-eu-2.freex.es/img/071/1000024818/1024x1024/4ae42b845befd102be2f117b084a1454
1000024820,CAMPANA,0.47,91044-2,visible,CASCABEL,1,91044-2,https://img-eu-2.freex.es/img/071/1000024820/1024x1024/93d9aa2376f4df916c234f5056bc7d05
1000024821,CAMPANA,0.51,91045-1,visible,CASCABEL,1,91045-1,https://img-eu-2.freex.es/img/071/1000024821/1024x1024/431f333ae987e0efc193841699bc396c
1000024822,CAMPANA,0.51,91045-2,visible,CASCABEL,1,91045-2,https://img-eu-2.freex.es/img/071/1000024822/1024x1024/11243ec5d3281af4a476bae281884439
1000024824,CAMPANA,0.51,91046-2,visible,CASCABEL,1,91046-2,https://img-eu-2.freex.es/img/071/1000024824/1024x1024/b1f86d76c5ef7373ae6fdd90272ecfca
1000024830,CAMPANA,0.51,91049-2,visible,CASCABEL,1,91049-2,https://img-eu-2.freex.es/img/071/1000024830/1024x1024/4ad920ac1263d373fac4f0f400a2065c
1000024831,CAMPANA,0.51,91050-1,visible,CASCABEL,1,91050-1,https://img-eu-2.freex.es/img/071/1000024831/1024x1024/130372200bc6d4e8d5e7bca9a1aa21ab
1000024832,CAMPANA,0.51,91050-2,visible,CASCABEL,1,91050-2,https://img-eu-2.freex.es/img/071/1000024832/1024x1024/c94649b3a586f80c9365a2971d03587e
1000024833,CAMPANA,0.51,91051-1,visible,CASCABEL,1,91051-1,https://img-eu-2.freex.es/img/071/1000024833/1024x1024/a3aa844c6cbc64fbbc2c98989f8428ea
1000024834,CAMPANA,0.51,91051-2,visible,CASCABEL,1,91051-2,https://img-eu-2.freex.es/img/071/1000024834/1024x1024/389ebb7bc57ab22d08c70523f3f50a09
1000024835,CAMPANA,0.51,91052-1,visible,CASCABEL,1,91052-1,https://img-eu-2.freex.es/img/071/1000024835/1024x1024/3812e0253e7f79c601e5e77e344167a8
1000024836,CAMPANA,0.51,91052-2,visible,CASCABEL,1,91052-2,https://img-eu-2.freex.es/img/071/1000024836/1024x1024/9ff15075042ea5bdb627fd7eb799bc80
1000024837,CAMPANA,0.51,91053-1,visible,CASCABEL,1,91053-1,https://img-eu-2.freex.es/img/071/1000024837/1024x1024/af004ecea26a7d05fc11723a6084fb9d
1000024838,CAMPANA,0.51,91053-2,visible,CASCABEL,1,91053-2,https://img-eu-2.freex.es/img/071/1000024838/1024x1024/3e274019d44cde6ce4fe1711f0e43b70
1000040088,ALAMBRE DE ALUMINIO,0,,visible,ALAMBRE DE ALUMINIO,1,??_20240418145245,https://img-eu-2.freex.es/img/071/1000040088/1024x1024/3e09a82375de46dedeb2ffc9e8ab3a71
1000034467,ALAMBRE DE ALUMINIO,0.47,8666661928996,visible,ALAMBRE DE ALUMINIO,1,92899-1,https://img-eu-2.freex.es/img/071/1000034467/1024x1024/659cb8d3b109cecf6bbe037340e77099
1000034468,ALAMBRE DE ALUMINIO,0.47,8666661928996,visible,ALAMBRE DE ALUMINIO,1,92899-2,https://img-eu-2.freex.es/img/071/1000034468/1024x1024/ca45b5ee945b2be6b69efbd5aff4384c
1000034469,ALAMBRE DE ALUMINIO,0.47,8666661928996,visible,ALAMBRE DE ALUMINIO,1,92899-3,https://img-eu-2.freex.es/img/071/1000034469/1024x1024/06fd3251daebba0b6d895b7231190adf
1000034470,ALAMBRE DE ALUMINIO,0.47,8666661928996,visible,ALAMBRE DE ALUMINIO,1,92899-4,https://img-eu-2.freex.es/img/071/1000034470/1024x1024/b9dd034b253607fb6a817313e96aa361
1000034471,ALAMBRE DE ALUMINIO,0.47,8666661928996,visible,ALAMBRE DE ALUMINIO,1,92899-5,https://img-eu-2.freex.es/img/071/1000034471/1024x1024/d7df0d8df5f7ca841e6628c38555f744
1000034472,ALAMBRE DE ALUMINIO,0.47,8666661928996,visible,ALAMBRE DE ALUMINIO,1,92899-6,https://img-eu-2.freex.es/img/071/1000034472/1024x1024/a32ec150e9a28cd6f04cda12b957a837
1000034473,ALAMBRE DE ALUMINIO,0.47,8666661928996,visible,ALAMBRE DE ALUMINIO,1,92899-7,https://img-eu-2.freex.es/img/071/1000034473/1024x1024/125f100675ed85e04196d392a994e39b
1000034474,ALAMBRE DE ALUMINIO,0.49,8666661929009,visible,ALAMBRE DE ALUMINIO,1,92900-1,https://img-eu-2.freex.es/img/071/1000034474/1024x1024/d16a3068c1809e7fee45e012889ac55c
1000034475,ALAMBRE DE ALUMINIO,0.49,8666661929009,visible,ALAMBRE DE ALUMINIO,1,92900-2,https://img-eu-2.freex.es/img/071/1000034475/1024x1024/2562e2c6e9bcefc5d2c55ae235ab57e1
1000034476,ALAMBRE DE ALUMINIO,0.49,8666661929009,visible,ALAMBRE DE ALUMINIO,1,92900-3,https://img-eu-2.freex.es/img/071/1000034476/1024x1024/6b3fb74b6d3e04d0e3ffb2e1ab7f76a2
1000034477,ALAMBRE DE ALUMINIO,0.49,8666661929009,visible,ALAMBRE DE ALUMINIO,1,92900-4,https://img-eu-2.freex.es/img/071/1000034477/1024x1024/33ffb667c7eb20c2f79fd07998fbd890
1000034478,ALAMBRE DE ALUMINIO,0.49,8666661929009,visible,ALAMBRE DE ALUMINIO,1,92900-5,https://img-eu-2.freex.es/img/071/1000034478/1024x1024/ef0ead8adb71e439d595edc2d330f41c
1000034479,ALAMBRE DE ALUMINIO,0.49,8666661929009,visible,ALAMBRE DE ALUMINIO,1,92900-6,https://img-eu-2.freex.es/img/071/1000034479/1024x1024/948180202fac5900230cab974ea6e6e0
1000034480,ALAMBRE DE ALUMINIO,0.49,8666661929009,visible,ALAMBRE DE ALUMINIO,1,92900-7,https://img-eu-2.freex.es/img/071/1000034480/1024x1024/65eeef54c0a710cedd6c8a6dcaeb27b9
1000046278,FLECO 8CM 6PC 90MICRAS,0.36,8666662103613,visible,ALAMBRE DE ALUMINIO,1,210361,https://img-eu-2.freex.es/img/071/1000046278/1024x1024/68fd559ef90dcb789cc70e85d3133391
1000046279,FLECO 8CM 6PC 90MICRAS,0.36,8666662103620,visible,ALAMBRE DE ALUMINIO,1,210362,https://img-eu-2.freex.es/img/071/1000046279/1024x1024/51d06755f5935d5526cb147271bf7367
1000046280,FLECO 8CM 6PC 90MICRAS,0.36,8666662103637,visible,ALAMBRE DE ALUMINIO,1,210363,https://img-eu-2.freex.es/img/071/1000046280/1024x1024/6ad10dfb5cfaee5d97429bf724f5560a
1000046281,FLECO 8CM 6PC 90MICRAS,0.36,8666662103644,visible,ALAMBRE DE ALUMINIO,1,210364,https://img-eu-2.freex.es/img/071/1000046281/1024x1024/8eb93da8522e5663580f68431c509967
1000046282,FLECO 8CM 6PC 90MICRAS,0.36,8666662103651,visible,ALAMBRE DE ALUMINIO,1,210365,https://img-eu-2.freex.es/img/071/1000046282/1024x1024/cd84d37cd6b52fb6afd06e9cb499b50c
1000046283,FLECO 8CM 6PC 90MICRAS,0.36,8666662103668,visible,ALAMBRE DE ALUMINIO,1,210366,https://img-eu-2.freex.es/img/071/1000046283/1024x1024/b931088efad98ac6b378ff798a1da9a7
1000046284,FLECO 8CM 6PC 90MICRAS,0.36,8666662103675,visible,ALAMBRE DE ALUMINIO,1,210367,https://img-eu-2.freex.es/img/071/1000046284/1024x1024/bf7e34ac076c761d6b1e2299605a5c2f
1000046285,FLECO 8CM 6PC 90MICRAS,0.36,8666662103682,visible,ALAMBRE DE ALUMINIO,1,210368,https://img-eu-2.freex.es/img/071/1000046285/1024x1024/6e272ba18ae366ec0393237ed466b33d
1000046286,FLECO 8CM 6PC 90MICRAS,0.36,8666662103699,visible,ALAMBRE DE ALUMINIO,1,210369,https://img-eu-2.freex.es/img/071/1000046286/1024x1024/3c4fadcb50e2f68cdfed12f63aaabb81
1000046287,FLECO 8CM 6PC 90MICRAS,0.36,8666662103705,visible,ALAMBRE DE ALUMINIO,1,210370,https://img-eu-2.freex.es/img/071/1000046287/1024x1024/a2bc229064a9676f31a7544af5845364
1000046288,FLECO 8CM 6PC 90MICRAS,0.36,8666662103712,visible,ALAMBRE DE ALUMINIO,1,210371,https://img-eu-2.freex.es/img/071/1000046288/1024x1024/eae15919eba4746814ac40c5cb97de00
1000046289,FLECO 8CM 6PC 90MICRAS,0.36,8666662103729,visible,ALAMBRE DE ALUMINIO,1,210372,https://img-eu-2.freex.es/img/071/1000046289/1024x1024/e01c46892df1bb2a1620ea38866f8c8b
1000024949,FLECOS PARA MANUALIDADES,0.51,866666191212,visible,ALAMBRE DE ALUMINIO,1,91212-1,https://img-eu-2.freex.es/img/071/1000024949/1024x1024/10c7e25fdb5e3c9b9eaa038d8c0b18ce
1000024950,FLECOS PARA MANUALIDADES,0.51,866666191212,visible,ALAMBRE DE ALUMINIO,1,91212-2,https://img-eu-2.freex.es/img/071/1000024950/1024x1024/fbd871a83b9e252e9d0db10c09aaeba4
1000025566,FLECOS PARA MANUALIDADES,0.51,866666191212,visible,ALAMBRE DE ALUMINIO,1,91212-4,https://img-eu-2.freex.es/img/071/1000025566/1024x1024/13509ed506a1e9000272ae425674317b
1000025567,FLECOS PARA MANUALIDADES,0.51,866666191212,visible,ALAMBRE DE ALUMINIO,1,91212-5,https://img-eu-2.freex.es/img/071/1000025567/1024x1024/36dc4d5afce89c6f4446c04844089a9a
1000025571,FLECOS PARA MANUALIDADES,0.51,866666191212,visible,ALAMBRE DE ALUMINIO,1,91212-9,https://img-eu-2.freex.es/img/071/1000025571/1024x1024/821c3ab40747203862ad282c61322788
1000025564,FLECOS PARA MANUALIDADES,0.51,866666191212,visible,ALAMBRE DE ALUMINIO,1,91212-10,https://img-eu-2.freex.es/img/071/1000025564/1024x1024/7cedc8c08295cd6369977766dae95b72
1000025572,FLECOS PARA MANUALIDADES,0.51,866666191213,visible,ALAMBRE DE ALUMINIO,1,91213-1,https://img-eu-2.freex.es/img/071/1000025572/1024x1024/516289e5dc361c94d3592f0c0131171d
1000025575,FLECOS PARA MANUALIDADES,0.51,866666191213,visible,ALAMBRE DE ALUMINIO,1,91213-2,https://img-eu-2.freex.es/img/071/1000025575/1024x1024/a2dcfd4a73b2951cedc0288bad3502c7
1000025576,FLECOS PARA MANUALIDADES,0.51,866666191213,visible,ALAMBRE DE ALUMINIO,1,91213-3,https://img-eu-2.freex.es/img/071/1000025576/1024x1024/21ae9fb9a0df0a3d834ec31ded4cd9ba
1000025581,FLECOS PARA MANUALIDADES,0.51,866666191213,visible,ALAMBRE DE ALUMINIO,1,91213-8,https://img-eu-2.freex.es/img/071/1000025581/1024x1024/a347e4e2a20156cad8f3a7263f29763d
1000025573,FLECOS PARA MANUALIDADES,0.51,866666191213,visible,ALAMBRE DE ALUMINIO,1,91213-10,https://img-eu-2.freex.es/img/071/1000025573/1024x1024/24b93daf3b72da825b1c25c95e255fbf
1000025594,FLECOS PARA MANUALIDADES,0.83,866666191214,visible,ALAMBRE DE ALUMINIO,1,91214-9,https://img-eu-2.freex.es/img/071/1000025594/1024x1024/72d5f87873ca15e3a225ddd086572caa
1000025585,FLECOS PARA MANUALIDADES,0.83,866666191214,visible,ALAMBRE DE ALUMINIO,1,91214-10,https://img-eu-2.freex.es/img/071/1000025585/1024x1024/dcdfdcbdafdff79812d41ded010d5e86
1000025598,FLECOS PARA MANUALIDADES,0.51,866666191215,visible,ALAMBRE DE ALUMINIO,1,91215-11,https://img-eu-2.freex.es/img/071/1000025598/1024x1024/776a94362ecc303741665ce866e9f9dd
1000041086,ANILLOS PARA TRENZAS PELO,0.43,8666662017415,visible,ALAMBRE DE ALUMINIO,1,201741,https://img-eu-2.freex.es/img/071/1000041086/1024x1024/0a24700f6f3357245a8d4ef5a2a6f5bd
1000041088,ANILLOS PARA TRENZAS PELO,0.43,8666662017439,visible,ALAMBRE DE ALUMINIO,1,201743,https://img-eu-2.freex.es/img/071/1000041088/1024x1024/98b1c4b8bec614103c1f5183e2a1901f
1000041089,ANILLOS PARA TRENZAS PELO,0.43,8666662017446,visible,ALAMBRE DE ALUMINIO,1,201744-1,https://img-eu-2.freex.es/img/071/1000041089/1024x1024/a86ea2bcfb1640fed15f91e10fd08dbc
1000041090,ANILLOS PARA TRENZAS PELO,0.43,8666662017453,visible,ALAMBRE DE ALUMINIO,1,201745,https://img-eu-2.freex.es/img/071/1000041090/1024x1024/fb1b02c79db93300a21363a481f34a5c
1000041092,ANILLOS PARA TRENZAS PELO,0.43,8666662017477,visible,ALAMBRE DE ALUMINIO,1,201747,https://img-eu-2.freex.es/img/071/1000041092/1024x1024/eea0bf7a6da9660408818fd23e288633
1000041093,ANILLOS PARA TRENZAS PELO,0.43,8666662017484,visible,ALAMBRE DE ALUMINIO,1,201748,https://img-eu-2.freex.es/img/071/1000041093/1024x1024/d1a26724f25e1e6672f643bd41f1f6cd
1000041094,ANILLOS PARA TRENZAS PELO,0.43,8666662017491,visible,ALAMBRE DE ALUMINIO,1,201749,https://img-eu-2.freex.es/img/071/1000041094/1024x1024/96e52b6ba3a5c67761eb1cda61b3bcd3
1000041095,ANILLOS PARA TRENZAS PELO,0.43,8666662017507,visible,ALAMBRE DE ALUMINIO,1,201750,https://img-eu-2.freex.es/img/071/1000041095/1024x1024/a3a52640657c628e4c39fa930bf886ea
1000041096,ANILLOS PARA TRENZAS PELO,0.43,8666662017514,visible,ALAMBRE DE ALUMINIO,1,201751-1,https://img-eu-2.freex.es/img/071/1000041096/1024x1024/f78fcd088f44725e24ba8772439dc14d
1000041097,ANILLOS PARA TRENZAS PELO,0.43,8666662017521,visible,ALAMBRE DE ALUMINIO,1,201752,https://img-eu-2.freex.es/img/071/1000041097/1024x1024/acbe5f33b1d195e3bf12a12ab46c6b78
1000041098,ANILLOS PARA TRENZAS PELO,0.43,8666662017538,visible,ALAMBRE DE ALUMINIO,1,201753,https://img-eu-2.freex.es/img/071/1000041098/1024x1024/87aa3588cc415df4bddc28e0de642266
1000041099,ANILLOS PARA TRENZAS PELO,0.43,8666662017545,visible,ALAMBRE DE ALUMINIO,1,201754,https://img-eu-2.freex.es/img/071/1000041099/1024x1024/dd1ee7ee5623d62ad268a8e147adff43
1000038322,ANILLOS PARA TRENZAS PELO,0.43,202605-1,visible,ALAMBRE DE ALUMINIO,1,202605-1,https://img-eu-2.freex.es/img/071/1000038322/1024x1024/2eb97d570f3436b182558b7c10f4d41a
1000038323,ANILLOS PARA TRENZAS PELO,0.43,202605-2,visible,ALAMBRE DE ALUMINIO,1,202605-2,https://img-eu-2.freex.es/img/071/1000038323/1024x1024/ebf10bd00dec20cbeac7a1265fdd3ecc
1000038324,ANILLOS PARA TRENZAS PELO,0.43,202605-3,visible,ALAMBRE DE ALUMINIO,1,202605-3,https://img-eu-2.freex.es/img/071/1000038324/1024x1024/c888f642d8c7965542e2a8d9f80e101f
1000038325,ANILLOS PARA TRENZAS PELO,0.47,202606-1,visible,ALAMBRE DE ALUMINIO,1,202606-1,https://img-eu-2.freex.es/img/071/1000038325/1024x1024/b506ee2a6c918be6f986b63fa369767e
1000038326,ANILLOS PARA TRENZAS PELO,0.47,202606-2,visible,ALAMBRE DE ALUMINIO,1,202606-2,https://img-eu-2.freex.es/img/071/1000038326/1024x1024/aa23ca47d5a1985b2d6086eb01a4d3b4
1000038327,ANILLOS PARA TRENZAS PELO,0.47,202606-3,visible,ALAMBRE DE ALUMINIO,1,202606-3,https://img-eu-2.freex.es/img/071/1000038327/1024x1024/f33e261630640fc607b13ba7a8fb596e
1000038328,ANILLOS PARA TRENZAS PELO,0.51,202607-1,visible,ALAMBRE DE ALUMINIO,1,202607-1,https://img-eu-2.freex.es/img/071/1000038328/1024x1024/a2552eca7ea50030d8962c00a7303828
1000038329,ANILLOS PARA TRENZAS PELO,0.51,202607-2,visible,ALAMBRE DE ALUMINIO,1,202607-2,https://img-eu-2.freex.es/img/071/1000038329/1024x1024/2efd236b0eb010d983b461231608a7aa
1000038330,ANILLOS PARA TRENZAS PELO,0.51,202607-3,visible,ALAMBRE DE ALUMINIO,1,202607-3,https://img-eu-2.freex.es/img/071/1000038330/1024x1024/083dded2945286cc8ea23d58ca357812
1000038331,ANILLOS PARA TRENZAS PELO,0.55,202608-1,visible,ALAMBRE DE ALUMINIO,1,202608-1,https://img-eu-2.freex.es/img/071/1000038331/1024x1024/0a854615bd88c04b5cfdaba9a1312c44
1000038332,ANILLOS PARA TRENZAS PELO,0.55,202608-2,visible,ALAMBRE DE ALUMINIO,1,202608-2,https://img-eu-2.freex.es/img/071/1000038332/1024x1024/706a97b781dd161d60383cd6a7c4a64e
1000038333,ANILLOS PARA TRENZAS PELO,0.55,202608-3,visible,ALAMBRE DE ALUMINIO,1,202608-3,https://img-eu-2.freex.es/img/071/1000038333/1024x1024/74f2701e91998106ea6ae139a35aabbd
1000038334,ANILLOS PARA TRENZAS PELO,0.51,202609,visible,ALAMBRE DE ALUMINIO,1,202609,https://img-eu-2.freex.es/img/071/1000038334/1024x1024/b56db3a61470fbdd2a13560ccae063fb
1000038336,ANILLOS PARA TRENZAS PELO,0.53,202611,visible,ALAMBRE DE ALUMINIO,1,202611,https://img-eu-2.freex.es/img/071/1000038336/1024x1024/69e62f334a3375d4735593ffd42d3687
1000038337,ANILLOS PARA TRENZAS PELO,0.47,866666202612,visible,ALAMBRE DE ALUMINIO,1,202612-1,https://img-eu-2.freex.es/img/071/1000038337/1024x1024/d7131284e13d4c42a7d6eb09a06e9bd5
1000038338,ANILLOS PARA TRENZAS PELO,0.47,8666662026127,visible,ALAMBRE DE ALUMINIO,1,202612-2,https://img-eu-2.freex.es/img/071/1000038338/1024x1024/0fd3648d298ea38af31e190c1a2c9b01
1000038339,ANILLOS PARA TRENZAS PELO,0.47,202612-3,visible,ALAMBRE DE ALUMINIO,1,202612-3,https://img-eu-2.freex.es/img/071/1000038339/1024x1024/94c311edfe195b6640d10c53ee09ce47
1000038340,ANILLOS PARA TRENZAS PELO,0.57,8666662026134,visible,ALAMBRE DE ALUMINIO,1,202613-1,https://img-eu-2.freex.es/img/071/1000038340/1024x1024/d5248d3626aa71633afbbd1ac0a4a69d
1000038341,ANILLOS PARA TRENZAS PELO,0.57,8666662026134,visible,ALAMBRE DE ALUMINIO,1,202613-2,https://img-eu-2.freex.es/img/071/1000038341/1024x1024/15d2deed5cb6d2b2ec0218039db057a6
1000038342,ANILLOS PARA TRENZAS PELO,0.57,202613-3,visible,ALAMBRE DE ALUMINIO,1,202613-3,https://img-eu-2.freex.es/img/071/1000038342/1024x1024/8dfece68e11262779ce513a9bde81622
1000038343,ANILLOS PARA TRENZAS PELO,0.43,202614,visible,ALAMBRE DE ALUMINIO,1,202614,https://img-eu-2.freex.es/img/071/1000038343/1024x1024/5c788c3af8a9b1283feb5b4c58a66346
1000038344,ANILLOS PARA TRENZAS PELO,0.51,202615,visible,ALAMBRE DE ALUMINIO,1,202615,https://img-eu-2.freex.es/img/071/1000038344/1024x1024/961ebc6278ad2924ae87f0dded0d4724
1000040094,FLOR LAZO,0,,visible,FLOR LAZO,1,??_20240418145314,https://img-eu-2.freex.es/img/071/1000040094/1024x1024/0df5f0c105192e70f6d6781eb560e3bc
1000017689,PETALOS ARTIFICIALES,0.72,8666661045242,visible,FLOR LAZO,1,04524-2,https://img-eu-2.freex.es/img/071/1000017689/1024x1024/408b626e924e63209d3ffb743ce76126
1000046509,04524-2 PETALOS ARTIFICIALES BLANCO,0.72,8666662030704,visible,FLOR LAZO,1,203070,https://img-eu-2.freex.es/img/071/1000046509/1024x1024/408b626e924e63209d3ffb743ce76126
1000046510,04524-7 PETALOS ARTIFICIALES ROJO,0.72,8666662030711,visible,FLOR LAZO,1,203071,https://img-eu-2.freex.es/img/071/1000046510/1024x1024/ee8f3294100068832ba64c0257f702b3
1000031813,PETALOS ARTIFICIALES,0.72,866666104524,visible,FLOR LAZO,1,04524-10A,https://img-eu-2.freex.es/img/071/1000031813/1024x1024/99edb99da92cd08fc71a341e1c2258b3
1000017695,PETALOS ARTIFICIALES,0.72,8666661045242,visible,FLOR LAZO,1,04524-8,https://img-eu-2.freex.es/img/071/1000017695/1024x1024/8cc06ccd49f4f23663868bf3d776a9f8
1000017696,PETALOS ARTIFICIALES,0.72,8666661045242,visible,FLOR LAZO,1,04524-9,https://img-eu-2.freex.es/img/071/1000017696/1024x1024/a4ff810b1268a8a36281420b7e02eb61
1000017690,PETALOS ARTIFICIALES,0.72,8666661045242,visible,FLOR LAZO,1,04524-3,https://img-eu-2.freex.es/img/071/1000017690/1024x1024/92535fde1bb4ff5454c8138fa3c8940a
1000017688,PETALOS ARTIFICIALES,0.72,8666661045242,visible,FLOR LAZO,1,04524-10,https://img-eu-2.freex.es/img/071/1000017688/1024x1024/931e544630a994d541017ad1836e1000
1000024874,FLORES ARTIFICIALES,0.47,91095-1,visible,FLOR LAZO,1,91095-1,https://img-eu-2.freex.es/img/071/1000024874/1024x1024/5229f82013b2654db7262bf908311443
1000024875,FLORES ARTIFICIALES,0.47,91095-2,visible,FLOR LAZO,1,91095-2,https://img-eu-2.freex.es/img/071/1000024875/1024x1024/033972eac1bafa6483d7f598228191c5
1000024876,FLORES ARTIFICIALES,0.47,91095-3,visible,FLOR LAZO,1,91095-3,https://img-eu-2.freex.es/img/071/1000024876/1024x1024/18818ad1e65da00584b66330849ffa81
1000016111,??????2CM 30PC,0.47,8666661201921,visible,FLOR LAZO,1,20192-2,https://img-eu-2.freex.es/img/071/1000016111/1024x1024/57ea24c7b7ba458fe44671defc5e6cb3
1000016115,??????3CM 15PC,0.47,8666661201938,visible,FLOR LAZO,1,20193-2,https://img-eu-2.freex.es/img/071/1000016115/1024x1024/e68bb10d3dd883d65c13e065b8181c2d
1000016119,??????5CM 10PC,0.47,8666661201945,visible,FLOR LAZO,1,20194-2,https://img-eu-2.freex.es/img/071/1000016119/1024x1024/8fb81674ef7ef83f213cc18046ba037a
1000016120,??????5CM 10PC,0.47,8666661201945,visible,FLOR LAZO,1,20194-3,https://img-eu-2.freex.es/img/071/1000016120/1024x1024/d91802c8985ab2ca5562c4d0c63a5deb
1000006888,???????,0.47,8666661082537,visible,FLOR LAZO,1,08253,https://img-eu-2.freex.es/img/071/1000006888/1024x1024/138732be6a6963c844c5faf520f36579
1000006887,?????????,0.47,8666661082537,visible,FLOR LAZO,1,08253-1,https://img-eu-2.freex.es/img/071/1000006887/1024x1024/32b01b6771264f291d79cf9d791cca86
1000007412,???????,0.51,8666661082551,visible,FLOR LAZO,1,08255,https://img-eu-2.freex.es/img/071/1000007412/1024x1024/e8aac97032d3c8e61c6ed7f96455530d
1000009226,5#???????,0.51,5609813315223,visible,FLOR LAZO,1,31522,https://img-eu-2.freex.es/img/071/1000009226/1024x1024/b093dd15c998d5123ccbbf08e9916066
1000016600,??2CM???,0.51,8666661201846,visible,FLOR LAZO,1,20184-9,https://img-eu-2.freex.es/img/071/1000016600/1024x1024/00cfb9eb94792486a4d9f305a8510b46
1000016612,??3CM??6PC,0.51,8666661201853,visible,FLOR LAZO,1,20185-9,https://img-eu-2.freex.es/img/071/1000016612/1024x1024/7c74cf7d19c61981b58ecd80947f5107
1000016603,???3CM??6PC,0.51,8666661201853,visible,FLOR LAZO,1,20185-11,https://img-eu-2.freex.es/img/071/1000016603/1024x1024/412911fb72e05cecb80df7ea08572cbd
1000016604,??3CM??6PC,0.51,8666661201853,visible,FLOR LAZO,1,20185-12,https://img-eu-2.freex.es/img/071/1000016604/1024x1024/e03bede04bc9265ce4dcbc69e4fb92c7
1000016539,??4.5CM??4PC,0.51,8666661201860,visible,FLOR LAZO,1,20186-9,https://img-eu-2.freex.es/img/071/1000016539/1024x1024/6ddcd6371491072ebc27740aceb4cc18
1000016530,???4.5CM??4PC,0.51,8666661201860,visible,FLOR LAZO,1,20186-11,https://img-eu-2.freex.es/img/071/1000016530/1024x1024/4a312203e417dbabb4aeefa58cfd266f
1000016531,??4.5CM??4PC,0.51,8666661201860,visible,FLOR LAZO,1,20186-12,https://img-eu-2.freex.es/img/071/1000016531/1024x1024/815eb936f1518c1de4ad6f21c0f4c5d5
1000016544,??2.5????6PC,0.51,8666661201877,visible,FLOR LAZO,1,20187-4,https://img-eu-2.freex.es/img/071/1000016544/1024x1024/577c7ed98edc3a681a4fc14b4f35d998
1000016547,??2.5????6PC,0.51,8666661201877,visible,FLOR LAZO,1,20187-7,https://img-eu-2.freex.es/img/071/1000016547/1024x1024/4c97a4501944c5c0cce44cf11db832fe
1000016548,??2.5????6PC,0.51,8666661201877,visible,FLOR LAZO,1,20187-8,https://img-eu-2.freex.es/img/071/1000016548/1024x1024/dea879a4ad5a5d6745a4ebf735b60bf7
1000016549,??2.5????6PC,0.51,8666661201877,visible,FLOR LAZO,1,20187-9,https://img-eu-2.freex.es/img/071/1000016549/1024x1024/ed739443f67d196a0ba1d08df36c3e8d
1000016541,??2.5????6PC,0.51,8666661201877,visible,FLOR LAZO,1,20187-10,https://img-eu-2.freex.es/img/071/1000016541/1024x1024/ca196e16340120e107e17ed689f453b1
1000016550,??4CM????4PC,0.51,8666661201884,visible,FLOR LAZO,1,20188-1,https://img-eu-2.freex.es/img/071/1000016550/1024x1024/6577acd4672b722062115e37793e3d3d
1000016557,??4CM????4PC,0.51,8666661201884,visible,FLOR LAZO,1,20188-7,https://img-eu-2.freex.es/img/071/1000016557/1024x1024/bf5ca4f03c51dc1d1ac8ed3462f46b85
1000016558,??4CM????4PC,0.51,8666661201884,visible,FLOR LAZO,1,20188-8,https://img-eu-2.freex.es/img/071/1000016558/1024x1024/ab47349cfddc01b9448dc48f23a5c0d1
1000016559,??4CM????4PC,0.51,8666661201884,visible,FLOR LAZO,1,20188-9,https://img-eu-2.freex.es/img/071/1000016559/1024x1024/8aa1c7def92724a34a1bcb6f2901ac1e
1000016551,??4CM????4PC,0.51,8666661201884,visible,FLOR LAZO,1,20188-10,https://img-eu-2.freex.es/img/071/1000016551/1024x1024/faf2a68cd3ac7de024224dbda7852690
1000016614,??????2PC,0.51,8666661201853,visible,FLOR LAZO,1,20189-2,https://img-eu-2.freex.es/img/071/1000016614/1024x1024/0ff12bb848c26778501ff3c4345333c8
1000016617,FLOR DE TELA,0.51,8.666661202,visible,FLOR LAZO,1,20190-1,https://img-eu-2.freex.es/img/071/1000016617/1024x1024/0216e2e0c7681253241a2d32134e0456
1000016633,??15????,0.51,8666661201914,visible,FLOR LAZO,1,20191-2,https://img-eu-2.freex.es/img/071/1000016633/1024x1024/c67df70654803f3d57e98254a0391f2f
1000042337,ARTE FLORE YUTE,0.83,8666662053604,visible,FLOR LAZO,1,205360,https://img-eu-2.freex.es/img/071/1000042337/1024x1024/465ae19e6b9bf687ae584a439e72f702
1000042338,ARTE FLORE YUTE,0.83,8666662053611,visible,FLOR LAZO,1,205361,https://img-eu-2.freex.es/img/071/1000042338/1024x1024/4c32e2bc258feb50eed0e8f425b43042
1000042339,ARTE FLORE YUTE,0.87,8666662053628,visible,FLOR LAZO,1,205362,https://img-eu-2.freex.es/img/071/1000042339/1024x1024/74210839cbb7b0821435eb9e6f2b4330
1000042340,ARTE FLORE YUTE,0.99,8666662053635,visible,FLOR LAZO,1,205363,https://img-eu-2.freex.es/img/071/1000042340/1024x1024/e3be0efbd34d0368e37d44faae8bfd7b
1000042341,ARTE FLORE YUTE,0.99,8666662053642,visible,FLOR LAZO,1,205364,https://img-eu-2.freex.es/img/071/1000042341/1024x1024/35bbc83d200647399f0c184b2a8c8017
1000042342,ARTE FLORE YUTE,1.1,8666662053659,visible,FLOR LAZO,1,205365,https://img-eu-2.freex.es/img/071/1000042342/1024x1024/9a9328ec3ef92bd9b688778bd7d63925
1000042348,FLECO DE YUTE,0.6,8666662053710,visible,FLOR LAZO,1,205371,https://img-eu-2.freex.es/img/071/1000042348/1024x1024/94f5ec1bf882dd586f721c3f4ccf1394
1000042349,FLECO DE YUTE,0.68,8666662053727,visible,FLOR LAZO,1,205372,https://img-eu-2.freex.es/img/071/1000042349/1024x1024/a623b037ae97b05cb2a62b71d7c8c463
1000042350,FLECO DE YUTE,0.72,8666662053734,visible,FLOR LAZO,1,205373,https://img-eu-2.freex.es/img/071/1000042350/1024x1024/0932a070296748e2ead729caeff2d74e
1000043666,ADORNO DECORACION,0.93,8666662101619,visible,FLOR LAZO,1,210161,https://img-eu-2.freex.es/img/071/1000043666/1024x1024/704db09d85ca70e6891e4b17a6a0c3b7
1000043667,ADORNO DECORACION,0.93,8666662101626,visible,FLOR LAZO,1,210162,https://img-eu-2.freex.es/img/071/1000043667/1024x1024/6517421b14c39b60fd0323da260baae6
1000043668,ADORNO DECORACION,0.89,8666662101633,visible,FLOR LAZO,1,210163,https://img-eu-2.freex.es/img/071/1000043668/1024x1024/77ec4181070694471d13b5510185de72
1000043669,ADORNO DECORACION,0.89,8666662101640,visible,FLOR LAZO,1,210164,https://img-eu-2.freex.es/img/071/1000043669/1024x1024/0a80f2b6bf9095d87e1cff593634ace2
1000043670,ADORNO DECORACION,0.89,8666662101657,visible,FLOR LAZO,1,210165,https://img-eu-2.freex.es/img/071/1000043670/1024x1024/eac89959a6ee6fb382e8d94aa77441a7
1000043671,ADORNO DECORACION,0.55,8666662101664,visible,FLOR LAZO,1,210166,https://img-eu-2.freex.es/img/071/1000043671/1024x1024/10ee27a04ec355e8ef5d022f2f3e09a5
1000043672,ADORNO DECORACION,0.6,8666662101671,visible,FLOR LAZO,1,210167,https://img-eu-2.freex.es/img/071/1000043672/1024x1024/e55bb7a272ea1535f48b3560281a7ce2
1000043673,ADORNO DECORACION,0.6,8666662101688,visible,FLOR LAZO,1,210168,https://img-eu-2.freex.es/img/071/1000043673/1024x1024/0110aefb72ec7b400cbfb2b6ce628476
1000043674,ADORNO DECORACION,0.6,8666662101695,visible,FLOR LAZO,1,210169,https://img-eu-2.freex.es/img/071/1000043674/1024x1024/ff46b5a3d3d100c62ad1edaab544ad05
1000043675,ADORNO DECORACION,0.6,8666662101701,visible,FLOR LAZO,1,210170,https://img-eu-2.freex.es/img/071/1000043675/1024x1024/da01db85ba26b5fefaa5b0be13eae918
1000043676,ADORNO DECORACION,0.47,8666662101718,visible,FLOR LAZO,1,210171,https://img-eu-2.freex.es/img/071/1000043676/1024x1024/c149c1bdf87b280eed98314082bdb652
1000043677,ADORNO DECORACION,0.6,8666662101725,visible,FLOR LAZO,1,210172,https://img-eu-2.freex.es/img/071/1000043677/1024x1024/08549b715c84eabec3534c2932bd5159
1000043678,ADORNO DECORACION,0.6,8666662101732,visible,FLOR LAZO,1,210173,https://img-eu-2.freex.es/img/071/1000043678/1024x1024/93febd1cd224d786361c8b1f1cf108b8
1000043679,ADORNO DECORACION,0.68,8666662101749,visible,FLOR LAZO,1,210174,https://img-eu-2.freex.es/img/071/1000043679/1024x1024/d6c016c6cd6d73b684ef41379d817602
1000043680,ADORNO DECORACION,0.68,8666662101756,visible,FLOR LAZO,1,210175,https://img-eu-2.freex.es/img/071/1000043680/1024x1024/f7028f3221181f5f11426e8f0b91259c
1000043681,ADORNO DECORACION,0.68,8666662101763,visible,FLOR LAZO,1,210176,https://img-eu-2.freex.es/img/071/1000043681/1024x1024/adadec027144cfac80cb73c49365b3c6
1000043763,ADORNO DE MANUALIDADES,0.97,8666662101770,visible,FLOR LAZO,1,210177,https://img-eu-2.freex.es/img/071/1000043763/1024x1024/e872c7f94cac535cb1d38246d4f27428
1000043764,ADORNO DE MANUALIDADES,0.97,8666662101787,visible,FLOR LAZO,1,210178,https://img-eu-2.freex.es/img/071/1000043764/1024x1024/c30ac87261086cb12e29a1e23c817cb0
1000043770, ADORNO DE MANUALIDADES,0.51,8666662101848,visible,FLOR LAZO,1,210184,https://img-eu-2.freex.es/img/071/1000043770/1024x1024/995f360ff41f5d0ec06a5637913907dd
1000043771, ADORNO DE MANUALIDADES,0.51,8666662101855,visible,FLOR LAZO,1,210185,https://img-eu-2.freex.es/img/071/1000043771/1024x1024/9eabdecd939854f96e000048b27a63a2
1000043772, ADORNO DE MANUALIDADES,0.51,8666662101862,visible,FLOR LAZO,1,210186,https://img-eu-2.freex.es/img/071/1000043772/1024x1024/c2e2bc9e6ee2c17efa6295e88cf46a43
1000043773, ADORNO DE MANUALIDADES,0.51,8666662101879,visible,FLOR LAZO,1,210187,https://img-eu-2.freex.es/img/071/1000043773/1024x1024/7b600b51b885f57b9bec3460f9806799
1000043774, ADORNO DE MANUALIDADES,0.51,8666662101886,visible,FLOR LAZO,1,210188,https://img-eu-2.freex.es/img/071/1000043774/1024x1024/f9533cf4cd18524c1f77e6373dacc333
1000043775,ADORNO DE MANUALIDADES,0.6,8666662101893,visible,FLOR LAZO,1,210189,https://img-eu-2.freex.es/img/071/1000043775/1024x1024/8adf7b17cc9bbbee2d1081ab45add91f
1000043776, ADORNO DE MANUALIDADES,0.68,8666662101909,visible,FLOR LAZO,1,210190,https://img-eu-2.freex.es/img/071/1000043776/1024x1024/a65c11e3a0015ae83bd3d89a2904383b
1000043777,ADORNO DE MANUALIDADES,0.68,8666662101916,visible,FLOR LAZO,1,210191,https://img-eu-2.freex.es/img/071/1000043777/1024x1024/26cd615fc6c6d7139a3d8f76b5c83a25
1000043778, ADORNO DE MANUALIDADES,0.51,8666662101923,visible,FLOR LAZO,1,210192,https://img-eu-2.freex.es/img/071/1000043778/1024x1024/a28b3832bfcb59607f832c99be3ea120
1000043779, ADORNO DE MANUALIDADES,0.51,8666662101930,visible,FLOR LAZO,1,210193,https://img-eu-2.freex.es/img/071/1000043779/1024x1024/c68220ab9647dab0102e83947e4e06af
1000043780, ADORNO DE MANUALIDADES,0.51,8666662101947,visible,FLOR LAZO,1,210194,https://img-eu-2.freex.es/img/071/1000043780/1024x1024/a3a4a072b0c1f0bac0ad9dbdd4b1d000
1000043781, ADORNO DE MANUALIDADES,0.51,8666662101954,visible,FLOR LAZO,1,210195,https://img-eu-2.freex.es/img/071/1000043781/1024x1024/f8888290118dd3c07211b70ee46b067b
1000043782, ADORNO DE MANUALIDADES,0.51,8666662101978,visible,FLOR LAZO,1,210197,https://img-eu-2.freex.es/img/071/1000043782/1024x1024/0de05066295c00c6f8e32cb157353721
1000043783, ADORNO DE MANUALIDADES,0.51,8666662101985,visible,FLOR LAZO,1,210198,https://img-eu-2.freex.es/img/071/1000043783/1024x1024/be657f2e27e95998725e1ea3766e30ee
1000043784,ADORNO DE MANUALIDADES,0.6,8666662101992,visible,FLOR LAZO,1,210199,https://img-eu-2.freex.es/img/071/1000043784/1024x1024/26492f23c49c0f3ec83e3207883f5313
1000043785,ADORNO DE MANUALIDADES,0.6,8666662102005,visible,FLOR LAZO,1,210200,https://img-eu-2.freex.es/img/071/1000043785/1024x1024/d362589c66ee2f480ce911d462e8900f
1000043786,ADORNO DE MANUALIDADES,0.6,8666662102012,visible,FLOR LAZO,1,210201,https://img-eu-2.freex.es/img/071/1000043786/1024x1024/e4c22a7a7427a5ccf34f424d4b43677f
1000043787,ADORNO DE MANUALIDADES,0.6,8666662102029,visible,FLOR LAZO,1,210202,https://img-eu-2.freex.es/img/071/1000043787/1024x1024/ab138cdd85c27ebf4bc31877ed534842
1000040097,Pompon,0,,visible,Pompon,1,??_20240418145328,https://img-eu-2.freex.es/img/071/1000040097/1024x1024/aed61cb21d851ae33ce0f680889ad458
1000037395,BOLITA POMPOM,0.47,8666662040062,visible,Pompon,1,204006,https://img-eu-2.freex.es/img/071/1000037395/1024x1024/e4c05aa90a169bdf387b3732cbd88fd7
1000037396,BOLITA POMPOM,0.47,8666662040079,visible,Pompon,1,204007,https://img-eu-2.freex.es/img/071/1000037396/1024x1024/aee7e4572de938ce09a23f3895eb63d9
1000037397,BOLITA POMPOM,0.47,8666662040086,visible,Pompon,1,204008,https://img-eu-2.freex.es/img/071/1000037397/1024x1024/8bf8fc3b21e4db87433b8d5bb6c53b3e
1000037398,BOLITA POMPOM,0.49,8666662040093,visible,Pompon,1,204009,https://img-eu-2.freex.es/img/071/1000037398/1024x1024/dde33b05a0136c68fab5e0564d601a02
1000037399,BOLITA POMPOM,0.51,8666662040109,visible,Pompon,1,204010,https://img-eu-2.freex.es/img/071/1000037399/1024x1024/f9a4189be1725eb5e4834515ca12912d
1000037400,BOLITA POMPOM,0.51,8666662040116,visible,Pompon,1,204011,https://img-eu-2.freex.es/img/071/1000037400/1024x1024/4425bbffacc2285d8196ded22f1c2314
1000037407,BOLITA POMPOM,0.47,8666662040185,visible,Pompon,1,204018,https://img-eu-2.freex.es/img/071/1000037407/1024x1024/b2fbc4da871c2e917daf76b34658b525
1000037409,BOLITA POMPOM,0.47,8666662040208,visible,Pompon,1,204020,https://img-eu-2.freex.es/img/071/1000037409/1024x1024/8b54978b605b52143beae6f19a9d693f
1000037410,BOLITA POMPOM,0.49,8666662040215,visible,Pompon,1,204021,https://img-eu-2.freex.es/img/071/1000037410/1024x1024/d2b72f5b0b3c9cef9c68cb7823fb76b8
1000037411,BOLITA POMPOM,0.51,8666662040222,visible,Pompon,1,204022,https://img-eu-2.freex.es/img/071/1000037411/1024x1024/7ffa7eb3c7c29ec58722afecc61386ff
1000037412,BOLITA POMPOM,0.51,8666662040239,visible,Pompon,1,204023,https://img-eu-2.freex.es/img/071/1000037412/1024x1024/28bed591d7274ce73259f080369d0974
1000022396,POMPONES PARA MANUALIDADES,0.51,8666661010110,visible,Pompon,1,01011-1,https://img-eu-2.freex.es/img/071/1000022396/1024x1024/103343d22c068707133e85296638ffcd
1000000292,POMPONES PARA MANUALIDADES,0.51,8666661010110,visible,Pompon,1,01011,https://img-eu-2.freex.es/img/071/1000000292/1024x1024/6485cf070ce434aab5a8997cb9ddccd5
1000019993,BOLITA POMPOM COLORES,0.43,8666661300105,visible,Pompon,1,30010,https://img-eu-2.freex.es/img/071/1000019993/1024x1024/10841dc676d330abd3a3583e6b42555c
1000019994,BOLITA POMPOM COLORES,0.45,8666661300112,visible,Pompon,1,30011-1,https://img-eu-2.freex.es/img/071/1000019994/1024x1024/8f63973bdf1b97ff34031f78c042437b
1000019996,BOLITA POMPOM COLORES,0.47,8666661300129,visible,Pompon,1,30012-1,https://img-eu-2.freex.es/img/071/1000019996/1024x1024/9bd8889eb1aac07bd0b31ea48a8441ed
1000019997,BOLITA POMPOM COLORES,0.49,8666661300136,visible,Pompon,1,30013-1,https://img-eu-2.freex.es/img/071/1000019997/1024x1024/386b12bada66ee615dd18e86d003883d
1000019998,BOLITA POMPOM COLORES,0.51,866666130014,visible,Pompon,1,30014-1,https://img-eu-2.freex.es/img/071/1000019998/1024x1024/93d59ae2825a0e3da57e5ffae3a38126
1000019999,BOLITA POMPOM COLORES,0.51,8666661300150,visible,Pompon,1,30015-1,https://img-eu-2.freex.es/img/071/1000019999/1024x1024/d7138cea7a9bb097e9084de407583e87
1000020000,BOLITA POMPOM COLORES,0.43,866666120126,visible,Pompon,1,20126,https://img-eu-2.freex.es/img/071/1000020000/1024x1024/7c176840349141af0bb11954062a594f
1000020007,BOLITA POMPOM,0.45,8666661201273,visible,Pompon,1,20127,https://img-eu-2.freex.es/img/071/1000020007/1024x1024/f625e5be450a67d45ad9fe4985041182
1000020008,BOLITA DE POMPOM,0.47,8666661201280,visible,Pompon,1,20128,https://img-eu-2.freex.es/img/071/1000020008/1024x1024/5aea1c87b3ddc7c74994716907cb73ad
1000020009,BOLITA DE POMPOM,0.51,8666661201297,visible,Pompon,1,20129,https://img-eu-2.freex.es/img/071/1000020009/1024x1024/a7ae61c1780df8bd22ecbf4dbe0bb55d
1000020010,BOLITA DE POMPOM,0.51,8666661201303,visible,Pompon,1,20130,https://img-eu-2.freex.es/img/071/1000020010/1024x1024/6a9f7306665ae2150b95e4350cf2a935
1000023011,BOLITA POMPOM,0.53,8412131300096,visible,Pompon,1,30009-A,https://img-eu-2.freex.es/img/071/1000023011/1024x1024/76a1e3918a0b837921cfc7aac0bdd4e9
1000015417,BOLITA POMPOM,0.43,8666661201266,visible,Pompon,1,20126-1,https://img-eu-2.freex.es/img/071/1000015417/1024x1024/245e24e2bff1913f6dc1bc05bd78350a
1000015432,BOLITA POMPOM,0.45,8666661201273,visible,Pompon,1,20127-1,https://img-eu-2.freex.es/img/071/1000015432/1024x1024/4e1a55f6a784fb8249556b8041632566
1000015447,BOLITA POMPOM,0.47,8666661201280,visible,Pompon,1,20128-1,https://img-eu-2.freex.es/img/071/1000015447/1024x1024/0118a99a1e6a083d2558d534aca43a98
1000015462,BOLITA POMPOM,0.51,8666661201297,visible,Pompon,1,20129-1,https://img-eu-2.freex.es/img/071/1000015462/1024x1024/fe1eb3f041b73463596eb71527244b5d
1000015477,BOLITA POMPOM,0.51,8666661201303,visible,Pompon,1,20130-1,https://img-eu-2.freex.es/img/071/1000015477/1024x1024/c1f53d2d493ad66a4b11ad0f0e78e4a7
1000019995,BOLITA POMPOM,0.53,8666661300099,visible,Pompon,1,30009-1,https://img-eu-2.freex.es/img/071/1000019995/1024x1024/bae9f2745e7a482e3c5f88d54ef2c5ee
1000015423,BOLITA POMPOM,0.43,8666661201266,visible,Pompon,1,20126-2,https://img-eu-2.freex.es/img/071/1000015423/1024x1024/0fb6d964d674a20ca1e01b1cabd5b34a
1000015438,BOLITA POMPOM,0.45,8666661201273,visible,Pompon,1,20127-2,https://img-eu-2.freex.es/img/071/1000015438/1024x1024/3ab549edf9e22ab3ef13dca54b260c5d
1000015453,BOLITA POMPOM,0.47,8666661201280,visible,Pompon,1,20128-2,https://img-eu-2.freex.es/img/071/1000015453/1024x1024/a9786defba49fb661cf1369b66a0bdf6
1000015468,BOLITA POMPOM,0.51,8666661201297,visible,Pompon,1,20129-2,https://img-eu-2.freex.es/img/071/1000015468/1024x1024/386c98460473d4ef3dbde9d624e94816
1000015483,BOLITA POMPOM,0.51,8666661201303,visible,Pompon,1,20130-2,https://img-eu-2.freex.es/img/071/1000015483/1024x1024/1e52fffe9f19fa9bd15a52fd700c3373
1000023003,BOLITA POMPOM,0.53,8666661300099,visible,Pompon,1,30009-2,https://img-eu-2.freex.es/img/071/1000023003/1024x1024/b38e6e59ba529a92899e95c0e8badb39
1000015424,BOLITA POMPOM,0.43,8666661201266,visible,Pompon,1,20126-3,https://img-eu-2.freex.es/img/071/1000015424/1024x1024/468b82f837c1ee60bcf2998bec0c6832
1000015439,BOLITA POMPOM,0.45,8666661201273,visible,Pompon,1,20127-3,https://img-eu-2.freex.es/img/071/1000015439/1024x1024/071fa0f99c09922a98d18a5cef275fd2
1000015454,BOLITA POMPOM,0.47,8666661201280,visible,Pompon,1,20128-3,https://img-eu-2.freex.es/img/071/1000015454/1024x1024/ff892056290de5a4984f25d5a2856edd
1000015469,BOLITA POMPOM,0.51,8666661201297,visible,Pompon,1,20129-3,https://img-eu-2.freex.es/img/071/1000015469/1024x1024/a1d8c2bd284d2e1c548b651a8858ecd6
1000015484,BOLITA POMPOM,0.51,8666661201303,visible,Pompon,1,20130-3,https://img-eu-2.freex.es/img/071/1000015484/1024x1024/2cdbb30595d1c0659e2a041c32c391ec
1000023004,BOLITA POMPOM,0.53,8666661300099,visible,Pompon,1,30009-3,https://img-eu-2.freex.es/img/071/1000023004/1024x1024/9aa7f02876bd038c4abe3e41993346a4
1000015425,BOLITA POMPOM,0.43,8666661201266,visible,Pompon,1,20126-4,https://img-eu-2.freex.es/img/071/1000015425/1024x1024/eec72a49bdce72257c2a3eacaf2242f7
1000015440,BOLITA POMPOM,0.45,8666661201273,visible,Pompon,1,20127-4,https://img-eu-2.freex.es/img/071/1000015440/1024x1024/b7e0e4a58472398a452fb2681e6f9e13
1000015455,BOLITA POMPOM,0.47,8666661201280,visible,Pompon,1,20128-4,https://img-eu-2.freex.es/img/071/1000015455/1024x1024/9743cac1c3cd4f68f00fd9280c5b3bf3
1000015470,BOLITA POMPOM,0.51,8666661201297,visible,Pompon,1,20129-4,https://img-eu-2.freex.es/img/071/1000015470/1024x1024/93d30a6b88385d0b6b682166597b20df
1000015485,BOLITA POMPOM,0.51,8666661201303,visible,Pompon,1,20130-4,https://img-eu-2.freex.es/img/071/1000015485/1024x1024/4b5e0e0115a0bfe7f535082e2888c252
1000023005,BOLITA POMPOM,0.53,8666661300099,visible,Pompon,1,30009-4,https://img-eu-2.freex.es/img/071/1000023005/1024x1024/12a5e0cb9f2b54ac93a5bc39bcae13cd
1000015441,BOLITA POMPOM,0.45,8666661201273,visible,Pompon,1,20127-5,https://img-eu-2.freex.es/img/071/1000015441/1024x1024/0bc1e681a4abbee702098ec310622522
1000015456,BOLITA POMPOM,0.47,8666661201280,visible,Pompon,1,20128-5,https://img-eu-2.freex.es/img/071/1000015456/1024x1024/5e9b8063208aca8da498033d08ea46b8
1000015471,BOLITA POMPOM,0.51,8666661201297,visible,Pompon,1,20129-5,https://img-eu-2.freex.es/img/071/1000015471/1024x1024/d669136dc20a038bc4b4e52bd0ecd019
1000015486,BOLITA POMPOM,0.51,8666661201303,visible,Pompon,1,20130-5,https://img-eu-2.freex.es/img/071/1000015486/1024x1024/f635e3446e8d443b0717817ca2b51809
1000023006,BOLITA POMPOM,0.53,8666661300099,visible,Pompon,1,30009-5,https://img-eu-2.freex.es/img/071/1000023006/1024x1024/5a9165cf671e540d7f4d2ebc997c758b
1000015426,BOLITA POMPOM,0.43,8666661201266,visible,Pompon,1,20126-5,https://img-eu-2.freex.es/img/071/1000015426/1024x1024/c2ec7f41b4ce875c3621feca3de68c68
1000015427,BOLITA POMPOM,0.43,8666661201266,visible,Pompon,1,20126-6,https://img-eu-2.freex.es/img/071/1000015427/1024x1024/10275842b472d045b42d021b2402c6d2
1000015442,BOLITA POMPOM,0.45,8666661201273,visible,Pompon,1,20127-6,https://img-eu-2.freex.es/img/071/1000015442/1024x1024/01472162e9d0dd147edd1ec97e4e0f7c
1000015457,BOLITA POMPOM,0.47,8666661201280,visible,Pompon,1,20128-6,https://img-eu-2.freex.es/img/071/1000015457/1024x1024/4078f6ba77c6256d55c9fb915e5977f6
1000015472,BOLITA POMPOM,0.51,8666661201297,visible,Pompon,1,20129-6,https://img-eu-2.freex.es/img/071/1000015472/1024x1024/5db03716818f74c7cbdc0a48fd017cd5
1000015487,BOLITA POMPOM,0.51,8666661201303,visible,Pompon,1,20130-6,https://img-eu-2.freex.es/img/071/1000015487/1024x1024/c8372c83ce9851ee430580d3c3efa7a2
1000023007,BOLITA POMPOM,0.53,8666661300099,visible,Pompon,1,30009-6,https://img-eu-2.freex.es/img/071/1000023007/1024x1024/e4773911d7b005819102061a0bc49232
1000015443,BOLITA POMPOM,0.45,8666661201273,visible,Pompon,1,20127-7,https://img-eu-2.freex.es/img/071/1000015443/1024x1024/2551f8d4edbae66dcfcaf3b568726714
1000015458,BOLITA POMPOM,0.47,8666661201280,visible,Pompon,1,20128-7,https://img-eu-2.freex.es/img/071/1000015458/1024x1024/0e93d9c9b63fd874ef16ce69f10fb908
1000015473,BOLITA POMPOM,0.51,8666661201297,visible,Pompon,1,20129-7,https://img-eu-2.freex.es/img/071/1000015473/1024x1024/3fcecf1e14885004e593eed0c1d4833f
1000015488,BOLITA POMPOM,0.51,8666661201303,visible,Pompon,1,20130-7,https://img-eu-2.freex.es/img/071/1000015488/1024x1024/b42b5894dc2afcdc531c2923cf59a81f
1000023008,BOLITA POMPOM,0.53,8666661300099,visible,Pompon,1,30009-7,https://img-eu-2.freex.es/img/071/1000023008/1024x1024/3f139973d1f0823c35170efcfaef0cfc
1000015428,BOLITA POMPOM,0.43,8666661201266,visible,Pompon,1,20126-7,https://img-eu-2.freex.es/img/071/1000015428/1024x1024/72265ed7aee477240186d274fd10792d
1000015429,BOLITA POMPOM,0.43,8666661201266,visible,Pompon,1,20126-8,https://img-eu-2.freex.es/img/071/1000015429/1024x1024/3f69fcbbcd6861683c50865b8227fae6
1000015444,BOLITA POMPOM,0.45,8666661201273,visible,Pompon,1,20127-8,https://img-eu-2.freex.es/img/071/1000015444/1024x1024/a5d5305b466cd94e748c59c16e424afb
1000015459,BOLITA POMPOM,0.47,8666661201280,visible,Pompon,1,20128-8,https://img-eu-2.freex.es/img/071/1000015459/1024x1024/f90b5b849e52d47222874988655a4b6f
1000015474,BOLITA POMPOM,0.51,8666661201297,visible,Pompon,1,20129-8,https://img-eu-2.freex.es/img/071/1000015474/1024x1024/f9a6b36c3e71e65dc9acceb50a870b9e
1000015489,BOLITA POMPOM,0.51,8666661201303,visible,Pompon,1,20130-8,https://img-eu-2.freex.es/img/071/1000015489/1024x1024/72ecb9b5c4ba21d44f6dad7dbf0047a0
1000023009,BOLITA POMPOM,0.53,8666661300099,visible,Pompon,1,30009-8,https://img-eu-2.freex.es/img/071/1000023009/1024x1024/1bb3807cd27e6c714318bf2b9bcbc2c7
1000015430,BOLITA POMPOM,0.43,8666661201266,visible,Pompon,1,20126-9,https://img-eu-2.freex.es/img/071/1000015430/1024x1024/faf313d7dfae6518573516052d28f258
1000015445,BOLITA POMPOM,0.45,8666661201273,visible,Pompon,1,20127-9,https://img-eu-2.freex.es/img/071/1000015445/1024x1024/547edf5dcd9ade19cd7cf2bbae821322
1000015460,BOLITA POMPOM,0.47,8666661201280,visible,Pompon,1,20128-9,https://img-eu-2.freex.es/img/071/1000015460/1024x1024/7259983985bb4e80b288354e0cb5b9ee
1000015475,BOLITA POMPOM,0.51,8666661201297,visible,Pompon,1,20129-9,https://img-eu-2.freex.es/img/071/1000015475/1024x1024/42a561f36b12fabd01dc25cca0bebb4c
1000015490,BOLITA POMPOM,0.51,8666661201303,visible,Pompon,1,20130-9,https://img-eu-2.freex.es/img/071/1000015490/1024x1024/df0502a57f3dc787af5a1c0f3d2773bf
1000023010,BOLITA POMPOM,0.53,8666661300099,visible,Pompon,1,30009-9,https://img-eu-2.freex.es/img/071/1000023010/1024x1024/cf2310b3e1187c649974e07ca2a58b03
1000015418,BOLITA POMPOM,0.36,8666661201266,visible,Pompon,1,20126-10,https://img-eu-2.freex.es/img/071/1000015418/1024x1024/06b12c8f8505f90d51984be9d3ad49cd
1000015433,BOLITA POMPOM,0.45,8666661201273,visible,Pompon,1,20127-10,https://img-eu-2.freex.es/img/071/1000015433/1024x1024/6654cf45e8a117e770f2a9bcfed722cc
1000015448,BOLITA POMPOM,0.47,8666661201280,visible,Pompon,1,20128-10,https://img-eu-2.freex.es/img/071/1000015448/1024x1024/7e66e90a09bf604f008992fb1cf47a34
1000015463,BOLITA POMPOM,0.51,8666661201297,visible,Pompon,1,20129-10,https://img-eu-2.freex.es/img/071/1000015463/1024x1024/1eedbf8810af93285beefb88f502d0f2
1000015478,BOLITA POMPOM,0.51,8666661201303,visible,Pompon,1,20130-10,https://img-eu-2.freex.es/img/071/1000015478/1024x1024/53d7561f866e04d481fce048d05a9fba
1000022995,BOLITA POMPOM,0.53,8666661300099,visible,Pompon,1,30009-10,https://img-eu-2.freex.es/img/071/1000022995/1024x1024/48b287424a9ed05917c5a804f84fffe6
1000015419,BOLITA POMPOM,0.43,8666661201266,visible,Pompon,1,20126-11,https://img-eu-2.freex.es/img/071/1000015419/1024x1024/0cde6f08ae7af850c0e580f3b80b9f45
1000015434,BOLITA POMPOM,0.45,8666661201273,visible,Pompon,1,20127-11,https://img-eu-2.freex.es/img/071/1000015434/1024x1024/4adaa7f7e23631cf3634d0917c5d1081
1000015449,BOLITA POMPOM,0.47,8666661201280,visible,Pompon,1,20128-11,https://img-eu-2.freex.es/img/071/1000015449/1024x1024/de0cef52a9d10a743263f9b7dad8ddb8
1000015464,BOLITA POMPOM,0.51,8666661201297,visible,Pompon,1,20129-11,https://img-eu-2.freex.es/img/071/1000015464/1024x1024/4a6f6afe8512c58f0a08eb79de698b1f
1000015479,BOLITA POMPOM,0.51,8666661201303,visible,Pompon,1,20130-11,https://img-eu-2.freex.es/img/071/1000015479/1024x1024/a125914d77054ef3da0446382e9e74aa
1000022996,BOLITA POMPOM,0.53,8666661300099,visible,Pompon,1,30009-11,https://img-eu-2.freex.es/img/071/1000022996/1024x1024/93a4800e3ab3f0d919989fb7358bdcdf
1000015420,BOLITA POMPOM,0.43,8666661201266,visible,Pompon,1,20126-12,https://img-eu-2.freex.es/img/071/1000015420/1024x1024/0b2f5f47c2386e00715273b4bb295b72
1000015435,BOLITA POMPOM,0.45,8666661201273,visible,Pompon,1,20127-12,https://img-eu-2.freex.es/img/071/1000015435/1024x1024/f75c4d58ea2aee7d9066f349532b0dc1
1000015450,BOLITA POMPOM,0.47,8666661201280,visible,Pompon,1,20128-12,https://img-eu-2.freex.es/img/071/1000015450/1024x1024/73cbfc4e2045514e5d32710ebb260447
1000015465,BOLITA POMPOM,0.51,8666661201297,visible,Pompon,1,20129-12,https://img-eu-2.freex.es/img/071/1000015465/1024x1024/4b647198dddeabfad09d9c563fdc3bd0
1000015480,BOLITA POMPOM,0.51,8666661201303,visible,Pompon,1,20130-12,https://img-eu-2.freex.es/img/071/1000015480/1024x1024/c34eb347343ef3a77662ab17f161ac15
1000022997,BOLITA POMPOM,0.53,8666661300099,visible,Pompon,1,30009-12,https://img-eu-2.freex.es/img/071/1000022997/1024x1024/a5e3416bf7169cfa181b75af3fa405b9
1000015421,BOLITA POMPOM,0.43,8666661201266,visible,Pompon,1,20126-13,https://img-eu-2.freex.es/img/071/1000015421/1024x1024/3df08e96a10e4525eae611d91650eb73
1000015436,BOLITA POMPOM,0.45,8666661201273,visible,Pompon,1,20127-13,https://img-eu-2.freex.es/img/071/1000015436/1024x1024/38562314fd685ab5f97caa676cf3be5b
1000015451,BOLITA POMPOM,0.47,8666661201280,visible,Pompon,1,20128-13,https://img-eu-2.freex.es/img/071/1000015451/1024x1024/605dc8f66a43a10126ee55452f2119d2
1000015466,BOLITA POMPOM,0.51,8666661201297,visible,Pompon,1,20129-13,https://img-eu-2.freex.es/img/071/1000015466/1024x1024/290627d38db6716dc6d5f1a3db13bff4
1000015481,BOLITA POMPOM,0.51,8666661201303,visible,Pompon,1,20130-13,https://img-eu-2.freex.es/img/071/1000015481/1024x1024/edb799da3099d0d36cf4244617fbbf13
1000022998,BOLITA POMPOM,0.53,8666661300099,visible,Pompon,1,30009-13,https://img-eu-2.freex.es/img/071/1000022998/1024x1024/d541a24c8c671cbca34785c0505c2912
1000015422,BOLITA POMPOM,0.43,8666661201266,visible,Pompon,1,20126-14,https://img-eu-2.freex.es/img/071/1000015422/1024x1024/82033b55a5ecd60df000fddddc93cb3a
1000015437,BOLITA POMPOM,0.45,8666661201273,visible,Pompon,1,20127-14,https://img-eu-2.freex.es/img/071/1000015437/1024x1024/0a02880ea2cefe1f5ef9579e82e53dd7
1000015452,BOLITA POMPOM,0.47,8666661201280,visible,Pompon,1,20128-14,https://img-eu-2.freex.es/img/071/1000015452/1024x1024/1a013224314870ae786779e573ce3d4d
1000015467,BOLITA POMPOM,0.51,8666661201297,visible,Pompon,1,20129-14,https://img-eu-2.freex.es/img/071/1000015467/1024x1024/7e5dae697e559e40908b0cc82c176d9d
1000015482,BOLITA POMPOM,0.51,8666661201303,visible,Pompon,1,20130-14,https://img-eu-2.freex.es/img/071/1000015482/1024x1024/ed71d098cb12766d456050dd61574560
1000022999,BOLITA POMPOM,0.53,8666661300099,visible,Pompon,1,30009-14,https://img-eu-2.freex.es/img/071/1000022999/1024x1024/97e2976f3132374cc9fe962c49fda37b
1000022830,BOLITA POMPOM,0.43,8666661201266,visible,Pompon,1,20126-15,https://img-eu-2.freex.es/img/071/1000022830/1024x1024/0eff6bad657fc2cf33f56bf4ca5321ad
1000022833,BOLITA POMPOM,0.45,8666661201273,visible,Pompon,1,20127-15,https://img-eu-2.freex.es/img/071/1000022833/1024x1024/c6c71f0e010717da2317e4eff6801f43
1000022836,BOLITA POMPOM,0.47,8666661201280,visible,Pompon,1,20128-15,https://img-eu-2.freex.es/img/071/1000022836/1024x1024/01891b99e27784a78f9cd8c696f7358c
1000022839,BOLITA POMPOM,0.51,8666661201297,visible,Pompon,1,20129-15,https://img-eu-2.freex.es/img/071/1000022839/1024x1024/f999042fb6b187cec186bed3216b611c
1000022842,BOLITA POMPOM,0.51,8666661201303,visible,Pompon,1,20130-15,https://img-eu-2.freex.es/img/071/1000022842/1024x1024/e7ed3f6c58551537149d1aae0572dc0f
1000023000,BOLITA POMPOM,0.53,8666661300099,visible,Pompon,1,30009-15,https://img-eu-2.freex.es/img/071/1000023000/1024x1024/b65562517231f7719f853454592ea48c
1000022834,BOLITA POMPOM,0.45,8666661201273,visible,Pompon,1,20127-16,https://img-eu-2.freex.es/img/071/1000022834/1024x1024/4857a3f1ac772ab5c2e691a308bf7b43
1000022837,BOLITA POMPOM,0.47,8666661201280,visible,Pompon,1,20128-16,https://img-eu-2.freex.es/img/071/1000022837/1024x1024/dd9549c71fc7fb0bf1fb121f89dfffcb
1000022840,BOLITA POMPOM,0.51,8666661201297,visible,Pompon,1,20129-16,https://img-eu-2.freex.es/img/071/1000022840/1024x1024/01561f93a770d49ce4945136f9f17016
1000022843,BOLITA POMPOM,0.51,8666661201303,visible,Pompon,1,20130-16,https://img-eu-2.freex.es/img/071/1000022843/1024x1024/df25194fdf5f1548703e37d126552357
1000023001,BOLITA POMPOM,0.53,8666661300099,visible,Pompon,1,30009-16,https://img-eu-2.freex.es/img/071/1000023001/1024x1024/e59fe496dadfd6d3a79d0e4d8b2f72e7
1000022831,BOLITA POMPOM,0.43,8666661201266,visible,Pompon,1,20126-16,https://img-eu-2.freex.es/img/071/1000022831/1024x1024/b43722f79cfd026ca06571fb08c2ea8a
1000022832,BOLITA POMPOM,0.43,8666661201266,visible,Pompon,1,20126-17,https://img-eu-2.freex.es/img/071/1000022832/1024x1024/68f799d2b1b8ef6cc12e4413351a8e88
1000022835,BOLITA POMPOM,0.45,8666661201273,visible,Pompon,1,20127-17,https://img-eu-2.freex.es/img/071/1000022835/1024x1024/08f20e9beabe557aed6d27d546d2b52f
1000022838,BOLITA POMPOM,0.47,8666661201280,visible,Pompon,1,20128-17,https://img-eu-2.freex.es/img/071/1000022838/1024x1024/f4b008391d2d87842af9a6d2fa7bff3a
1000022841,BOLITA POMPOM,0.51,8666661201297,visible,Pompon,1,20129-17,https://img-eu-2.freex.es/img/071/1000022841/1024x1024/ab8706cd81401879ff5509801a6d8f34
1000022844,BOLITA POMPOM,0.51,8666661201303,visible,Pompon,1,20130-17,https://img-eu-2.freex.es/img/071/1000022844/1024x1024/59cb30450a068fdf8dbd5efce278034e
1000023002,BOLITA POMPOM,0.53,8666661300099,visible,Pompon,1,30009-17,https://img-eu-2.freex.es/img/071/1000023002/1024x1024/f3257e8b2c71758949a438d84e34b733
1000040296,BOLITA POMPOM,0.43,866666120126,visible,Pompon,1,20126-17A,https://img-eu-2.freex.es/img/071/1000040296/1024x1024/4705c2913cd918cdff23b7c31dc1b47b
1000040297,BOLITA POMPOM,0.45,866666120127,visible,Pompon,1,20127-17A,https://img-eu-2.freex.es/img/071/1000040297/1024x1024/b1ce17fd4870c98ee4972f9a555fd1e9
1000040298,BOLITA POMPOM,0.47,866666120128,visible,Pompon,1,20128-17A,https://img-eu-2.freex.es/img/071/1000040298/1024x1024/c54b8fe0c379b00e9748bb10d119a7b2
1000040299,BOLITA POMPOM,0.51,866666120129,visible,Pompon,1,20129-17A,https://img-eu-2.freex.es/img/071/1000040299/1024x1024/e257a04ef50d70da104f1ed9ea6446a5
1000040300,BOLITA POMPOM,0.51,866666120130,visible,Pompon,1,20130-17A,https://img-eu-2.freex.es/img/071/1000040300/1024x1024/c261917267ebfa6783beacbf5588dbea
1000040301,BOLITA POMPOM,0.53,866666130009,visible,Pompon,1,30009-17A,https://img-eu-2.freex.es/img/071/1000040301/1024x1024/1a35575ead380acf2492a5e8c7219680
1000042224,CINTA DE POMP?N,0.51,8666662017811,visible,Pompon,1,201781,https://img-eu-2.freex.es/img/071/1000042224/1024x1024/5aef8b8833986d3bb53c9e655d2128c5
1000042225,CINTA DE POMP?N,0.51,8666662017828,visible,Pompon,1,201782,https://img-eu-2.freex.es/img/071/1000042225/1024x1024/81ca9a06ca3f77598c5b578ec3de46e7
1000042226,CINTA DE POMP?N,0.51,8666662017842,visible,Pompon,1,201784,https://img-eu-2.freex.es/img/071/1000042226/1024x1024/7d525edaa760e66e4da2563c53a883b8
1000042605,CINTA DE POMP?N PARA MANUALIDADES,0.51,8666662017859,visible,Pompon,1,201785,https://img-eu-2.freex.es/img/071/1000042605/1024x1024/acda806ac2548015f27c9bb242cd15e9
1000042227,CINTA DE POMP?N,0.51,8666662017866,visible,Pompon,1,201786,https://img-eu-2.freex.es/img/071/1000042227/1024x1024/27d3869c7edab6e619e8632630e5312b
1000042228,CINTA DE POMP?N,0.51,8666662017873,visible,Pompon,1,201787,https://img-eu-2.freex.es/img/071/1000042228/1024x1024/e3f1691ff73fa3a57ab331df997309e3
1000042229,CINTA DE POMP?N,0.51,8666662017880,visible,Pompon,1,201788,https://img-eu-2.freex.es/img/071/1000042229/1024x1024/988791aba83e7e40df0ac27fb9abe2a8
1000042606,CINTA DE POMP?N PARA MANUALIDADES,0.51,8666662017897,visible,Pompon,1,201789,https://img-eu-2.freex.es/img/071/1000042606/1024x1024/c3745a8dfad4e117d197a6da283b3f47
1000042607,CINTA DE POMP?N PARA MANUALIDADES,0.51,8666662017903,visible,Pompon,1,201790,https://img-eu-2.freex.es/img/071/1000042607/1024x1024/6e292339ae18c4ae19cc22bc72f2c930
1000042230,CINTA DE POMP?N,0.6,8666662017910,visible,Pompon,1,201791,https://img-eu-2.freex.es/img/071/1000042230/1024x1024/f955d63dc708ca175e8b9c515af2479e
1000042608,CINTA DE POMP?N PARA MANUALIDADES,0.6,8666662017927,visible,Pompon,1,201792,https://img-eu-2.freex.es/img/071/1000042608/1024x1024/368f446201b95efb953a02da2a1cd0e9
1000042231,CINTA DE POMP?N,0.6,8666662017934,visible,Pompon,1,201793,https://img-eu-2.freex.es/img/071/1000042231/1024x1024/1f822271694c11e9b8e86ac4a3cbf2ee
1000042609,CINTA DE POMP?N PARA MANUALIDADES,0.6,8666662017941,visible,Pompon,1,201794,https://img-eu-2.freex.es/img/071/1000042609/1024x1024/021ee3c7deda364f5a69ad77c87d78cb
1000042232,CINTA DE POMP?N,0.6,8666662017958,visible,Pompon,1,201795,https://img-eu-2.freex.es/img/071/1000042232/1024x1024/5abd63a1dff0023c5d85516bda2a1456
1000042233,CINTA DE POMP?,0.6,8666662017965,visible,Pompon,1,201796,https://img-eu-2.freex.es/img/071/1000042233/1024x1024/0a4abf0e5fcb474fd7a62b3ab2f5522e
1000042988,CINTA DE POMP?,0.6,866666201797,visible,Pompon,1,201797,https://img-eu-2.freex.es/img/071/1000042988/1024x1024/825356b3004c33a9e9cf3ebe4298fe32
1000041828,DIAMANTE 5D PARA PINTURA,0.34,8666662005313,visible,Pompon,1,200531,https://img-eu-2.freex.es/img/071/1000041828/1024x1024/09c96bb17109a49e5953e9740b0ac142
1000041829,DIAMANTE 5D PARA PINTURA,0.34,8666662005320,visible,Pompon,1,200532,https://img-eu-2.freex.es/img/071/1000041829/1024x1024/9244e88c13b80b10b89d0f9e0a70d373
1000041830,DIAMANTE 5D PARA PINTURA,0.34,8666662005337,visible,Pompon,1,200533,https://img-eu-2.freex.es/img/071/1000041830/1024x1024/3ff4ac8d4695ffc7d6857eb49b84fdcd
1000041831,DIAMANTE 5D PARA PINTURA,0.34,8666662005344,visible,Pompon,1,200534,https://img-eu-2.freex.es/img/071/1000041831/1024x1024/2ac747cff33f20635f80ea401bfe3ac5
1000041832,DIAMANTE 5D PARA PINTURA,0.34,8666662005351,visible,Pompon,1,200535,https://img-eu-2.freex.es/img/071/1000041832/1024x1024/68b570a90e9d8a7e087f0cc62fb1c198
1000041833,DIAMANTE 5D PARA PINTURA,0.34,8666662005368,visible,Pompon,1,200536,https://img-eu-2.freex.es/img/071/1000041833/1024x1024/fce465276be4d3c54f8b5c2f725f2e98
1000041834,DIAMANTE 5D PARA PINTURA,0.34,8666662005375,visible,Pompon,1,200537,https://img-eu-2.freex.es/img/071/1000041834/1024x1024/7877a9cb7b8d97a49e64a273fffffbf4
1000041835,DIAMANTE 5D PARA PINTURA,0.34,8666662005382,visible,Pompon,1,200538,https://img-eu-2.freex.es/img/071/1000041835/1024x1024/7dd96c9f6eea15dc31356445299bd911
1000041836,DIAMANTE 5D PARA PINTURA,0.34,8666662005399,visible,Pompon,1,200539,https://img-eu-2.freex.es/img/071/1000041836/1024x1024/040d2cf24200f30d86ee7ca8ab56c9c5
1000041837,DIAMANTE 5D PARA PINTURA,0.34,8666662005405,visible,Pompon,1,200540,https://img-eu-2.freex.es/img/071/1000041837/1024x1024/53506f45608681e83b70a8d1ea6a635e
1000041838,DIAMANTE 5D PARA PINTURA,0.34,8666662005412,visible,Pompon,1,200541,https://img-eu-2.freex.es/img/071/1000041838/1024x1024/e3fd900bd940a0fdcff09c4fedca5860
1000041839,DIAMANTE 5D PARA PINTURA,0.34,8666662005429,visible,Pompon,1,200542,https://img-eu-2.freex.es/img/071/1000041839/1024x1024/1ff4c82ff3cdf332ec64cfa64d59456b
1000041840,DIAMANTE 5D PARA PINTURA,0.34,8666662005436,visible,Pompon,1,200543,https://img-eu-2.freex.es/img/071/1000041840/1024x1024/3ca556dfeaafd90311b43be48d384a39
1000041841,DIAMANTE 5D PARA PINTURA,0.34,8666662005443,visible,Pompon,1,200544,https://img-eu-2.freex.es/img/071/1000041841/1024x1024/4879e66494a38e2de62d29204932edfe
1000041842,DIAMANTE 5D PARA PINTURA,0.34,8666662005450,visible,Pompon,1,200545,https://img-eu-2.freex.es/img/071/1000041842/1024x1024/8479ad298069dbf41f21a54f5127b601
1000041843,DIAMANTE 5D PARA PINTURA,0.34,8666662005467,visible,Pompon,1,200546,https://img-eu-2.freex.es/img/071/1000041843/1024x1024/ed6e07e87db70921d54fe0bf1abe3593
1000041844,DIAMANTE 5D PARA PINTURA,0.34,8666662005474,visible,Pompon,1,200547,https://img-eu-2.freex.es/img/071/1000041844/1024x1024/6b6c5f02774ab34cc0ed3f7ef3d0a088
1000041845,DIAMANTE 5D PARA PINTURA,0.34,8666662005481,visible,Pompon,1,200548,https://img-eu-2.freex.es/img/071/1000041845/1024x1024/e80c68d28d8995ea8e9ca77f4cc6b69e
1000041846,DIAMANTE 5D PARA PINTURA,0.34,8666662005498,visible,Pompon,1,200549,https://img-eu-2.freex.es/img/071/1000041846/1024x1024/2611769d4e8b41dbf5c90c7d5384786d
1000041847,DIAMANTE 5D PARA PINTURA,0.34,8666662005504,visible,Pompon,1,200550,https://img-eu-2.freex.es/img/071/1000041847/1024x1024/68354e95e647aac0aaf0781a6b726899
1000041848,DIAMANTE 5D PARA PINTURA,0.34,8666662005511,visible,Pompon,1,200551,https://img-eu-2.freex.es/img/071/1000041848/1024x1024/cfeb50f7c5e4dba877388267c1a65771
1000041849,DIAMANTE 5D PARA PINTURA,0.34,8666662005528,visible,Pompon,1,200552,https://img-eu-2.freex.es/img/071/1000041849/1024x1024/7507a8250e7a1fd217b6d83925eab613
1000041850,DIAMANTE 5D PARA PINTURA,0.34,8666662005535,visible,Pompon,1,200553,https://img-eu-2.freex.es/img/071/1000041850/1024x1024/1046efa1aa280aa2813a7632038aebf6
1000041851,DIAMANTE 5D PARA PINTURA,0.34,8666662005542,visible,Pompon,1,200554,https://img-eu-2.freex.es/img/071/1000041851/1024x1024/c440bc79883e90c4c145ded120af5ec1
1000041852,DIAMANTE 5D PARA PINTURA,0.34,8666662005559,visible,Pompon,1,200555,https://img-eu-2.freex.es/img/071/1000041852/1024x1024/adcc6f3b674f17224a61c4bbd1779e4b
1000041853,DIAMANTE 5D PARA PINTURA,0.34,8666662005566,visible,Pompon,1,200556,https://img-eu-2.freex.es/img/071/1000041853/1024x1024/705b28b75a9fe7525a9b59ac02f5d67a
1000041854,DIAMANTE 5D PARA PINTURA,0.34,8666662005573,visible,Pompon,1,200557,https://img-eu-2.freex.es/img/071/1000041854/1024x1024/d39561fb9147cd95cd836abfd2f45617
1000041855,DIAMANTE 5D PARA PINTURA,0.34,8666662005580,visible,Pompon,1,200558,https://img-eu-2.freex.es/img/071/1000041855/1024x1024/7986fe68bc7b27f8277587319e11caf8
1000041856,DIAMANTE 5D PARA PINTURA,0.34,8666662005597,visible,Pompon,1,200559,https://img-eu-2.freex.es/img/071/1000041856/1024x1024/09b696db508b6c0bb4d3937fc3cd20ad
1000041857,GEL PINTURA 5D,0.39,8666662005603,visible,Pompon,1,200560,https://img-eu-2.freex.es/img/071/1000041857/1024x1024/2b4b6d55f361bac7b59a9f3238130bfe
1000041858,ACCESORIO PINTURA 5D,0.47,8666662005610,visible,Pompon,1,200561,https://img-eu-2.freex.es/img/071/1000041858/1024x1024/a29a70ab59e815e9dc0ec795388e8bd7
1000041859,ACCESORIO PINTURA 5D,0.47,8666662005627,visible,Pompon,1,200562,https://img-eu-2.freex.es/img/071/1000041859/1024x1024/1458371c39798e36496451f7adcb3909
1000043191,KIT PINTURA DIAMANTES 5D,2.46,866666206032,visible,Pompon,1,206032,https://img-eu-2.freex.es/img/071/1000043191/1024x1024/55f27c539c3e826d37967a66bef85e3b
1000043193,LIENZO PARA PINTURA 5D,1.04,866666206034,visible,Pompon,1,206034,https://img-eu-2.freex.es/img/071/1000043193/1024x1024/ab1814f7e6fb2e50b55d58362ef081e8
1000043194,LIENZO PARA PINTURA 5D,1.2,866666206035,visible,Pompon,1,206035,https://img-eu-2.freex.es/img/071/1000043194/1024x1024/1f4775bec8112dc155b94061f459a09e
1000043195,LIENZO PARA PINTURA 5D,1.83,866666206036,visible,Pompon,1,206036,https://img-eu-2.freex.es/img/071/1000043195/1024x1024/f4afebae4f5f86903244a988525c56ba
1000043196,LIENZO PARA PINTURA 5D,2.46,866666206037,visible,Pompon,1,206037,https://img-eu-2.freex.es/img/071/1000043196/1024x1024/f006d6514a3ef5cd9503d2daf10bd310
1000046512,"PIPE CLEANER LIMPIA PIPAS 20PC 0,6*30CM",0.51,8666662043285,visible,Pompon,1,204328,https://img-eu-2.freex.es/img/071/1000046512/1024x1024/65a2d95115eec0bad345ff95684e5c68
1000046513,"PIPE CLEANER LIMPIA PIPAS 20PC 0,6*30CM",0.51,8666662043292,visible,Pompon,1,204329,https://img-eu-2.freex.es/img/071/1000046513/1024x1024/d2cf3ba3f4e3b7fe3ee32f66be9ea031
1000046514,"PIPE CLEANER LIMPIA PIPAS 20PC 0,6*30CM",0.51,8666662043308,visible,Pompon,1,204330,https://img-eu-2.freex.es/img/071/1000046514/1024x1024/fe6c06330fc09df6c50562e1d9bd23a8
1000046515,"PIPE CLEANER LIMPIA PIPAS 20PC 0,6*30CM",0.51,8666662043315,visible,Pompon,1,204331,https://img-eu-2.freex.es/img/071/1000046515/1024x1024/4273e0952c8d55a67f2b22a2a27c50d0
1000046516,"PIPE CLEANER LIMPIA PIPAS 20PC 0,6*30CM",0.51,8666662043322,visible,Pompon,1,204332,https://img-eu-2.freex.es/img/071/1000046516/1024x1024/296a10a8dc8ceb4c86edfb38a2cb26e2
1000046517,"PIPE CLEANER LIMPIA PIPAS 20PC 0,6*30CM",0.51,8666662043339,visible,Pompon,1,204333,https://img-eu-2.freex.es/img/071/1000046517/1024x1024/afc172a5e280fb6116fbc41af38da0dd
1000046518,"PIPE CLEANER LIMPIA PIPAS 20PC 0,6*30CM",0.51,8666662043346,visible,Pompon,1,204334,https://img-eu-2.freex.es/img/071/1000046518/1024x1024/41f342c7b6e953a4c2330de8dd268773
1000046519,"PIPE CLEANER LIMPIA PIPAS 20PC 0,6*30CM",0.51,8666662043353,visible,Pompon,1,204335,https://img-eu-2.freex.es/img/071/1000046519/1024x1024/11c3a236b06e78a089f2ff5d17785fde
1000046520,"PIPE CLEANER LIMPIA PIPAS 20PC 0,6*30CM",0.51,8666662043360,visible,Pompon,1,204336,https://img-eu-2.freex.es/img/071/1000046520/1024x1024/0655fb4e573f6bbc5b45d01b9ee0a4d9
1000046521,"PIPE CLEANER LIMPIA PIPAS 20PC 0,6*30CM",0.51,8666662043377,visible,Pompon,1,204337,https://img-eu-2.freex.es/img/071/1000046521/1024x1024/1d490ee573863f36cb5522930147c52c
1000046522,"PIPE CLEANER LIMPIA PIPAS 0,6*30CM",0.51,8666662043384,visible,Pompon,1,204338,https://img-eu-2.freex.es/img/071/1000046522/1024x1024/41f8947157564267ab50e0884e006e7c
1000046523,"PIPE CLEANER LIMPIA PIPAS 0,6*30CM",0.51,8666662043391,visible,Pompon,1,204339,https://img-eu-2.freex.es/img/071/1000046523/1024x1024/e7aeab42362fd8a97054f364cc9233c2
1000046524,"PIPE CLEANER LIMPIA PIPAS 0,6*30CM",0.51,8666662043407,visible,Pompon,1,204340,https://img-eu-2.freex.es/img/071/1000046524/1024x1024/0a9d31aa8e12bb439ce96c57f20153ed
1000046525,"PIPE CLEANER LIMPIA PIPAS 20PC 0,6*30CM",0.51,8666662043414,visible,Pompon,1,204341,https://img-eu-2.freex.es/img/071/1000046525/1024x1024/b9a7f11ac57959f3931db3377e8ccdac
1000046526,"PIPE CLEANER LIMPIA PIPAS 0,6*30CM",0.51,8666662043421,visible,Pompon,1,204342,https://img-eu-2.freex.es/img/071/1000046526/1024x1024/96e08d17d06c4085d329c1dffb83a23a
1000046527,"PIPE CLEANER LIMPIA PIPAS 20PC 0,6*30CM",0.51,8666662043438,visible,Pompon,1,204343,https://img-eu-2.freex.es/img/071/1000046527/1024x1024/5d81da9d909efcd02e227e0e1381b9af
1000046528,"PIPE CLEANER LIMPIA PIPAS 0,6*30CM",0.51,8666662043445,visible,Pompon,1,204344,https://img-eu-2.freex.es/img/071/1000046528/1024x1024/66d025038ec35325a2ed9f35d5eee7f4
1000046529,"PIPE CLEANER LIMPIA PIPAS 0,6*30CM",0.51,8666662043452,visible,Pompon,1,204345,https://img-eu-2.freex.es/img/071/1000046529/1024x1024/93817f88080e3c0a9e1b57e23674c1e1
1000046530,"PIPE CLEANER LIMPIA PIPAS 20PC 0,6*30CM",0.51,8666662043469,visible,Pompon,1,204346,https://img-eu-2.freex.es/img/071/1000046530/1024x1024/fc22c877e94c59656b62c7c8f4d55a15
1000046531,"PIPE CLEANER LIMPIA PIPAS 20PC 0,6*30CM",0.51,8666662043476,visible,Pompon,1,204347,https://img-eu-2.freex.es/img/071/1000046531/1024x1024/986a533e75b6436752d16fb6ab58b63c
1000046532,"PIPE CLEANER LIMPIA PIPAS 0,6*30CM",0.51,8666662043483,visible,Pompon,1,204348,https://img-eu-2.freex.es/img/071/1000046532/1024x1024/dc29b0e8903a0c355aeae9981b0210bc
1000046533,"PIPE CLEANER LIMPIA PIPAS 20PC 0,6*30CM",0.51,8666662043490,visible,Pompon,1,204349,https://img-eu-2.freex.es/img/071/1000046533/1024x1024/f2cd539be790c2b7e918e28118450809
1000046534,"PIPE CLEANER LIMPIA PIPAS 20PC 0,6*30CM",0.51,8666662043506,visible,Pompon,1,204350,https://img-eu-2.freex.es/img/071/1000046534/1024x1024/f7958295cc715abd25943cb8be177126
1000046535,"PIPE CLEANER LIMPIA PIPAS 20PC 0,6*30CM",0.51,8666662043513,visible,Pompon,1,204351,https://img-eu-2.freex.es/img/071/1000046535/1024x1024/c2f971a8d4df87127257287e72f7f4b9
1000046536,"PIPE CLEANER LIMPIA PIPAS 0,6*30CM",0.51,8666662043520,visible,Pompon,1,204352,https://img-eu-2.freex.es/img/071/1000046536/1024x1024/bbd36c9c67963dc10723d57d6fad21c5
1000046537,"PIPE CLEANER LIMPIA PIPAS 20PC 0,6*30CM",0.51,8666662043537,visible,Pompon,1,204353,https://img-eu-2.freex.es/img/071/1000046537/1024x1024/4fac2358a91dca383444d41cb04f584a
1000046538,"PIPE CLEANER LIMPIA PIPAS 20PC 0,6*30CM",0.51,8666662043544,visible,Pompon,1,204354,https://img-eu-2.freex.es/img/071/1000046538/1024x1024/bc8e03388ddf0f45d17147d3f3893d86
1000046539,"PIPE CLEANER LIMPIA PIPAS 20PC 0,6*30CM",0.51,8666662043551,visible,Pompon,1,204355,https://img-eu-2.freex.es/img/071/1000046539/1024x1024/bd34d6e86fc7592ab68782d43ae91e2e
1000046540,"PIPE CLEANER LIMPIA PIPAS 20PC 0,6*30CM",0.51,8666662043568,visible,Pompon,1,204356,https://img-eu-2.freex.es/img/071/1000046540/1024x1024/d6b14d422994e0ceb8bf058ca54b6677
1000046541,"PIPE CLEANER LIMPIA PIPAS 20PC 0,6*30CM",0.51,8666662043575,visible,Pompon,1,204357,https://img-eu-2.freex.es/img/071/1000046541/1024x1024/e505449a7418f70b302f18e5edb0cc6f
1000046542,"PIPE CLEANER LIMPIA PIPAS 20PC 0,6*30CM",0.51,8666662043582,visible,Pompon,1,204358,https://img-eu-2.freex.es/img/071/1000046542/1024x1024/8b7d14daed030163d994dbe40f2f1a9d
1000046543,"PIPE CLEANER LIMPIA PIPAS 20PC 0,6*30CM",0.51,8666662043599,visible,Pompon,1,204359,https://img-eu-2.freex.es/img/071/1000046543/1024x1024/a4433ae8a753713d72e05457bdb38671
1000046544,"PIPE CLEANER LIMPIA PIPAS 20PC 0,6*30CM",0.51,8666662043605,visible,Pompon,1,204360,https://img-eu-2.freex.es/img/071/1000046544/1024x1024/b2dc3e934be15f0059afdfd9a64b595e
1000046545,"PIPE CLEANER LIMPIA PIPAS 20PC 0,6*30CM",0.51,8666662043612,visible,Pompon,1,204361,https://img-eu-2.freex.es/img/071/1000046545/1024x1024/85e67b275e0c1f87337fdf525b3f0844
1000046926,"PIPE CLEANER LIMPIA PIPAS 10PC 1,2*30CM",0.51,8666662043629,visible,Pompon,1,204362,https://img-eu-2.freex.es/img/071/1000046926/1024x1024/79ec9dca6bc6ede06a05c263de6fb8fe
1000046927,"PIPE CLEANER LIMPIA PIPAS 10PC 1,2*30CM",0.51,8666662043636,visible,Pompon,1,204363,https://img-eu-2.freex.es/img/071/1000046927/1024x1024/a29a0df1b8f7f4c255ed7ec53cd42254
1000046928,"PIPE CLEANER LIMPIA PIPAS 10PC 1,2*30CM",0.51,8666662043643,visible,Pompon,1,204364,https://img-eu-2.freex.es/img/071/1000046928/1024x1024/9014924e441a7c48290c397c7944e2da
1000046929,"PIPE CLEANER LIMPIA PIPAS 10PC 1,2*30CM",0.51,8666662043650,visible,Pompon,1,204365,https://img-eu-2.freex.es/img/071/1000046929/1024x1024/5e17b7b173f4353e0be51e380c4d2059
1000046930,"PIPE CLEANER LIMPIA PIPAS 10PC 1,2*30CM",0.51,8666662043667,visible,Pompon,1,204366,https://img-eu-2.freex.es/img/071/1000046930/1024x1024/97353c9896f71c47b557b95b1059674b
1000046931,"PIPE CLEANER LIMPIA PIPAS 10PC 1,2*30CM",0.51,8666662043674,visible,Pompon,1,204367,https://img-eu-2.freex.es/img/071/1000046931/1024x1024/f408c42dc52adbc564c042bebd68df60
1000046932,"PIPE CLEANER LIMPIA PIPAS 10PC 1,2*30CM",0.51,8666662043681,visible,Pompon,1,204368,https://img-eu-2.freex.es/img/071/1000046932/1024x1024/8e004ea109ad0c100cc5512af621ab57
1000046933,"PIPE CLEANER LIMPIA PIPAS 10PC 1,2*30CM",0.51,8666662043698,visible,Pompon,1,204369,https://img-eu-2.freex.es/img/071/1000046933/1024x1024/cf09340e4b3b000341ba88974d1c90b7
1000046934,"PIPE CLEANER LIMPIA PIPAS 10PC 1,2*30CM",0.51,8666662043704,visible,Pompon,1,204370,https://img-eu-2.freex.es/img/071/1000046934/1024x1024/3ae57353f36a503cc77b1a9e1f606d5c
1000046935,"PIPE CLEANER LIMPIA PIPAS 10PC 1,2*30CM",0.51,8666662043711,visible,Pompon,1,204371,https://img-eu-2.freex.es/img/071/1000046935/1024x1024/fffcefef117f3150646f46116005631a
1000046936,"PIPE CLEANER LIMPIA PIPAS 10PC 1,2*30CM",0.51,8666662043728,visible,Pompon,1,204372,https://img-eu-2.freex.es/img/071/1000046936/1024x1024/583cd3addbc15a7319cfc71383692088
1000046937,"PIPE CLEANER LIMPIA PIPAS 10PC 1,2*30CM",0.51,8666662043735,visible,Pompon,1,204373,https://img-eu-2.freex.es/img/071/1000046937/1024x1024/06b23ade7a04a66228c4285554936c7e
1000046938,"PIPE CLEANER LIMPIA PIPAS 10PC 1,2*30CM",0.51,8666662043742,visible,Pompon,1,204374,https://img-eu-2.freex.es/img/071/1000046938/1024x1024/2a7c38a3af7728010ac3150b0314229f
1000046939,"PIPE CLEANER LIMPIA PIPAS 10PC 1,2*30CM",0.51,8666662043759,visible,Pompon,1,204375,https://img-eu-2.freex.es/img/071/1000046939/1024x1024/fa402422dfda4833d75663b08f00dffa
1000046940,"PIPE CLEANER LIMPIA PIPAS 10PC 1,2*30CM",0.51,8666662043766,visible,Pompon,1,204376,https://img-eu-2.freex.es/img/071/1000046940/1024x1024/fcce5eb92d2e28033edb5e908579143e
1000046941,"PIPE CLEANER LIMPIA PIPAS 8PC 1,2*30CM",0.51,8666662043773,visible,Pompon,1,204377,https://img-eu-2.freex.es/img/071/1000046941/1024x1024/4c1ccd5c398064874cb930b9964aace0
1000046942,"PIPE CLEANER LIMPIA PIPAS 8PC 1,2*30CM",0.51,8666662043780,visible,Pompon,1,204378,https://img-eu-2.freex.es/img/071/1000046942/1024x1024/3ea98e612264dafca3eb18ba18f12d95
1000046943,"PIPE CLEANER LIMPIA PIPAS 8PC 1,2*30CM",0.51,8666662043797,visible,Pompon,1,204379,https://img-eu-2.freex.es/img/071/1000046943/1024x1024/af6988c4b7f117a7088c7d3a5989910f
1000046944,"PIPE CLEANER LIMPIA PIPAS 8PC 1,2*30CM",0.51,8666662043803,visible,Pompon,1,204380,https://img-eu-2.freex.es/img/071/1000046944/1024x1024/852b2dff3d656749f0a1f58ab288eece
1000046945,"PIPE CLEANER LIMPIA PIPAS 8PC 1,2*30CM",0.51,8666662043810,visible,Pompon,1,204381,https://img-eu-2.freex.es/img/071/1000046945/1024x1024/3a5617ade142f4957a0a59b44d737c9d
1000046946,"PIPE CLEANER LIMPIA PIPAS 8PC 1,2*30CM",0.51,8666662043827,visible,Pompon,1,204382,https://img-eu-2.freex.es/img/071/1000046946/1024x1024/b9bbfac6385aa7daf85d220a419bf2c3
1000046947,"PIPE CLEANER LIMPIA PIPAS 8PC 1,2*30CM",0.51,8666662043834,visible,Pompon,1,204383-1,https://img-eu-2.freex.es/img/071/1000046947/1024x1024/753b7e509a89b912b01b21d82a0c29ab
1000046948,"PIPE CLEANER LIMPIA PIPAS 8PC 1,2*30CM",0.51,8666662043841,visible,Pompon,1,204384,https://img-eu-2.freex.es/img/071/1000046948/1024x1024/ace660254bfb50390baa995318d1a439
1000040092,PEGATINA DE DIAMANTE,0,,visible,PEGATINA DE DIAMANTE,1,??_20240418145307,https://img-eu-2.freex.es/img/071/1000040092/1024x1024/402f896e94735625f4325368a9983ba6
1000041578,PEGATINA,0.41,8666662055660,visible,PEGATINA DE DIAMANTE,1,205566,https://img-eu-2.freex.es/img/071/1000041578/1024x1024/610b7fe499d39d0aed3b11a4210404ee
1000041581,PEGATINA,0.41,8666662055691,visible,PEGATINA DE DIAMANTE,1,205569,https://img-eu-2.freex.es/img/071/1000041581/1024x1024/b2843aea384a663210e00528cd54aa4d
1000045406, PEGATINA DIAMANTE PARA PELO,0.47,8666662062798,visible,PEGATINA DE DIAMANTE,1,206279,https://img-eu-2.freex.es/img/071/1000045406/1024x1024/bf1e9f04f200a384489f097f9e9c4407
1000045407, PEGATINA DIAMANTE PARA PELO,0.47,8666662062804,visible,PEGATINA DE DIAMANTE,1,206280,https://img-eu-2.freex.es/img/071/1000045407/1024x1024/df448eb4ea781534a3fef6dc7d186f68
1000045408, PEGATINA DIAMANTE PARA PELO,0.47,8666662062811,visible,PEGATINA DE DIAMANTE,1,206281,https://img-eu-2.freex.es/img/071/1000045408/1024x1024/1d2ec8c998ab4c771277141ed08be51e
1000045409, PEGATINA DIAMANTE PARA PELO,0.47,8666662062828,visible,PEGATINA DE DIAMANTE,1,206282,https://img-eu-2.freex.es/img/071/1000045409/1024x1024/1b2e7bd62ad339f171b72d9c3c57cc61
1000045411, PEGATINA DIAMANTE PARA PELO,0.47,8666662062842,visible,PEGATINA DE DIAMANTE,1,206284,https://img-eu-2.freex.es/img/071/1000045411/1024x1024/fb4ac0eef711b0cdfdee283a20087d47
1000043183,PEGATINA BRILLANTE,0.45,866666206024,visible,PEGATINA DE DIAMANTE,1,206024,https://img-eu-2.freex.es/img/071/1000043183/1024x1024/4d265d230a40b81748db12cc7b58587d
1000043184,PEGATINA BRILLANTE,0.45,866666206025,visible,PEGATINA DE DIAMANTE,1,206025,https://img-eu-2.freex.es/img/071/1000043184/1024x1024/8377a4f843a5ba3667a11c93cb924a2e
1000043185,PEGATINA BRILLANTE,0.45,866666206026,visible,PEGATINA DE DIAMANTE,1,206026,https://img-eu-2.freex.es/img/071/1000043185/1024x1024/f748dc0a2db1c6ae8e03ec91b3b86977
1000043186,PEGATINA BRILLANTE,0.45,866666206027,visible,PEGATINA DE DIAMANTE,1,206027,https://img-eu-2.freex.es/img/071/1000043186/1024x1024/13263f24a8211e19bd6d633491672615
1000043187,PEGATINA BRILLANTE,0.6,866666206028,visible,PEGATINA DE DIAMANTE,1,206028,https://img-eu-2.freex.es/img/071/1000043187/1024x1024/a0bbf0c3a2b4ec08d6a3c80520ec38da
1000043188,PEGATINA BRILLANTE,0.6,866666206029,visible,PEGATINA DE DIAMANTE,1,206029,https://img-eu-2.freex.es/img/071/1000043188/1024x1024/a0cafaef2d2712ee7261270b24b07631
1000043189,PEGATINA BRILLANTE,0.6,866666206030,visible,PEGATINA DE DIAMANTE,1,206030,https://img-eu-2.freex.es/img/071/1000043189/1024x1024/5f9836481df3d04ae9637f3f37511dbe
1000004383,PEGATINA DE DIAMANTE COLORES,0.51,8666661061558,visible,PEGATINA DE DIAMANTE,1,06155,https://img-eu-2.freex.es/img/071/1000004383/1024x1024/d3d236dfe42f82c8434584945a1720f2
1000004388,PEGATINA DE DIAMANTE COLORES,0.51,8666661061541,visible,PEGATINA DE DIAMANTE,1,06154,https://img-eu-2.freex.es/img/071/1000004388/1024x1024/b56ff64e8825a9b61d618a9ec848fd68
1000004378,PEGATINA DE DIAMANTE COLORES,0.51,8666661061534,visible,PEGATINA DE DIAMANTE,1,06153,https://img-eu-2.freex.es/img/071/1000004378/1024x1024/3e84e472bef2322b19138dadaec34b8c
1000004411,PEGATINA DE DIAMANTE COLORES,0.51,8666661061565,visible,PEGATINA DE DIAMANTE,1,06156,https://img-eu-2.freex.es/img/071/1000004411/1024x1024/537a955b0bf1151510089665cffd8ea5
1000006970,PEGATINA DE DIAMANTE COLORES,0.51,8666661085019,visible,PEGATINA DE DIAMANTE,1,08501,https://img-eu-2.freex.es/img/071/1000006970/1024x1024/70d425b9fbbf307f26c6e6325fd317f4
1000004397,PEGATINA DE DIAMANTE PLATA,0.51,8666661061558,visible,PEGATINA DE DIAMANTE,1,06155-1,https://img-eu-2.freex.es/img/071/1000004397/1024x1024/77dd6a7ba1de5f727272f020c75c6614
1000004389,PEGATINA DE DIAMANTE PLATA,0.51,8666661061541,visible,PEGATINA DE DIAMANTE,1,06154-1,https://img-eu-2.freex.es/img/071/1000004389/1024x1024/e5ac9cc908337fff8dddabaca42209d6
1000004379,PEGATINA DE DIAMANTE PLATA,0.51,8666661061534,visible,PEGATINA DE DIAMANTE,1,06153-1,https://img-eu-2.freex.es/img/071/1000004379/1024x1024/f628b7f78713eb946c43a9fa5c29e5f8
1000006966,PEGATINA DE DIAMANTE PLATA,0.51,8666661061565,visible,PEGATINA DE DIAMANTE,1,06156-1,https://img-eu-2.freex.es/img/071/1000006966/1024x1024/4d3d9499b064188430b093d85e8147de
1000006971,PEGATINA DE DIAMANTE PLATA,0.51,8666661085019,visible,PEGATINA DE DIAMANTE,1,08501-1,https://img-eu-2.freex.es/img/071/1000006971/1024x1024/7ee3b1fee29de32d62440462e3d2b3c7
1000004398,PEGATINA DE DIAMANTE ROJO,0.51,8666661061558,visible,PEGATINA DE DIAMANTE,1,06155-2,https://img-eu-2.freex.es/img/071/1000004398/1024x1024/848c081f4f7396610626d9cfb2c035ca
1000004390,PEGATINA DE DIAMANTE ROJO,0.51,8666661061541,visible,PEGATINA DE DIAMANTE,1,06154-2,https://img-eu-2.freex.es/img/071/1000004390/1024x1024/d54fc1ea7ec7dcd6f13c88ab881e41d7
1000004380,PEGATINA DE DIAMANTE ROJO,0.51,8666661061534,visible,PEGATINA DE DIAMANTE,1,06153-2,https://img-eu-2.freex.es/img/071/1000004380/1024x1024/afd77e0f6c731dc3dc07f565cb6429e7
1000004410,PEGATINA DE DIAMANTE ROJO,0.51,8666661061565,visible,PEGATINA DE DIAMANTE,1,06156-2,https://img-eu-2.freex.es/img/071/1000004410/1024x1024/c5c358df8b2239b072e1fe5deeac764d
1000006972,PEGATINA DE DIAMANTE ROJO,0.51,8666661085019,visible,PEGATINA DE DIAMANTE,1,08501-2,https://img-eu-2.freex.es/img/071/1000006972/1024x1024/3395ace621ec48d4149a5b55ec054125
1000004399,PEGATINA DE DIAMANTE AZUL CLARO,0.51,8666661061558,visible,PEGATINA DE DIAMANTE,1,06155-3,https://img-eu-2.freex.es/img/071/1000004399/1024x1024/e2c40205b9369cdc1db06cf17d3c70af
1000004391,PEGATINA DE DIAMANTE AZUL CLARO,0.51,8666661061541,visible,PEGATINA DE DIAMANTE,1,06154-3,https://img-eu-2.freex.es/img/071/1000004391/1024x1024/c2eaf43ee8bd030eb01f6512a06bc9e0
1000004381,PEGATINA DE DIAMANTE AZUL CLARO,0.51,8666661061534,visible,PEGATINA DE DIAMANTE,1,06153-3,https://img-eu-2.freex.es/img/071/1000004381/1024x1024/8f31197e1f66afba33e62da36117c6e5
1000004412,PEGATINA DE DIAMANTE AZUL CLARO,0.51,8666661061565,visible,PEGATINA DE DIAMANTE,1,06156-3,https://img-eu-2.freex.es/img/071/1000004412/1024x1024/14267d6f400f9ecf01408974015ac9ce
1000006973,PEGATINA DE DIAMANTE AZUL CLARO,0.51,8666661085019,visible,PEGATINA DE DIAMANTE,1,08501-3,https://img-eu-2.freex.es/img/071/1000006973/1024x1024/52f3bce03613bab32c569ac53b304f79
1000006961,PEGATINA DE DIAMANTE  ROSA,0.51,8666661061558,visible,PEGATINA DE DIAMANTE,1,06155-4,https://img-eu-2.freex.es/img/071/1000006961/1024x1024/98fb0fde420b652778d77fa38b5c92ec
1000004392,PEGATINA DE DIAMANTE  ROSA,0.51,8666661061541,visible,PEGATINA DE DIAMANTE,1,06154-4,https://img-eu-2.freex.es/img/071/1000004392/1024x1024/32b9c75ff4e715be170798a6d7322dc9
1000004382,PEGATINA DE DIAMANTE  ROSA,0.51,8666661061534,visible,PEGATINA DE DIAMANTE,1,06153-4,https://img-eu-2.freex.es/img/071/1000004382/1024x1024/fb882dd7223ee264edacfc0e12c4cfa8
1000004413,PEGATINA DE DIAMANTE  ROSA,0.51,8666661061565,visible,PEGATINA DE DIAMANTE,1,06156-4,https://img-eu-2.freex.es/img/071/1000004413/1024x1024/3d3ec1d2c37238a7bf1c64c07a407731
1000006974,PEGATINA DE DIAMANTE  ROSA,0.51,8666661085019,visible,PEGATINA DE DIAMANTE,1,08501-4,https://img-eu-2.freex.es/img/071/1000006974/1024x1024/b2de15b3cfe72eb9fa35ee7d56d127b8
1000004400,PEGATINA DE DIAMANTE  AZUL MARINO,0.51,8666661061558,visible,PEGATINA DE DIAMANTE,1,06155-5,https://img-eu-2.freex.es/img/071/1000004400/1024x1024/228c3114bb198f3d7d26571923ba97ba
1000004387,PEGATINA DE DIAMANTE  AZUL MARINO,0.51,8666661061541,visible,PEGATINA DE DIAMANTE,1,06154-5,https://img-eu-2.freex.es/img/071/1000004387/1024x1024/9fa6da1e2a0efbee67682bc5a1cc95f9
1000004384,PEGATINA DE DIAMANTE  AZUL MARINO,0.51,8666661061534,visible,PEGATINA DE DIAMANTE,1,06153-5,https://img-eu-2.freex.es/img/071/1000004384/1024x1024/dfa362437284dc8a74fa458a61619f7f
1000004409,PEGATINA DE DIAMANTE  AZUL MARINO,0.51,8666661061565,visible,PEGATINA DE DIAMANTE,1,06156-5,https://img-eu-2.freex.es/img/071/1000004409/1024x1024/fd3e6aede17f419b9faf6bb58869fa2e
1000006975,PEGATINA DE DIAMANTE  AZUL MARINO,0.51,8666661085019,visible,PEGATINA DE DIAMANTE,1,08501-5,https://img-eu-2.freex.es/img/071/1000006975/1024x1024/d0c415b97cf68de03ab45df1028eea55
1000004401,PEGATINA DE DIAMANTE FUSCIA,0.51,8666661061558,visible,PEGATINA DE DIAMANTE,1,06155-6,https://img-eu-2.freex.es/img/071/1000004401/1024x1024/961ba71cbefccfcd2410e702b50844ca
1000004386,PEGATINA DE DIAMANTE FUSCIA,0.51,8666661061541,visible,PEGATINA DE DIAMANTE,1,06154-6,https://img-eu-2.freex.es/img/071/1000004386/1024x1024/8f29d28afcf403568eec9184bda763c6
1000004396,PEGATINA DE DIAMANTE FUSCIA,0.51,8666661061534,visible,PEGATINA DE DIAMANTE,1,06153-6,https://img-eu-2.freex.es/img/071/1000004396/1024x1024/b902417a0de97fd994c9b5bc81394a69
1000004408,PEGATINA DE DIAMANTE FUSCIA,0.51,8666661061565,visible,PEGATINA DE DIAMANTE,1,06156-6,https://img-eu-2.freex.es/img/071/1000004408/1024x1024/b3faba077afb2f35310edab7596c26f9
1000006976,PEGATINA DE DIAMANTE FUSCIA,0.51,8666661085019,visible,PEGATINA DE DIAMANTE,1,08501-6,https://img-eu-2.freex.es/img/071/1000006976/1024x1024/b23e556b2b522ec1cbadd7ba35787100
1000004402,PEGATINA DE DIAMANTE VERDE CLARO,0.51,8666661061558,visible,PEGATINA DE DIAMANTE,1,06155-7,https://img-eu-2.freex.es/img/071/1000004402/1024x1024/cb439f4a8103f97ce78bdb3d40f91ae5
1000004393,PEGATINA DE DIAMANTE VERDE CLARO,0.51,8666661061541,visible,PEGATINA DE DIAMANTE,1,06154-7,https://img-eu-2.freex.es/img/071/1000004393/1024x1024/4c2b34d46cbc410271a159ba4b257be5
1000004417,PEGATINA DE DIAMANTE VERDE CLARO,0.51,8666661061534,visible,PEGATINA DE DIAMANTE,1,06153-7,https://img-eu-2.freex.es/img/071/1000004417/1024x1024/0d2bc1ac2b6531ba36d67f038b52b796
1000004407,PEGATINA DE DIAMANTE VERDE CLARO,0.51,8666661061565,visible,PEGATINA DE DIAMANTE,1,06156-7,https://img-eu-2.freex.es/img/071/1000004407/1024x1024/b9bf8813ae8e4a65da4f9fb2259c454d
1000006977,PEGATINA DE DIAMANTE VERDE CLARO,0.51,8666661085019,visible,PEGATINA DE DIAMANTE,1,08501-7,https://img-eu-2.freex.es/img/071/1000006977/1024x1024/66ddbbd12c7ab60fd06d0da92c4c24ba
1000004403,PEGATINA DE DIAMANTE ORO CLARO,0.51,8666661061558,visible,PEGATINA DE DIAMANTE,1,06155-8,https://img-eu-2.freex.es/img/071/1000004403/1024x1024/c0560fc1c3ccf4b32c540596fd6e1289
1000004394,PEGATINA DE DIAMANTE ORO CLARO,0.51,8666661061541,visible,PEGATINA DE DIAMANTE,1,06154-8,https://img-eu-2.freex.es/img/071/1000004394/1024x1024/b397a8d9a30c42facf7fc885993ddd24
1000004416,PEGATINA DE DIAMANTE ORO CLARO,0.51,8666661061534,visible,PEGATINA DE DIAMANTE,1,06153-8,https://img-eu-2.freex.es/img/071/1000004416/1024x1024/1f37e0ecbfb19582136706aa913adae2
1000004406,PEGATINA DE DIAMANTE ORO CLARO,0.51,8666661061565,visible,PEGATINA DE DIAMANTE,1,06156-8,https://img-eu-2.freex.es/img/071/1000004406/1024x1024/383ef9319858f7303e1043d2e0f7b35a
1000006978,PEGATINA DE DIAMANTE ORO CLARO,0.51,8666661085019,visible,PEGATINA DE DIAMANTE,1,08501-8,https://img-eu-2.freex.es/img/071/1000006978/1024x1024/d2b8118d6651eb1ad8c046ce4691bce1
1000004404,PEGATINA DE DIAMANTE ORO,0.51,8666661061558,visible,PEGATINA DE DIAMANTE,1,06155-9,https://img-eu-2.freex.es/img/071/1000004404/1024x1024/53feca4ff7d25941d0536d5e6db83811
1000004395,PEGATINA DE DIAMANTE ORO,0.51,8666661061541,visible,PEGATINA DE DIAMANTE,1,06154-9,https://img-eu-2.freex.es/img/071/1000004395/1024x1024/017021379ee4ae8969705c505cee786e
1000004415,PEGATINA DE DIAMANTE ORO,0.51,8666661061534,visible,PEGATINA DE DIAMANTE,1,06153-9,https://img-eu-2.freex.es/img/071/1000004415/1024x1024/43e2293e6734b67e0e6a9d821f4e2ee9
1000006967,PEGATINA DE DIAMANTE ORO,0.51,8666661061565,visible,PEGATINA DE DIAMANTE,1,06156-9,https://img-eu-2.freex.es/img/071/1000006967/1024x1024/930c1c6d6f1d88108a8a0949b4e1e97c
1000006979,PEGATINA DE DIAMANTE ORO,0.51,8666661085019,visible,PEGATINA DE DIAMANTE,1,08501-9,https://img-eu-2.freex.es/img/071/1000006979/1024x1024/96b8cd9e47f23fe5eac324a3d8714d0c
1000004405,PEGATINA DE DIAMANTE MARADO CLARO,0.51,8666661061558,visible,PEGATINA DE DIAMANTE,1,06155-10,https://img-eu-2.freex.es/img/071/1000004405/1024x1024/28dc50ff448e8e47fba01de0ebafacec
1000004385,PEGATINA DE DIAMANTE MARADO CLARO,0.51,8666661061541,visible,PEGATINA DE DIAMANTE,1,06154-10,https://img-eu-2.freex.es/img/071/1000004385/1024x1024/e333f8e1d85a357511c4c55298ffea9b
1000004414,PEGATINA DE DIAMANTE MARADO CLARO,0.51,8666661061534,visible,PEGATINA DE DIAMANTE,1,06153-10,https://img-eu-2.freex.es/img/071/1000004414/1024x1024/79ef77ca50e844b7fb3e782fccfb9e4c
1000006968,PEGATINA DE DIAMANTE MARADO CLARO,0.51,8666661061565,visible,PEGATINA DE DIAMANTE,1,06156-10,https://img-eu-2.freex.es/img/071/1000006968/1024x1024/4fcf98fe0c21380723c99787c54adc37
1000006980,PEGATINA DE DIAMANTE MARADO CLARO,0.51,8666661085019,visible,PEGATINA DE DIAMANTE,1,08501-10,https://img-eu-2.freex.es/img/071/1000006980/1024x1024/a55f95cc924dba28ca8e6c6fa7e5a477
1000006962,PEGATINA DE DIAMANTE MORADO,0.51,8666661061558,visible,PEGATINA DE DIAMANTE,1,06155-11,https://img-eu-2.freex.es/img/071/1000006962/1024x1024/8de76ece6bc288f39f19b554792924bc
1000006960,PEGATINA DE DIAMANTE MORADO,0.51,8666661061541,visible,PEGATINA DE DIAMANTE,1,06154-11,https://img-eu-2.freex.es/img/071/1000006960/1024x1024/e125305a6cc5ab873cbf171e5715858f
1000019990,PEGATINA DE DIAMANTE MORADO,0.51,8666661061534,visible,PEGATINA DE DIAMANTE,1,06153-11,https://img-eu-2.freex.es/img/071/1000019990/1024x1024/fc8d15920c60728919ba343525679d05
1000006969,PEGATINA DE DIAMANTE MORADO,0.51,8666661061565,visible,PEGATINA DE DIAMANTE,1,06156-11,https://img-eu-2.freex.es/img/071/1000006969/1024x1024/374edc756f8ee605fd7c4887b0dd759a
1000006981,PEGATINA DE DIAMANTE MORADO,0.51,8666661085019,visible,PEGATINA DE DIAMANTE,1,08501-11,https://img-eu-2.freex.es/img/071/1000006981/1024x1024/1ba6e576d71a086dfe358ca0560d458a
1000031598,PEGATINA DE DIAMANTE NEGRO,0.51,8666661061558,visible,PEGATINA DE DIAMANTE,1,06155-12,https://img-eu-2.freex.es/img/071/1000031598/1024x1024/0ba507197ceb9849e1e4c440b48c1a43
1000031599,PEGATINA DE DIAMANTE NEGRO,0.51,8666661061541,visible,PEGATINA DE DIAMANTE,1,06154-12,https://img-eu-2.freex.es/img/071/1000031599/1024x1024/415e3bdb6d836630788e9a8a928503a6
1000028092,PEGATINA DE DIAMANTE NEGRO,0.51,8666661061534,visible,PEGATINA DE DIAMANTE,1,06153-12,https://img-eu-2.freex.es/img/071/1000028092/1024x1024/35189e9eb15679b8aef68324e69849e1
1000031601,PEGATINA DE DIAMANTE NEGRO,0.51,8666661061565,visible,PEGATINA DE DIAMANTE,1,06156-12,https://img-eu-2.freex.es/img/071/1000031601/1024x1024/26359999e10b0b70c1a0ef5f8e81e1cb
1000031602,PEGATINA DE DIAMANTE NEGRO,0.51,8666661085019,visible,PEGATINA DE DIAMANTE,1,08501-12,https://img-eu-2.freex.es/img/071/1000031602/1024x1024/a83b16d0ebd0eee33768026e18f60d0a
1000031969,PEGATINA DE DIAMANTE VERDE OSCURO,0.51,8666661061558,visible,PEGATINA DE DIAMANTE,1,06155-13,https://img-eu-2.freex.es/img/071/1000031969/1024x1024/1c93182c18af14b6693f7565a98eacb7
1000031807,PEGATINA DE DIAMANTE VERDE OSCURO,0.51,8666661061541,visible,PEGATINA DE DIAMANTE,1,06154-13,https://img-eu-2.freex.es/img/071/1000031807/1024x1024/0644798056c841852ee6515539c91313
1000031600,PEGATINA DE DIAMANTE VERDE OSCURO,0.51,8666661061534,visible,PEGATINA DE DIAMANTE,1,06153-13,https://img-eu-2.freex.es/img/071/1000031600/1024x1024/912ad8bbe04dbd750a77ba491cc966bd
1000036468,PEGATINA DE DIAMANTE VERDE OSCURO,0.51,8666661061565,visible,PEGATINA DE DIAMANTE,1,06156-13,https://img-eu-2.freex.es/img/071/1000036468/1024x1024/401f82b04bfc8e380b0f8929900e0042
1000031603,PEGATINA DE DIAMANTE VERDE OSCURO,0.51,8666661085019,visible,PEGATINA DE DIAMANTE,1,08501-13,https://img-eu-2.freex.es/img/071/1000031603/1024x1024/01b2a8dcbb249b99585ae00708e1ebbf
1000029826,PEGATINA DE DIAMANTE,0.51,866666191741,visible,PEGATINA DE DIAMANTE,1,91741-1,https://img-eu-2.freex.es/img/071/1000029826/1024x1024/53c20621122691cb8d217f2bef330f5a
1000029828,PEGATINA DE DIAMANTE,0.51,866666191741,visible,PEGATINA DE DIAMANTE,1,91741-3,https://img-eu-2.freex.es/img/071/1000029828/1024x1024/50c039966a879ada10018ae448b77a42
1000029827,PEGATINA DE DIAMANTE,0.51,866666191741,visible,PEGATINA DE DIAMANTE,1,91741-2,https://img-eu-2.freex.es/img/071/1000029827/1024x1024/ee48dcecdd0229b92662a61fffcdb9aa
1000029829,PEGATINA DE DIAMANTE,0.51,866666191741,visible,PEGATINA DE DIAMANTE,1,91741-4,https://img-eu-2.freex.es/img/071/1000029829/1024x1024/42dcb1f910d0817c348ba7ed439f41aa
1000029830,PEGATINA DE DIAMANTE,0.51,866666191741,visible,PEGATINA DE DIAMANTE,1,91741-5,https://img-eu-2.freex.es/img/071/1000029830/1024x1024/af92d767d65f674d0b90001abddd9034
1000029831,PEGATINA DE DIAMANTE,0.51,866666191741,visible,PEGATINA DE DIAMANTE,1,91741-6,https://img-eu-2.freex.es/img/071/1000029831/1024x1024/80265888f120a155531c18f60003f9b4
1000029832,PEGATINA DE DIAMANTE,0.51,866666191741,visible,PEGATINA DE DIAMANTE,1,91741-7,https://img-eu-2.freex.es/img/071/1000029832/1024x1024/580e4f3951cd63da5a902cde04c05b36
1000029833,PEGATINA DE DIAMANTE,0.51,866666191742,visible,PEGATINA DE DIAMANTE,1,91742-1,https://img-eu-2.freex.es/img/071/1000029833/1024x1024/acd6a5820330566945429fed279b7a0d
1000029834,PEGATINA DE DIAMANTE,0.51,866666191742,visible,PEGATINA DE DIAMANTE,1,91742-2,https://img-eu-2.freex.es/img/071/1000029834/1024x1024/396a1fe74e8ec34ce01a892d413e14af
1000029835,PEGATINA DE DIAMANTE,0.51,866666191742,visible,PEGATINA DE DIAMANTE,1,91742-3,https://img-eu-2.freex.es/img/071/1000029835/1024x1024/e7829cd8504cb8ceec420600cfd8b5d0
1000029836,PEGATINA DE DIAMANTE,0.51,866666191742,visible,PEGATINA DE DIAMANTE,1,91742-4,https://img-eu-2.freex.es/img/071/1000029836/1024x1024/37e3fa8578e6c19c1e00518cae66fc03
1000029837,PEGATINA DE DIAMANTE,0.51,866666191742,visible,PEGATINA DE DIAMANTE,1,91742-5,https://img-eu-2.freex.es/img/071/1000029837/1024x1024/8060dee54276efc537ea0e6980f087ac
1000029838,PEGATINA DE DIAMANTE,0.51,866666191742,visible,PEGATINA DE DIAMANTE,1,91742-6,https://img-eu-2.freex.es/img/071/1000029838/1024x1024/b37c5f265ac6f99c210a7582cc6eb7b6
1000029839,PEGATINA DE DIAMANTE,0.51,866666191742,visible,PEGATINA DE DIAMANTE,1,91742-7,https://img-eu-2.freex.es/img/071/1000029839/1024x1024/ce991820a559081827635b54b011d242
1000029840,PEGATINA DE DIAMANTE,0.51,866666191743,visible,PEGATINA DE DIAMANTE,1,91743-1,https://img-eu-2.freex.es/img/071/1000029840/1024x1024/c90ac36d2be2c5b9fcfe5def3517e6f3
1000029841,PEGATINA DE DIAMANTE,0.51,866666191743,visible,PEGATINA DE DIAMANTE,1,91743-2,https://img-eu-2.freex.es/img/071/1000029841/1024x1024/b59e68fb54c3d6eeb8fa1c620872caa8
1000029842,PEGATINA DE DIAMANTE,0.51,866666191743,visible,PEGATINA DE DIAMANTE,1,91743-3,https://img-eu-2.freex.es/img/071/1000029842/1024x1024/58367e5bf73c520f8150ca7ed586fffd
1000029843,PEGATINA DE DIAMANTE,0.51,866666191743,visible,PEGATINA DE DIAMANTE,1,91743-4,https://img-eu-2.freex.es/img/071/1000029843/1024x1024/548c052367bb0ed724e28c9fede13e0f
1000029844,PEGATINA DE DIAMANTE,0.51,866666191743,visible,PEGATINA DE DIAMANTE,1,91743-5,https://img-eu-2.freex.es/img/071/1000029844/1024x1024/abc517cad133d4f69881e76aca17593d
1000029845,PEGATINA DE DIAMANTE,0.51,866666191744,visible,PEGATINA DE DIAMANTE,1,91744-1,https://img-eu-2.freex.es/img/071/1000029845/1024x1024/2797c6b94983855b5be275a4c62935ca
1000029846,PEGATINA DE DIAMANTE,0.51,866666191744,visible,PEGATINA DE DIAMANTE,1,91744-2,https://img-eu-2.freex.es/img/071/1000029846/1024x1024/d72c6497fcd922519b39c5c710380686
1000029847,PEGATINA DE DIAMANTE,0.51,866666191744,visible,PEGATINA DE DIAMANTE,1,91744-3,https://img-eu-2.freex.es/img/071/1000029847/1024x1024/c9e4352b199979ffc990438f768694d7
1000029848,PEGATINA DE DIAMANTE,0.51,866666191744,visible,PEGATINA DE DIAMANTE,1,91744-4,https://img-eu-2.freex.es/img/071/1000029848/1024x1024/da94dd314f68fc229e642c1f3a25064d
1000029849,PEGATINA DE DIAMANTE,0.51,866666191744,visible,PEGATINA DE DIAMANTE,1,91744-5,https://img-eu-2.freex.es/img/071/1000029849/1024x1024/c39c254a38b6c4f6e15b8c4212b5fe49
1000029852,PEGATINA DE DIAMANTE,0.51,866666191745,visible,PEGATINA DE DIAMANTE,1,91745-3,https://img-eu-2.freex.es/img/071/1000029852/1024x1024/3deeb750a2235268125e6b7dd54ea88b
1000029854,PEGATINA DE DIAMANTE,0.51,866666191745,visible,PEGATINA DE DIAMANTE,1,91745-5,https://img-eu-2.freex.es/img/071/1000029854/1024x1024/01007c9b1e243d2ed570055904d80775
1000029855,PEGATINA DE DIAMANTE,0.51,866666191745,visible,PEGATINA DE DIAMANTE,1,91745-6,https://img-eu-2.freex.es/img/071/1000029855/1024x1024/69f1d3505a790d54e194c49a1ead3ccd
1000024767,PEGATINA DE DIAMANTE,0.51,8666661909872,visible,PEGATINA DE DIAMANTE,1,90987-2,https://img-eu-2.freex.es/img/071/1000024767/1024x1024/2fae8cb419e21a4c5c4c09b45beec7a1
1000024770,PEGATINA DE CORAZON ROJO,0.68,8666661909971,visible,PEGATINA DE DIAMANTE,1,90997-3,https://img-eu-2.freex.es/img/071/1000024770/1024x1024/a35d77c50af416cd339395831b7dcc25
1000024769,PEGATINA DE CORAZON COLOR SURTIDO,0.68,8666661909971,visible,PEGATINA DE DIAMANTE,1,90997-2,https://img-eu-2.freex.es/img/071/1000024769/1024x1024/ebe8a424a7106468da06388971f406cf
1000024768,PEGATINA DE CORAZON PLATA,0.68,8666661909971,visible,PEGATINA DE DIAMANTE,1,90997-1,https://img-eu-2.freex.es/img/071/1000024768/1024x1024/87b1eafe3a40737a1ca45594555ed89d
1000024552,PEGATINA DE DIAMANTE,0.45,90998-1,visible,PEGATINA DE DIAMANTE,1,90998-1,https://img-eu-2.freex.es/img/071/1000024552/1024x1024/e165938898dd6026162ac8e63c13f114
1000024553,PEGATINA DE DIAMANTE,0.45,90998-2,visible,PEGATINA DE DIAMANTE,1,90998-2,https://img-eu-2.freex.es/img/071/1000024553/1024x1024/63ada769dc523c781ba23423b652e09c
1000024554,PEGATINA DE DIAMANTE,0.45,90998-3,visible,PEGATINA DE DIAMANTE,1,90998-3,https://img-eu-2.freex.es/img/071/1000024554/1024x1024/c3e21d959ea8ed9c343fbbbe830281ac
1000024555,PEGATINA DE DIAMANTE,0.45,90999-1,visible,PEGATINA DE DIAMANTE,1,90999-1,https://img-eu-2.freex.es/img/071/1000024555/1024x1024/9495c4e0200ed180df0d44b834315a93
1000024556,PEGATINA DE DIAMANTE,0.45,90999-2,visible,PEGATINA DE DIAMANTE,1,90999-2,https://img-eu-2.freex.es/img/071/1000024556/1024x1024/776da7a86eb0eada57f1e23cf57bceaf
1000024557,PEGATINA DE DIAMANTE,0.45,90999-3,visible,PEGATINA DE DIAMANTE,1,90999-3,https://img-eu-2.freex.es/img/071/1000024557/1024x1024/1f3a68e76a6e92292402321513a13f68
1000024561,PEGATINA DE DIAMANTE,0.45,91001-1,visible,PEGATINA DE DIAMANTE,1,91001-1,https://img-eu-2.freex.es/img/071/1000024561/1024x1024/7f77b0acc75c6d1900a988fb49ba934e
1000024562,PEGATINA DE DIAMANTE,0.45,91001-2,visible,PEGATINA DE DIAMANTE,1,91001-2,https://img-eu-2.freex.es/img/071/1000024562/1024x1024/e50648001f01e77c47d3db90bb7d5f7e
1000024563,PEGATINA DE DIAMANTE,0.45,91001-3,visible,PEGATINA DE DIAMANTE,1,91001-3,https://img-eu-2.freex.es/img/071/1000024563/1024x1024/bb7ab3ec2ad75739ee4f8d466d5bb1cf
1000024558,PEGATINA DE DIAMANTE,0.45,91000-1,visible,PEGATINA DE DIAMANTE,1,91000-1,https://img-eu-2.freex.es/img/071/1000024558/1024x1024/330fb583d0d7e9b5e038706ef9adf784
1000024559,PEGATINA DE DIAMANTE,0.45,91000-2,visible,PEGATINA DE DIAMANTE,1,91000-2,https://img-eu-2.freex.es/img/071/1000024559/1024x1024/443e1d8cda2092b0e40cdf952eff8fd1
1000024560,PEGATINA DE DIAMANTE,0.45,91000-3,visible,PEGATINA DE DIAMANTE,1,91000-3,https://img-eu-2.freex.es/img/071/1000024560/1024x1024/074616b0f5ec6306b0e483f32a3b2e6a
1000024549,PEGATINA DE DIAMANTE,0.51,86666661909940,visible,PEGATINA DE DIAMANTE,1,90994-3,https://img-eu-2.freex.es/img/071/1000024549/1024x1024/5db375d8a9c6fc2faf98b8e714b1876c
1000024546,PEGATINA DE DIAMANTE,0.51,8666661909933,visible,PEGATINA DE DIAMANTE,1,90993-2,https://img-eu-2.freex.es/img/071/1000024546/1024x1024/a8594f3b91cef09bb393e8947264430a
1000024570,PEGATINA DE DIAMANTE,0.51,8666661909933,visible,PEGATINA DE DIAMANTE,1,90993,https://img-eu-2.freex.es/img/071/1000024570/1024x1024/e6e8245aa6d586995f20ac631bbe4666
1000024534,PEGATINA DE DIAMANTE,0.51,90986-1,visible,PEGATINA DE DIAMANTE,1,90986-1,https://img-eu-2.freex.es/img/071/1000024534/1024x1024/aaf883b7fad65e8e604149626a59976f
1000024535,PEGATINA DE DIAMANTE,0.51,90986-2,visible,PEGATINA DE DIAMANTE,1,90986-2,https://img-eu-2.freex.es/img/071/1000024535/1024x1024/a1f357b22f6f8a8eacf5cd229a657d1a
1000024536,PEGATINA DE DIAMANTE,0.51,90986-3,visible,PEGATINA DE DIAMANTE,1,90986-3,https://img-eu-2.freex.es/img/071/1000024536/1024x1024/3f0c7dfe8dbe8c0d5af204f9288e74ec
1000024537,PEGATINA DE DIAMANTE,0.51,8666661909889,visible,PEGATINA DE DIAMANTE,1,90988-1,https://img-eu-2.freex.es/img/071/1000024537/1024x1024/b551fc2fd022ede3ac2e8e9d0e17ed73
1000024543,PEGATINA DE DIAMANTE,0.51,90991,visible,PEGATINA DE DIAMANTE,1,90991,https://img-eu-2.freex.es/img/071/1000024543/1024x1024/74fec550381e63cae7093f8c82097845
1000024539,PEGATINA DE DIAMANTE,0.51,90989-1,visible,PEGATINA DE DIAMANTE,1,90989-1,https://img-eu-2.freex.es/img/071/1000024539/1024x1024/ed1db5f58c0bb008ba8dfd9fc0aa404a
1000024540,PEGATINA DE DIAMANTE,0.51,90989-2,visible,PEGATINA DE DIAMANTE,1,90989-2,https://img-eu-2.freex.es/img/071/1000024540/1024x1024/adea3f95ede98f309704990eabf8d0b8
1000024541,PEGATINA DE DIAMANTE,0.51,90990-1,visible,PEGATINA DE DIAMANTE,1,90990-1,https://img-eu-2.freex.es/img/071/1000024541/1024x1024/e5c8cbffc914a9772036d1642d289b42
1000024542,PEGATINA DE DIAMANTE,0.51,90990-2,visible,PEGATINA DE DIAMANTE,1,90990-2,https://img-eu-2.freex.es/img/071/1000024542/1024x1024/522439cf14f51e98958ea9b183897371
1000015330,PEGATINAS,0.6,5609813325734,visible,PEGATINA DE DIAMANTE,1,32573,https://img-eu-2.freex.es/img/071/1000015330/1024x1024/5f6ee79f753dd20700b1a3d14938ea83
1000015332,PEGATINAS,0.51,5609813325758,visible,PEGATINA DE DIAMANTE,1,32575,https://img-eu-2.freex.es/img/071/1000015332/1024x1024/324e0cf4747b9399a9aaa346e879d158
1000015328,PEGATINAS,0.51,5609813325710,visible,PEGATINA DE DIAMANTE,1,32571,https://img-eu-2.freex.es/img/071/1000015328/1024x1024/2247ac63fa2da891fa5d7e70fb91a3cd
1000040095,PLUMA,0,,visible,PLUMA,1,??_20240418145318,https://img-eu-2.freex.es/img/071/1000040095/1024x1024/6c954e885e9b2b45a31519527e58c739
1000041389,PLUMA PARA MANUALIDADES,0.6,8666662051372,visible,PLUMA,1,205137,https://img-eu-2.freex.es/img/071/1000041389/1024x1024/2c4b07094a5e8746c6d03775f3cb7a0b
1000041388,PLUMA PARA MANUALIDADES,0.47,8666662051365,visible,PLUMA,1,205136,https://img-eu-2.freex.es/img/071/1000041388/1024x1024/4059b097b3615cd8d18803243ce41e2e
1000041390,PLUMA PARA MANUALIDADES,0.57,8666662051389,visible,PLUMA,1,205138,https://img-eu-2.freex.es/img/071/1000041390/1024x1024/8b7ca844696b8cab5639c8917ee4a7df
1000041387,PLUMA PARA MANUALIDADES,0.66,8666662051358,visible,PLUMA,1,205135,https://img-eu-2.freex.es/img/071/1000041387/1024x1024/6087089828a122439f91e002fd828506
1000021582,PLUMA PARA FIESTA,0.51,8666661901814,visible,PLUMA,1,90181-1,https://img-eu-2.freex.es/img/071/1000021582/1024x1024/38ff00cd613d7f96a50ee987c9a1cf83
1000021588,PLUMA PARA FIESTA,0.51,8666661901814,visible,PLUMA,1,90181-4,https://img-eu-2.freex.es/img/071/1000021588/1024x1024/f385be3b7aa018a984ec4e3003e130f3
1000021589,PLUMA PARA FIESTA,0.51,8666661901814,visible,PLUMA,1,90181-5,https://img-eu-2.freex.es/img/071/1000021589/1024x1024/3cc35094113c0cca500a96f31a424a62
1000021457,PLUMA,0.47,8666661901791,visible,PLUMA,1,90179-1,https://img-eu-2.freex.es/img/071/1000021457/1024x1024/d5e5a23b5ac8abeb306a98871688e2a1
1000021461,PLUMA,0.47,8666661901791,visible,PLUMA,1,90179-2,https://img-eu-2.freex.es/img/071/1000021461/1024x1024/cbba67b3c3788ff160b320a04addb17a
1000021462,PLUMA,0.47,8666661901791,visible,PLUMA,1,90179-3,https://img-eu-2.freex.es/img/071/1000021462/1024x1024/250687c728be3e5f14672956873cbda2
1000021463,PLUMA,0.47,8666661901791,visible,PLUMA,1,90179-4,https://img-eu-2.freex.es/img/071/1000021463/1024x1024/9e9292137316a43b70bd612112be7ae2
1000021464,PLUMA,0.47,8666661901791,visible,PLUMA,1,90179-5,https://img-eu-2.freex.es/img/071/1000021464/1024x1024/52c839e1063bab9b9d7a5f8b1a0a8b79
1000021465,PLUMA,0.47,8666661901791,visible,PLUMA,1,90179-6,https://img-eu-2.freex.es/img/071/1000021465/1024x1024/688fe80ea023fa631d85c6ce3508fa5b
1000021466,PLUMA,0.47,8666661901791,visible,PLUMA,1,90179-7,https://img-eu-2.freex.es/img/071/1000021466/1024x1024/130eb46ca24808a88d7896b03bcdf766
1000021467,PLUMA,0.47,8666661901791,visible,PLUMA,1,90179-8,https://img-eu-2.freex.es/img/071/1000021467/1024x1024/999418484d091e6f9298cac310a6f746
1000021468,PLUMA,0.47,8666661901791,visible,PLUMA,1,90179-9,https://img-eu-2.freex.es/img/071/1000021468/1024x1024/73f2653e525bb26687b853e2c64df59c
1000021458,PLUMA,0.47,8666661901791,visible,PLUMA,1,90179-10,https://img-eu-2.freex.es/img/071/1000021458/1024x1024/14977ce69964737e949c90d35a76490f
1000021459,PLUMA,0.47,8666661901791,visible,PLUMA,1,90179-11,https://img-eu-2.freex.es/img/071/1000021459/1024x1024/eded27ca1a2c61672bf7fcbf05341a03
1000021460,PLUMA,0.47,8666661901791,visible,PLUMA,1,90179-12,https://img-eu-2.freex.es/img/071/1000021460/1024x1024/f3916414db2aad398ee08c7aff6ebdc7
1000021469,PLUMA,0.57,8666661901807,visible,PLUMA,1,90180-1,https://img-eu-2.freex.es/img/071/1000021469/1024x1024/c5d3af4f8df143bf5b636fcd5929c86d
1000021473,PLUMA,0.57,8666661901807,visible,PLUMA,1,90180-2,https://img-eu-2.freex.es/img/071/1000021473/1024x1024/9f2ee038142d0be2993011a6cc539642
1000021474,PLUMA,0.57,8666661901807,visible,PLUMA,1,90180-3,https://img-eu-2.freex.es/img/071/1000021474/1024x1024/a59cfecc819f3f887b6f7162dc8e9439
1000021475,PLUMA,0.57,8666661901807,visible,PLUMA,1,90180-4,https://img-eu-2.freex.es/img/071/1000021475/1024x1024/e264e86c34abdb849145f0e26daec0d8
1000021476,PLUMA,0.57,8666661901807,visible,PLUMA,1,90180-5,https://img-eu-2.freex.es/img/071/1000021476/1024x1024/2f73dc6ab0ef5df34127ac19414bc451
1000021477,PLUMA,0.57,8666661901807,visible,PLUMA,1,90180-6,https://img-eu-2.freex.es/img/071/1000021477/1024x1024/1d6ed9d797df2074275d520b0827cd7c
1000021478,PLUMA,0.57,8666661901807,visible,PLUMA,1,90180-7,https://img-eu-2.freex.es/img/071/1000021478/1024x1024/b3383b3b81b8e33c48d68d198d7d5271
1000021479,PLUMA,0.57,8666661901807,visible,PLUMA,1,90180-8,https://img-eu-2.freex.es/img/071/1000021479/1024x1024/1ea0c5ea5b9452acce1094cd3a33dd30
1000021480,PLUMA,0.57,8666661901807,visible,PLUMA,1,90180-9,https://img-eu-2.freex.es/img/071/1000021480/1024x1024/d12364bc4a92376e3a56aa4ad5b1f4aa
1000021470,PLUMA,0.57,8666661901807,visible,PLUMA,1,90180-10,https://img-eu-2.freex.es/img/071/1000021470/1024x1024/b39ff970c092b8514bac78907306fc00
1000021471,PLUMA,0.57,8666661901807,visible,PLUMA,1,90180-11,https://img-eu-2.freex.es/img/071/1000021471/1024x1024/5cb208d1026ae167cd9be6c9084078f1
1000021472,PLUMA,0.57,8666661901807,visible,PLUMA,1,90180-12,https://img-eu-2.freex.es/img/071/1000021472/1024x1024/a9bad9e97546dd6a3b1c8b2651d168a2
1000009380,PLUMA,0.57,8666661085781,visible,PLUMA,1,08578,https://img-eu-2.freex.es/img/071/1000009380/1024x1024/22d4ed4c84d570e6a431bf7eb0c0287f
1000009381,PLUMA NEGRA,0.57,8666661085781,visible,PLUMA,1,08578-1,https://img-eu-2.freex.es/img/071/1000009381/1024x1024/f610e4605039e93ac701a849c622e03b
1000009382,PLUMA AMALILLA,0.57,8666661085781,visible,PLUMA,1,08578-2,https://img-eu-2.freex.es/img/071/1000009382/1024x1024/18447bf002166782b5706c1525137246
1000009383,PLUMA AZUL,0.57,8666661085781,visible,PLUMA,1,08578-3,https://img-eu-2.freex.es/img/071/1000009383/1024x1024/8201a2c2e8dec0616464c0a772a0b5d4
1000009384,PLUMA VERDE,0.57,8666661085781,visible,PLUMA,1,08578-4,https://img-eu-2.freex.es/img/071/1000009384/1024x1024/62ffd8e202626b4b43f57e373f0dc388
1000009385,PLUMA NARANJA,0.57,8666661085781,visible,PLUMA,1,08578-5,https://img-eu-2.freex.es/img/071/1000009385/1024x1024/3435d83476901991cd118468afe5ad4c
1000009386,PLUMA ROJO,0.57,8666661085781,visible,PLUMA,1,08578-6,https://img-eu-2.freex.es/img/071/1000009386/1024x1024/defa4eba2c81ff094cb64e2a60c05830
1000009387,PLUMA ROSA,0.57,8666661085781,visible,PLUMA,1,08578-7,https://img-eu-2.freex.es/img/071/1000009387/1024x1024/8065f588f68514f0c9cc90b6c8f90fbe
1000009388,PLUMA BLANCA,0.57,8666661085781,visible,PLUMA,1,08578-8,https://img-eu-2.freex.es/img/071/1000009388/1024x1024/826b5f7cd1f4d5d8650b8db593f68fc0
1000009389,PLUMA ROSA,0.57,8666661085781,visible,PLUMA,1,08578-9,https://img-eu-2.freex.es/img/071/1000009389/1024x1024/91624b5864bc5e870f3988b818d38d44
1000009390,PLUMA VERDE,0.57,8666661085781,visible,PLUMA,1,08578-10,https://img-eu-2.freex.es/img/071/1000009390/1024x1024/9307db235e90c2bb8a0eefeb0936c50b
1000009391,,0.57,8666661085781,visible,PLUMA,1,08578-11,https://img-eu-2.freex.es/img/071/1000009391/1024x1024/76658d2919e0bcbfb8fb870dc8d3eac3
1000009393,PLUMA ROSA,0.57,8666661085798,visible,PLUMA,1,08579-1,https://img-eu-2.freex.es/img/071/1000009393/1024x1024/3cd7c4056bd32c9c99227d65f176a544
1000009394,PLUMA,0.57,8666661085798,visible,PLUMA,1,08579-2,https://img-eu-2.freex.es/img/071/1000009394/1024x1024/b783cf9b3dfc0b48eb6626ed44a77d59
1000009395,PLUMA NEGRA,0.57,8666661085798,visible,PLUMA,1,08579-3,https://img-eu-2.freex.es/img/071/1000009395/1024x1024/34d2c2134ef174defb012a94b9945092
1000009397,PLUMA ROSA,0.57,8666661085798,visible,PLUMA,1,08579-5,https://img-eu-2.freex.es/img/071/1000009397/1024x1024/fe76257de389522b469947f49be66a6b
1000009398,PLUMA ROJO,0.57,8666661085798,visible,PLUMA,1,08579-6,https://img-eu-2.freex.es/img/071/1000009398/1024x1024/0c4e33c8d9d1ebabdfcab76e495a28c7
1000009399,PLUMA NARANJA,0.57,8666661085798,visible,PLUMA,1,08579-8,https://img-eu-2.freex.es/img/071/1000009399/1024x1024/0e71314ea89331fef8c583fc5d4a7524
1000009400,PLUMA AZUL,0.57,8666661085798,visible,PLUMA,1,08579-9,https://img-eu-2.freex.es/img/071/1000009400/1024x1024/e1fcc3a3983b5d5ab90ae0a7afcf129c
1000009401,PLUMA VERDE,0.57,8666661085798,visible,PLUMA,1,08579-10,https://img-eu-2.freex.es/img/071/1000009401/1024x1024/97060cca8dc02bb2975c3895e298cd67
1000009402,PLUMA AMARILLO,0.57,8666661085798,visible,PLUMA,1,08579-11,https://img-eu-2.freex.es/img/071/1000009402/1024x1024/5e7e86a6fea0776ca23e1ec2a53907d6
1000009403,PLUMA VERDE,0.57,8666661085798,visible,PLUMA,1,08579-12,https://img-eu-2.freex.es/img/071/1000009403/1024x1024/868bd497a5b10313f0d7cb09422f5c0f
1000009392,PLUMA AZUL,0.57,8666661085798,visible,PLUMA,1,08579,https://img-eu-2.freex.es/img/071/1000009392/1024x1024/6b1679980862e01d35f4f2af3d6cdd2a
1000009405,PLUMA LILA,0.61,8666661085804,visible,PLUMA,1,08580-1,https://img-eu-2.freex.es/img/071/1000009405/1024x1024/209d2c266964504fb6ca14f4f9eb1e08
1000009406,PLUMA VERDE,0.61,8666661085804,visible,PLUMA,1,08580-2,https://img-eu-2.freex.es/img/071/1000009406/1024x1024/e7d25ade239fae5b4b2b07d2239b1b04
1000009407,PLUMA ROSA,0.61,8666661085804,visible,PLUMA,1,08580-3,https://img-eu-2.freex.es/img/071/1000009407/1024x1024/ae781cb0d4807adff3fa76a21492f8cb
1000009408,PLUMA NARANJA,0.61,8666661085804,visible,PLUMA,1,08580-4,https://img-eu-2.freex.es/img/071/1000009408/1024x1024/ef58f50d5900b4d259ccce5e1f0bdecc
1000009409,PLUMA NEGRA,0.61,8666661085804,visible,PLUMA,1,08580-5,https://img-eu-2.freex.es/img/071/1000009409/1024x1024/6024493d33d1bcc860d7922895c07bf0
1000009410,PLUMA ROJA,0.61,8666661085804,visible,PLUMA,1,08580-6,https://img-eu-2.freex.es/img/071/1000009410/1024x1024/1e0ed392372c57a0389172640126f1df
1000009411,PLUMA VERDE,0.61,8666661085804,visible,PLUMA,1,08580-7,https://img-eu-2.freex.es/img/071/1000009411/1024x1024/9bf20231a0e51a4d0a0c4e90986fe37b
1000009412,PLUMA AMARILLA,0.61,8666661085804,visible,PLUMA,1,08580-8,https://img-eu-2.freex.es/img/071/1000009412/1024x1024/c3947b9f2afb1acee1dd7827a9139423
1000009413,PLUMA AZUL,0.61,8666661085804,visible,PLUMA,1,08580-9,https://img-eu-2.freex.es/img/071/1000009413/1024x1024/03ec45f5d0b8846f32b3849821461c43
1000009414,PLUMA ROSA,0.61,8666661085804,visible,PLUMA,1,08580-10,https://img-eu-2.freex.es/img/071/1000009414/1024x1024/572cd439746c0eb0cd1a1008f94b27ad
1000009415,PLUMA AZUL,0.61,8666661085804,visible,PLUMA,1,08580-11,https://img-eu-2.freex.es/img/071/1000009415/1024x1024/bd8f8373d05c56331301fd17be9c7378
1000009404,PLUMA BLANCA,0.61,8666661085804,visible,PLUMA,1,08580,https://img-eu-2.freex.es/img/071/1000009404/1024x1024/32782fb1c59a98a01227d9cf8186a798
1000046075,PLUMA PARA FIESTA,0.78,8666661901784,visible,PLUMA,1,90178-1-,https://img-eu-2.freex.es/img/071/1000046075/1024x1024/0237da8a782a7271cb2f19ff9694b572
1000046079,PLUMA PARA FIESTA,0.78,8666661901784,visible,PLUMA,1,90178-2-,https://img-eu-2.freex.es/img/071/1000046079/1024x1024/2615847494403d3cdab86d4fa18f869b
1000046080,PLUMA PARA FIESTA,0.78,8666661901784,visible,PLUMA,1,90178-3-,https://img-eu-2.freex.es/img/071/1000046080/1024x1024/01a12c0319cb4a153298237ceb4ee731
1000046081,PLUMA PARA FIESTA,0.78,8666661901784,visible,PLUMA,1,90178-4-,https://img-eu-2.freex.es/img/071/1000046081/1024x1024/8df210bbc0803e1dc42c026ccf4270f5
1000046082,PLUMA PARA FIESTA,0.78,8666661901784,visible,PLUMA,1,90178-5-,https://img-eu-2.freex.es/img/071/1000046082/1024x1024/0b09fb43a33bbe01a79824edb75b75f8
1000046083,PLUMA PARA FIESTA,0.78,8666661901784,visible,PLUMA,1,90178-6-,https://img-eu-2.freex.es/img/071/1000046083/1024x1024/f5711fa8d07c1ccef46aa455db1ac35f
1000046084,PLUMA PARA FIESTA,0.78,8666661901784,visible,PLUMA,1,90178-7-,https://img-eu-2.freex.es/img/071/1000046084/1024x1024/f5d2e10394f876941a9971ba073545ef
1000046085,PLUMA PARA FIESTA,0.78,8666661901784,visible,PLUMA,1,90178-8-,https://img-eu-2.freex.es/img/071/1000046085/1024x1024/84fc1419dfbcd0e45f7f593995246222
1000046086,PLUMA PARA FIESTA,0.78,8666661901784,visible,PLUMA,1,90178-9-,https://img-eu-2.freex.es/img/071/1000046086/1024x1024/88e4903fd5c49c29ee95bbebb522cbe6
1000046076,PLUMA PARA FIESTA,0.78,8666661901784,visible,PLUMA,1,90178-10-,https://img-eu-2.freex.es/img/071/1000046076/1024x1024/dc821348bf7aa66d5f4ed86349cd445c
1000046077,PLUMA PARA FIESTA,0.78,8666661901784,visible,PLUMA,1,90178-11-,https://img-eu-2.freex.es/img/071/1000046077/1024x1024/a6f8639f441fc1a49b59991aa565179b
1000046078,PLUMA PARA FIESTA,0.78,8666661901784,visible,PLUMA,1,90178-12-,https://img-eu-2.freex.es/img/071/1000046078/1024x1024/1332834f16c6d787d803c4f771532c9f
1000021570,PLUMA PARA FIESTA,0.78,8666661901784,visible,PLUMA,1,90178-1,https://img-eu-2.freex.es/img/071/1000021570/1024x1024/a8bfa63663ac0282b9cdb02616c7cc2b
1000021575,PLUMA PARA FIESTA,0.78,8666661901784,visible,PLUMA,1,90178-3,https://img-eu-2.freex.es/img/071/1000021575/1024x1024/32351e6c210ebfbe8703f91d142c3194
1000021576,PLUMA PARA FIESTA,0.78,8666661901784,visible,PLUMA,1,90178-4,https://img-eu-2.freex.es/img/071/1000021576/1024x1024/4888d0fed074dc4259d02210f5833996
1000021578,PLUMA PARA FIESTA,0.78,8666661901784,visible,PLUMA,1,90178-6,https://img-eu-2.freex.es/img/071/1000021578/1024x1024/2d8180f138662dbfcc3664e9971b018d
1000021581,PLUMA PARA FIESTA,0.78,8666661901784,visible,PLUMA,1,90178-9,https://img-eu-2.freex.es/img/071/1000021581/1024x1024/9a6c8ac804cd5641cd5b47add4b79f19
1000021571,PLUMA PARA FIESTA,0.78,8666661901784,visible,PLUMA,1,90178-10,https://img-eu-2.freex.es/img/071/1000021571/1024x1024/f62f912376f9ad806fa1f2d21630ab77
1000021572,PLUMA PARA FIESTA,0.78,8666661901784,visible,PLUMA,1,90178-11,https://img-eu-2.freex.es/img/071/1000021572/1024x1024/981437518368c94139e2919bb8ad6667
1000040119,BOTELLA,0,,visible,BOTELLA,1,1231615615,https://img-eu-2.freex.es/img/071/1000040119/1024x1024/e5aa10cfa762df3e8b05138a34b9e2df
1000032744,CAJA  MULTIUSOS  REDONDA  3 UNIDADES  COLORES,0.89,8666661926176,visible,BOTELLA,1,92617,https://img-eu-2.freex.es/img/071/1000032744/1024x1024/da3f080add50a913083e94c9abbc0f25
1000032745,CAJA  MULTIUSOS  RECTANGULAR  3 UNIDADES  COLORES,0.89,8666661926183,visible,BOTELLA,1,92618,https://img-eu-2.freex.es/img/071/1000032745/1024x1024/d994c780dc04bf7011be2ad03369d927
1000012533,CAJA MULTIUSOS,0.83,8666661104949,visible,BOTELLA,1,10494,https://img-eu-2.freex.es/img/071/1000012533/1024x1024/d7032e7ce557cb011de6dc33ca45e871
1000012534,CAJA MULTIUSOS,0.83,8666661104956,visible,BOTELLA,1,10495,https://img-eu-2.freex.es/img/071/1000012534/1024x1024/341e8ca95199ae3131d341013b444dfa
1000042234,CAJA ORGANIZADORA,0.51,8666662018511,visible,BOTELLA,1,201851,https://img-eu-2.freex.es/img/071/1000042234/1024x1024/559ebf6b4d4201386fde79acf22debb4
1000042235,CAJA ORGANIZADORA,0.51,8666662018528,visible,BOTELLA,1,201852,https://img-eu-2.freex.es/img/071/1000042235/1024x1024/c622b6440418aebb4291719daac627cd
1000042236,CAJA ORGANIZADORA,0.57,8666662018535,visible,BOTELLA,1,201853,https://img-eu-2.freex.es/img/071/1000042236/1024x1024/659dc48cd8d802849671ee2cd58a5b5f
1000042237,CAJA ORGANIZADORA,0.51,8666662018542,visible,BOTELLA,1,201854,https://img-eu-2.freex.es/img/071/1000042237/1024x1024/4eb480941a1407b673b9f4516ac74885
1000042238,CAJA ORGANIZADORA,0.66,8666662018559,visible,BOTELLA,1,201855,https://img-eu-2.freex.es/img/071/1000042238/1024x1024/d98c3d4f5971e547cb3ff65468832ec9
1000042239,CAJA ORGANIZADORA,0.66,8666662018566,visible,BOTELLA,1,201856,https://img-eu-2.freex.es/img/071/1000042239/1024x1024/cf3a6aa35c1e208e07c5c2df2bf5e610
1000042240,CAJA ORGANIZADORA,0.45,8666662018573,visible,BOTELLA,1,201857,https://img-eu-2.freex.es/img/071/1000042240/1024x1024/b88ee7e5a631403a170e37aacfeccd74
1000042630,CAJA ORGANIZADORA,0.53,8666662018580,visible,BOTELLA,1,201858,https://img-eu-2.freex.es/img/071/1000042630/1024x1024/229c09e345d0ad42f340aab093c5d027
1000042241,CAJA ORGANIZADORA,0.68,8666662018597,visible,BOTELLA,1,201859,https://img-eu-2.freex.es/img/071/1000042241/1024x1024/53b9e5658e01237c2d8ad291c393b2c1
1000041249,TARROS CON ESPATULA,0.43,8666662017613,visible,BOTELLA,1,201761,https://img-eu-2.freex.es/img/071/1000041249/1024x1024/76f14c431ad5696b4eb86a0df6d7b866
1000041250,TARROS CON ESPATULA,0.47,8666662017620,visible,BOTELLA,1,201762,https://img-eu-2.freex.es/img/071/1000041250/1024x1024/6a80ba96d073a48cc8e960734d7df1f7
1000041251,TARROS CON ESPATULA,0.58,8666662017637,visible,BOTELLA,1,201763,https://img-eu-2.freex.es/img/071/1000041251/1024x1024/08c3e67debfc8cdcf7119fcc3d2cee25
1000041252,TARROS CON ESPATULA,0.47,8666662017644,visible,BOTELLA,1,201764,https://img-eu-2.freex.es/img/071/1000041252/1024x1024/1ad0a17595155b07f785c3423e1bf0e5
1000041253,TARROS CON ESPATULA,0.53,8666662017651,visible,BOTELLA,1,201765,https://img-eu-2.freex.es/img/071/1000041253/1024x1024/9abf040b83d6eb080c20416283a89b3f
1000041254,TARROS CON ESPATULA,0.6,8666662017668,visible,BOTELLA,1,201766,https://img-eu-2.freex.es/img/071/1000041254/1024x1024/425898b88e70679938e1a5dcb15745e8
1000026507,CAJA DE ORGANIZADORA,0.61,866666201546,visible,BOTELLA,1,201546,https://img-eu-2.freex.es/img/071/1000026507/1024x1024/3fd4180c3b3bf28e55be913a48f61ef7
1000039173,CAJA DE ORGANIZADORA,0.76,866666201547,visible,BOTELLA,1,201547,https://img-eu-2.freex.es/img/071/1000039173/1024x1024/18ec6d2242160704cf8dc369a981f2bf
1000039025,80G BOTE MULTIUSOS,0.61,866666201440,visible,BOTELLA,1,201440,https://img-eu-2.freex.es/img/071/1000039025/1024x1024/c0cfd499629ee0d0f4fafd732ada03c1
1000039026,100G BOTE MULTIUSOS,0.68,866666201441,visible,BOTELLA,1,201441,https://img-eu-2.freex.es/img/071/1000039026/1024x1024/0d0d135960aa01e248d5ce638f9fde10
1000039027,150G BOTE MULTIUSOS,0.72,866666201442,visible,BOTELLA,1,201442,https://img-eu-2.freex.es/img/071/1000039027/1024x1024/9feb35bea1533bd44106954adeb06d3a
1000039028,BOTE MULTIUSOS 4.5*4cm,0.51,866666201443,visible,BOTELLA,1,201443,https://img-eu-2.freex.es/img/071/1000039028/1024x1024/c8a3c3e812b437b8d84452c7a8820485
1000039029,BOTE MULTIUSOS 4.5*5cm,0.55,866666201444,visible,BOTELLA,1,201444,https://img-eu-2.freex.es/img/071/1000039029/1024x1024/a9397832bc17491ba31a542e1039b070
1000039030,BOTE MULTIUSOS 29326,0.59,866666201445,visible,BOTELLA,1,201445,https://img-eu-2.freex.es/img/071/1000039030/1024x1024/969d5028ab8f18f2941384c454e25f19
1000039031,BOTE MULTIUSOS 29327,0.61,866666201446,visible,BOTELLA,1,201446,https://img-eu-2.freex.es/img/071/1000039031/1024x1024/4e371eeecfce6d169e68f1102e85ae17
1000039032,BOTE MULTIUSOS 5.5*5cm,0.66,866666201447,visible,BOTELLA,1,201447,https://img-eu-2.freex.es/img/071/1000039032/1024x1024/88d5d5c022ec399b64c2b29b6d136680
1000039033,BOTE MULTIUSOS 29329,0.68,866666201448,visible,BOTELLA,1,201448,https://img-eu-2.freex.es/img/071/1000039033/1024x1024/900bba84015741efc2dc67df02713780
1000039034,BOTE MULTIUSOS 29330,0.78,866666201449,visible,BOTELLA,1,201449,https://img-eu-2.freex.es/img/071/1000039034/1024x1024/ece118f745a3384feacd3b3beb03b586
1000039035,BOTE MULTIUSOS 7*6cm,0.85,866666201450,visible,BOTELLA,1,201450,https://img-eu-2.freex.es/img/071/1000039035/1024x1024/112c6c76db578e22cd0cac525cd531ec
1000039036,BOTE MULTIUSOS 29332,0.89,866666201451,visible,BOTELLA,1,201451,https://img-eu-2.freex.es/img/071/1000039036/1024x1024/7997c4c98c836e7ac97ac8fd50e392ba
1000034349,BOTELLA DE VIDRIO,0.51,8666661927784,visible,BOTELLA,1,92778,https://img-eu-2.freex.es/img/071/1000034349/1024x1024/89497140938953fafdd79572c8042bcf
1000034350,BOTELLA DE VIDRIO,0.55,8666661927791,visible,BOTELLA,1,92779,https://img-eu-2.freex.es/img/071/1000034350/1024x1024/fc407342f5dbb880349153685a023fce
1000034351,BOTELLA DE VIDRIO,0.6,8666661927807,visible,BOTELLA,1,92780,https://img-eu-2.freex.es/img/071/1000034351/1024x1024/7c16dee628e021612807b6f8d8476b94
1000034352,BOTELLA DE VIDRIO,0.63,8666661927814,visible,BOTELLA,1,92781,https://img-eu-2.freex.es/img/071/1000034352/1024x1024/fbc14ec581e0752afef13018040e2130
1000034353,BOTELLA DE VIDRIO,0.72,8666661927821,visible,BOTELLA,1,92782,https://img-eu-2.freex.es/img/071/1000034353/1024x1024/ded6164d2140bbc1d53bbe12a6454ab1
1000034354,BOTELLA DE VIDRIO,0.78,8666661927838,visible,BOTELLA,1,92783,https://img-eu-2.freex.es/img/071/1000034354/1024x1024/7dd36da07415ff1ce68c4c0c1bae3d88
1000034355,BOTELLA DE VIDRIO,0.99,8666661927845,visible,BOTELLA,1,92784,https://img-eu-2.freex.es/img/071/1000034355/1024x1024/33675bba77b11f1cf2dedbdffc40b473
1000034356,BOTELLA DE VIDRIO,1.2,8666661927852,visible,BOTELLA,1,92785,https://img-eu-2.freex.es/img/071/1000034356/1024x1024/83191297629fd88b5e1b142bde1532c8
1000034357,BOTELLA DE VIDRIO,0.57,8666661927869,visible,BOTELLA,1,92786,https://img-eu-2.freex.es/img/071/1000034357/1024x1024/82c47d65f0fb10e9d67daf39a2531755
1000034358,BOTELLA DE VIDRIO,0.57,8666661927876,visible,BOTELLA,1,92787,https://img-eu-2.freex.es/img/071/1000034358/1024x1024/4210c09d1723e3c998760f660fe8a2aa
1000034359,BOTELLA DE VIDRIO,0.6,8666661927883,visible,BOTELLA,1,92788,https://img-eu-2.freex.es/img/071/1000034359/1024x1024/3fb896582b91920d341acb7aaa9d3864
1000034360,BOTELLA DE VIDRIO,0.51,8666661927890,visible,BOTELLA,1,92789,https://img-eu-2.freex.es/img/071/1000034360/1024x1024/d50821cd326b9b317cc438655c5e1e36
1000034361,BOTELLA DE VIDRIO,0.55,8666661927906,visible,BOTELLA,1,92790,https://img-eu-2.freex.es/img/071/1000034361/1024x1024/11848a0c8dc9b169b9dfd168cede33b8
1000034362,BOTELLA DE VIDRIO,0.68,8666661927913,visible,BOTELLA,1,92791,https://img-eu-2.freex.es/img/071/1000034362/1024x1024/423784738aa3541610da9703d0e165bd
1000034363,BOTELLA DE VIDRIO,0.68,8666661927920,visible,BOTELLA,1,92792,https://img-eu-2.freex.es/img/071/1000034363/1024x1024/a79cebae01045bf2a78b63295b375f50
1000034364,BOTELLA DE VIDRIO,0.6,8666661927937,visible,BOTELLA,1,92793,https://img-eu-2.freex.es/img/071/1000034364/1024x1024/1c0a19c1de66d2bf88adc50780bba69a
1000034365,BOTELLA DE VIDRIO,0.63,8666661927944,visible,BOTELLA,1,92794,https://img-eu-2.freex.es/img/071/1000034365/1024x1024/e2c2abaea3f407ba8a5961c3ae0f3e6a
1000034366,BOTELLA DE VIDRIO,0.72,8666661927951,visible,BOTELLA,1,92795,https://img-eu-2.freex.es/img/071/1000034366/1024x1024/74aa4b9e47466382adcd2144967080ae
1000034367,BOTELLA DE VIDRIO,0.83,8666661927968,visible,BOTELLA,1,92796,https://img-eu-2.freex.es/img/071/1000034367/1024x1024/f85003611ddbb0e39e958f1cc4565f42
1000034368,BOTELLA DE VIDRIO,0.85,8666661927975,visible,BOTELLA,1,92797,https://img-eu-2.freex.es/img/071/1000034368/1024x1024/24373c373177b86f9d1310680ae3c58d
1000040304,FRASCO GOTERO VIDRIO,0.37,8666662050870,visible,BOTELLA,1,205087,https://img-eu-2.freex.es/img/071/1000040304/1024x1024/4a2a38a61679c0bc351adbb3efa01967
1000040305,FRASCO GOTERO VIDRIO,0.37,8666662050887,visible,BOTELLA,1,205088,https://img-eu-2.freex.es/img/071/1000040305/1024x1024/098455a84d079f00af9da599a5cfb2c7
1000040306,FRASCO GOTERO VIDRIO,0.41,8666662050894,visible,BOTELLA,1,205089,https://img-eu-2.freex.es/img/071/1000040306/1024x1024/e0f0b0b6f849f479073eb2a79b7b2a0f
1000040307,FRASCO GOTERO VIDRIO,0.41,8666662050900,visible,BOTELLA,1,205090,https://img-eu-2.freex.es/img/071/1000040307/1024x1024/d3936df034df6e01d71f909b8f934713
1000040308,FRASCO GOTERO VIDRIO,0.45,8666662050917,visible,BOTELLA,1,205091,https://img-eu-2.freex.es/img/071/1000040308/1024x1024/bac4912fa5b5c9941f0f0dcc97f1a5bc
1000040309,FRASCO GOTERO VIDRIO,0.45,8666662050924,visible,BOTELLA,1,205092,https://img-eu-2.freex.es/img/071/1000040309/1024x1024/19e688511f593805d6abba55c0c2d9b6
1000040310,FRASCO GOTERO VIDRIO,0.48,8666662050931,visible,BOTELLA,1,205093,https://img-eu-2.freex.es/img/071/1000040310/1024x1024/e9de85884fee516b3a211875dd37fd26
1000040311,FRASCO GOTERO VIDRIO,0.48,8666662050948,visible,BOTELLA,1,205094,https://img-eu-2.freex.es/img/071/1000040311/1024x1024/397a758d2cf385b5d00cbf58a229f524
1000040312,FRASCO GOTERO VIDRIO,0.51,8666662050955,visible,BOTELLA,1,205095,https://img-eu-2.freex.es/img/071/1000040312/1024x1024/8e5a200c5def517ecd08acc733aaf7ab
1000040313,FRASCO GOTERO VIDRIO,0.93,8666662050962,visible,BOTELLA,1,205096,https://img-eu-2.freex.es/img/071/1000040313/1024x1024/6f209cff6851265c10df295257b6f51a
1000045114,,0,,visible,BOTELLA,1,EXPOSITOR,https://img-eu-2.freex.es/img/071/1000045114/1024x1024/cb31346e6aedcd36da1b575967ac9157
1000042659,CINTA DECORATIVA(0.24/M),0.27,8666662055370,visible,BOTELLA,1,205537-1,https://img-eu-2.freex.es/img/071/1000042659/1024x1024/59ca3fad96c49911adb18777b650278f
1000042660,CINTA DECORATIVA(0.24/M),0.27,8666662055370,visible,BOTELLA,1,205537-2,https://img-eu-2.freex.es/img/071/1000042660/1024x1024/47f9d80c7014bb3945b7cf633c95cf87
1000042661,CINTA DECORATIVA(0.24/M),0.27,8666662055370,visible,BOTELLA,1,205537-3,https://img-eu-2.freex.es/img/071/1000042661/1024x1024/43f66d389b88b428712e5cee49e63363
1000042662,CINTA DECORATIVA(0.24/M),0.27,8666662055370,visible,BOTELLA,1,205537-4,https://img-eu-2.freex.es/img/071/1000042662/1024x1024/db3bd01a4c09a4bcf04704d70d444f79
1000042663,CINTA DECORATIVA(0.33/M),0.36,8666662055387,visible,BOTELLA,1,205538-1,https://img-eu-2.freex.es/img/071/1000042663/1024x1024/23035840919acd84e52d5ce8174fa885
1000042664,CINTA DECORATIVA(0.33/M),0.36,8666662055387,visible,BOTELLA,1,205538-2,https://img-eu-2.freex.es/img/071/1000042664/1024x1024/e6fb27dbe4cef3e119114650e2729618
1000042665,CINTA DECORATIVA(0.33/M),0.36,8666662055387,visible,BOTELLA,1,205538-3,https://img-eu-2.freex.es/img/071/1000042665/1024x1024/7b640a78b78c4812465856b281637eb0
1000042666,CINTA DECORATIVA(0.33/M),0.36,8666662055387,visible,BOTELLA,1,205538-4,https://img-eu-2.freex.es/img/071/1000042666/1024x1024/1b7c65487355843218628b1817595216
1000042667,CINTA DECORATIVA(0.25/M),0.27,8666662055394,visible,BOTELLA,1,205539-1,https://img-eu-2.freex.es/img/071/1000042667/1024x1024/f139aa0f048c8b68ac9b7826c71d9671
1000042668,CINTA DECORATIVA(0.25/M),0.27,8666662055394,visible,BOTELLA,1,205539-2,https://img-eu-2.freex.es/img/071/1000042668/1024x1024/c10539f2178c0a947c2c9cbf6885cb20
1000042669,CINTA DECORATIVA(0.25/M),0.27,8666662055394,visible,BOTELLA,1,205539-3,https://img-eu-2.freex.es/img/071/1000042669/1024x1024/635f17040c96ad55a0d7a0c9acb45f6c
1000042670,CINTA DECORATIVA(0.25/M),0.27,8666662055394,visible,BOTELLA,1,205539-4,https://img-eu-2.freex.es/img/071/1000042670/1024x1024/ce6b6b294fb9d913c94a9441df52cd86
1000042671,CINTA DECORATIVA(0.25/M),0.27,8666662055394,visible,BOTELLA,1,205539-5,https://img-eu-2.freex.es/img/071/1000042671/1024x1024/9093c9e35e7d915f52c15ea3f546be9e
1000042672,CINTA DECORATIVA(0.25/M),0.27,8666662055394,visible,BOTELLA,1,205539-6,https://img-eu-2.freex.es/img/071/1000042672/1024x1024/02422ac936b56623b5ce1b25f21bafc6
1000042673,CINTA DECORATIVA(0.32/M),0.36,8666662055400,visible,BOTELLA,1,205540-1,https://img-eu-2.freex.es/img/071/1000042673/1024x1024/806d5810a6aa198a24ce323a59b70ec8
1000042674,CINTA DECORATIVA(0.32/M),0.36,8666662055400,visible,BOTELLA,1,205540-2,https://img-eu-2.freex.es/img/071/1000042674/1024x1024/cf7a1b1940124c2662d7305994df1847
1000042675,CINTA DECORATIVA(0.32/M),0.36,8666662055400,visible,BOTELLA,1,205540-3,https://img-eu-2.freex.es/img/071/1000042675/1024x1024/4b8df4c9db8598e1cb27fedfe2a98a04
1000042676,CINTA DECORATIVA(0.32/M),0.36,8666662055400,visible,BOTELLA,1,205540-4,https://img-eu-2.freex.es/img/071/1000042676/1024x1024/463f45037072809dba15f6317efac63e
1000042677,CINTA DECORATIVA(0.32/M),0.36,8666662055400,visible,BOTELLA,1,205540-5,https://img-eu-2.freex.es/img/071/1000042677/1024x1024/90e86a2fac28edb90451a1f33250169c
1000042678,CINTA DECORATIVA(0.32/M),0.36,8666662055400,visible,BOTELLA,1,205540-6,https://img-eu-2.freex.es/img/071/1000042678/1024x1024/75d47d256b616a40ad65644fb08a9bab
1000042679,CINTA DECORATIVA(0.21/M),0.24,8666662055417,visible,BOTELLA,1,205541-1,https://img-eu-2.freex.es/img/071/1000042679/1024x1024/871d4756a4a448ae540db64798754e16
1000042680,CINTA DECORATIVA(0.21/M),0.24,8666662055417,visible,BOTELLA,1,205541-2,https://img-eu-2.freex.es/img/071/1000042680/1024x1024/d250db3a7cf40bddf9715161cea1dacd
1000042681,CINTA DECORATIVA(0.21/M),0.24,8666662055417,visible,BOTELLA,1,205541-3,https://img-eu-2.freex.es/img/071/1000042681/1024x1024/8a7f67deb0286ad135c30e60f9726ed7
1000042682,CINTA DECORATIVA(0.21/M),0.24,8666662055417,visible,BOTELLA,1,205541-4,https://img-eu-2.freex.es/img/071/1000042682/1024x1024/fce4d212854f4aa251a4d8e97e6975ba
1000042683,CINTA DECORATIVA(0.21/M),0.24,8666662055417,visible,BOTELLA,1,205541-5,https://img-eu-2.freex.es/img/071/1000042683/1024x1024/03681ef53a569a89dc788debbb5822f2
1000042684,CINTA DECORATIVA(0.25/M),0.29,8666662055424,visible,BOTELLA,1,205542-1,https://img-eu-2.freex.es/img/071/1000042684/1024x1024/38a134c25e976a2afe1ba0baa82c9998
1000042685,CINTA DECORATIVA(0.25/M),0.29,8666662055424,visible,BOTELLA,1,205542-2,https://img-eu-2.freex.es/img/071/1000042685/1024x1024/5523cd8060e8c4ce60c9979509024b5c
1000042686,CINTA DECORATIVA(0.25/M),0.29,8666662055424,visible,BOTELLA,1,205542-3,https://img-eu-2.freex.es/img/071/1000042686/1024x1024/3c68902197dd87f958f1b433fa42a550
1000042687,CINTA DECORATIVA(0.25/M),0.29,8666662055424,visible,BOTELLA,1,205542-4,https://img-eu-2.freex.es/img/071/1000042687/1024x1024/cffc480f0a7475b40b24c35c92e9e7ec
1000042688,CINTA DECORATIVA(0.25/M),0.29,8666662055424,visible,BOTELLA,1,205542-5,https://img-eu-2.freex.es/img/071/1000042688/1024x1024/e5ad3057f7d59d59cebdbae1241cea2b
1000042689,CINTA DECORATIVA(0.33/M),0.37,8666662055431,visible,BOTELLA,1,205543-1,https://img-eu-2.freex.es/img/071/1000042689/1024x1024/269f03c77ceed51556843b9bc5be3558
1000042690,CINTA DECORATIVA(0.33/M),0.37,8666662055431,visible,BOTELLA,1,205543-2,https://img-eu-2.freex.es/img/071/1000042690/1024x1024/1871018ce428490309d6a51ef3570755
1000042691,CINTA DECORATIVA(0.33/M),0.37,8666662055431,visible,BOTELLA,1,205543-3,https://img-eu-2.freex.es/img/071/1000042691/1024x1024/ff868984ff09133195a3690c1578846d
1000042692,CINTA DECORATIVA(0.38/M),0.46,8666662055448,visible,BOTELLA,1,205544-1,https://img-eu-2.freex.es/img/071/1000042692/1024x1024/0023fc4e9906193fa9c880d46a8864ff
1000042693,CINTA DECORATIVA(0.38/M),0.46,8666662055448,visible,BOTELLA,1,205544-2,https://img-eu-2.freex.es/img/071/1000042693/1024x1024/6fa3050c246671eaddbda37365620bc0
1000042694,CINTA DECORATIVA(0.38/M),0.46,8666662055448,visible,BOTELLA,1,205544-3,https://img-eu-2.freex.es/img/071/1000042694/1024x1024/6ccfbe9ce0399dcf4aa99557858324c1
1000042695,CINTA DECORATIVA(0.24/M),0.28,8666662055455,visible,BOTELLA,1,205545-1,https://img-eu-2.freex.es/img/071/1000042695/1024x1024/5868fc6aa7ad3e2178792eccf1c69967
1000042696,CINTA DECORATIVA(0.24/M),0.28,8666662055455,visible,BOTELLA,1,205545-2,https://img-eu-2.freex.es/img/071/1000042696/1024x1024/f8a0e8908520cdbe74ca16bfcd2411e4
1000042697,CINTA DECORATIVA(0.24/M),0.28,8666662055455,visible,BOTELLA,1,205545-3,https://img-eu-2.freex.es/img/071/1000042697/1024x1024/180a186841b8f699e1c87c226e9f2677
1000042698,CINTA DECORATIVA(0.24/M),0.28,8666662055455,visible,BOTELLA,1,205545-4,https://img-eu-2.freex.es/img/071/1000042698/1024x1024/b22e09efc5f23e8527ee01cef3f0c1b5
1000042699,CINTA DECORATIVA(0.24/M),0.28,8666662055455,visible,BOTELLA,1,205545-5,https://img-eu-2.freex.es/img/071/1000042699/1024x1024/19f94cb8490cf1a62a722e7fb1c806aa
1000042700,CINTA DECORATIVA(0.24/M),0.28,8666662055455,visible,BOTELLA,1,205545-6,https://img-eu-2.freex.es/img/071/1000042700/1024x1024/73d3ca8cde1455ea6d5acc008e509b51
1000042701,CINTA DECORATIVA(0.39/M),0.45,8666662055462,visible,BOTELLA,1,205546-1,https://img-eu-2.freex.es/img/071/1000042701/1024x1024/5d10a4683110eae18a501bd1009ed0fc
1000042702,CINTA DECORATIVA(0.39/M),0.45,8666662055462,visible,BOTELLA,1,205546-2,https://img-eu-2.freex.es/img/071/1000042702/1024x1024/ef80697d88f1db2f94f9cfb56f755efe
1000042703,CINTA DECORATIVA(0.39/M),0.45,8666662055462,visible,BOTELLA,1,205546-3,https://img-eu-2.freex.es/img/071/1000042703/1024x1024/e68f10bcd3478dcce09258568b94ade2
1000042704,CINTA DECORATIVA(0.39/M),0.45,8666662055462,visible,BOTELLA,1,205546-4,https://img-eu-2.freex.es/img/071/1000042704/1024x1024/e62bbca5f7fd427df8ad26fd135e75aa
1000042705,CINTA DECORATIVA(0.39/M),0.45,8666662055462,visible,BOTELLA,1,205546-5,https://img-eu-2.freex.es/img/071/1000042705/1024x1024/90cc09dedb24b2334cbb15676d2c2ed5
1000042706,CINTA DECORATIVA(0.39/M),0.45,8666662055462,visible,BOTELLA,1,205546-6,https://img-eu-2.freex.es/img/071/1000042706/1024x1024/a2ae0fdfd12879f7cd35f0a0c25c026b
1000042707,CINTA DECORATIVA(0.24/M),0.28,8666662055479,visible,BOTELLA,1,205547-1,https://img-eu-2.freex.es/img/071/1000042707/1024x1024/3db84f5c1bc3f93d89041354ea27ab12
1000042708,CINTA DECORATIVA(0.24/M),0.28,8666662055479,visible,BOTELLA,1,205547-2,https://img-eu-2.freex.es/img/071/1000042708/1024x1024/aef974490ec1abf19996aa6008ffd509
1000042709,CINTA DECORATIVA(0.24/M),0.28,8666662055479,visible,BOTELLA,1,205547-3,https://img-eu-2.freex.es/img/071/1000042709/1024x1024/94a1a63c40b7ffac769ab7516eb2c336
1000042710,CINTA DECORATIVA(0.24/M),0.28,8666662055479,visible,BOTELLA,1,205547-4,https://img-eu-2.freex.es/img/071/1000042710/1024x1024/04882509a4d0b5e0c33b3a672a6f2bb9
1000042711,CINTA DECORATIVA(0.24/M),0.28,8666662055479,visible,BOTELLA,1,205547-5,https://img-eu-2.freex.es/img/071/1000042711/1024x1024/2eb3da6e3ca5bf75a3a23e61398a4735
1000042712,CINTA DECORATIVA(0.24/M),0.28,8666662055479,visible,BOTELLA,1,205547-6,https://img-eu-2.freex.es/img/071/1000042712/1024x1024/c6236f16ad494936d0acb18ea847ef09
1000042713,CINTA DECORATIVA(0.39/M),0.45,8666662055486,visible,BOTELLA,1,205548-1,https://img-eu-2.freex.es/img/071/1000042713/1024x1024/0e0d02e6dea2105927119424f3c4e29a
1000042714,CINTA DECORATIVA(0.39/M),0.45,8666662055486,visible,BOTELLA,1,205548-2,https://img-eu-2.freex.es/img/071/1000042714/1024x1024/e5228ce0efed69addb84adefa60b1e1e
1000042715,CINTA DECORATIVA(0.39/M),0.45,8666662055486,visible,BOTELLA,1,205548-3,https://img-eu-2.freex.es/img/071/1000042715/1024x1024/2114d5520e49a88527517980f700c4e0
1000042716,CINTA DECORATIVA(0.39/M),0.45,8666662055486,visible,BOTELLA,1,205548-4,https://img-eu-2.freex.es/img/071/1000042716/1024x1024/20e7cd1686aa44fd252522431030cb83
1000042717,CINTA DECORATIVA(0.39/M),0.45,8666662055486,visible,BOTELLA,1,205548-5,https://img-eu-2.freex.es/img/071/1000042717/1024x1024/9d2eabdbf19e27a6dcb62900193e35b2
1000042718,CINTA DECORATIVA(0.39/M),0.45,8666662055486,visible,BOTELLA,1,205548-6,https://img-eu-2.freex.es/img/071/1000042718/1024x1024/2edcfa8f11cb0a87ab5ece92ecb904e8
1000042719,CINTA DECORATIVA(0.37/M),0.46,8666662055493,visible,BOTELLA,1,205549-1,https://img-eu-2.freex.es/img/071/1000042719/1024x1024/df501fffdc266c9368a63d76d3fd3dba
1000042720,CINTA DECORATIVA(0.37/M),0.46,8666662055493,visible,BOTELLA,1,205549-2,https://img-eu-2.freex.es/img/071/1000042720/1024x1024/3eea2e64b3e5e5e7f2057ef9e2b75c7e
1000042721,CINTA DECORATIVA(0.37/M),0.46,8666662055493,visible,BOTELLA,1,205549-3,https://img-eu-2.freex.es/img/071/1000042721/1024x1024/2806890cd11a590095dfa3f7f7063536
1000042723,CINTA DECORATIVA(0.37/M),0.46,8666662055493,visible,BOTELLA,1,205549-5,https://img-eu-2.freex.es/img/071/1000042723/1024x1024/2bf83d5143675e181d3b5e6cc94def71
1000042724,CINTA DECORATIVA(0.37/M),0.46,8666662055493,visible,BOTELLA,1,205549-6,https://img-eu-2.freex.es/img/071/1000042724/1024x1024/ebbb798bc8fa94941b62c1f5d446fe28
1000042725,CINTA DECORATIVA(0.37/M),0.46,8666662055493,visible,BOTELLA,1,205549-7,https://img-eu-2.freex.es/img/071/1000042725/1024x1024/8a76596ea9449bdba1f2e3cf451af4cc
1000042726,CINTA DECORATIVA(0.52/M),0.6,8666662055509,visible,BOTELLA,1,205550-1,https://img-eu-2.freex.es/img/071/1000042726/1024x1024/c6ae329750c0c0d6c92fa6ce82196e81
1000042727,CINTA DECORATIVA(0.52/M),0.6,8666662055509,visible,BOTELLA,1,205550-2,https://img-eu-2.freex.es/img/071/1000042727/1024x1024/c9ae9937dd65ea04f410e5e24a4c7599
1000042728,CINTA DECORATIVA(0.52/M),0.6,8666662055509,visible,BOTELLA,1,205550-3,https://img-eu-2.freex.es/img/071/1000042728/1024x1024/4cb5962ac4df472acb4f987d94ed1f09
1000042729,CINTA DECORATIVA(0.52/M),0.6,8666662055509,visible,BOTELLA,1,205550-4,https://img-eu-2.freex.es/img/071/1000042729/1024x1024/b42d1160e68a7abcdf4e3d976c3ec374
1000042730,CINTA DECORATIVA(0.52/M),0.6,8666662055509,visible,BOTELLA,1,205550-5,https://img-eu-2.freex.es/img/071/1000042730/1024x1024/39a975ee7a0bf094d52bd6d7a49cf2cb
1000042731,CINTA DECORATIVA(0.52/M),0.6,8666662055509,visible,BOTELLA,1,205550-6,https://img-eu-2.freex.es/img/071/1000042731/1024x1024/d5c349ce59a954dfdfb48867b49add6e
1000042732,CINTA DECORATIVA(0.52/M),0.6,8666662055509,visible,BOTELLA,1,205550-7,https://img-eu-2.freex.es/img/071/1000042732/1024x1024/0f8d04157d72f33b2df58a6c2dbf82c5
1000042733,CINTA DECORATIVA(0.30/M),0.34,8666662055516,visible,BOTELLA,1,205551-1,https://img-eu-2.freex.es/img/071/1000042733/1024x1024/813ede6c457a07a52943148284fcc925
1000042734,CINTA DECORATIVA(0.30/M),0.34,8666662055516,visible,BOTELLA,1,205551-2,https://img-eu-2.freex.es/img/071/1000042734/1024x1024/6eca9a6a463e3ef0bcdcd98cebfeeda7
1000042735,CINTA DECORATIVA(0.30/M),0.34,8666662055516,visible,BOTELLA,1,205551-3,https://img-eu-2.freex.es/img/071/1000042735/1024x1024/65072e2dc9f627911a2073c84975117e
1000042736,CINTA DECORATIVA(0.30/M),0.43,8666662055523,visible,BOTELLA,1,205552-1,https://img-eu-2.freex.es/img/071/1000042736/1024x1024/458bdccaa2130db58499a0c0a1d43faa
1000042738,CINTA DECORATIVA(0.30/M),0.43,8666662055523,visible,BOTELLA,1,205552-3,https://img-eu-2.freex.es/img/071/1000042738/1024x1024/2e4e74573db341aea527c15e0b2ce014
1000042739,CINTA DECORATIVA(0.30/M),0.43,8666662055523,visible,BOTELLA,1,205552-4,https://img-eu-2.freex.es/img/071/1000042739/1024x1024/662cc6f26b48954b0e22422a99445aa8
1000041878,CINTA DECORATIVA(0.24/M),0.29,8666662018313,visible,BOTELLA,1,201831,https://img-eu-2.freex.es/img/071/1000041878/1024x1024/fd7bb20c7bea0b9a4ed98bb8f3bd3599
1000041879,CINTA DECORATIVA(0.24/M),0.29,8666662018320,visible,BOTELLA,1,201832,https://img-eu-2.freex.es/img/071/1000041879/1024x1024/767263c3a2419ec3eff3c7812ae167f2
1000041880,CINTA DECORATIVA(0.24/M),0.29,8666662018337,visible,BOTELLA,1,201833,https://img-eu-2.freex.es/img/071/1000041880/1024x1024/ed1b188e98f77a54c38bde05b7ddec24
1000041881,CINTA DECORATIVA(0.24/M),0.29,8666662018344,visible,BOTELLA,1,201834,https://img-eu-2.freex.es/img/071/1000041881/1024x1024/7e3865d776627ba3238274797be1335e
1000041882,CINTA DECORATIVA(0.24/M),0.29,8666662018351,visible,BOTELLA,1,201835,https://img-eu-2.freex.es/img/071/1000041882/1024x1024/3ee782603bc0fde8c5b86f1d3b648b7b
1000026527,CINTA DECORATIVA(0.24/M),0.29,8666662018368,visible,BOTELLA,1,201836,https://img-eu-2.freex.es/img/071/1000026527/1024x1024/ac2837ec5086cac171afb8ef23957598
1000041883,CINTA DECORATIVA(0.24/M),0.29,8666662018375,visible,BOTELLA,1,201837,https://img-eu-2.freex.es/img/071/1000041883/1024x1024/26f1318750e5fd7ef3f0f1d2a1038c98
1000041884,CINTA DECORATIVA(0.24/M),0.29,8666662018382,visible,BOTELLA,1,201838,https://img-eu-2.freex.es/img/071/1000041884/1024x1024/cd5cb438fb89009f78bd20bfa4f789bd
1000041885,CINTA DECORATIVA(0.24/M),0.29,8666662018399,visible,BOTELLA,1,201839,https://img-eu-2.freex.es/img/071/1000041885/1024x1024/a0668a2631b17f075eae97d9bc686dde
1000041886,CINTA DECORATIVA(0.35/M),0.42,8666662018405,visible,BOTELLA,1,201840,https://img-eu-2.freex.es/img/071/1000041886/1024x1024/aa1255c6a2f53c6f35cd6fd783d2e0d3
1000041887,CINTA DECORATIVA(0.35/M),0.42,8666662018412,visible,BOTELLA,1,201841,https://img-eu-2.freex.es/img/071/1000041887/1024x1024/3c7febe4749d3e4d2e4633756b81ed8d
1000041888,CINTA DECORATIVA(0.35/M),0.42,8666662018429,visible,BOTELLA,1,201842,https://img-eu-2.freex.es/img/071/1000041888/1024x1024/e4cc0ea344253a9a984f8fb696b704fc
1000002128,CINTA DECORATIVA(0.35/M),0.42,8666662018436,visible,BOTELLA,1,201843,https://img-eu-2.freex.es/img/071/1000002128/1024x1024/e645be11bae34e4184768891f40ba419
1000041889,CINTA DECORATIVA(0.35/M),0.42,8666662018443,visible,BOTELLA,1,201844,https://img-eu-2.freex.es/img/071/1000041889/1024x1024/9a2103e63d954ca44b9b3d29d06c2919
1000041890,CINTA DECORATIVA(0.35/M),0.42,8666662018450,visible,BOTELLA,1,201845,https://img-eu-2.freex.es/img/071/1000041890/1024x1024/718c59e5f420cc402254f679a5a156ea
1000041891,CINTA DECORATIVA(0.35/M),0.42,8666662018467,visible,BOTELLA,1,201846,https://img-eu-2.freex.es/img/071/1000041891/1024x1024/556c99b315f0d391b4d0b033e0525df2
1000041892,CINTA DECORATIVA(0.35/M),0.42,8666662018474,visible,BOTELLA,1,201847,https://img-eu-2.freex.es/img/071/1000041892/1024x1024/4f8e2b28bd38bec57a4e50391abfe503
1000041893,CINTA DECORATIVA(0.35/M),0.42,8666662018481,visible,BOTELLA,1,201848,https://img-eu-2.freex.es/img/071/1000041893/1024x1024/0aa599ed77250baff93ec9b76316fc6e
1000038306,CINTA DE CORREA DE BOLSO,1.04,866666201502,visible,BOTELLA,1,201502,https://img-eu-2.freex.es/img/071/1000038306/1024x1024/05324e467ba7463c98f75d361ddf2c4b
1000038307,CINTA DE CORREA DE BOLSO,0.99,866666201503,visible,BOTELLA,1,201503,https://img-eu-2.freex.es/img/071/1000038307/1024x1024/63c270a5edd0a4b316d9798cb6531f1d
1000038308,CINTA DE CORREA DE BOLSO,1.2,866666201504,visible,BOTELLA,1,201504,https://img-eu-2.freex.es/img/071/1000038308/1024x1024/7cae01f3250fd290069cd904a6fe4fa2
1000038309,CINTA DE CORREA DE BOLSO,1.2,866666201505,visible,BOTELLA,1,201505,https://img-eu-2.freex.es/img/071/1000038309/1024x1024/3ffc7e2e7e305da8577aab645a130084
1000038310,CINTA DE CORREA DE BOLSO,1.83,866666201506,visible,BOTELLA,1,201506,https://img-eu-2.freex.es/img/071/1000038310/1024x1024/2485b9d1109408c093933e120c518953
1000038311,CINTA DE CORREA DE BOLSO,1.83,866666201507,visible,BOTELLA,1,201507,https://img-eu-2.freex.es/img/071/1000038311/1024x1024/0308411b8f894ba02d368141de22fdf5
1000038456,CINTA DE CORREA DE BOLSO,1.83,866666201508,visible,BOTELLA,1,201508-1,https://img-eu-2.freex.es/img/071/1000038456/1024x1024/207003c05ab348fcf5cc14257fde09a6
1000038312,CINTA DE CORREA DE BOLSO,1.83,866666201509,visible,BOTELLA,1,201509,https://img-eu-2.freex.es/img/071/1000038312/1024x1024/2c52532201c2b8800f9c009761896454
1000038313,CINTA DE CORREA DE BOLSO,1.83,866666201510,visible,BOTELLA,1,201510,https://img-eu-2.freex.es/img/071/1000038313/1024x1024/25a5f980d774a5c3d28834df4c0e318a
1000038314,CINTA DE CORREA DE BOLSO,1.83,866666201511,visible,BOTELLA,1,201511,https://img-eu-2.freex.es/img/071/1000038314/1024x1024/d1bd3fc18974dc8648ea903ffd6145d0
1000038315,CINTA DE CORREA DE BOLSO,1.83,866666201512,visible,BOTELLA,1,201512,https://img-eu-2.freex.es/img/071/1000038315/1024x1024/a2c2634260dd94f85506bf310dc3955f
1000038316,CINTA DE CORREA DE BOLSO,1.83,866666201513,visible,BOTELLA,1,201513,https://img-eu-2.freex.es/img/071/1000038316/1024x1024/654fa9c0e430743d720a09fa6ae4c7f8
1000038317,CINTA DE CORREA DE BOLSO,0.72,866666201514,visible,BOTELLA,1,201514,https://img-eu-2.freex.es/img/071/1000038317/1024x1024/f50e2c1fbe86c6a597c55743236404ac
1000038318,CINTA DE CORREA DE BOLSO,0.78,866666201515,visible,BOTELLA,1,201515,https://img-eu-2.freex.es/img/071/1000038318/1024x1024/cca6cf7bf8ffd354a38b333eafb06440
1000038319,CINTA DE CORREA DE BOLSO,0.83,866666201516,visible,BOTELLA,1,201516,https://img-eu-2.freex.es/img/071/1000038319/1024x1024/ef66008784bfe5c0e47f5edc640c50c2
1000038457,CINTA DE CORREA DE BOLSO,0.93,866666201517,visible,BOTELLA,1,201517-1,https://img-eu-2.freex.es/img/071/1000038457/1024x1024/b8206d90695e861f376a62761d47224d
1000038320,CINTA DE CORREA DE BOLSO,0.99,866666201518,visible,BOTELLA,1,201518,https://img-eu-2.freex.es/img/071/1000038320/1024x1024/548c08eb93f3aef32984fab3514c7467
1000038321,CINTA DE CORREA DE BOLSO,1.35,866666201519,visible,BOTELLA,1,201519,https://img-eu-2.freex.es/img/071/1000038321/1024x1024/4f64743891f98cbf98f554c2637469d4
1000037978,CINTA DE CORREA DE BOLSO,0.89,866666201471,visible,BOTELLA,1,201471,https://img-eu-2.freex.es/img/071/1000037978/1024x1024/8b4385343cb3217ce241fcfe4d29c0c1
1000037979,CINTA DE CORREA DE BOLSO,0.89,866666201472,visible,BOTELLA,1,201472,https://img-eu-2.freex.es/img/071/1000037979/1024x1024/8d74d47c57fbe14c26c6734d393633d0
1000037980,CINTA DE CORREA DE BOLSO,0.89,866666201473,visible,BOTELLA,1,201473,https://img-eu-2.freex.es/img/071/1000037980/1024x1024/a17da0c1c8668b0a87cfa7b26f18c891
1000038303,CINTA DE CORREA DE BOLSO,0.89,866666201474,visible,BOTELLA,1,201474,https://img-eu-2.freex.es/img/071/1000038303/1024x1024/9ea20b42123cd748cb212741be912738
1000037981,CINTA DE CORREA DE BOLSO,0.89,866666201475,visible,BOTELLA,1,201475,https://img-eu-2.freex.es/img/071/1000037981/1024x1024/7274e375b8b808c0c7a2194a23db8416
1000037982,CINTA DE CORREA DE BOLSO,0.89,866666201476,visible,BOTELLA,1,201476,https://img-eu-2.freex.es/img/071/1000037982/1024x1024/f3f8adbce7d99b98821588180c617a38
1000037983,CINTA DE CORREA DE BOLSO,0.89,866666201477,visible,BOTELLA,1,201477,https://img-eu-2.freex.es/img/071/1000037983/1024x1024/bb8bd558c70f1a2419830543b5cdeca1
1000037984,CINTA DE CORREA DE BOLSO,0.89,866666201478,visible,BOTELLA,1,201478,https://img-eu-2.freex.es/img/071/1000037984/1024x1024/cce057bb8df831fc474aee9b93fc34db
1000037985,CINTA DE CORREA DE BOLSO,0.89,866666201479,visible,BOTELLA,1,201479,https://img-eu-2.freex.es/img/071/1000037985/1024x1024/c759a49be5e6c4d56f67b9e9bf59df22
1000037986,CINTA DE CORREA DE BOLSO,1.2,866666201480,visible,BOTELLA,1,201480,https://img-eu-2.freex.es/img/071/1000037986/1024x1024/cd23ae16d712eb1e6917ad666a8642a9
1000037987,CINTA DE CORREA DE BOLSO,1.2,866666201481,visible,BOTELLA,1,201481,https://img-eu-2.freex.es/img/071/1000037987/1024x1024/882ec5b46ec0641226f3d3e4f472c70c
1000037988,CINTA DE CORREA DE BOLSO,1.2,866666201482,visible,BOTELLA,1,201482,https://img-eu-2.freex.es/img/071/1000037988/1024x1024/90a05e07b4c5022409a399f89d86b25c
1000037989,CINTA DE CORREA DE BOLSO,1.2,866666201483,visible,BOTELLA,1,201483,https://img-eu-2.freex.es/img/071/1000037989/1024x1024/00e8c3e415d6921d847b5646447b4b31
1000037990,CINTA DE CORREA DE BOLSO,1.2,866666201484,visible,BOTELLA,1,201484,https://img-eu-2.freex.es/img/071/1000037990/1024x1024/4eaad8350f1ea6cb7c99641d395dd999
1000037991,CINTA DE CORREA DE BOLSO,1.2,866666201485,visible,BOTELLA,1,201485,https://img-eu-2.freex.es/img/071/1000037991/1024x1024/6508ff1874ae487f280e8fc9d44ebd32
1000037992,CINTA DE CORREA DE BOLSO,1.2,866666201486,visible,BOTELLA,1,201486,https://img-eu-2.freex.es/img/071/1000037992/1024x1024/71a14419078383c360ce2394d133c841
1000037993,CINTA DE CORREA DE BOLSO,1.2,866666201487,visible,BOTELLA,1,201487,https://img-eu-2.freex.es/img/071/1000037993/1024x1024/29224ab6545e9ce114af6a4793afab2c
1000037994,CINTA DE CORREA DE BOLSO,1.2,866666201488,visible,BOTELLA,1,201488,https://img-eu-2.freex.es/img/071/1000037994/1024x1024/378c41ac3740beb7b90f6c5438c26bdb
1000040084,CINTA VIES TELA,0,,visible,CINTA VIES TELA,1,??_20240418145230,https://img-eu-2.freex.es/img/071/1000040084/1024x1024/d81eaa88416cfb4ab8564f946a4b4980
1000031951,CINTA CORREA DE BOLSO,1.46,8666661919703,visible,CINTA VIES TELA,1,91970-1,https://img-eu-2.freex.es/img/071/1000031951/1024x1024/992fc24e89f46de3d9da91249ce7c394
1000031954,CINTA CORREA DE BOLSO,1.46,8666661919703,visible,CINTA VIES TELA,1,91970-2,https://img-eu-2.freex.es/img/071/1000031954/1024x1024/77a6f1cf7694cfb9647cbd9e339ff95e
1000031955,CINTA CORREA DE BOLSO,1.46,8666661919703,visible,CINTA VIES TELA,1,91970-3,https://img-eu-2.freex.es/img/071/1000031955/1024x1024/20d7085637198d1a72df43d67ba67d0b
1000031956,CINTA CORREA DE BOLSO,1.46,8666661919703,visible,CINTA VIES TELA,1,91970-4,https://img-eu-2.freex.es/img/071/1000031956/1024x1024/8cbb196c4cb4057712ff649674572d53
1000031957,CINTA CORREA DE BOLSO,1.46,8666661919703,visible,CINTA VIES TELA,1,91970-5,https://img-eu-2.freex.es/img/071/1000031957/1024x1024/ffd08040ea6addf80740d095b0a6144b
1000031958,CINTA CORREA DE BOLSO,1.46,8666661919703,visible,CINTA VIES TELA,1,91970-6,https://img-eu-2.freex.es/img/071/1000031958/1024x1024/467afa72c5c6f70f0d5d216f4589cb3c
1000031959,CINTA CORREA DE BOLSO,1.46,8666661919703,visible,CINTA VIES TELA,1,91970-7,https://img-eu-2.freex.es/img/071/1000031959/1024x1024/8ed7199906bffa6201c244865fe9e303
1000031960,CINTA CORREA DE BOLSO,1.46,8666661919703,visible,CINTA VIES TELA,1,91970-8,https://img-eu-2.freex.es/img/071/1000031960/1024x1024/fa4f4fbc8f9429553d67bfab6b16d1c4
1000031961,CINTA CORREA DE BOLSO,1.46,8666661919703,visible,CINTA VIES TELA,1,91970-9,https://img-eu-2.freex.es/img/071/1000031961/1024x1024/30d4f1757f4e62835c28623df06d2ab8
1000031952,CINTA CORREA DE BOLSO,1.46,8666661919703,visible,CINTA VIES TELA,1,91970-10,https://img-eu-2.freex.es/img/071/1000031952/1024x1024/6e0d2678a538ede88ae74cab6be3037c
1000031953,CINTA CORREA DE BOLSO,1.46,8666661919703,visible,CINTA VIES TELA,1,91970-11,https://img-eu-2.freex.es/img/071/1000031953/1024x1024/c94945f94e542ce7cfb58e7509e34db9
1000046876,[44546] CABEZA POREX BASIC,4.19,8435621445466,visible,CINTA VIES TELA,1,445466,https://img-eu-2.freex.es/img/071/1000046876/1024x1024/28356d175930697f6bbdf6838a22d665
1000040070,BOLA CORCHO,0,,visible,BOLA CORCHO,1,??_20240418145215,https://img-eu-2.freex.es/img/071/1000040070/1024x1024/a9c180afef91d845fd6a12de43150ec2
1000040991,BOLA DE ESPUMA MANUALIDADES,0.74,866666205045,visible,BOLA CORCHO,1,205045,https://img-eu-2.freex.es/img/071/1000040991/1024x1024/234861cff22f612eddcfb717246b4be4
1000040992,BOLA DE ESPUMA MANUALIDADES,0.74,866666205046,visible,BOLA CORCHO,1,205046,https://img-eu-2.freex.es/img/071/1000040992/1024x1024/5c8aa9a92174f58f93546b4bc548f75b
1000040993,BOLA DE ESPUMA MANUALIDADES,0.74,866666205047,visible,BOLA CORCHO,1,205047,https://img-eu-2.freex.es/img/071/1000040993/1024x1024/7ea1b0ad40bb9a9318b9ab647861c7af
1000040994,BOLA DE ESPUMA MANUALIDADES,0.74,866666205050,visible,BOLA CORCHO,1,205050,https://img-eu-2.freex.es/img/071/1000040994/1024x1024/b5c77e373b990dd7b2da2c2559c86c6e
1000000296,CONOS PARA MANUALIDADES,0.99,8666661010158,visible,BOLA CORCHO,1,01015,https://img-eu-2.freex.es/img/071/1000000296/1024x1024/e11efd93b916cdb81086fde2e8259df7
1000000297,CONOS PARA MANUALIDADES,1.35,8666661010165,visible,BOLA CORCHO,1,01016,https://img-eu-2.freex.es/img/071/1000000297/1024x1024/0a4d706199215cbf51afc69580cf8789
1000000298,CONOS DE CORCHO,1.31,8666661010172,visible,BOLA CORCHO,1,01017,https://img-eu-2.freex.es/img/071/1000000298/1024x1024/1674f9646d78174144caed7e2a3e92b4
1000000299,HUEVO PARA MANUALIDADES,1.14,8666661010189,visible,BOLA CORCHO,1,01018,https://img-eu-2.freex.es/img/071/1000000299/1024x1024/93bd020f3b3036b53c9beb5828d8b7dc
1000000300,HUEVO PARA MANUALIDADES,1.04,8666661010196,visible,BOLA CORCHO,1,01019,https://img-eu-2.freex.es/img/071/1000000300/1024x1024/344bb0628156af43845e56ae600db08c
1000000301,HUEVO DE MANUALIDADES,0.78,8666661010202,visible,BOLA CORCHO,1,01020,https://img-eu-2.freex.es/img/071/1000000301/1024x1024/1244ed4243935e3b79805240cf323c57
1000000302,HUEVO PARA MANUALIDADES,0.78,8666661010219,visible,BOLA CORCHO,1,01021,https://img-eu-2.freex.es/img/071/1000000302/1024x1024/efc6c4b55f46ac8eade2edb0bdc7a1cb
1000000303,HUEVO PARA MANUALIDADES,0.49,8666661010226,visible,BOLA CORCHO,1,01022,https://img-eu-2.freex.es/img/071/1000000303/1024x1024/012c5bb2c1d604e6e3d3658b6cdae903
1000000309,BOLA DE MANUALIDADES,0.83,8666661010349,visible,BOLA CORCHO,1,01034,https://img-eu-2.freex.es/img/071/1000000309/1024x1024/9112c8ee5dd669acde918c9eb8c41ed7
1000000308,BOLA DE MANUALIDADES,1.04,8666661010332,visible,BOLA CORCHO,1,01033,https://img-eu-2.freex.es/img/071/1000000308/1024x1024/55ffb30ebb7dd1d73ce8381aff722db5
1000000307,BOLA DE CORCHO,1.04,8666661010325,visible,BOLA CORCHO,1,01032,https://img-eu-2.freex.es/img/071/1000000307/1024x1024/1bfd8f726be23870264cce51c9a6980a
1000000306,BOLA DE MANUALIDADES,1.25,8666661010318,visible,BOLA CORCHO,1,01031,https://img-eu-2.freex.es/img/071/1000000306/1024x1024/6720c55e0496700df1e408ec9cbb7be7
1000000305,BOLA DE MANUALIDADES,0.99,8666661010301,visible,BOLA CORCHO,1,01030,https://img-eu-2.freex.es/img/071/1000000305/1024x1024/f605447b1c6c2ead1c2c4c097125ac07
1000024771,BOLA DE CORCHO,1.31,8666661910885,visible,BOLA CORCHO,1,91088,https://img-eu-2.freex.es/img/071/1000024771/1024x1024/0f8d9db2e93843084ff7c05369a540f1
1000024772,BOLA DE CORCHO,1.31,8666661910892,visible,BOLA CORCHO,1,91089,https://img-eu-2.freex.es/img/071/1000024772/1024x1024/f1ce796ea9b86c9a6bf8610391b4f753
1000000304,BOLA DE MANUALIDADES,1.15,8666661010295,visible,BOLA CORCHO,1,01029,https://img-eu-2.freex.es/img/071/1000000304/1024x1024/2ab1d15fb57565cc52baa21bd4dc1173
1000002544,BOLA DE MANUALIDADES,0.83,8666661042319,visible,BOLA CORCHO,1,04231,https://img-eu-2.freex.es/img/071/1000002544/1024x1024/1cf4160119fa6c347891cea4d0aa868f
1000008664,BOLA DE CORCHO,1.98,8666661042333,visible,BOLA CORCHO,1,04233,https://img-eu-2.freex.es/img/071/1000008664/1024x1024/e636f6364014270d75327b51f80fb61a
1000043009,BOLA POREX 4CM 8UDS.,0.51,8435621407310,visible,BOLA CORCHO,1,407310,https://img-eu-2.freex.es/img/071/1000043009/1024x1024/19b8c3b9b61f284d4eec72a08f7e862a
1000043010,BOLA POREX 5CM 4UDS.,0.42,8435621407327,visible,BOLA CORCHO,1,407327,https://img-eu-2.freex.es/img/071/1000043010/1024x1024/0b6d17cefc765eb96fbd85c4447aac1b
1000043011,BOLA POREX 6CM 4UDS.,0.85,8435621407334,visible,BOLA CORCHO,1,407334,https://img-eu-2.freex.es/img/071/1000043011/1024x1024/a7e23b31bd1c71eb74b494f6fab18037
1000043012,BOLA POREX 7CM 2UDS.,0.65,8435621407341,visible,BOLA CORCHO,1,407341,https://img-eu-2.freex.es/img/071/1000043012/1024x1024/a07341cf4179bbc4abba34edc05c4d7e
1000043013,BOLA POREX 8CM 2UDS.,0.79,8435621407358,visible,BOLA CORCHO,1,407358,https://img-eu-2.freex.es/img/071/1000043013/1024x1024/5013d0752412fc1a720000204a514e1f
1000043053,BOLA POREX 9CM,0.52,8435621407365,visible,BOLA CORCHO,1,40736,https://img-eu-2.freex.es/img/071/1000043053/1024x1024/463fa87df2f74b74bdfd82cf91ccb0f0
1000043054,BOLA POREX 10CM,0.73,8435621407372,visible,BOLA CORCHO,1,40737,https://img-eu-2.freex.es/img/071/1000043054/1024x1024/3d36ee73b0b11e93d5749078826b0542
1000043055,BOLA POREX 12CM,1.04,8435621407389,visible,BOLA CORCHO,1,40738,https://img-eu-2.freex.es/img/071/1000043055/1024x1024/b9722e8a15ed4faa45d0453bd4a3a5b3
1000043002,BOLA POREX 35CM,13.28,8436539070207,visible,BOLA CORCHO,1,070207,https://img-eu-2.freex.es/img/071/1000043002/1024x1024/a69338305ef0031c5df0296952136f83
1000043004,BOLA POREX 15CM,1.77,8435621400168,visible,BOLA CORCHO,1,400168,https://img-eu-2.freex.es/img/071/1000043004/1024x1024/b301eabfd9a85e45e6ae00b184cd90af
1000043005,BOLA POREX 20CM,4.06,8435621400175,visible,BOLA CORCHO,1,400175,https://img-eu-2.freex.es/img/071/1000043005/1024x1024/c388cd7b082d92d03781c3c3e482d1dd
1000043006,BOLA POREX 25CM,6.09,8435621400182,visible,BOLA CORCHO,1,400182,https://img-eu-2.freex.es/img/071/1000043006/1024x1024/1039429f5aa0f54764a505acd473a4d9
1000042995,[CORAZON300] CORAZON POREX 300MM,1.57,8436539063568,visible,BOLA CORCHO,1,063568,https://img-eu-2.freex.es/img/071/1000042995/1024x1024/f85a88e499d7ab0ed92c064de7aa8ce8
1000042999,[CORAZON400] CORAZON POREX 400MM,1.44,8436539065746,visible,BOLA CORCHO,1,065746,https://img-eu-2.freex.es/img/071/1000042999/1024x1024/d687b8b1be204ffecdbf6fc30bb1c731
1000043000,[CIRCULO200] CIRCULO POREX 200MM 2UDS.,1.57,8436539065753,visible,BOLA CORCHO,1,065753,https://img-eu-2.freex.es/img/071/1000043000/1024x1024/ed6f72b8eaca4ede0d3635b8e1514acf
1000046021,[CIRCULO300] CIRCULO POREX 300MM,1.57,8436539063582,visible,BOLA CORCHO,1,063582,https://img-eu-2.freex.es/img/071/1000046021/1024x1024/2a1cdf339910f5a94576bd884f63b8d9
1000046020,[KIT CAKE 4] KIT CAKE 4,3.93,8436539063537,visible,BOLA CORCHO,1,063537,https://img-eu-2.freex.es/img/071/1000046020/1024x1024/d93b37b9c8c9dafdc73f5bcb898cf2b9
1000040173,,0,,visible,BOLA CORCHO,1,0005YT000-3,https://img-eu-2.freex.es/img/071/1000040173/1024x1024/3341b575814e76af34b9b44d313ed893
1000038267,BOLA TRANSPARENTE,0.83,866666201343,visible,BOLA CORCHO,1,201343,https://img-eu-2.freex.es/img/071/1000038267/1024x1024/8811266b85681bcedc7b21e72c334a22
1000038268,BOLA TRANSPARENTE,1.2,866666201344,visible,BOLA CORCHO,1,201344,https://img-eu-2.freex.es/img/071/1000038268/1024x1024/4b10ec86d66bc9d6ac1af28ea2b1c7dd
1000024072,BOLA PLASTICO PARA MANUALIDADES,0.37,8666661910601,visible,BOLA CORCHO,1,91060,https://img-eu-2.freex.es/img/071/1000024072/1024x1024/657cc88956c07e61597b776d4ccc7951
1000024073,BOLA PLASTICO PARA MANUALIDADES,0.61,8666661910618,visible,BOLA CORCHO,1,91061,https://img-eu-2.freex.es/img/071/1000024073/1024x1024/137538ed436cbf36a5d03b51669c170e
1000024074,BOLA PLASTICO PARA MANUALIDADES,0.72,86666619106256,visible,BOLA CORCHO,1,91062,https://img-eu-2.freex.es/img/071/1000024074/1024x1024/0c0e5ef122940121822068b1a5df0f51
1000024075,BOLA PLASTICO PARA MANUALIDADES,1.14,8666661910632,visible,BOLA CORCHO,1,91063,https://img-eu-2.freex.es/img/071/1000024075/1024x1024/4d9b39b24535a144c730132c0581d858
1000024076,BOLA PLASTICO PARA MANUALIDADES,0.41,8666661910649,visible,BOLA CORCHO,1,91064,https://img-eu-2.freex.es/img/071/1000024076/1024x1024/c07095b013949e9a26a3574eb7c3b1ea
1000024077,BOLA PLASTICO PARA MANUALIDADES,0.72,8666661910656,visible,BOLA CORCHO,1,91065,https://img-eu-2.freex.es/img/071/1000024077/1024x1024/c7d82052c95157afa647c97606f830ae
1000024078,BOLA PLASTICO PARA MANUALIDADES,0.83,8666661910663,visible,BOLA CORCHO,1,91066,https://img-eu-2.freex.es/img/071/1000024078/1024x1024/aece8688fb76c6f4bace2a4f558e5458
1000024079,BOLA PLASTICO PARA MANUALIDADES,1.2,8666661910670,visible,BOLA CORCHO,1,91067,https://img-eu-2.freex.es/img/071/1000024079/1024x1024/872da37ad504ba44ac47070c41c7a664
1000024082,ESTRELLA PLASTICO PARA MANUALIDADES,0.53,8666661910717,visible,BOLA CORCHO,1,91071,https://img-eu-2.freex.es/img/071/1000024082/1024x1024/dcd2ce0f7f23ee8290988b8de13e2ae2
1000024083,ESTRELLA PLASTICO PARA MANUALIDADES,0.72,8666661910724,visible,BOLA CORCHO,1,91072,https://img-eu-2.freex.es/img/071/1000024083/1024x1024/e0492ed5165ae99bca83a8aeb1445c09
1000040067,,0,,visible,BOLA CORCHO,1,??_20240418145200,https://img-eu-2.freex.es/img/071/1000040067/1024x1024/a51cc409c32e8b808b6701246bd83c3a
1000042610,CUERDAS PARA COLGAR ETIQUETAS,0.47,8666662018009,visible,BOLA CORCHO,1,201800,https://img-eu-2.freex.es/img/071/1000042610/1024x1024/619c4db7d7cbd442fad16248a8079c68
1000042942,CUERDAS PARA COLGAR ETIQUETAS,0.47,8666662017996,visible,BOLA CORCHO,1,201799-1,https://img-eu-2.freex.es/img/071/1000042942/1024x1024/cb28316690ba9caa1608c111886dab04
1000036932,CUERDA ANILLO SILICONA DIY,0.55,201150,visible,BOLA CORCHO,1,201150,https://img-eu-2.freex.es/img/071/1000036932/1024x1024/8e7f65d746676f9834a1daccc883aa98
1000042613,ETIQUETA COLGANTE,0.47,8666662018054,visible,BOLA CORCHO,1,201805-1,https://img-eu-2.freex.es/img/071/1000042613/1024x1024/b09595514abdba0c83b94cf5e23a6839
1000042614,ETIQUETA COLGANTE,0.47,8666662018061,visible,BOLA CORCHO,1,201806,https://img-eu-2.freex.es/img/071/1000042614/1024x1024/0e941c10756c957ac9aba93d8da75697
1000042615,ETIQUETA COLGANTE,0.47,8666662018078,visible,BOLA CORCHO,1,201807,https://img-eu-2.freex.es/img/071/1000042615/1024x1024/60b154273604c1351defe6d12c8e379a
1000042616,ETIQUETA COLGANTE,0.47,8666662018085,visible,BOLA CORCHO,1,201808,https://img-eu-2.freex.es/img/071/1000042616/1024x1024/23d9f79009de8e8dc98b771ccae66ac4
1000042617,ETIQUETA COLGANTE,0.47,8666662018092,visible,BOLA CORCHO,1,201809,https://img-eu-2.freex.es/img/071/1000042617/1024x1024/b03938d6f3278c6ec00274decb0c21ec
1000042618,ETIQUETA COLGANTE,0.47,8666662018108,visible,BOLA CORCHO,1,201810,https://img-eu-2.freex.es/img/071/1000042618/1024x1024/a2fe8b10a58212a3d2b7722dab81bff9
1000042619,ETIQUETA COLGANTE,0.47,8666662018122,visible,BOLA CORCHO,1,201812-1,https://img-eu-2.freex.es/img/071/1000042619/1024x1024/e7c5796824a1c9c7e4768539817203b2
1000042620,ETIQUETA COLGANTE,0.47,8666662018139,visible,BOLA CORCHO,1,201813,https://img-eu-2.freex.es/img/071/1000042620/1024x1024/1cd8986241e47979b600ffa7e00c4eb0
1000042621,ETIQUETA COLGANTE,0.47,8666662018146,visible,BOLA CORCHO,1,201814,https://img-eu-2.freex.es/img/071/1000042621/1024x1024/a71ddbff7ea81c26265f57312ffc34b7
1000042622,ETIQUETA COLGANTE,0.47,8666662018153,visible,BOLA CORCHO,1,201815,https://img-eu-2.freex.es/img/071/1000042622/1024x1024/d76d13c8d3af2f9036fa13ada56ea2d0
1000042623,ETIQUETA COLGANTE,0.47,8666662018160,visible,BOLA CORCHO,1,201816,https://img-eu-2.freex.es/img/071/1000042623/1024x1024/7f9bf27f9ab95001a0ada5bb3ba43a8a
1000042624,ETIQUETA COLGANTE,0.47,8666662018177,visible,BOLA CORCHO,1,201817,https://img-eu-2.freex.es/img/071/1000042624/1024x1024/b6da70e6e94b331b1198814f7da709c2
1000042625,ETIQUETA COLGANTE,0.47,8666662018184,visible,BOLA CORCHO,1,201818,https://img-eu-2.freex.es/img/071/1000042625/1024x1024/db974c04eea892e8d90b688aa3aeceb3
1000042626,ETIQUETA COLGANTE,0.47,8666662018191,visible,BOLA CORCHO,1,201819,https://img-eu-2.freex.es/img/071/1000042626/1024x1024/782e31490bdc90f947ffd9d053130089
1000042627,ETIQUETA COLGANTE,0.47,8666662018207,visible,BOLA CORCHO,1,201820,https://img-eu-2.freex.es/img/071/1000042627/1024x1024/24aabb4bf1a6bd3ed5fcb38e8fcea729
1000042628,ETIQUETA COLGANTE,0.47,8666662018214,visible,BOLA CORCHO,1,201821,https://img-eu-2.freex.es/img/071/1000042628/1024x1024/0655a491df331e4de7f5937c42c1e054
1000042629,ETIQUETA COLGANTE,0.47,8666662018221,visible,BOLA CORCHO,1,201822,https://img-eu-2.freex.es/img/071/1000042629/1024x1024/a4cb7f42138df991d6209f9e5c3a329f
1000037521,Etiquetas golgantes,0.47,8666662012656,visible,BOLA CORCHO,1,201265,https://img-eu-2.freex.es/img/071/1000037521/1024x1024/924c3e010b90ef0e79d73ee876e6065c
1000015446,Etiquetas golgantes,0.47,8666662012700,visible,BOLA CORCHO,1,201270,https://img-eu-2.freex.es/img/071/1000015446/1024x1024/7b5df2dd16f3a33265d9a674b3f61ddd
1000037526,Etiquetas golgantes,0.47,8666662012717,visible,BOLA CORCHO,1,201271,https://img-eu-2.freex.es/img/071/1000037526/1024x1024/462575a1f141919a901290ac34b67838
1000037533,Etiquetas golgantes,0.47,8666662012786,visible,BOLA CORCHO,1,201278,https://img-eu-2.freex.es/img/071/1000037533/1024x1024/f401831f8c9e838a577e4e77d4ebe261
1000035589,Etiquetas Colgantes,0.51,8666662012472,visible,BOLA CORCHO,1,201247,https://img-eu-2.freex.es/img/071/1000035589/1024x1024/d7bd170f90903d5c0b224e5e3a20011d
1000035590,Etiquetas Colgantes,0.51,8666662012489,visible,BOLA CORCHO,1,201248,https://img-eu-2.freex.es/img/071/1000035590/1024x1024/a32458eebd50f5cf43b182eff80cbf80
1000015415,Etiquetas Colgantes,0.51,8666662012496,visible,BOLA CORCHO,1,201249,https://img-eu-2.freex.es/img/071/1000015415/1024x1024/74853733408a851754700e9335abf563
1000035591,Etiquetas Colgantes,0.51,8666662012502,visible,BOLA CORCHO,1,201250,https://img-eu-2.freex.es/img/071/1000035591/1024x1024/f6573518ac3f5d2bce5a4ca8db08ca4e
1000035592,Etiquetas Colgantes,0.51,8666662012519,visible,BOLA CORCHO,1,201251,https://img-eu-2.freex.es/img/071/1000035592/1024x1024/624dcd6e7502d64f9698765aaac02809
1000035593,Etiquetas Colgantes,0.51,8666662012526,visible,BOLA CORCHO,1,201252,https://img-eu-2.freex.es/img/071/1000035593/1024x1024/54d7fd36ca0d974cfed667d5a13796fd
1000035594,Etiquetas Colgantes,0.51,8666662012533,visible,BOLA CORCHO,1,201253,https://img-eu-2.freex.es/img/071/1000035594/1024x1024/a1370daeafde816085750214933dd18b
1000035595,Etiquetas Colgantes,0.51,8666662012540,visible,BOLA CORCHO,1,201254,https://img-eu-2.freex.es/img/071/1000035595/1024x1024/0c6d88d43f2edf686138b33758923d49
1000015416,Etiquetas Adhesivos,0.49,8666662012564,visible,BOLA CORCHO,1,201256,https://img-eu-2.freex.es/img/071/1000015416/1024x1024/8d888c823ec13f331b1a657674624898
1000035596,Etiquetas Adhesivos,0.49,8666662012557,visible,BOLA CORCHO,1,201255,https://img-eu-2.freex.es/img/071/1000035596/1024x1024/8a14f9f968b5492ac67b6f89ca493236
1000035597,Etiquetas Adhesivos,0.49,8666662012571,visible,BOLA CORCHO,1,201257,https://img-eu-2.freex.es/img/071/1000035597/1024x1024/446baf6631c24153963a2c6f0772ea10
1000035598,Etiquetas Adhesivos,0.49,8666662012588,visible,BOLA CORCHO,1,201258,https://img-eu-2.freex.es/img/071/1000035598/1024x1024/04fff5ececcb6e245f01a82540c1655e
1000010160,ACCESORIOS PARA COMUNION,0.51,8666661087228,visible,BOLA CORCHO,1,08722,https://img-eu-2.freex.es/img/071/1000010160/1024x1024/677a8e702f69a503707698cfec6446a8
1000010159,ACCESORIOS PARA COMUNION,0.53,8666661087211,visible,BOLA CORCHO,1,08721,https://img-eu-2.freex.es/img/071/1000010159/1024x1024/bcf10703455ac19e7a437002d2f0827a
1000010156,ACCESORIOS PARA COMUNION,0.53,8666661087181,visible,BOLA CORCHO,1,08718,https://img-eu-2.freex.es/img/071/1000010156/1024x1024/bc6e1d0ac6044811ef006866c06c9ac5
1000010155,ACCESORIOS PARA COMUNION,0.53,8666661087174,visible,BOLA CORCHO,1,08717,https://img-eu-2.freex.es/img/071/1000010155/1024x1024/302b94f9d283dd184dde3637c7ab7112
1000010157,ACCESORIOS PARA COMUNION,0.53,8666661087198,visible,BOLA CORCHO,1,08719,https://img-eu-2.freex.es/img/071/1000010157/1024x1024/7012eceb5f260c00d1054c49256293dd
1000010165,ACCESORIOS PARA COMUNION,0.53,8666661087273,visible,BOLA CORCHO,1,08727,https://img-eu-2.freex.es/img/071/1000010165/1024x1024/81f8b66a7db37cd21b8a7a8e94f89bec
1000004564,ACCESORIOS PARA COMUNION,0.78,8666661062621,visible,BOLA CORCHO,1,06262,https://img-eu-2.freex.es/img/071/1000004564/1024x1024/bf2bd6b9bb422a1990786d405a754bf7
1000004565,ACCESORIOS PARA COMUNION,0.78,8666661062638,visible,BOLA CORCHO,1,06263,https://img-eu-2.freex.es/img/071/1000004565/1024x1024/5405c67ec10699281038d6ca90cecf74
1000004557,ACCESORIOS PARA COMUNION,0.78,8666661062645,visible,BOLA CORCHO,1,06264,https://img-eu-2.freex.es/img/071/1000004557/1024x1024/fb836ff7ccae161e453184cc3aa46f7f
1000004566,ACCESORIOS PARA COMUNION,0.78,8666661062645,visible,BOLA CORCHO,1,06265,https://img-eu-2.freex.es/img/071/1000004566/1024x1024/43d4a460285edd5449aee05f4b61aac7
1000004567,ACCESORIOS PARA COMUNION,0.78,8666661062669,visible,BOLA CORCHO,1,06266,https://img-eu-2.freex.es/img/071/1000004567/1024x1024/95c3e8e22f8926cfd68d12f142935f6f
1000004568,ACCESORIOS PARA COMUNION,0.78,8666661062676,visible,BOLA CORCHO,1,06267,https://img-eu-2.freex.es/img/071/1000004568/1024x1024/2ef1d29e00a977add1410bd4c2d2c590
1000004559,ACCESORIOS PARA COMUNION,1.04,8666661062584,visible,BOLA CORCHO,1,06258,https://img-eu-2.freex.es/img/071/1000004559/1024x1024/483a067c2c2f35daf02d3473de20fab7
1000004562,ACCESORIOS PARA COMUNION,1.04,8666661062614,visible,BOLA CORCHO,1,06261,https://img-eu-2.freex.es/img/071/1000004562/1024x1024/c4a2267d8c99654747157f9738fbe6ed
1000004560,ACCESORIOS PARA COMUNION,1.04,8666661062591,visible,BOLA CORCHO,1,06259,https://img-eu-2.freex.es/img/071/1000004560/1024x1024/42544ff7da5e106fab8baee596348ab6
1000004561,ACCESORIOS PARA COMUNION,1.04,8666661062607,visible,BOLA CORCHO,1,06260,https://img-eu-2.freex.es/img/071/1000004561/1024x1024/a7dcbdc0f9c61405b384fb4038d427f5
1000005337,MOLDE DE MANUALIDAD,0.31,8666661068364,visible,BOLA CORCHO,1,06836,https://img-eu-2.freex.es/img/071/1000005337/1024x1024/91d6319b27bb6076a5adce0943bf225f
1000005338,MOLDE DE MANUALIDAD,0.34,8666661068456,visible,BOLA CORCHO,1,06845,https://img-eu-2.freex.es/img/071/1000005338/1024x1024/1aecc2276bb5d1d01ef0532ec1e3417f
1000005339,MOLDE DE MANUALIDAD,0.34,8666661068463,visible,BOLA CORCHO,1,06846,https://img-eu-2.freex.es/img/071/1000005339/1024x1024/16e6102372a322b23f07f382bb81ae83
1000005340,MOLDE DE MANUALIDAD,0.44,8666661068470,visible,BOLA CORCHO,1,06847,https://img-eu-2.freex.es/img/071/1000005340/1024x1024/b55fa78586848de5d62075d9b855ae1c
1000005357,MOLDE DE MANUALIDAD,0.78,8666661068357,visible,BOLA CORCHO,1,06835,https://img-eu-2.freex.es/img/071/1000005357/1024x1024/bef58f6edb626847b1a7054b8a2075a6
1000005356,MOLDE DE MANUALIDAD,0.78,8666661068357,visible,BOLA CORCHO,1,06835-1,https://img-eu-2.freex.es/img/071/1000005356/1024x1024/2dfea840494336b4d1291babd66c1de9
1000005355,MOLDE DE MANUALIDAD,0.78,8666661068357,visible,BOLA CORCHO,1,06835-2,https://img-eu-2.freex.es/img/071/1000005355/1024x1024/2850b664afc858110743578dad43be5b
1000005354,MOLDE DE MANUALIDAD,0.78,8666661068357,visible,BOLA CORCHO,1,06835-3,https://img-eu-2.freex.es/img/071/1000005354/1024x1024/ad0fb9f7587c99e8c8aa727e268d4991
1000005353,MOLDE DE MANUALIDAD,0.78,8666661068357,visible,BOLA CORCHO,1,06835-4,https://img-eu-2.freex.es/img/071/1000005353/1024x1024/a8567819a6673a1f1aad18f683045480
1000005351,MOLDE DE MANUALIDAD,0.78,8666661068357,visible,BOLA CORCHO,1,06835-6,https://img-eu-2.freex.es/img/071/1000005351/1024x1024/9f4bf32db8e8a39234aceb84160c022e
1000005350,MOLDE DE MANUALIDAD,0.78,8666661068357,visible,BOLA CORCHO,1,06835-7,https://img-eu-2.freex.es/img/071/1000005350/1024x1024/dca05bf041034d3ef3fc7bb6e3f2d4ab
1000005349,MOLODE DE MANUALIDAD,0.78,8666661068357,visible,BOLA CORCHO,1,06835-8,https://img-eu-2.freex.es/img/071/1000005349/1024x1024/09a88c628cc96dc1689002cccfa14869
1000005362,MOLDE DE MANUALIDAD,0.94,8666661068357,visible,BOLA CORCHO,1,06835-9,https://img-eu-2.freex.es/img/071/1000005362/1024x1024/29ac6247fadb628a9f472cb37a70e20d
1000005348,MOLDE DE MANUALIDAD,0.78,8666661068357,visible,BOLA CORCHO,1,06835-10,https://img-eu-2.freex.es/img/071/1000005348/1024x1024/3970d2cbb27582a778a6192f663266d9
1000005347,MOLDE DE MANUALIDAD,0.78,8666661068357,visible,BOLA CORCHO,1,06835-11,https://img-eu-2.freex.es/img/071/1000005347/1024x1024/0c49e97bfd859bbf2e39c0f0149e9a2e
1000005346,MOLDE DE MANUALIDAD,0.78,8666661068357,visible,BOLA CORCHO,1,06835-12,https://img-eu-2.freex.es/img/071/1000005346/1024x1024/f3fa9ad04d77a3005c740f2507208e5c
1000005345,MOLDE DE MANUALIDAD,0.78,8666661068357,visible,BOLA CORCHO,1,06835-13,https://img-eu-2.freex.es/img/071/1000005345/1024x1024/6a6fa900222eccb7f7d84b3ad43a0986
1000005344,MOLDE DE MANUALIDAD,0.78,8666661068357,visible,BOLA CORCHO,1,06835-14,https://img-eu-2.freex.es/img/071/1000005344/1024x1024/31c20f662a4ded002a0a32cd376d879d
1000005342,MOLDE DE MANUALIDAD,0.78,8666661068357,visible,BOLA CORCHO,1,06835-16,https://img-eu-2.freex.es/img/071/1000005342/1024x1024/0b655e16e782bf237ca7f52c64ad2e9b
1000005341,MOLDE DE MANUALIDAD,0.78,8666661068357,visible,BOLA CORCHO,1,06835-17,https://img-eu-2.freex.es/img/071/1000005341/1024x1024/bbf454275215d7f290f1c102b8cfa0e6
1000006911,MOLDE DE MANUALIDAD,0.78,8666661068357,visible,BOLA CORCHO,1,06835-18,https://img-eu-2.freex.es/img/071/1000006911/1024x1024/4d89977e137d9aa61d2388aa4907cff1
1000006912,MOLDE DE MANUALIDAD,0.78,8666661068357,visible,BOLA CORCHO,1,06835-19,https://img-eu-2.freex.es/img/071/1000006912/1024x1024/6e585eb2c4517e8e53f5bf2fbb5b6735
1000006913,MOLDE DE MANUALIDAD,0.78,8666661068357,visible,BOLA CORCHO,1,06835-20,https://img-eu-2.freex.es/img/071/1000006913/1024x1024/e1791c39d4e21518e7fa69df29116a34
1000006914,MOLDE DE MANUALIDAD,0.78,8666661068357,visible,BOLA CORCHO,1,06835-21,https://img-eu-2.freex.es/img/071/1000006914/1024x1024/978a2f482650c817ebc81af597f0d893
1000006915,MOLDE DE MANUALIDAD,0.78,8666661068357,visible,BOLA CORCHO,1,06835-22,https://img-eu-2.freex.es/img/071/1000006915/1024x1024/92f5d46708899e49209afba5b95414b9
1000006916,MOLDE DE MANUALIDAD,0.78,8666661068357,visible,BOLA CORCHO,1,06835-23,https://img-eu-2.freex.es/img/071/1000006916/1024x1024/0fa8220f3716d8570c2242bb18095b57
1000006918,MOLDE DE MANUALIDAD,0.78,8666661068357,visible,BOLA CORCHO,1,06835-25,https://img-eu-2.freex.es/img/071/1000006918/1024x1024/e5d68fc5d2da74bea3e41ddbcf23190c
1000006920,MOLDE DE MANUALIDAD,0.78,8666661068357,visible,BOLA CORCHO,1,06835-27,https://img-eu-2.freex.es/img/071/1000006920/1024x1024/c498d250f07d51c40719931cc5123f18
1000006921,MOLDE DE MANUALIDAD,0.78,8666661068357,visible,BOLA CORCHO,1,06835-28,https://img-eu-2.freex.es/img/071/1000006921/1024x1024/cb339b5c580335aec4a8044ff93b3464
1000006922,MOLDE DE MANUALIDAD,0.78,8666661068357,visible,BOLA CORCHO,1,06835-29,https://img-eu-2.freex.es/img/071/1000006922/1024x1024/189b14c6947fa53319442927d3541702
1000006923,MOLDE DE MANUALIDAD,0.78,8666661068357,visible,BOLA CORCHO,1,06835-30,https://img-eu-2.freex.es/img/071/1000006923/1024x1024/3c2b96284b495aca5d3f8f469754491d
1000006924,MOLDE DE MANUALIDAD,0.78,8666661068357,visible,BOLA CORCHO,1,06835-31,https://img-eu-2.freex.es/img/071/1000006924/1024x1024/add2bcdc2528a955c2bd4bcf3c779574
1000006925,MOLDE DE MANUALIDAD,0.78,8666661068357,visible,BOLA CORCHO,1,06835-32,https://img-eu-2.freex.es/img/071/1000006925/1024x1024/fd351d9d869ea5269f3c502dc4aaf784
1000005367,MOLDE DE MANUALIDAD,0.94,8666661068340,visible,BOLA CORCHO,1,06834,https://img-eu-2.freex.es/img/071/1000005367/1024x1024/d28e96853a391bd8eae4db6b51d7ff67
1000005366,MOLDE DE MANUALIDAD,0.94,8666661068340,visible,BOLA CORCHO,1,06834-1,https://img-eu-2.freex.es/img/071/1000005366/1024x1024/2af8e5336c4854e28c28a923a739e132
1000005365,MOLDE DE MANUALIDAD,0.94,8666661068340,visible,BOLA CORCHO,1,06834-2,https://img-eu-2.freex.es/img/071/1000005365/1024x1024/5bbbb71216d3d0c9968c0ccc391c8592
1000005364,MOLDE DE MANUALIDAD,0.94,8666661068340,visible,BOLA CORCHO,1,06834-3,https://img-eu-2.freex.es/img/071/1000005364/1024x1024/1b800fe7d6d7672028c66a4114278271
1000005363,MOLDE DE MANUALIDAD,0.94,8666661068340,visible,BOLA CORCHO,1,06834-4,https://img-eu-2.freex.es/img/071/1000005363/1024x1024/a6bb20ec2e138787cb3f101324f3932a
1000005361,MOLDE DE MANUALIDAD,0.94,8666661068340,visible,BOLA CORCHO,1,06834-5,https://img-eu-2.freex.es/img/071/1000005361/1024x1024/eef52aa1ba03ded79a3f691898ba93a5
1000005360,MOLDE DE MANUALIDAD,0.94,8666661068340,visible,BOLA CORCHO,1,06834-6,https://img-eu-2.freex.es/img/071/1000005360/1024x1024/05ed684c52ad53756445ec7ba49e7eb2
1000005359,MOLDE DE MANUALIDAD,0.94,8666661068340,visible,BOLA CORCHO,1,06834-7,https://img-eu-2.freex.es/img/071/1000005359/1024x1024/de1174e264b6d4b33621e14766b0a0b8
1000005358,MOLDE DE MANUALIDAD,0.94,8666661068340,visible,BOLA CORCHO,1,06834-8,https://img-eu-2.freex.es/img/071/1000005358/1024x1024/73db86e3869de6c78249bc9ba74fd471
1000006926,MOLDE DE MANUALIDAD,0.94,8666661068340,visible,BOLA CORCHO,1,06834-9,https://img-eu-2.freex.es/img/071/1000006926/1024x1024/bcafba8d0e8aade487d18626db3925ea
1000006927,MOLDE DE MANUALIDAD,0.94,8666661068340,visible,BOLA CORCHO,1,06834-10,https://img-eu-2.freex.es/img/071/1000006927/1024x1024/5d8dbbdde13d4b7402df1267d15b36cb
1000006928,MOLDE DE MANUALIDAD,0.94,8666661068340,visible,BOLA CORCHO,1,06834-11,https://img-eu-2.freex.es/img/071/1000006928/1024x1024/f330456755c4c11849d41d3745c51758
1000006929,MOLDE DE MANUALIDAD,0.94,8666661068340,visible,BOLA CORCHO,1,06834-12,https://img-eu-2.freex.es/img/071/1000006929/1024x1024/f2e2db394dff889b7b4485214c6fca00
1000006930,MOLDE DE MANUALIDAD,1.14,8666661068449,visible,BOLA CORCHO,1,06844,https://img-eu-2.freex.es/img/071/1000006930/1024x1024/d45e667393756a9a72e1405fb3bd6590
1000040060,,0,,visible,BOLA CORCHO,1,??_20240418145124,https://img-eu-2.freex.es/img/071/1000040060/1024x1024/2cb56a7bd163e7eb72ebcfc21de1d8bc
1000003685,MOSTRAR CERTIFICADO,0.39,8666661046935,visible,BOLA CORCHO,1,04693,https://img-eu-2.freex.es/img/071/1000003685/1024x1024/33e9abdcdbf113379c6170bc918c700d
1000026554,CORGADOR,0.57,8666661913534,visible,BOLA CORCHO,1,91353-1,https://img-eu-2.freex.es/img/071/1000026554/1024x1024/754f30e5170ce83977a9138f2f923202
1000026555,CORGADOR,0.57,8666661913534,visible,BOLA CORCHO,1,91353-2,https://img-eu-2.freex.es/img/071/1000026555/1024x1024/cda7d686a111f64d7e7ecdd9b84d0745
1000026557,CORGADOR ,0.57,8666661913534,visible,BOLA CORCHO,1,91353-4,https://img-eu-2.freex.es/img/071/1000026557/1024x1024/08f92225bb2bf103a08b60706fc2b383
1000026558,CORGADOR ,0.57,8666661913534,visible,BOLA CORCHO,1,91353-5,https://img-eu-2.freex.es/img/071/1000026558/1024x1024/f430bc5a78cf30fdfcce33565062bde1
1000026559,CORGADOR,0.68,8666661913541,visible,BOLA CORCHO,1,91354-1,https://img-eu-2.freex.es/img/071/1000026559/1024x1024/48ae8f56b3dc59a6b782652736d0c850
1000026560,CORGADOR,0.68,8666661913541,visible,BOLA CORCHO,1,91354-2,https://img-eu-2.freex.es/img/071/1000026560/1024x1024/fd0229a541de9ad7e4273bc68bb6c24c
1000026561,CORGADOR,0.68,8666661913541,visible,BOLA CORCHO,1,91354-3,https://img-eu-2.freex.es/img/071/1000026561/1024x1024/4dcf5d6e8e6516eef1f7c89ba9261ea4
1000026562,CORGADOR ,0.68,8666661913541,visible,BOLA CORCHO,1,91354-4,https://img-eu-2.freex.es/img/071/1000026562/1024x1024/32635d038cbb7a5e47ffb0f0106c4549
1000026563,CORGADOR ,0.68,8666661913541,visible,BOLA CORCHO,1,91354-5,https://img-eu-2.freex.es/img/071/1000026563/1024x1024/54839094468b9efd415d779e34b95619
1000026564,CORGADOR,0.43,8666661913558,visible,BOLA CORCHO,1,91355-1,https://img-eu-2.freex.es/img/071/1000026564/1024x1024/f56dff8b1d669a9e5d4ff85c91f16deb
1000026569,CORGADOR,0.43,8666661913558,visible,BOLA CORCHO,1,91355-3,https://img-eu-2.freex.es/img/071/1000026569/1024x1024/54b26f9d6284e21510ff340e1bd135c8
1000026570,CORGADOR,0.43,8666661913558,visible,BOLA CORCHO,1,91355-4,https://img-eu-2.freex.es/img/071/1000026570/1024x1024/c1879154967df8bc6dec600a52f0a2ed
1000026571,CORGADOR,0.43,8666661913558,visible,BOLA CORCHO,1,91355-5,https://img-eu-2.freex.es/img/071/1000026571/1024x1024/4dcc973583001347d7b1ea5c3e7302a7
1000026572,CORGADOR,0.43,8666661913558,visible,BOLA CORCHO,1,91355-6,https://img-eu-2.freex.es/img/071/1000026572/1024x1024/7fa29526281e132964b7dff855c814a0
1000026573,CORGADOR,0.43,8666661913558,visible,BOLA CORCHO,1,91355-7,https://img-eu-2.freex.es/img/071/1000026573/1024x1024/cf621c90ed420b2e3cc1b2d2cb37c611
1000026574,CORGADOR,0.43,8666661913558,visible,BOLA CORCHO,1,91355-8,https://img-eu-2.freex.es/img/071/1000026574/1024x1024/1c7f9724edd88edd9a8cb5bb2187173a
1000026575,CORGADOR,0.43,8666661913558,visible,BOLA CORCHO,1,91355-9,https://img-eu-2.freex.es/img/071/1000026575/1024x1024/ad1ca6e30d5cc8978a7825e2e63bca80
1000026565,CORGADOR,0.43,8666661913558,visible,BOLA CORCHO,1,91355-10,https://img-eu-2.freex.es/img/071/1000026565/1024x1024/a4d02c769c27edee6af309702b124fb6
1000026566,CORGADOR,0.43,8666661913558,visible,BOLA CORCHO,1,91355-11,https://img-eu-2.freex.es/img/071/1000026566/1024x1024/7b2867246c4e24223ee6afa89bef78c3
1000026567,CORGADOR,0.43,8666661913558,visible,BOLA CORCHO,1,91355-12,https://img-eu-2.freex.es/img/071/1000026567/1024x1024/e1d1ac2d005e9fb71979afbd9de5045a
1000026576,CORGADOR,0.51,8666661913565,visible,BOLA CORCHO,1,91356-1,https://img-eu-2.freex.es/img/071/1000026576/1024x1024/d430f6c8a7ec4c7d776f7991f4caad7e
1000026578,CORGADOR,0.51,8666661913565,visible,BOLA CORCHO,1,91356-2,https://img-eu-2.freex.es/img/071/1000026578/1024x1024/9119d188e310a535f9ea0b606df2fcdb
1000026579,CORGADOR,0.51,8666661913565,visible,BOLA CORCHO,1,91356-3,https://img-eu-2.freex.es/img/071/1000026579/1024x1024/2fe04582b7310b03c019271f232fb928
1000026580,CORGADOR,0.51,8666661913565,visible,BOLA CORCHO,1,91356-4,https://img-eu-2.freex.es/img/071/1000026580/1024x1024/aa1984b6874a998f9e48b34840d27c3e
1000026581,CORGADOR,0.51,8666661913565,visible,BOLA CORCHO,1,91356-5,https://img-eu-2.freex.es/img/071/1000026581/1024x1024/aaaa48fc8699276bc2ebad735b1788e7
1000026582,CORGADOR,0.51,8666661913565,visible,BOLA CORCHO,1,91356-6,https://img-eu-2.freex.es/img/071/1000026582/1024x1024/503d72d2b4e98493860851e2bcac82ba
1000026583,CORGADOR,0.51,8666661913565,visible,BOLA CORCHO,1,91356-7,https://img-eu-2.freex.es/img/071/1000026583/1024x1024/c4ca3898f5e7f760f45bae445a7c090f
1000026584,CORGADOR,0.51,8666661913565,visible,BOLA CORCHO,1,91356-8,https://img-eu-2.freex.es/img/071/1000026584/1024x1024/2dcb90417fc6f288c33172bd56d8a033
1000026585,CORGADOR,0.51,8666661913565,visible,BOLA CORCHO,1,91356-9,https://img-eu-2.freex.es/img/071/1000026585/1024x1024/bd60974122c17c4d32421ada8c2b5c46
1000026577,CORGADOR,0.51,8666661913565,visible,BOLA CORCHO,1,91356-10,https://img-eu-2.freex.es/img/071/1000026577/1024x1024/77d19c3d0328c83e0e62867ef9231fc8
1000026586,CORGADOR ,0.61,8666661913572,visible,BOLA CORCHO,1,91358-1,https://img-eu-2.freex.es/img/071/1000026586/1024x1024/55b85dcc9e47f1a8fc88c4c2860480e4
1000026588,CORGADOR ,0.61,8666661913589,visible,BOLA CORCHO,1,91358-2,https://img-eu-2.freex.es/img/071/1000026588/1024x1024/8b22fd533001d1b86b580f21c4fcfc11
1000026589,CORGADOR,0.61,8666661913589,visible,BOLA CORCHO,1,91358-3,https://img-eu-2.freex.es/img/071/1000026589/1024x1024/db19f59df8b9c30d2cbfc91b2ce2baa6
1000026590,CORGADOR,0.61,8666661913589,visible,BOLA CORCHO,1,91358-4,https://img-eu-2.freex.es/img/071/1000026590/1024x1024/81907894d3d275c49666db43c68f49d0
1000026591,CORGADOR ,0.61,8666661913589,visible,BOLA CORCHO,1,91358-5,https://img-eu-2.freex.es/img/071/1000026591/1024x1024/ba5c8ecaf5370a86d622fc97e6837bc8
1000026592,CORGADOR ,0.61,8666661913589,visible,BOLA CORCHO,1,91358-6,https://img-eu-2.freex.es/img/071/1000026592/1024x1024/b91cfd4760602e8be1235368f38b4795
1000026593,CORGADOR ,0.61,8666661913589,visible,BOLA CORCHO,1,91358-7,https://img-eu-2.freex.es/img/071/1000026593/1024x1024/ef3c70c650add6fb04a122f4e5394338
1000026594,CORGADOR,0.61,8666661913589,visible,BOLA CORCHO,1,91358-8,https://img-eu-2.freex.es/img/071/1000026594/1024x1024/3f165375119adb8567c1f1c6ba523e02
1000026595,CORGADOR,0.61,8666661913589,visible,BOLA CORCHO,1,91358-9,https://img-eu-2.freex.es/img/071/1000026595/1024x1024/cf1729f7c11ab3fa8f5d16582e36e6a7
1000026587,CORGADOR,0.61,8666661913589,visible,BOLA CORCHO,1,91358-10,https://img-eu-2.freex.es/img/071/1000026587/1024x1024/ccaaf5bdf51df872a07c1b9c4f4ee9aa
1000026596,CORGADOR ,0.68,8666661913596,visible,BOLA CORCHO,1,91359-1,https://img-eu-2.freex.es/img/071/1000026596/1024x1024/a2a0ccd4193c3b956fdc1b89a235824b
1000026597,CORGADOR,0.68,8666661913596,visible,BOLA CORCHO,1,91359-2,https://img-eu-2.freex.es/img/071/1000026597/1024x1024/c4202148d1962ac23c39655178ee0a69
1000026598,CORGADOR ,0.68,8666661913596,visible,BOLA CORCHO,1,91359-3,https://img-eu-2.freex.es/img/071/1000026598/1024x1024/6661078c830f9f0ac27ed87b16314648
1000026599,CORGADOR ,0.68,8666661913596,visible,BOLA CORCHO,1,91359-4,https://img-eu-2.freex.es/img/071/1000026599/1024x1024/83b36ebbe7143ae513a58abed3aca9ea
1000026600,CORGADOR ,0.68,8666661913596,visible,BOLA CORCHO,1,91359-5,https://img-eu-2.freex.es/img/071/1000026600/1024x1024/1f685226a00725a4a0cb75b3042c127b
1000026601,CORGADOR ,0.68,8666661913596,visible,BOLA CORCHO,1,91359-6,https://img-eu-2.freex.es/img/071/1000026601/1024x1024/b4027699b56f5f546dce5a292c7bce95
1000026602,CORGADOR ,0.68,8666661913596,visible,BOLA CORCHO,1,91359-7,https://img-eu-2.freex.es/img/071/1000026602/1024x1024/7eabddc6898ab087be9321f073347960
1000026603,CORGADOR ,0.68,8666661913596,visible,BOLA CORCHO,1,91359-8,https://img-eu-2.freex.es/img/071/1000026603/1024x1024/ae8179a94d1768c2812f5f9da223a9fd
1000026604,CORGADOR,0.57,8666661913602,visible,BOLA CORCHO,1,91360-1,https://img-eu-2.freex.es/img/071/1000026604/1024x1024/d27785427ec245560f516706fabc89c8
1000026605,CORGADOR,0.57,8666661913602,visible,BOLA CORCHO,1,91360-2,https://img-eu-2.freex.es/img/071/1000026605/1024x1024/9426c8a6958081c8ff2a9a049e8610cf
1000026606,CORGADOR,0.57,8666661913602,visible,BOLA CORCHO,1,91360-3,https://img-eu-2.freex.es/img/071/1000026606/1024x1024/218875a7e74bbf398f98a3cf690c7066
1000026607,CORGADOR,0.57,8666661913602,visible,BOLA CORCHO,1,91360-4,https://img-eu-2.freex.es/img/071/1000026607/1024x1024/d04c9e8c96d9d02094cfed5215130268
1000026608,CORGADOR,0.41,8666661913619,visible,BOLA CORCHO,1,91361-1,https://img-eu-2.freex.es/img/071/1000026608/1024x1024/6740a068abdce7f38005f3a8b1f59a21
1000026609,CORGADOR,0.41,8666661913619,visible,BOLA CORCHO,1,91361-2,https://img-eu-2.freex.es/img/071/1000026609/1024x1024/1739079f8a0de2b4d53b719458cbb0b0
1000026610,CORGADOR,0.41,8666661913619,visible,BOLA CORCHO,1,91361-3,https://img-eu-2.freex.es/img/071/1000026610/1024x1024/fa32e22ab0c4c5cc485baafa3e9c8ca2
1000026611,CORGADOR,0.41,8666661913619,visible,BOLA CORCHO,1,91361-4,https://img-eu-2.freex.es/img/071/1000026611/1024x1024/18fc5e6cefe61f3fb979f9b3c5ab3c77
1000026612,CORGADOR,0.6,8666661913626,visible,BOLA CORCHO,1,91362-1,https://img-eu-2.freex.es/img/071/1000026612/1024x1024/c9b16353dc5d345c970c67bbea7b39bc
1000026613,CORGADOR,0.6,8666661913626,visible,BOLA CORCHO,1,91362-2,https://img-eu-2.freex.es/img/071/1000026613/1024x1024/aa7d9d66aab4a1ade754737e7c5ebbfc
1000026614,CORGADOR,0.6,8666661913626,visible,BOLA CORCHO,1,91362-3,https://img-eu-2.freex.es/img/071/1000026614/1024x1024/d76339d3234290974baeda02cef509f7
1000026615,CORGADOR,0.6,8666661913626,visible,BOLA CORCHO,1,91362-4,https://img-eu-2.freex.es/img/071/1000026615/1024x1024/dae2029017099325c5b9e22656d25323
1000026616,CORGADOR,0.51,8666661913633,visible,BOLA CORCHO,1,91363-1,https://img-eu-2.freex.es/img/071/1000026616/1024x1024/0a1ea6cf4a02d95d31dca2c61a5f05d1
1000026617,CORGADOR,0.51,8666661913633,visible,BOLA CORCHO,1,91363-2,https://img-eu-2.freex.es/img/071/1000026617/1024x1024/a58af086c1d52036770a97b454832490
1000026618,CORGADOR,0.51,8666661913633,visible,BOLA CORCHO,1,91363-3,https://img-eu-2.freex.es/img/071/1000026618/1024x1024/9a36a8853d57c58ccef274f393bcbc51
1000026619,CORGADOR,0.51,8666661913633,visible,BOLA CORCHO,1,91363-4,https://img-eu-2.freex.es/img/071/1000026619/1024x1024/17dfac4d80e387aea5a7100285fbbd95
1000026620,CORGADOR,0.51,8666661913633,visible,BOLA CORCHO,1,91363-5,https://img-eu-2.freex.es/img/071/1000026620/1024x1024/49d5ee313b869a0e6bf126bb1c9db60e
1000026621,CORGADOR,0.51,8666661913633,visible,BOLA CORCHO,1,91363-6,https://img-eu-2.freex.es/img/071/1000026621/1024x1024/ae90b696dcd7f1a30123d73bf1e0d7d8
1000026622,CORGADOR,0.51,8666661913633,visible,BOLA CORCHO,1,91363-7,https://img-eu-2.freex.es/img/071/1000026622/1024x1024/b73f3770f32b446d3ba8cce61a675e9e
1000026623,CORGADOR,0.51,8666661913640,visible,BOLA CORCHO,1,91364-1,https://img-eu-2.freex.es/img/071/1000026623/1024x1024/3af688cee1afc98a1c2103414257dbc0
1000026624,CORGADOR,0.51,8666661913640,visible,BOLA CORCHO,1,91364-2,https://img-eu-2.freex.es/img/071/1000026624/1024x1024/e676c27a8530819a228c83e955e683bd
1000026625,CORGADOR,0.51,8666661913640,visible,BOLA CORCHO,1,91364-3,https://img-eu-2.freex.es/img/071/1000026625/1024x1024/287f7615e9cace724bd12b40f26b9bbf
1000026626,CORGADOR,0.51,8666661913640,visible,BOLA CORCHO,1,91364-4,https://img-eu-2.freex.es/img/071/1000026626/1024x1024/ac19ca04e572024f688e2dcaded85709
1000026627,CORGADOR,0.51,8666661913640,visible,BOLA CORCHO,1,91364-5,https://img-eu-2.freex.es/img/071/1000026627/1024x1024/957b9a6cad0eae8e4f9b234e4b49a326
1000026628,CORGADOR,0.51,8666661913640,visible,BOLA CORCHO,1,91364-6,https://img-eu-2.freex.es/img/071/1000026628/1024x1024/d73eeb718550e75544539d906ae5467a
1000026629,CORGADOR,0.51,8666661913640,visible,BOLA CORCHO,1,91364-7,https://img-eu-2.freex.es/img/071/1000026629/1024x1024/c6bbd5992212702ba0fd6a40bfad0616
1000026630,CORGADOR,0.57,8666661913657,visible,BOLA CORCHO,1,91365-1,https://img-eu-2.freex.es/img/071/1000026630/1024x1024/757230418edfe699f5e3cec2524560c9
1000026631,CORGADOR,0.57,8666661913657,visible,BOLA CORCHO,1,91365-2,https://img-eu-2.freex.es/img/071/1000026631/1024x1024/754fbd93b01f3d122ebaea20ceccd1b0
1000026632,CORGADOR,0.57,8666661913657,visible,BOLA CORCHO,1,91365-3,https://img-eu-2.freex.es/img/071/1000026632/1024x1024/ef96f5456a52b2489542bb0249228b1b
1000026633,CORGADOR,0.57,8666661913657,visible,BOLA CORCHO,1,91365-4,https://img-eu-2.freex.es/img/071/1000026633/1024x1024/832caa73a782cb3811764e7479a69146
1000026717,,0.57,8666661913664,visible,BOLA CORCHO,1,91366-1,https://img-eu-2.freex.es/img/071/1000026717/1024x1024/08521cc52de7bf69bbddc241f83eebec
1000026718,,0.57,8666661913664,visible,BOLA CORCHO,1,91366-2,https://img-eu-2.freex.es/img/071/1000026718/1024x1024/3ab809bd554241a15b5b14effeb81ce4
1000026719,,0.57,8666661913664,visible,BOLA CORCHO,1,91366-3,https://img-eu-2.freex.es/img/071/1000026719/1024x1024/2a872c7d938c8614efa1c63c472bd095
1000026720,,0.57,866666191364,visible,BOLA CORCHO,1,91366-4,https://img-eu-2.freex.es/img/071/1000026720/1024x1024/d1ba9fa3a941b44729c56d7c81feedbb
1000026634,CORGADOR ,0.68,8666661913671,visible,BOLA CORCHO,1,91367-1,https://img-eu-2.freex.es/img/071/1000026634/1024x1024/13f984cbf3946436df897a2114ffc4b3
1000026636,CORGADOR,0.89,8666661913688,visible,BOLA CORCHO,1,91368-1,https://img-eu-2.freex.es/img/071/1000026636/1024x1024/ce63e685913eb3a2a8ab5045cf65d964
1000026637,CORGADOR,0.89,8666661913688,visible,BOLA CORCHO,1,91368-2,https://img-eu-2.freex.es/img/071/1000026637/1024x1024/b4a59abddbc5615324a8361dc0555c82
1000026638,CORGADOR,0.93,8666661913695,visible,BOLA CORCHO,1,91369,https://img-eu-2.freex.es/img/071/1000026638/1024x1024/85731537d7c807f13294338a8d71bd26
